Starting from since_id: 0 | fixed so far: 0
Batch done: processed 250 | fixed 0 | since_id 8259819995409
  Rate limited, waiting 10s...
  Rate limited, waiting 10s...
  Rate limited, waiting 10s...
  Rate limited, waiting 10s...
  Rate limited, waiting 10s...
  Rate limited, waiting 10s...
  Rate limited, waiting 10s...
  Rate limited, waiting 10s...
  Rate limited, waiting 10s...
  Rate limited, waiting 10s...
  Rate limited, waiting 10s...
  Rate limited, waiting 10s...
Batch done: processed 500 | fixed 0 | since_id 10410820239633
  Rate limited, waiting 10s...
  Rate limited, waiting 10s...
  Rate limited, waiting 10s...
  Rate limited, waiting 10s...
  Rate limited, waiting 10s...
  Rate limited, waiting 10s...
  Rate limited, waiting 10s...
  Rate limited, waiting 10s...
  Rate limited, waiting 10s...
  Rate limited, waiting 10s...
Fixed 50 | last: 3D MAXpider 2024+ Tesla Model 3 Kagu Rea -> 3D MAXpider 3D MAXpider Tesla Model 3 Kagu Rear  | BullStrap
  Rate limited, waiting 10s...
  Rate limited, waiting 10s...
  Rate limited, waiting 10s...
  Rate limited, waiting 10s...
  Rate limited, waiting 10s...
  Rate limited, waiting 10s...
Fixed 100 | last: ACL Honda F20C/F22C / 97-01 H22A4 0.25mm -> ACL ACL Honda F20C/F22C / H22A4 0.25mm Oversized | BullStrap
  Rate limited, waiting 10s...
  Rate limited, waiting 10s...
  Rate limited, waiting 10s...
  Rate limited, waiting 10s...
  Rate limited, waiting 10s...
  Rate limited, waiting 10s...
Fixed 150 | last: ACL Toyota 3SGTE 0.50mm Oversized High P -> ACL ACL Toyota 3SGTE 0.50mm Oversized High Perfo | BullStrap
  Rate limited, waiting 10s...
  Rate limited, waiting 10s...
  Rate limited, waiting 10s...
Batch done: processed 750 | fixed 171 | since_id 10410837868817
  Rate limited, waiting 10s...
  Rate limited, waiting 10s...
  Rate limited, waiting 10s...
Fixed 200 | last: ACL Acura B17A1/B18A1/B18B1 / B18C1/B18C -> ACL ACL Acura B17A1/B18A1/B18B1 / B18C1/B18C5 VT | BullStrap
  Rate limited, waiting 10s...
  Rate limited, waiting 10s...
  Rate limited, waiting 10s...
  Rate limited, waiting 10s...
  Rate limited, waiting 10s...
  Rate limited, waiting 10s...
Fixed 250 | last: ACL BMW M20/M50/M52/M54  - 1919CC 80.0mm -> ACL ACL BMW M20/M50/M52/M54 - 1919CC 80.0mm Bore | BullStrap
  Rate limited, waiting 10s...
  Rate limited, waiting 10s...
  Rate limited, waiting 10s...
  Rate limited, waiting 10s...
  Rate limited, waiting 10s...
  Rate limited, waiting 10s...
Fixed 300 | last: ACL Toyota/Lexus 2JZGE/2JZGTE 3.0L Std S -> ACL ACL Toyota/Lexus 2JZGE/2JZGTE 3.0L Std Size  | BullStrap
  Rate limited, waiting 10s...
  Rate limited, waiting 10s...
  Rate limited, waiting 10s...
  Rate limited, waiting 10s...
  Rate limited, waiting 10s...
  Rate limited, waiting 10s...
Fixed 350 | last: ACT 1987 Mazda RX-7 XACT Flywheel Street -> ACT ACT 1987 Mazda RX-7 XACT Flywheel Streetlite | BullStrap
  Rate limited, waiting 10s...
  Rate limited, waiting 10s...
  Rate limited, waiting 10s...
  Rate limited, waiting 10s...
  Rate limited, waiting 10s...
  Rate limited, waiting 10s...
  Rate limited, waiting 10s...
Fixed 400 | last: ACT 2006 Mazda 6 6 Pad Sprung Race Disc -> ACT ACT 2006 Mazda 6 6 Pad Sprung Race Disc | BullStrap
  Rate limited, waiting 10s...
Batch done: processed 1000 | fixed 410 | since_id 10410852024593
  Rate limited, waiting 10s...
  Rate limited, waiting 10s...
  Rate limited, waiting 10s...
  Rate limited, waiting 10s...
  Rate limited, waiting 10s...
Fixed 450 | last: ACT 2003 Dodge Neon HD/Race Sprung 6 Pad -> ACT ACT 2003 Dodge Neon HD/Race Sprung 6 Pad Clu | BullStrap
  Rate limited, waiting 10s...
  Rate limited, waiting 10s...
  Rate limited, waiting 10s...
  Rate limited, waiting 10s...
  Rate limited, waiting 10s...
Fixed 500 | last: ACT 1996 Nissan 200SX XT/Race Sprung 6 P -> ACT ACT 1996 Nissan 200SX XT/Race Sprung 6 Pad C | BullStrap
  Rate limited, waiting 10s...
  Rate limited, waiting 10s...
  Rate limited, waiting 10s...
  Rate limited, waiting 10s...
  Rate limited, waiting 10s...
  Rate limited, waiting 10s...
  Rate limited, waiting 10s...
  Rate limited, waiting 10s...
  Rate limited, waiting 10s...
  Rate limited, waiting 10s...
  Rate limited, waiting 10s...
  Rate limited, waiting 10s...
  Rate limited, waiting 10s...
  Rate limited, waiting 10s...
  Rate limited, waiting 10s...
  Rate limited, waiting 10s...
  Rate limited, waiting 10s...
  Rate limited, waiting 10s...
Fixed 550 | last: ACT 2002 Acura RSX Twin Disc Sint Iron R -> ACT ACT 2002 Acura RSX Twin Disc Sint Iron Race  | BullStrap
  Rate limited, waiting 10s...
  Rate limited, waiting 10s...
  Rate limited, waiting 10s...
  Rate limited, waiting 10s...
  Rate limited, waiting 10s...
  Rate limited, waiting 10s...
  Rate limited, waiting 10s...
  Rate limited, waiting 10s...
  Rate limited, waiting 10s...
Fixed 600 | last: Action Clutch 90-91 Acura Integra 1.8L ( -> Action Clutch Action Clutch Acura Integra 1.8L ( | BullStrap
  Rate limited, waiting 10s...
  Rate limited, waiting 10s...
  Rate limited, waiting 10s...
  Rate limited, waiting 10s...
  Rate limited, waiting 10s...
Batch done: processed 1250 | fixed 629 | since_id 10410867982609
  Rate limited, waiting 10s...
  Rate limited, waiting 10s...
Fixed 650 | last: Action Clutch 04-09 Mazda 3 2.0L/2.3L (M -> Action Clutch Action Clutch Mazda 3 2.0L/2.3L (M | BullStrap
  Rate limited, waiting 10s...
  Rate limited, waiting 10s...
  Rate limited, waiting 10s...
  Rate limited, waiting 10s...
  Rate limited, waiting 10s...
  Rate limited, waiting 10s...
Fixed 700 | last: Addictive Desert Designs 21-22 Ford Rapt -> Addictive Desert Designs Addictive Desert Design | BullStrap
  Rate limited, waiting 10s...
  Rate limited, waiting 10s...
  Rate limited, waiting 10s...
  Rate limited, waiting 10s...
  Rate limited, waiting 10s...
  Rate limited, waiting 10s...
Fixed 750 | last: AEM 6.5 BAR MAP or 100 PSIA Brass Sensor -> AEM AEM 6.5 BAR MAP or 100 PSIA Brass Sensor Kit | BullStrap
  Rate limited, waiting 10s...
  Rate limited, waiting 10s...
  Rate limited, waiting 10s...
  Rate limited, waiting 10s...
  Rate limited, waiting 10s...
  Rate limited, waiting 10s...
  Rate limited, waiting 10s...
Fixed 800 | last: AEM Dryflow Air Filter Conical 5.5in Bas -> AEM Induction Air Filter | BullStrap
  Rate limited, waiting 10s...
  Rate limited, waiting 10s...
  Rate limited, waiting 10s...
  Rate limited, waiting 10s...
  Rate limited, waiting 10s...
  Rate limited, waiting 10s...
  Rate limited, waiting 10s...
Fixed 850 | last: AEM 15-18 Hyundai Sonata L4-2.4L F/I Col -> AEM Induction Air Intake 15-18 | BullStrap
Batch done: processed 1500 | fixed 851 | since_id 10410884497681
  Rate limited, waiting 10s...
  Rate limited, waiting 10s...
  Rate limited, waiting 10s...
  Rate limited, waiting 10s...
  Rate limited, waiting 10s...
Fixed 900 | last: Aeromotive Spur Gear Fuel Pump - 3/8in H -> Aeromotive Fuel Pump | BullStrap
  Rate limited, waiting 10s...
  Rate limited, waiting 10s...
  Rate limited, waiting 10s...
  Rate limited, waiting 10s...
  Rate limited, waiting 10s...
  Rate limited, waiting 10s...
Fixed 950 | last: Aeromotive Pro-Series EFI Boost Referenc -> Aeromotive Aeromotive Pro-Series EFI Boost Refer | BullStrap
  Rate limited, waiting 10s...
  Rate limited, waiting 10s...
  Rate limited, waiting 10s...
  Rate limited, waiting 10s...
  Rate limited, waiting 10s...
  Rate limited, waiting 10s...
  Rate limited, waiting 10s...
Fixed 1000 | last: Aeromotive Pump Speed Controller -> Aeromotive Aeromotive Pump Speed Controller | BullStrap
  Rate limited, waiting 10s...
  Rate limited, waiting 10s...
  Rate limited, waiting 10s...
  Rate limited, waiting 10s...
  Rate limited, waiting 10s...
Fixed 1050 | last: aFe MagnumFLOW Pro 5R OE Replacement Fil -> aFe aFe MagnumFLOW Pro 5R OE Replacement Filter  | BullStrap
  Rate limited, waiting 10s...
  Rate limited, waiting 10s...
  Rate limited, waiting 10s...
  Rate limited, waiting 10s...
  Rate limited, waiting 10s...
Batch done: processed 1750 | fixed 1085 | since_id 10410899800337
  Rate limited, waiting 10s...
Fixed 1100 | last: aFe Magnum FLOW Intake Replace Air Filte -> aFe Air Filter | BullStrap
  Rate limited, waiting 10s...
  Rate limited, waiting 10s...
  Rate limited, waiting 10s...
  Rate limited, waiting 10s...
  Rate limited, waiting 10s...
  Rate limited, waiting 10s...
  Rate limited, waiting 10s...
Fixed 1150 | last: aFe MagnumFLOW Air Filters OER P5R A/F P -> aFe Air Filter 92-07 | BullStrap
  Rate limited, waiting 10s...
  Rate limited, waiting 10s...
  Rate limited, waiting 10s...
  Rate limited, waiting 10s...
  Rate limited, waiting 10s...
  Rate limited, waiting 10s...
Fixed 1200 | last: aFe Sway-A-Way 2.5in Front Coil Over Kit -> aFe aFe Sway-A-Way 2.5in Front Coil Over Kit For | BullStrap
  Rate limited, waiting 10s...
  Rate limited, waiting 10s...
  Rate limited, waiting 10s...
  Rate limited, waiting 10s...
  Rate limited, waiting 10s...
  Rate limited, waiting 10s...
Fixed 1250 | last: aFe 13-21 Nissan & Infiniti Various Mode -> aFe Air Filter 13-21 | BullStrap
  Rate limited, waiting 10s...
  Rate limited, waiting 10s...
  Rate limited, waiting 10s...
  Rate limited, waiting 10s...
  Rate limited, waiting 10s...
  Rate limited, waiting 10s...
Fixed 1300 | last: aFe CONTROL 22-23 BRZ/GR86 Front Suspens -> aFe Shocks 22-23 | BullStrap
  Rate limited, waiting 10s...
  Rate limited, waiting 10s...
  Rate limited, waiting 10s...
Batch done: processed 2000 | fixed 1320 | since_id 10410915889425
  Rate limited, waiting 10s...
  Rate limited, waiting 10s...
  Rate limited, waiting 10s...
Fixed 1350 | last: aFe Silver Bullet Throttle Body Spacers  -> aFe aFe Silver Bullet Throttle Body Spacers TBS  | BullStrap
  Rate limited, waiting 10s...
  Rate limited, waiting 10s...
  Rate limited, waiting 10s...
  Rate limited, waiting 10s...
  Rate limited, waiting 10s...
  Rate limited, waiting 10s...
Fixed 1400 | last: aFe Bladerunner Manifolds Turbo Inlet MA -> aFe Turbo 06-10 | BullStrap
  Rate limited, waiting 10s...
  Rate limited, waiting 10s...
  Rate limited, waiting 10s...
  Rate limited, waiting 10s...
  Rate limited, waiting 10s...
  Rate limited, waiting 10s...
Fixed 1450 | last: aFe Atlas Exhaust 4in Aluminized Cat-Bac -> aFe Exhaust 11-13 | BullStrap
  Rate limited, waiting 10s...
  Rate limited, waiting 10s...
  Rate limited, waiting 10s...
  Rate limited, waiting 10s...
  Rate limited, waiting 10s...
  Rate limited, waiting 10s...
Fixed 1500 | last: aFe Takeda 2-1/2in to 3in SS-304 Cat-Bac -> aFe Exhaust 13-17 | BullStrap
  Rate limited, waiting 10s...
  Rate limited, waiting 10s...
  Rate limited, waiting 10s...
  Rate limited, waiting 10s...
  Rate limited, waiting 10s...
  Rate limited, waiting 10s...
Fixed 1550 | last: aFe Rebel Series 2.5in 409 SS Axle-Back  -> aFe Exhaust 2018+ | BullStrap
  Rate limited, waiting 10s...
Batch done: processed 2250 | fixed 1556 | since_id 10410928931089
  Rate limited, waiting 10s...
  Rate limited, waiting 10s...
  Rate limited, waiting 10s...
  Rate limited, waiting 10s...
  Rate limited, waiting 10s...
Fixed 1600 | last: aFe Momentum GT Cold Air Intake System w -> aFe Air Intake 17-21 | BullStrap
  Rate limited, waiting 10s...
  Rate limited, waiting 10s...
  Rate limited, waiting 10s...
  Rate limited, waiting 10s...
  Rate limited, waiting 10s...
  Rate limited, waiting 10s...
  Rate limited, waiting 10s...
Fixed 1650 | last: aFe MagnumFORCE Intakes Stage-2 PDS AIS  -> aFe aFe MagnumFORCE Intakes Stage-2 PDS AIS PDS  | BullStrap
  Rate limited, waiting 10s...
  Rate limited, waiting 10s...
  Rate limited, waiting 10s...
  Rate limited, waiting 10s...
  Rate limited, waiting 10s...
  Rate limited, waiting 10s...
Fixed 1700 | last: aFe Rapid Induction Cold Air Intake Syst -> aFe Air Intake 19-20 | BullStrap
  Rate limited, waiting 10s...
  Rate limited, waiting 10s...
  Rate limited, waiting 10s...
  Rate limited, waiting 10s...
  Rate limited, waiting 10s...
  Rate limited, waiting 10s...
Fixed 1750 | last: aFe MagnumFORCE Intakes Scoops AIS BMW 1 -> aFe aFe MagnumFORCE Intakes Scoops AIS BMW 128i/ | BullStrap
  Rate limited, waiting 10s...
  Rate limited, waiting 10s...
  Rate limited, waiting 10s...
  Rate limited, waiting 10s...
  Rate limited, waiting 10s...
Batch done: processed 2500 | fixed 1789 | since_id 10410944069905
  Rate limited, waiting 10s...
Fixed 1800 | last: aFe Magnum FORCE Cold Air Intake System  -> aFe Air Intake 19-20 | BullStrap
  Rate limited, waiting 10s...
  Rate limited, waiting 10s...
  Rate limited, waiting 10s...
  Rate limited, waiting 10s...
  Rate limited, waiting 10s...
Fixed 1850 | last: aFe POWER Magnum FORCE Stage-2Si CAIS w/ -> aFe aFe POWER Magnum FORCE Stage-2Si CAIS w/Pro  | BullStrap
  Rate limited, waiting 10s...
  Rate limited, waiting 10s...
  Rate limited, waiting 10s...
  Rate limited, waiting 10s...
  Rate limited, waiting 10s...
  Rate limited, waiting 10s...
Fixed 1900 | last: aFe 23-26 Honda Civic Type R Takeda Mome -> aFe Air Intake 23-26 | BullStrap
  Rate limited, waiting 10s...
  Rate limited, waiting 10s...
  Rate limited, waiting 10s...
  Rate limited, waiting 10s...
  Rate limited, waiting 10s...
  Rate limited, waiting 10s...
  Rate limited, waiting 10s...
Fixed 1950 | last: aFe Magnum FLOW Pro GUARD 7 Intake Repla -> aFe Air Filter | BullStrap
  Rate limited, waiting 10s...
  Rate limited, waiting 10s...
  Rate limited, waiting 10s...
  Rate limited, waiting 10s...
  Rate limited, waiting 10s...
Fixed 2000 | last: aFe Takeda Intakes Stage-2 PDS AIS PDS A -> aFe aFe Takeda Intakes Stage-2 PDS AIS PDS Acura | BullStrap
  Rate limited, waiting 10s...
  Rate limited, waiting 10s...
Batch done: processed 2750 | fixed 2004 | since_id 10410958487825
  Rate limited, waiting 10s...
  Rate limited, waiting 10s...
  Rate limited, waiting 10s...
  Rate limited, waiting 10s...
  Rate limited, waiting 10s...
  Rate limited, waiting 10s...
Fixed 2050 | last: Air Lift LoadLifter 5000 Air Spring Kit -> Air Lift Air Lift LoadLifter 5000 Air Spring Kit | BullStrap
  Rate limited, waiting 10s...
  Rate limited, waiting 10s...
  Rate limited, waiting 10s...
  Rate limited, waiting 10s...
  Rate limited, waiting 10s...
  Rate limited, waiting 10s...
Fixed 2100 | last: Air Lift Air Lift 1000 Air Spring Kit -> Air Lift Air Lift Air Lift 1000 Air Spring Kit | BullStrap
  Rate limited, waiting 10s...
  Rate limited, waiting 10s...
  Rate limited, waiting 10s...
  Rate limited, waiting 10s...
  Rate limited, waiting 10s...
  Rate limited, waiting 10s...
Fixed 2150 | last: Air Lift Performance 17-21 Tesla Model 3 -> Air Lift Air Lift Performance Tesla Model 3/ Mod | BullStrap
  Rate limited, waiting 10s...
  Rate limited, waiting 10s...
  Rate limited, waiting 10s...
  Rate limited, waiting 10s...
  Rate limited, waiting 10s...
  Rate limited, waiting 10s...
Fixed 2200 | last: Air Lift LoadLifter 5000 Ultimate Rear A -> Air Lift Air Lift LoadLifter 5000 Ultimate Rear  | BullStrap
  Rate limited, waiting 10s...
  Rate limited, waiting 10s...
  Rate limited, waiting 10s...
  Rate limited, waiting 10s...
Batch done: processed 3000 | fixed 2234 | since_id 10410979524881
  Rate limited, waiting 10s...
  Rate limited, waiting 10s...
Fixed 2250 | last: Airaid 18-21 Jeep Wrangler JL 3.6L V6 Pe -> Airaid Air Intake 18-21 | BullStrap
  Rate limited, waiting 10s...
  Rate limited, waiting 10s...
  Rate limited, waiting 10s...
  Rate limited, waiting 10s...
  Rate limited, waiting 10s...
  Rate limited, waiting 10s...
Fixed 2300 | last: Airaid 10-14 Ford Mustang Shelby 5.4L Su -> Airaid Airaid Ford Mustang Shelby 5.4L Superchar | BullStrap
  Rate limited, waiting 10s...
  Rate limited, waiting 10s...
  Rate limited, waiting 10s...
  Rate limited, waiting 10s...
  Rate limited, waiting 10s...
  Rate limited, waiting 10s...
Fixed 2350 | last: PureFlow Raptor 15-16 Chevrolet 6.6L Dur -> AirDog Fuel Pump 15-16 | BullStrap
  Rate limited, waiting 10s...
  Rate limited, waiting 10s...
  Rate limited, waiting 10s...
  Rate limited, waiting 10s...
  Rate limited, waiting 10s...
  Rate limited, waiting 10s...
Fixed 2400 | last: Alcon 2018+ Jeep JL 350x32mm Rotors 6-Pi -> Alcon Rotors 2018+ | BullStrap
  Rate limited, waiting 10s...
  Rate limited, waiting 10s...
  Rate limited, waiting 10s...
  Rate limited, waiting 10s...
  Rate limited, waiting 10s...
  Rate limited, waiting 10s...
Fixed 2450 | last: All Balls Racing Husaberg 1989-2008 All  -> All Balls Racing All Balls Racing Husaberg All M | BullStrap
  Rate limited, waiting 10s...
  Rate limited, waiting 10s...
  Rate limited, waiting 10s...
Batch done: processed 3250 | fixed 2473 | since_id 10411000201489
  Rate limited, waiting 10s...
  Rate limited, waiting 10s...
  Rate limited, waiting 10s...
Fixed 2500 | last: All Balls Racing 98-05 Yamaha XVS650 V-S -> All Balls Racing All Balls Racing Yamaha XVS650  | BullStrap
  Rate limited, waiting 10s...
  Rate limited, waiting 10s...
  Rate limited, waiting 10s...
  Rate limited, waiting 10s...
  Rate limited, waiting 10s...
  Rate limited, waiting 10s...
  Rate limited, waiting 10s...
Fixed 2550 | last: All Balls Racing 10-12 Polaris LSV Elect -> All Balls Racing All Balls Racing Polaris LSV El | BullStrap
  Rate limited, waiting 10s...
  Rate limited, waiting 10s...
  Rate limited, waiting 10s...
  Rate limited, waiting 10s...
  Rate limited, waiting 10s...
  Rate limited, waiting 10s...
Fixed 2600 | last: AlphaRex 19-20 Ram 1500 Wiring Adapter S -> AlphaRex AlphaRex Ram 1500 Wiring Adapter Stock  | BullStrap
  Rate limited, waiting 10s...
  Rate limited, waiting 10s...
  Rate limited, waiting 10s...
  Rate limited, waiting 10s...
  Rate limited, waiting 10s...
  Rate limited, waiting 10s...
Fixed 2650 | last: AlphaRex 05-11 Toyota Tacoma PRO-Series  -> AlphaRex AlphaRex Toyota Tacoma PRO-Series Proje | BullStrap
  Rate limited, waiting 10s...
  Rate limited, waiting 10s...
  Rate limited, waiting 10s...
  Rate limited, waiting 10s...
  Rate limited, waiting 10s...
  Rate limited, waiting 10s...
Fixed 2700 | last: AMP Research 20-24 Chevrolet Silverado 2 -> AMP Research AMP Research Chevrolet Silverado 25 | BullStrap
  Rate limited, waiting 10s...
Batch done: processed 3500 | fixed 2708 | since_id 10411022090513
  Rate limited, waiting 10s...
  Rate limited, waiting 10s...
  Rate limited, waiting 10s...
  Rate limited, waiting 10s...
  Rate limited, waiting 10s...
Fixed 2750 | last: AMS Performance AMS / Alpha Army License -> AMS AMS Performance AMS / Alpha Army License Pla | BullStrap
  Rate limited, waiting 10s...
  Rate limited, waiting 10s...
  Rate limited, waiting 10s...
  Rate limited, waiting 10s...
  Rate limited, waiting 10s...
  Rate limited, waiting 10s...
Fixed 2800 | last: Answer 25 Syncron Envenom Jersey Red/Whi -> Answer Answer 25 Syncron Envenom Jersey Red/Whit | BullStrap
  Rate limited, waiting 10s...
  Rate limited, waiting 10s...
  Rate limited, waiting 10s...
  Rate limited, waiting 10s...
  Rate limited, waiting 10s...
  Rate limited, waiting 10s...
Fixed 2850 | last: Answer Elite Xotic Pants Sapphire/Black  -> Answer Answer Elite Xotic Pants Sapphire/Black S | BullStrap
  Rate limited, waiting 10s...
  Rate limited, waiting 10s...
  Rate limited, waiting 10s...
  Rate limited, waiting 10s...
  Rate limited, waiting 10s...
  Rate limited, waiting 10s...
Fixed 2900 | last: Answer Apex 1 Goggles Black/Black - Yout -> Answer Answer Apex 1 Goggles Black/Black - Youth | BullStrap
  Rate limited, waiting 10s...
  Rate limited, waiting 10s...
  Rate limited, waiting 10s...
  Rate limited, waiting 10s...
  Rate limited, waiting 10s...
  Rate limited, waiting 10s...
Batch done: processed 3750 | fixed 2945 | since_id 10411035132177
Fixed 2950 | last: Answer AR1 Boot Black/White Size - 13 -> Answer Answer AR1 Boot Black/White Size - 13 | BullStrap
  Rate limited, waiting 10s...
  Rate limited, waiting 10s...
  Rate limited, waiting 10s...
  Rate limited, waiting 10s...
  Rate limited, waiting 10s...
  Rate limited, waiting 10s...
Fixed 3000 | last: Antigravity XP-20-HD Micro-Start Jump St -> Antigravity Batteries Antigravity XP-20-HD Micro | BullStrap
  Rate limited, waiting 10s...
  Rate limited, waiting 10s...
  Rate limited, waiting 10s...
  Rate limited, waiting 10s...
  Rate limited, waiting 10s...
  Rate limited, waiting 10s...
  Rate limited, waiting 10s...
Fixed 3050 | last: ANZO 2003-2006 Chevy Silverado Crystal H -> ANZO ANZO Chevy Silverado Crystal Headlight w/ S | BullStrap
  Rate limited, waiting 10s...
  Rate limited, waiting 10s...
  Rate limited, waiting 10s...
  Rate limited, waiting 10s...
  Rate limited, waiting 10s...
  Rate limited, waiting 10s...
Fixed 3100 | last: ANZO 20-22 Ford Super Duty (Halogen) Z-S -> ANZO ANZO Ford Super Duty (Halogen) Z-Series Ful | BullStrap
  Rate limited, waiting 10s...
  Rate limited, waiting 10s...
  Rate limited, waiting 10s...
  Rate limited, waiting 10s...
  Rate limited, waiting 10s...
  Rate limited, waiting 10s...
Fixed 3150 | last: ANZO 2013-2015 Nissan Altima Projector H -> ANZO ANZO Nissan Altima Projector Headlight Blac | BullStrap
  Rate limited, waiting 10s...
  Rate limited, waiting 10s...
  Rate limited, waiting 10s...
  Rate limited, waiting 10s...
Batch done: processed 4000 | fixed 3185 | since_id 10411049255185
  Rate limited, waiting 10s...
Fixed 3200 | last: ANZO 1992-1998 BMW 3 Series E36 Coupe/Co -> ANZO ANZO BMW 3 Series E36 Coupe/Convertible Tai | BullStrap
  Rate limited, waiting 10s...
  Rate limited, waiting 10s...
  Rate limited, waiting 10s...
  Rate limited, waiting 10s...
  Rate limited, waiting 10s...
  Rate limited, waiting 10s...
  Rate limited, waiting 10s...
Fixed 3250 | last: ANZO 14-18 GMC Sierra 1500 Full LED Tail -> ANZO ANZO GMC Sierra 1500 Full LED Taillights Bl | BullStrap
  Rate limited, waiting 10s...
  Rate limited, waiting 10s...
  Rate limited, waiting 10s...
  Rate limited, waiting 10s...
  Rate limited, waiting 10s...
  Rate limited, waiting 10s...
Fixed 3300 | last: ANZO 15-23 Dodge Charger Black LED Grill -> ANZO ANZO Dodge Charger Black LED Grille w/ Init | BullStrap
  Rate limited, waiting 10s...
  Rate limited, waiting 10s...
  Rate limited, waiting 10s...
  Rate limited, waiting 10s...
  Rate limited, waiting 10s...
  Rate limited, waiting 10s...
Fixed 3350 | last: ARB Fridge Slide for 38Q and 47Q Zero Fr -> ARB ARB Fridge Slide for 38Q and 47Q Zero Fridge | BullStrap
  Rate limited, waiting 10s...
  Rate limited, waiting 10s...
  Rate limited, waiting 10s...
  Rate limited, waiting 10s...
  Rate limited, waiting 10s...
  Rate limited, waiting 10s...
Fixed 3400 | last: ARB J/Can/Hldr ARB Rstb Lhs Blk -> ARB ARB J/Can/Hldr ARB Rstb Lhs Blk | BullStrap
  Rate limited, waiting 10s...
  Rate limited, waiting 10s...
  Rate limited, waiting 10s...
Batch done: processed 4250 | fixed 3422 | since_id 10411066327313
  Rate limited, waiting 10s...
  Rate limited, waiting 10s...
  Rate limited, waiting 10s...
Fixed 3450 | last: ARB Winch Ext Strap 9900 Lb -> ARB Winch | BullStrap
  Rate limited, waiting 10s...
  Rate limited, waiting 10s...
  Rate limited, waiting 10s...
  Rate limited, waiting 10s...
  Rate limited, waiting 10s...
  Rate limited, waiting 10s...
Fixed 3500 | last: ARB Airlocker 11.5In 30 Spl Aa&M S/N. -> ARB ARB Airlocker 11.5In 30 Spl Aa&M S/N. | BullStrap
  Rate limited, waiting 10s...
  Rate limited, waiting 10s...
  Rate limited, waiting 10s...
  Rate limited, waiting 10s...
  Rate limited, waiting 10s...
  Rate limited, waiting 10s...
Fixed 3550 | last: ARB Bp51 Fit Kit Tundra Rear -> ARB ARB Bp51 Fit Kit Tundra Rear | BullStrap
  Rate limited, waiting 10s...
  Rate limited, waiting 10s...
  Rate limited, waiting 10s...
  Rate limited, waiting 10s...
  Rate limited, waiting 10s...
  Rate limited, waiting 10s...
Fixed 3600 | last: ARP Chevy Duramax 2.8l HSK Head stud kit -> ARP ARP Chevy Duramax 2.8l HSK Head stud kit | BullStrap
  Rate limited, waiting 10s...
  Rate limited, waiting 10s...
  Rate limited, waiting 10s...
  Rate limited, waiting 10s...
  Rate limited, waiting 10s...
  Rate limited, waiting 10s...
  Rate limited, waiting 10s...
Fixed 3650 | last: AST 2019+ Porsche 911 992 Turbo / Turbo  -> AST Turbo 2019+ | BullStrap
  Rate limited, waiting 10s...
Batch done: processed 4500 | fixed 3661 | since_id 10411090772241
  Rate limited, waiting 10s...
  Rate limited, waiting 10s...
  Rate limited, waiting 10s...
  Rate limited, waiting 10s...
Fixed 3700 | last: AST 06/2012-07/2019 BMW 3 Lowering Sprin -> AST AST 06//2019 BMW 3 Lowering Springs - 30mm/2 | BullStrap
  Rate limited, waiting 10s...
  Rate limited, waiting 10s...
  Rate limited, waiting 10s...
  Rate limited, waiting 10s...
  Rate limited, waiting 10s...
  Rate limited, waiting 10s...
Fixed 3750 | last: AST 11/2014-12/2021 BMW 2 Lowering Sprin -> AST AST 11//2021 BMW 2 Lowering Springs - 25mm/3 | BullStrap
  Rate limited, waiting 10s...
  Rate limited, waiting 10s...
  Rate limited, waiting 10s...
  Rate limited, waiting 10s...
  Rate limited, waiting 10s...
  Rate limited, waiting 10s...
  Rate limited, waiting 10s...
Fixed 3800 | last: AST 11/2021- BMW i4 Lowering Springs - 4 -> AST AST 11/2021- BMW i4 Lowering Springs - 40mm/ | BullStrap
  Rate limited, waiting 10s...
  Rate limited, waiting 10s...
  Rate limited, waiting 10s...
  Rate limited, waiting 10s...
  Rate limited, waiting 10s...
  Rate limited, waiting 10s...
Fixed 3850 | last: Athena 91-97 Yamaha WR 250 Z Complete Ga -> Athena Athena Yamaha WR 250 Z Complete Gasket Ki | BullStrap
  Rate limited, waiting 10s...
  Rate limited, waiting 10s...
  Rate limited, waiting 10s...
  Rate limited, waiting 10s...
  Rate limited, waiting 10s...
  Rate limited, waiting 10s...
Fixed 3900 | last: ATI Damper - 7.95in - Steel - 8 Grv - Fo -> ATI ATI Damper - 7.95in - Steel - 8 Grv - Ford 6 | BullStrap
Batch done: processed 4750 | fixed 3901 | since_id 10411102896401
  Rate limited, waiting 10s...
  Rate limited, waiting 10s...
  Rate limited, waiting 10s...
  Rate limited, waiting 10s...
  Rate limited, waiting 10s...
  Rate limited, waiting 10s...
Fixed 3950 | last: Autometer 6ft x 3ft Race Banner -> AutoMeter Autometer 6ft x 3ft Race Banner | BullStrap
  Rate limited, waiting 10s...
  Rate limited, waiting 10s...
  Rate limited, waiting 10s...
  Rate limited, waiting 10s...
  Rate limited, waiting 10s...
  Rate limited, waiting 10s...
  Rate limited, waiting 10s...
Fixed 4000 | last: Autometer 100 PSI Tire Pressure Gauge -> AutoMeter Autometer 100 PSI Tire Pressure Gauge | BullStrap
  Rate limited, waiting 10s...
  Rate limited, waiting 10s...
  Rate limited, waiting 10s...
  Rate limited, waiting 10s...
  Rate limited, waiting 10s...
  Rate limited, waiting 10s...
Fixed 4050 | last: Autometer Z-Series 52mm 100-250 Degrees  -> AutoMeter Autometer Z-Series 52mm Degrees F. SSE | BullStrap
  Rate limited, waiting 10s...
  Rate limited, waiting 10s...
  Rate limited, waiting 10s...
  Rate limited, waiting 10s...
  Rate limited, waiting 10s...
  Rate limited, waiting 10s...
Fixed 4100 | last: Autometer Cobalt 52.4mm 100-250 deg. F S -> AutoMeter Autometer Cobalt 52.4mm deg. F Short S | BullStrap
  Rate limited, waiting 10s...
  Rate limited, waiting 10s...
Batch done: processed 5000 | fixed 4115 | since_id 10411116691729
  Rate limited, waiting 10s...
  Rate limited, waiting 10s...
  Rate limited, waiting 10s...
  Rate limited, waiting 10s...
Fixed 4150 | last: AVS 10-14 Subaru Outback Ventvisor In-Ch -> AVS AVS Subaru Outback Ventvisor In-Channel Fron | BullStrap
  Rate limited, waiting 10s...
  Rate limited, waiting 10s...
  Rate limited, waiting 10s...
  Rate limited, waiting 10s...
  Rate limited, waiting 10s...
  Rate limited, waiting 10s...
Fixed 4200 | last: AVS 11-18 Ford Explorer Ventvisor Outsid -> AVS AVS Ford Explorer Ventvisor Outside Mount Wi | BullStrap
  Rate limited, waiting 10s...
  Rate limited, waiting 10s...
  Rate limited, waiting 10s...
  Rate limited, waiting 10s...
  Rate limited, waiting 10s...
  Rate limited, waiting 10s...
  Rate limited, waiting 10s...
Fixed 4250 | last: AWE Tuning SwitchPath Remote for Audi B9 -> AWE Tuning AWE Tuning SwitchPath Remote for Audi | BullStrap
  Rate limited, waiting 10s...
  Rate limited, waiting 10s...
  Rate limited, waiting 10s...
  Rate limited, waiting 10s...
  Rate limited, waiting 10s...
  Rate limited, waiting 10s...
Fixed 4300 | last: AWE Tuning 4th Gen GM 1500 5.3L 0FG Cat- -> AWE Tuning Exhaust | BullStrap
  Rate limited, waiting 10s...
  Rate limited, waiting 10s...
  Rate limited, waiting 10s...
  Rate limited, waiting 10s...
  Rate limited, waiting 10s...
  Rate limited, waiting 10s...
Fixed 4350 | last: AWE Tuning Audi B8.5 S5 3.0T Touring Edi -> AWE Tuning Exhaust | BullStrap
Batch done: processed 5250 | fixed 4351 | since_id 10411163615505
  Rate limited, waiting 10s...
  Rate limited, waiting 10s...
  Rate limited, waiting 10s...
  Rate limited, waiting 10s...
  Rate limited, waiting 10s...
  Rate limited, waiting 10s...
Fixed 4400 | last: AWE Tuning Audi 22-23 8Y RS3 Cat-Back Tr -> AWE Tuning Exhaust 22-23 | BullStrap
  Rate limited, waiting 10s...
  Rate limited, waiting 10s...
  Rate limited, waiting 10s...
  Rate limited, waiting 10s...
  Rate limited, waiting 10s...
  Rate limited, waiting 10s...
Fixed 4450 | last: AWE Tuning 2017+ Honda Civic Type R Trac -> AWE Tuning Exhaust 2017+ | BullStrap
  Rate limited, waiting 10s...
  Rate limited, waiting 10s...
  Rate limited, waiting 10s...
  Rate limited, waiting 10s...
  Rate limited, waiting 10s...
  Rate limited, waiting 10s...
Fixed 4500 | last: AWE Tuning 14-19 Chevrolet C7 Corvette 6 -> AWE Tuning AWE Tuning Chevrolet C7 Corvette 6.2L | BullStrap
  Rate limited, waiting 10s...
  Rate limited, waiting 10s...
  Rate limited, waiting 10s...
  Rate limited, waiting 10s...
  Rate limited, waiting 10s...
  Rate limited, waiting 10s...
Fixed 4550 | last: Baja Designs LP4 Pro Driving/Combo LED - -> Baja Designs Baja Designs LP4 Pro Driving/Combo  | BullStrap
  Rate limited, waiting 10s...
  Rate limited, waiting 10s...
  Rate limited, waiting 10s...
  Rate limited, waiting 10s...
Batch done: processed 5500 | fixed 4569 | since_id 10411178066193
  Rate limited, waiting 10s...
  Rate limited, waiting 10s...
  Rate limited, waiting 10s...
  Rate limited, waiting 10s...
Fixed 4600 | last: Baja Designs 2018+ Wrangler JL Rubicon S -> Baja Designs Baja Designs Wrangler JL Rubicon Sp | BullStrap
  Rate limited, waiting 10s...
  Rate limited, waiting 10s...
  Rate limited, waiting 10s...
  Rate limited, waiting 10s...
  Rate limited, waiting 10s...
Fixed 4650 | last: Baja Designs OnX6 High Speed Spot Patter -> Baja Designs Baja Designs OnX6 High Speed Spot P | BullStrap
  Rate limited, waiting 10s...
  Rate limited, waiting 10s...
  Rate limited, waiting 10s...
  Rate limited, waiting 10s...
  Rate limited, waiting 10s...
  Rate limited, waiting 10s...
Fixed 4700 | last: Baja Designs S2 Sport Driving Combo Patt -> Baja Designs Baja Designs S2 Sport Driving Combo | BullStrap
  Rate limited, waiting 10s...
  Rate limited, waiting 10s...
  Rate limited, waiting 10s...
  Rate limited, waiting 10s...
  Rate limited, waiting 10s...
Fixed 4750 | last: Baja Designs S2 Series Replacement Lens  -> Baja Designs Baja Designs S2 Series Replacement  | BullStrap
  Rate limited, waiting 10s...
  Rate limited, waiting 10s...
  Rate limited, waiting 10s...
  Rate limited, waiting 10s...
  Rate limited, waiting 10s...
Batch done: processed 5750 | fixed 4788 | since_id 10411191206161
  Rate limited, waiting 10s...
Fixed 4800 | last: BAK 19-20 Dodge Ram (New Body Style w/o  -> BAK BAK Dodge Ram (New Body Style w/o Ram Box) 5 | BullStrap
  Rate limited, waiting 10s...
  Rate limited, waiting 10s...
  Rate limited, waiting 10s...
  Rate limited, waiting 10s...
  Rate limited, waiting 10s...
Fixed 4850 | last: BAK 2023+ Chevy Colorado Crew Cab 5.2ft  -> BAK BAK Chevy Colorado Crew Cab 5.2ft Bed BAKFli | BullStrap
  Rate limited, waiting 10s...
  Rate limited, waiting 10s...
  Rate limited, waiting 10s...
  Rate limited, waiting 10s...
  Rate limited, waiting 10s...
  Rate limited, waiting 10s...
  Rate limited, waiting 10s...
  Rate limited, waiting 10s...
Fixed 4900 | last: Banks Power 17+ Ford F250/F350 SRW Diffe -> Banks Power Banks Power 17+ Ford F250/F350 SRW D | BullStrap
  Rate limited, waiting 10s...
  Rate limited, waiting 10s...
  Rate limited, waiting 10s...
  Rate limited, waiting 10s...
  Rate limited, waiting 10s...
  Rate limited, waiting 10s...
Fixed 4950 | last: Banks Power 07-10 Chevy 6.6L LMM Ram-Air -> Banks Power Air Intake 07-10 | BullStrap
  Rate limited, waiting 10s...
  Rate limited, waiting 10s...
  Rate limited, waiting 10s...
  Rate limited, waiting 10s...
  Rate limited, waiting 10s...
  Rate limited, waiting 10s...
  Rate limited, waiting 10s...
Fixed 5000 | last: Banks Power 07-11 Jeep 3.8L Wrangler - 2 -> Banks Power Exhaust 07-11 | BullStrap
Batch done: processed 6000 | fixed 5007 | since_id 10411210146065
  Rate limited, waiting 10s...
  Rate limited, waiting 10s...
  Rate limited, waiting 10s...
  Rate limited, waiting 10s...
  Rate limited, waiting 10s...
  Rate limited, waiting 10s...
Fixed 5050 | last: Battery Tender 2 Bank 12V 1.25A Battery  -> Battery Tender Battery | BullStrap
  Rate limited, waiting 10s...
  Rate limited, waiting 10s...
  Rate limited, waiting 10s...
  Rate limited, waiting 10s...
  Rate limited, waiting 10s...
  Rate limited, waiting 10s...
Fixed 5100 | last: BBK 79-95 Mustang Adjustable Clutch Quad -> BBK BBK Mustang Adjustable Clutch Quadrant Cable | BullStrap
  Rate limited, waiting 10s...
  Rate limited, waiting 10s...
  Rate limited, waiting 10s...
  Rate limited, waiting 10s...
  Rate limited, waiting 10s...
  Rate limited, waiting 10s...
Fixed 5150 | last: BBK 05-15 Dodge Challenger Charger Short -> BBK Headers 05-15 | BullStrap
  Rate limited, waiting 10s...
  Rate limited, waiting 10s...
  Rate limited, waiting 10s...
  Rate limited, waiting 10s...
  Rate limited, waiting 10s...
  Rate limited, waiting 10s...
Fixed 5200 | last: BBK 2010-15 Camaro Ls3/L99 1-7/8 Full-Le -> BBK Headers 2010-15 | BullStrap
  Rate limited, waiting 10s...
  Rate limited, waiting 10s...
  Rate limited, waiting 10s...
  Rate limited, waiting 10s...
  Rate limited, waiting 10s...
Batch done: processed 6250 | fixed 5242 | since_id 10411225973009
  Rate limited, waiting 10s...
Fixed 5250 | last: BD Diesel High Idle Control - 2001-2004  -> BD Diesel BD Diesel High Idle Control - Chev Dur | BullStrap
  Rate limited, waiting 10s...
  Rate limited, waiting 10s...
  Rate limited, waiting 10s...
  Rate limited, waiting 10s...
  Rate limited, waiting 10s...
  Rate limited, waiting 10s...
Fixed 5300 | last: BD Diesel VP44 Stealth Pump Cover Kit -  -> BD Diesel BD Diesel VP44 Stealth Pump Cover Kit  | BullStrap
  Rate limited, waiting 10s...
  Rate limited, waiting 10s...
  Rate limited, waiting 10s...
  Rate limited, waiting 10s...
  Rate limited, waiting 10s...
  Rate limited, waiting 10s...
Fixed 5350 | last: Belltech LOWERING Kit 2019+ Ford Ranger  -> Belltech Belltech LOWERING Kit Ford Ranger 2WD 2 | BullStrap
  Rate limited, waiting 10s...
  Rate limited, waiting 10s...
  Rate limited, waiting 10s...
  Rate limited, waiting 10s...
  Rate limited, waiting 10s...
  Rate limited, waiting 10s...
Fixed 5400 | last: Belltech DROP SPINDLE SET 99-06 GM 1500  -> Belltech Belltech DROP SPINDLE SET GM 1500 ALL - | BullStrap
  Rate limited, waiting 10s...
  Rate limited, waiting 10s...
  Rate limited, waiting 10s...
  Rate limited, waiting 10s...
  Rate limited, waiting 10s...
  Rate limited, waiting 10s...
Fixed 5450 | last: Belltech FRONT ANTI-SWAYBAR 97-04 DODGE  -> Belltech Belltech FRONT ANTI-SWAYBAR DODGE DAKOT | BullStrap
  Rate limited, waiting 10s...
  Rate limited, waiting 10s...
  Rate limited, waiting 10s...
  Rate limited, waiting 10s...
Batch done: processed 6500 | fixed 5481 | since_id 10411245961489
  Rate limited, waiting 10s...
  Rate limited, waiting 10s...
  Rate limited, waiting 10s...
  Rate limited, waiting 10s...
  Rate limited, waiting 10s...
Fixed 5500 | last: Belltech LOWERING KIT WITH SP SHOCKS -> Belltech Shocks | BullStrap
  Rate limited, waiting 10s...
  Rate limited, waiting 10s...
  Rate limited, waiting 10s...
  Rate limited, waiting 10s...
  Rate limited, waiting 10s...
  Rate limited, waiting 10s...
Fixed 5550 | last: Belltech SHOCK SET STREET PERFORMANCE -> Belltech Shocks | BullStrap
  Rate limited, waiting 10s...
  Rate limited, waiting 10s...
  Rate limited, waiting 10s...
  Rate limited, waiting 10s...
  Rate limited, waiting 10s...
  Rate limited, waiting 10s...
Fixed 5600 | last: Big Gun EVO R Turndown End Tip - Red -> Big Gun Big Gun EVO R Turndown End Tip - Red | BullStrap
  Rate limited, waiting 10s...
  Rate limited, waiting 10s...
  Rate limited, waiting 10s...
  Rate limited, waiting 10s...
  Rate limited, waiting 10s...
  Rate limited, waiting 10s...
Fixed 5650 | last: Covermax Large Cover For Full Dresser -> BikeMaster Covermax Large Cover For Full Dresser | BullStrap
  Rate limited, waiting 10s...
  Rate limited, waiting 10s...
  Rate limited, waiting 10s...
  Rate limited, waiting 10s...
  Rate limited, waiting 10s...
  Rate limited, waiting 10s...
Batch done: processed 6750 | fixed 5698 | since_id 10411259003153
Fixed 5700 | last: BikeMaster Flywheel Puller - 24mm -> BikeMaster BikeMaster Flywheel Puller - 24mm | BullStrap
  Rate limited, waiting 10s...
  Rate limited, waiting 10s...
  Rate limited, waiting 10s...
  Rate limited, waiting 10s...
  Rate limited, waiting 10s...
  Rate limited, waiting 10s...
Fixed 5750 | last: BikeMaster Heavy Duty Chain Breaker/Rive -> BikeMaster BikeMaster Heavy Duty Chain Breaker/R | BullStrap
  Rate limited, waiting 10s...
  Rate limited, waiting 10s...
  Rate limited, waiting 10s...
  Rate limited, waiting 10s...
  Rate limited, waiting 10s...
  Rate limited, waiting 10s...
Fixed 5800 | last: BikeMaster Ducati Oil Filter Wrench - 76 -> BikeMaster BikeMaster Ducati Oil Filter Wrench - | BullStrap
  Rate limited, waiting 10s...
  Rate limited, waiting 10s...
  Rate limited, waiting 10s...
  Rate limited, waiting 10s...
  Rate limited, waiting 10s...
  Rate limited, waiting 10s...
  Rate limited, waiting 10s...
Fixed 5850 | last: BikeMaster Anti-Vibration Bar Ends - Bla -> BikeMaster BikeMaster Anti-Vibration Bar Ends -  | BullStrap
  Rate limited, waiting 10s...
  Rate limited, waiting 10s...
  Rate limited, waiting 10s...
  Rate limited, waiting 10s...
  Rate limited, waiting 10s...
  Rate limited, waiting 10s...
Fixed 5900 | last: BikeMaster Crank Case Separator Tool Set -> BikeMaster BikeMaster Crank Case Separator Tool  | BullStrap
  Rate limited, waiting 10s...
  Rate limited, waiting 10s...
  Rate limited, waiting 10s...
  Rate limited, waiting 10s...
Batch done: processed 7000 | fixed 5932 | since_id 10411269619985
  Rate limited, waiting 10s...
  Rate limited, waiting 10s...
Fixed 5950 | last: BikeMaster 525x150 BMOR O-Ring Chain - G -> BikeMaster BikeMaster 525x150 BMOR O-Ring Chain  | BullStrap
  Rate limited, waiting 10s...
  Rate limited, waiting 10s...
  Rate limited, waiting 10s...
  Rate limited, waiting 10s...
  Rate limited, waiting 10s...
  Rate limited, waiting 10s...
Fixed 6000 | last: BikeMaster 530 BMXR X-Ring Clip Link - C -> BikeMaster BikeMaster 530 BMXR X-Ring Clip Link  | BullStrap
  Rate limited, waiting 10s...
  Rate limited, waiting 10s...
  Rate limited, waiting 10s...
  Rate limited, waiting 10s...
  Rate limited, waiting 10s...
  Rate limited, waiting 10s...
Fixed 6050 | last: BikeMaster 428Hx132 Chain -> BikeMaster BikeMaster 428Hx132 Chain | BullStrap
  Rate limited, waiting 10s...
  Rate limited, waiting 10s...
  Rate limited, waiting 10s...
  Rate limited, waiting 10s...
  Rate limited, waiting 10s...
  Rate limited, waiting 10s...
  Rate limited, waiting 10s...
Fixed 6100 | last: BikeMaster Universal Flush Mount Marker  -> BikeMaster BikeMaster Universal Flush Mount Mark | BullStrap
  Rate limited, waiting 10s...
  Rate limited, waiting 10s...
  Rate limited, waiting 10s...
  Rate limited, waiting 10s...
  Rate limited, waiting 10s...
  Rate limited, waiting 10s...
Fixed 6150 | last: BikeMaster 3.25/3.50-21 TR6 Tube -> BikeMaster BikeMaster 3.25/3. TR6 Tube | BullStrap
  Rate limited, waiting 10s...
  Rate limited, waiting 10s...
Batch done: processed 7250 | fixed 6163 | since_id 10411282465041
  Rate limited, waiting 10s...
  Rate limited, waiting 10s...
  Rate limited, waiting 10s...
  Rate limited, waiting 10s...
Fixed 6200 | last: BikeMaster Fork Seal 42x54x11 -> BikeMaster BikeMaster Fork Seal 42x54x11 | BullStrap
  Rate limited, waiting 10s...
  Rate limited, waiting 10s...
  Rate limited, waiting 10s...
  Rate limited, waiting 10s...
  Rate limited, waiting 10s...
  Rate limited, waiting 10s...
  Rate limited, waiting 10s...
Fixed 6250 | last: BikeMaster AGM Battery - MS12-4B-BS -> BikeMaster Battery | BullStrap
  Rate limited, waiting 10s...
  Rate limited, waiting 10s...
  Rate limited, waiting 10s...
  Rate limited, waiting 10s...
  Rate limited, waiting 10s...
  Rate limited, waiting 10s...
Fixed 6300 | last: BikeMaster Battery - BTZ14S -> BikeMaster Battery | BullStrap
  Rate limited, waiting 10s...
  Rate limited, waiting 10s...
  Rate limited, waiting 10s...
  Rate limited, waiting 10s...
  Rate limited, waiting 10s...
  Rate limited, waiting 10s...
Fixed 6350 | last: BikeMaster BM-603 Brake Shoes -> BikeMaster BikeMaster BM-603 Brake Shoes | BullStrap
  Rate limited, waiting 10s...
  Rate limited, waiting 10s...
  Rate limited, waiting 10s...
  Rate limited, waiting 10s...
  Rate limited, waiting 10s...
  Rate limited, waiting 10s...
Batch done: processed 7500 | fixed 6395 | since_id 10411299602705
Fixed 6400 | last: Bikers Choice 10 Inch Rubber Battery Str -> Bikers Choice Battery 6017-01 | BullStrap
  Rate limited, waiting 10s...
  Rate limited, waiting 10s...
  Rate limited, waiting 10s...
  Rate limited, waiting 10s...
  Rate limited, waiting 10s...
  Rate limited, waiting 10s...
Fixed 6450 | last: Bikers Choice 74-E79 FX Chrome Ratchet D -> Bikers Choice Bikers Choice 74-E79 FX Chrome Rat | BullStrap
  Rate limited, waiting 10s...
  Rate limited, waiting 10s...
  Rate limited, waiting 10s...
  Rate limited, waiting 10s...
  Rate limited, waiting 10s...
  Rate limited, waiting 10s...
  Rate limited, waiting 10s...
Fixed 6500 | last: Bikers Choice 06-12 FXST 200MM Wide Raw  -> Bikers Choice Bikers Choice FXST 200MM Wide Raw  | BullStrap
  Rate limited, waiting 10s...
  Rate limited, waiting 10s...
  Rate limited, waiting 10s...
  Rate limited, waiting 10s...
  Rate limited, waiting 10s...
  Rate limited, waiting 10s...
Fixed 6550 | last: Bikers Choice 75-87 FX XL Showa 35 MM Ru -> Bikers Choice Bikers Choice FX XL Showa 35 MM Ru | BullStrap
  Rate limited, waiting 10s...
  Rate limited, waiting 10s...
  Rate limited, waiting 10s...
  Rate limited, waiting 10s...
  Rate limited, waiting 10s...
  Rate limited, waiting 10s...
Fixed 6600 | last: Bikers Choice 66-84 Shovelhead Choice Ro -> Bikers Choice Exhaust 66-84 | BullStrap
  Rate limited, waiting 10s...
  Rate limited, waiting 10s...
  Rate limited, waiting 10s...
Batch done: processed 7750 | fixed 6623 | since_id 10411309007121
  Rate limited, waiting 10s...
  Rate limited, waiting 10s...
  Rate limited, waiting 10s...
Fixed 6650 | last: Bikers Choice Flat Chrome Exhaust Suppor -> Bikers Choice Exhaust | BullStrap
  Rate limited, waiting 10s...
  Rate limited, waiting 10s...
  Rate limited, waiting 10s...
  Rate limited, waiting 10s...
  Rate limited, waiting 10s...
  Rate limited, waiting 10s...
Fixed 6700 | last: Bikers Choice 87-99 Softail Battery Cush -> Bikers Choice Battery 87-99 | BullStrap
  Rate limited, waiting 10s...
  Rate limited, waiting 10s...
  Rate limited, waiting 10s...
  Rate limited, waiting 10s...
  Rate limited, waiting 10s...
  Rate limited, waiting 10s...
Fixed 6750 | last: Bilstein B4 1984 BMW 318i Base Rear Twin -> Bilstein Shocks | BullStrap
  Rate limited, waiting 10s...
  Rate limited, waiting 10s...
  Rate limited, waiting 10s...
  Rate limited, waiting 10s...
  Rate limited, waiting 10s...
  Rate limited, waiting 10s...
Fixed 6800 | last: Bilstein B4 98-10 Volkswagen Beetle Base -> Bilstein Shocks 98-10 | BullStrap
  Rate limited, waiting 10s...
  Rate limited, waiting 10s...
  Rate limited, waiting 10s...
  Rate limited, waiting 10s...
  Rate limited, waiting 10s...
  Rate limited, waiting 10s...
  Rate limited, waiting 10s...
Fixed 6850 | last: Bilstein B8 SP 01-05 BMW 325xi/330xi Fro -> Bilstein Shocks 01-05 | BullStrap
  Rate limited, waiting 10s...
Batch done: processed 8000 | fixed 6857 | since_id 10411328897297
  Rate limited, waiting 10s...
  Rate limited, waiting 10s...
  Rate limited, waiting 10s...
  Rate limited, waiting 10s...
  Rate limited, waiting 10s...
Fixed 6900 | last: Bilstein B4 OE 14-19 Ford Escape w/o EDC -> Bilstein Shocks 14-19 | BullStrap
  Rate limited, waiting 10s...
  Rate limited, waiting 10s...
  Rate limited, waiting 10s...
  Rate limited, waiting 10s...
  Rate limited, waiting 10s...
  Rate limited, waiting 10s...
Fixed 6950 | last: Bilstein B4 1977 Mercedes-Benz 230 Base  -> Bilstein Shocks | BullStrap
  Rate limited, waiting 10s...
  Rate limited, waiting 10s...
  Rate limited, waiting 10s...
  Rate limited, waiting 10s...
  Rate limited, waiting 10s...
  Rate limited, waiting 10s...
Fixed 7000 | last: Bilstein B6 1989 Porsche 944 Base Rear 3 -> Bilstein Shocks | BullStrap
  Rate limited, waiting 10s...
  Rate limited, waiting 10s...
  Rate limited, waiting 10s...
  Rate limited, waiting 10s...
  Rate limited, waiting 10s...
  Rate limited, waiting 10s...
  Rate limited, waiting 10s...
Fixed 7050 | last: Bilstein B6 1999 Land Rover Discovery Se -> Bilstein Shocks | BullStrap
  Rate limited, waiting 10s...
  Rate limited, waiting 10s...
  Rate limited, waiting 10s...
  Rate limited, waiting 10s...
  Rate limited, waiting 10s...
Batch done: processed 8250 | fixed 7093 | since_id 10411351015697
Fixed 7100 | last: Bilstein B8 2006 Mazda MX-5 Miata Base R -> Bilstein Shocks | BullStrap
  Rate limited, waiting 10s...
  Rate limited, waiting 10s...
  Rate limited, waiting 10s...
  Rate limited, waiting 10s...
  Rate limited, waiting 10s...
  Rate limited, waiting 10s...
  Rate limited, waiting 10s...
Fixed 7150 | last: Bilstein 5100 Series 1997 Ford F-150 Bas -> Bilstein Shocks | BullStrap
  Rate limited, waiting 10s...
  Rate limited, waiting 10s...
  Rate limited, waiting 10s...
  Rate limited, waiting 10s...
  Rate limited, waiting 10s...
  Rate limited, waiting 10s...
Fixed 7200 | last: Bilstein B6 2004 Chevrolet Colorado Z85  -> Bilstein Shocks | BullStrap
  Rate limited, waiting 10s...
  Rate limited, waiting 10s...
  Rate limited, waiting 10s...
  Rate limited, waiting 10s...
  Rate limited, waiting 10s...
  Rate limited, waiting 10s...
Fixed 7250 | last: Bilstein 4600 Series 2009 Dodge Ram 1500 -> Bilstein Shocks | BullStrap
  Rate limited, waiting 10s...
  Rate limited, waiting 10s...
  Rate limited, waiting 10s...
  Rate limited, waiting 10s...
  Rate limited, waiting 10s...
  Rate limited, waiting 10s...
Fixed 7300 | last: Bilstein B6 Performance 11-16 Ford Fiest -> Bilstein Shocks 11-16 | BullStrap
  Rate limited, waiting 10s...
  Rate limited, waiting 10s...
  Rate limited, waiting 10s...
Batch done: processed 8500 | fixed 7325 | since_id 10411364253969
  Rate limited, waiting 10s...
  Rate limited, waiting 10s...
  Rate limited, waiting 10s...
Fixed 7350 | last: Bilstein 4600 Series 17-18 Ford F-250 Su -> Bilstein Shocks 17-18 | BullStrap
  Rate limited, waiting 10s...
  Rate limited, waiting 10s...
  Rate limited, waiting 10s...
  Rate limited, waiting 10s...
  Rate limited, waiting 10s...
  Rate limited, waiting 10s...
  Rate limited, waiting 10s...
Fixed 7400 | last: Bilstein 09-13 Ford F-150 Flotillera B8  -> Bilstein Shocks 09-13 | BullStrap
  Rate limited, waiting 10s...
  Rate limited, waiting 10s...
  Rate limited, waiting 10s...
  Rate limited, waiting 10s...
  Rate limited, waiting 10s...
  Rate limited, waiting 10s...
Fixed 7450 | last: Bilstein B8 5160 Series 07-18 Jeep Wrang -> Bilstein Shocks 07-18 | BullStrap
  Rate limited, waiting 10s...
  Rate limited, waiting 10s...
  Rate limited, waiting 10s...
  Rate limited, waiting 10s...
  Rate limited, waiting 10s...
  Rate limited, waiting 10s...
Fixed 7500 | last: Bilstein 4600 Series 2000 Dodge Dakota S -> Bilstein Shocks | BullStrap
  Rate limited, waiting 10s...
  Rate limited, waiting 10s...
  Rate limited, waiting 10s...
  Rate limited, waiting 10s...
  Rate limited, waiting 10s...
  Rate limited, waiting 10s...
Fixed 7550 | last: Bilstein 5100 Series 2018 Jeep Wrangler  -> Bilstein Shocks | BullStrap
  Rate limited, waiting 10s...
Batch done: processed 8750 | fixed 7560 | since_id 10411379523857
  Rate limited, waiting 10s...
  Rate limited, waiting 10s...
  Rate limited, waiting 10s...
  Rate limited, waiting 10s...
  Rate limited, waiting 10s...
Fixed 7600 | last: Bilstein B6 11-13 Ford Mustang GT V8/12  -> Bilstein Shocks 11-13 | BullStrap
  Rate limited, waiting 10s...
  Rate limited, waiting 10s...
  Rate limited, waiting 10s...
  Rate limited, waiting 10s...
  Rate limited, waiting 10s...
  Rate limited, waiting 10s...
  Rate limited, waiting 10s...
Fixed 7650 | last: Bilstein B14 (PSS) 14-15 Ford Fiesta / F -> Bilstein Suspension 14-15 | BullStrap
  Rate limited, waiting 10s...
  Rate limited, waiting 10s...
  Rate limited, waiting 10s...
  Rate limited, waiting 10s...
  Rate limited, waiting 10s...
Fixed 7700 | last: Bilstein B16 (DampTronic) 2021-2015 Volk -> Bilstein Suspension 2021-2015 | BullStrap
  Rate limited, waiting 10s...
  Rate limited, waiting 10s...
  Rate limited, waiting 10s...
  Rate limited, waiting 10s...
  Rate limited, waiting 10s...
  Rate limited, waiting 10s...
Fixed 7750 | last: BLOX Racing 10inch Electric Slim Fan - B -> BLOX Racing BLOX Racing 10inch Electric Slim Fan | BullStrap
  Rate limited, waiting 10s...
  Rate limited, waiting 10s...
  Rate limited, waiting 10s...
  Rate limited, waiting 10s...
Batch done: processed 9000 | fixed 7785 | since_id 10411403247889
  Rate limited, waiting 10s...
  Rate limited, waiting 10s...
Fixed 7800 | last: BLOX Racing 90-05 Mazda Miata Street Ser -> BLOX Racing Coilovers 90-05 | BullStrap
  Rate limited, waiting 10s...
  Rate limited, waiting 10s...
  Rate limited, waiting 10s...
  Rate limited, waiting 10s...
  Rate limited, waiting 10s...
  Rate limited, waiting 10s...
Fixed 7850 | last: BMC 2015 BMW X1 (F48) 16D Replacement Pa -> BMC Air Filter | BullStrap
  Rate limited, waiting 10s...
  Rate limited, waiting 10s...
  Rate limited, waiting 10s...
  Rate limited, waiting 10s...
  Rate limited, waiting 10s...
  Rate limited, waiting 10s...
  Rate limited, waiting 10s...
Fixed 7900 | last: BMC 08+ Kawasaki Concours 14 1400 Replac -> BMC Air Filter | BullStrap
  Rate limited, waiting 10s...
  Rate limited, waiting 10s...
  Rate limited, waiting 10s...
  Rate limited, waiting 10s...
  Rate limited, waiting 10s...
  Rate limited, waiting 10s...
Fixed 7950 | last: BMR 10-15 5th Gen Camaro Race Version Di -> BMR Suspension BMR 5th Gen Camaro Race Version D | BullStrap
  Rate limited, waiting 10s...
  Rate limited, waiting 10s...
  Rate limited, waiting 10s...
  Rate limited, waiting 10s...
  Rate limited, waiting 10s...
Fixed 8000 | last: BMR 05-10 S197 Mustang Front Driveshaft  -> BMR Suspension BMR S197 Mustang Front Driveshaft | BullStrap
  Rate limited, waiting 10s...
  Rate limited, waiting 10s...
  Rate limited, waiting 10s...
Batch done: processed 9250 | fixed 8015 | since_id 10411419664657
  Rate limited, waiting 10s...
  Rate limited, waiting 10s...
  Rate limited, waiting 10s...
  Rate limited, waiting 10s...
Fixed 8050 | last: BMR 82-02 3rd Gen F-Body On-Car Adj. Pan -> BMR Suspension BMR 3rd Gen F-Body On-Car Adj. Pa | BullStrap
  Rate limited, waiting 10s...
  Rate limited, waiting 10s...
  Rate limited, waiting 10s...
  Rate limited, waiting 10s...
  Rate limited, waiting 10s...
  Rate limited, waiting 10s...
Fixed 8100 | last: BMR 10-15 5th Gen Camaro V8 Lowering Spr -> BMR Suspension BMR 5th Gen Camaro V8 Lowering Sp | BullStrap
  Rate limited, waiting 10s...
  Rate limited, waiting 10s...
  Rate limited, waiting 10s...
  Rate limited, waiting 10s...
  Rate limited, waiting 10s...
  Rate limited, waiting 10s...
Fixed 8150 | last: BMR 15-17 S550 Mustang Rear Lower Contro -> BMR Suspension Control Arms 15-17 | BullStrap
  Rate limited, waiting 10s...
  Rate limited, waiting 10s...
  Rate limited, waiting 10s...
  Rate limited, waiting 10s...
  Rate limited, waiting 10s...
  Rate limited, waiting 10s...
Fixed 8200 | last: Body Armor 4x4 2020+ GMC/Chevy 2500HD/35 -> Body Armor 4x4 Shocks 2020+ | BullStrap
  Rate limited, waiting 10s...
  Rate limited, waiting 10s...
  Rate limited, waiting 10s...
  Rate limited, waiting 10s...
  Rate limited, waiting 10s...
  Rate limited, waiting 10s...
  Rate limited, waiting 10s...
Batch done: processed 9500 | fixed 8249 | since_id 10411436966161
Fixed 8250 | last: BorgWarner Turbocharger EFR B2 9180 0.92 -> BorgWarner Turbo | BullStrap
  Rate limited, waiting 10s...
  Rate limited, waiting 10s...
  Rate limited, waiting 10s...
  Rate limited, waiting 10s...
  Rate limited, waiting 10s...
Fixed 8300 | last: Borla 2011-2012 Ford Mustang GT 5.0L 8cy -> Borla Exhaust 2011-2012 | BullStrap
  Rate limited, waiting 10s...
  Rate limited, waiting 10s...
  Rate limited, waiting 10s...
  Rate limited, waiting 10s...
  Rate limited, waiting 10s...
  Rate limited, waiting 10s...
  Rate limited, waiting 10s...
Fixed 8350 | last: Borla 2018 Ford Mustang GT 5.0L AT/MT 2. -> Borla Exhaust | BullStrap
  Rate limited, waiting 10s...
  Rate limited, waiting 10s...
  Rate limited, waiting 10s...
  Rate limited, waiting 10s...
  Rate limited, waiting 10s...
  Rate limited, waiting 10s...
  Rate limited, waiting 10s...
Fixed 8400 | last: Borla 08-09 Pontiac G8/GT 6.0L 8cyl SS C -> Borla Exhaust 08-09 | BullStrap
  Rate limited, waiting 10s...
  Rate limited, waiting 10s...
  Rate limited, waiting 10s...
  Rate limited, waiting 10s...
  Rate limited, waiting 10s...
  Rate limited, waiting 10s...
Fixed 8450 | last: Borla 14 Sierra 1500 C/B S-Type Exhaust/ -> Borla Exhaust | BullStrap
  Rate limited, waiting 10s...
  Rate limited, waiting 10s...
  Rate limited, waiting 10s...
Batch done: processed 9750 | fixed 8476 | since_id 10411451646225
  Rate limited, waiting 10s...
  Rate limited, waiting 10s...
  Rate limited, waiting 10s...
Fixed 8500 | last: Borla 15-16 Dodge Charger SRT 392 6.4L N -> Borla Exhaust 15-16 | BullStrap
  Rate limited, waiting 10s...
  Rate limited, waiting 10s...
  Rate limited, waiting 10s...
  Rate limited, waiting 10s...
  Rate limited, waiting 10s...
  Rate limited, waiting 10s...
Fixed 8550 | last: Borla 2019 Chevy Silverado 1500 5.3L V8  -> Borla Exhaust | BullStrap
  Rate limited, waiting 10s...
  Rate limited, waiting 10s...
  Rate limited, waiting 10s...
  Rate limited, waiting 10s...
  Rate limited, waiting 10s...
  Rate limited, waiting 10s...
Fixed 8600 | last: Borla F-150 2021 2.7L/3.5L 4dr CC SB EC  -> Borla Borla F-150 2021 2.7L/3.5L 4dr CC SB EC ST | BullStrap
  Rate limited, waiting 10s...
  Rate limited, waiting 10s...
  Rate limited, waiting 10s...
  Rate limited, waiting 10s...
  Rate limited, waiting 10s...
  Rate limited, waiting 10s...
Fixed 8650 | last: Borla 16-17 Lexus IS200T / 18-24 Lexus I -> Borla Borla Lexus IS200T / Lexus IS300 2.25in S  | BullStrap
  Rate limited, waiting 10s...
  Rate limited, waiting 10s...
  Rate limited, waiting 10s...
  Rate limited, waiting 10s...
  Rate limited, waiting 10s...
  Rate limited, waiting 10s...
  Rate limited, waiting 10s...
Fixed 8700 | last: Borla 01-06 Audi TT Quattro 1.8T 225HP M -> Borla Exhaust 01-06 | BullStrap
  Rate limited, waiting 10s...
Batch done: processed 10000 | fixed 8712 | since_id 10411465146641
  Rate limited, waiting 10s...
  Rate limited, waiting 10s...
  Rate limited, waiting 10s...
  Rate limited, waiting 10s...
  Rate limited, waiting 10s...
Fixed 8750 | last: Borla Universal Resonator Option 2.75in  -> Borla Borla Universal Resonator Option 2.75in Ce | BullStrap
  Rate limited, waiting 10s...
  Rate limited, waiting 10s...
  Rate limited, waiting 10s...
  Rate limited, waiting 10s...
  Rate limited, waiting 10s...
  Rate limited, waiting 10s...
Fixed 8800 | last: Borla 21-23 Ford Tremor 3.5L V6 AT 4WD 4 -> Borla Borla Ford Tremor 3.5L V6 AT 4WD 4DR CC SB | BullStrap
  Rate limited, waiting 10s...
  Rate limited, waiting 10s...
  Rate limited, waiting 10s...
  Rate limited, waiting 10s...
  Rate limited, waiting 10s...
  Rate limited, waiting 10s...
Fixed 8850 | last: Boss Audio Systems ATV Whip Antenna/ 48  -> Boss Audio Boss Audio Systems ATV Whip Antenna/  | BullStrap
  Rate limited, waiting 10s...
  Rate limited, waiting 10s...
  Rate limited, waiting 10s...
  Rate limited, waiting 10s...
  Rate limited, waiting 10s...
  Rate limited, waiting 10s...
Fixed 8900 | last: Brembo 12-15 Mercedes-Benz C250/08-12 C3 -> Brembo OE Rotors 12-15 | BullStrap
  Rate limited, waiting 10s...
  Rate limited, waiting 10s...
  Rate limited, waiting 10s...
  Rate limited, waiting 10s...
  Rate limited, waiting 10s...
Batch done: processed 10250 | fixed 8938 | since_id 10411498275089
  Rate limited, waiting 10s...
  Rate limited, waiting 10s...
Fixed 8950 | last: Brembo 06-09 Mercedes-Benz E350/03-06 E5 -> Brembo OE Rotors 06-09 | BullStrap
  Rate limited, waiting 10s...
  Rate limited, waiting 10s...
  Rate limited, waiting 10s...
  Rate limited, waiting 10s...
  Rate limited, waiting 10s...
  Rate limited, waiting 10s...
Fixed 9000 | last: Brembo 06-12 Ford Fusion/07-12 Lincoln M -> Brembo OE Rotors 06-12 | BullStrap
  Rate limited, waiting 10s...
  Rate limited, waiting 10s...
  Rate limited, waiting 10s...
  Rate limited, waiting 10s...
  Rate limited, waiting 10s...
  Rate limited, waiting 10s...
Fixed 9050 | last: Brembo 11-20 Jeep Grand Cherokee Front P -> Brembo OE Rotors 11-20 | BullStrap
  Rate limited, waiting 10s...
  Rate limited, waiting 10s...
  Rate limited, waiting 10s...
  Rate limited, waiting 10s...
  Rate limited, waiting 10s...
  Rate limited, waiting 10s...
Fixed 9100 | last: Brembo OE 15-20 Audi A3/A3 Quattro/16-18 -> Brembo OE Brembo OE Audi A3/A3 Quattro/ A3 Sport | BullStrap
  Rate limited, waiting 10s...
  Rate limited, waiting 10s...
  Rate limited, waiting 10s...
  Rate limited, waiting 10s...
  Rate limited, waiting 10s...
  Rate limited, waiting 10s...
Fixed 9150 | last: Brembo OE 15-20 Audi A3 Quattro/15-20 S3 -> Brembo OE Brembo OE Audi A3 Quattro/ S3/ Golf R/ | BullStrap
  Rate limited, waiting 10s...
  Rate limited, waiting 10s...
  Rate limited, waiting 10s...
Batch done: processed 10500 | fixed 9175 | since_id 10411514102033
  Rate limited, waiting 10s...
  Rate limited, waiting 10s...
  Rate limited, waiting 10s...
Fixed 9200 | last: Brembo 12-21 Tesla S/14-17 Ford Mustang  -> Brembo OE Brembo Tesla S/ Ford Mustang Front Pre | BullStrap
  Rate limited, waiting 10s...
  Rate limited, waiting 10s...
  Rate limited, waiting 10s...
  Rate limited, waiting 10s...
  Rate limited, waiting 10s...
  Rate limited, waiting 10s...
Fixed 9250 | last: Brembo 11-15 Hyundai Sonata/11-16 Kia Op -> Brembo OE Brembo Hyundai Sonata/ Kia Optima Fron | BullStrap
  Rate limited, waiting 10s...
  Rate limited, waiting 10s...
  Rate limited, waiting 10s...
  Rate limited, waiting 10s...
  Rate limited, waiting 10s...
  Rate limited, waiting 10s...
Fixed 9300 | last: Brembo 13-19 Mercedes-Benz SL63 AMG/13-1 -> Brembo OE Brembo Mercedes-Benz SL63 AMG/ SL65 AM | BullStrap
  Rate limited, waiting 10s...
  Rate limited, waiting 10s...
  Rate limited, waiting 10s...
  Rate limited, waiting 10s...
  Rate limited, waiting 10s...
  Rate limited, waiting 10s...
  Rate limited, waiting 10s...
Fixed 9350 | last: Brembo 16-17 Lexus GS200t/18-19 GS300/07 -> Brembo OE Brembo Lexus GS200t/ GS300/ GS350 Prem | BullStrap
  Rate limited, waiting 10s...
  Rate limited, waiting 10s...
  Rate limited, waiting 10s...
  Rate limited, waiting 10s...
  Rate limited, waiting 10s...
  Rate limited, waiting 10s...
Fixed 9400 | last: Brembo 18-20 Jaguar E-Pace Premium Low-M -> Brembo OE Brembo Jaguar E-Pace Premium Low-Met O | BullStrap
  Rate limited, waiting 10s...
  Rate limited, waiting 10s...
Batch done: processed 10750 | fixed 9415 | since_id 10411538907409
  Rate limited, waiting 10s...
  Rate limited, waiting 10s...
  Rate limited, waiting 10s...
  Rate limited, waiting 10s...
  Rate limited, waiting 10s...
  Rate limited, waiting 10s...
Fixed 9450 | last: Bushwacker 2018+ Jeep Wrangler (JL) Unli -> Bushwacker Bushwacker Jeep Wrangler (JL) Unlimit | BullStrap
  Rate limited, waiting 10s...
  Rate limited, waiting 10s...
  Rate limited, waiting 10s...
  Rate limited, waiting 10s...
  Rate limited, waiting 10s...
  Rate limited, waiting 10s...
Fixed 9500 | last: Cali Raised 2024 Toyota Tacoma Premium R -> Cali Raised LED Roof Rack | BullStrap
  Rate limited, waiting 10s...
  Rate limited, waiting 10s...
  Rate limited, waiting 10s...
  Rate limited, waiting 10s...
  Rate limited, waiting 10s...
  Rate limited, waiting 10s...
Fixed 9550 | last: Chase Bays Chevrolet Corvette C5/C6 Inli -> Chase Bays Chase Bays Chevrolet Corvette C5/C6 I | BullStrap
  Rate limited, waiting 10s...
  Rate limited, waiting 10s...
  Rate limited, waiting 10s...
  Rate limited, waiting 10s...
  Rate limited, waiting 10s...
  Rate limited, waiting 10s...
  Rate limited, waiting 10s...
Fixed 9600 | last: Chemical Guys Black on Black Instant Tri -> Chemical Guys Chemical Guys Black on Black Insta | BullStrap
  Rate limited, waiting 10s...
  Rate limited, waiting 10s...
  Rate limited, waiting 10s...
Batch done: processed 11000 | fixed 9630 | since_id 10411586879761
  Rate limited, waiting 10s...
  Rate limited, waiting 10s...
Fixed 9650 | last: Clevite Chrysler Products V8 383-400-426 -> Clevite Clevite Chrysler Products V8 - Con Rod B | BullStrap
  Rate limited, waiting 10s...
  Rate limited, waiting 10s...
  Rate limited, waiting 10s...
  Rate limited, waiting 10s...
  Rate limited, waiting 10s...
  Rate limited, waiting 10s...
  Rate limited, waiting 10s...
Fixed 9700 | last: Clutch Masters 21-22 BMW G80 M3/G82 M4 S -> Clutch Masters Clutch Masters BMW G80 M3/G82 M4  | BullStrap
  Rate limited, waiting 10s...
  Rate limited, waiting 10s...
  Rate limited, waiting 10s...
  Rate limited, waiting 10s...
  Rate limited, waiting 10s...
  Rate limited, waiting 10s...
Fixed 9750 | last: Clutch Masters Acura/Honda Universal .75 -> Clutch Masters Clutch Masters Acura/Honda Univer | BullStrap
  Rate limited, waiting 10s...
  Rate limited, waiting 10s...
  Rate limited, waiting 10s...
  Rate limited, waiting 10s...
  Rate limited, waiting 10s...
  Rate limited, waiting 10s...
Fixed 9800 | last: Cometic Ford 4.6L/5.4L LHS 92mm Bore .03 -> Cometic Gasket Cometic Ford 4.6L/5.4L LHS 92mm B | BullStrap
  Rate limited, waiting 10s...
  Rate limited, waiting 10s...
  Rate limited, waiting 10s...
  Rate limited, waiting 10s...
  Rate limited, waiting 10s...
  Rate limited, waiting 10s...
Fixed 9850 | last: Cometic Honda B18A1/B18B1 82mm Bore .036 -> Cometic Gasket Cometic Honda B18A1/B18B1 82mm Bo | BullStrap
  Rate limited, waiting 10s...
  Rate limited, waiting 10s...
Batch done: processed 11250 | fixed 9866 | since_id 10411618205969
  Rate limited, waiting 10s...
  Rate limited, waiting 10s...
  Rate limited, waiting 10s...
  Rate limited, waiting 10s...
Fixed 9900 | last: Cometic Honda K20/K24 89mm Head Gasket . -> Cometic Gasket Cometic Honda K20/K24 89mm Head G | BullStrap
  Rate limited, waiting 10s...
  Rate limited, waiting 10s...
  Rate limited, waiting 10s...
  Rate limited, waiting 10s...
  Rate limited, waiting 10s...
  Rate limited, waiting 10s...
Fixed 9950 | last: Cometic 94-01 Honda B16A2/B16A3 Valve Co -> Cometic Gasket Cometic Honda B16A2/B16A3 Valve C | BullStrap
  Rate limited, waiting 10s...
  Rate limited, waiting 10s...
  Rate limited, waiting 10s...
  Rate limited, waiting 10s...
  Rate limited, waiting 10s...
  Rate limited, waiting 10s...
Fixed 10000 | last: Cometic 86-95 Honda XR250R 77mm Bore Hea -> Cometic Gasket Cometic Honda XR250R 77mm Bore He | BullStrap
  Rate limited, waiting 10s...
  Rate limited, waiting 10s...
  Rate limited, waiting 10s...
  Rate limited, waiting 10s...
  Rate limited, waiting 10s...
  Rate limited, waiting 10s...
Fixed 10050 | last: COMP Cams Camshaft Set F4.6S XE268H-14 -> COMP Cams COMP Cams Camshaft Set F4.6S XE268H-14 | BullStrap
  Rate limited, waiting 10s...
  Rate limited, waiting 10s...
  Rate limited, waiting 10s...
  Rate limited, waiting 10s...
  Rate limited, waiting 10s...
  Rate limited, waiting 10s...
Batch done: processed 11500 | fixed 10088 | since_id 10411641536785
  Rate limited, waiting 10s...
  Rate limited, waiting 10s...
Fixed 10100 | last: Competition Clutch 1989-1998 Nissan 240S -> Competition Clutch Competition Clutch Nissan 240 | BullStrap
  Rate limited, waiting 10s...
  Rate limited, waiting 10s...
  Rate limited, waiting 10s...
  Rate limited, waiting 10s...
  Rate limited, waiting 10s...
  Rate limited, waiting 10s...
Fixed 10150 | last: Competition Clutch 1990-1991 Acura Integ -> Competition Clutch Competition Clutch Acura Inte | BullStrap
  Rate limited, waiting 10s...
  Rate limited, waiting 10s...
  Rate limited, waiting 10s...
  Rate limited, waiting 10s...
  Rate limited, waiting 10s...
  Rate limited, waiting 10s...
Fixed 10200 | last: Corsa 2003-06 Dodge Viper 8.3L Polished  -> CORSA Performance Exhaust 2003-06 | BullStrap
  Rate limited, waiting 10s...
  Rate limited, waiting 10s...
  Rate limited, waiting 10s...
  Rate limited, waiting 10s...
  Rate limited, waiting 10s...
  Rate limited, waiting 10s...
Fixed 10250 | last: Corsa 2015-2019 Chevrolet Corvette C7 Z0 -> CORSA Performance Corsa Chevrolet Corvette C7 Z0 | BullStrap
  Rate limited, waiting 10s...
  Rate limited, waiting 10s...
  Rate limited, waiting 10s...
  Rate limited, waiting 10s...
  Rate limited, waiting 10s...
  Rate limited, waiting 10s...
Fixed 10300 | last: Corsa 19-24 Ram 1500 5.7L Crew Cab w/ 57 -> CORSA Performance Exhaust 19-24 | BullStrap
  Rate limited, waiting 10s...
  Rate limited, waiting 10s...
  Rate limited, waiting 10s...
Batch done: processed 11750 | fixed 10321 | since_id 10411656741137
  Rate limited, waiting 10s...
  Rate limited, waiting 10s...
  Rate limited, waiting 10s...
Fixed 10350 | last: Corsa 24+ Ford MustangGT Xtreme Cat-Back -> CORSA Performance Exhaust | BullStrap
  Rate limited, waiting 10s...
  Rate limited, waiting 10s...
  Rate limited, waiting 10s...
  Rate limited, waiting 10s...
  Rate limited, waiting 10s...
  Rate limited, waiting 10s...
  Rate limited, waiting 10s...
Fixed 10400 | last: Corsa 2016-2023 Chevrolet Camaro SS Coup -> CORSA Performance Catch Can 2016-2023 | BullStrap
  Rate limited, waiting 10s...
  Rate limited, waiting 10s...
  Rate limited, waiting 10s...
  Rate limited, waiting 10s...
  Rate limited, waiting 10s...
  Rate limited, waiting 10s...
Fixed 10450 | last: CSF 08-10 Ford F-250 Super Duty 6.4L Die -> CSF CSF Ford F-250 Super Duty 6.4L Diesel Fuel C | BullStrap
  Rate limited, waiting 10s...
  Rate limited, waiting 10s...
  Rate limited, waiting 10s...
  Rate limited, waiting 10s...
  Rate limited, waiting 10s...
  Rate limited, waiting 10s...
Fixed 10500 | last: CSF 13-19 Ram 1500 3.0L OEM Intercooler -> CSF Intercooler 13-19 | BullStrap
  Rate limited, waiting 10s...
  Rate limited, waiting 10s...
  Rate limited, waiting 10s...
  Rate limited, waiting 10s...
  Rate limited, waiting 10s...
  Rate limited, waiting 10s...
Fixed 10550 | last: CSF High Performance Bar & Plate Interco -> CSF Intercooler | BullStrap
  Rate limited, waiting 10s...
Batch done: processed 12000 | fixed 10558 | since_id 10411678630161
  Rate limited, waiting 10s...
  Rate limited, waiting 10s...
  Rate limited, waiting 10s...
  Rate limited, waiting 10s...
  Rate limited, waiting 10s...
Fixed 10600 | last: CTEK Battery Charger - CT5 Powersport -  -> CTEK Battery | BullStrap
  Rate limited, waiting 10s...
  Rate limited, waiting 10s...
  Rate limited, waiting 10s...
  Rate limited, waiting 10s...
  Rate limited, waiting 10s...
  Rate limited, waiting 10s...
Fixed 10650 | last: Cusco Power Brace Front Cross Member 23+ -> Cusco Cusco Power Brace Front Cross Member 23+ H | BullStrap
  Rate limited, waiting 10s...
  Rate limited, waiting 10s...
  Rate limited, waiting 10s...
  Rate limited, waiting 10s...
  Rate limited, waiting 10s...
  Rate limited, waiting 10s...
Fixed 10700 | last: Cycra 06-23 Yamaha YZ125 Stadium Number  -> Cycra Cycra Yamaha YZ125 Stadium Number Plate -  | BullStrap
  Rate limited, waiting 10s...
  Rate limited, waiting 10s...
  Rate limited, waiting 10s...
  Rate limited, waiting 10s...
  Rate limited, waiting 10s...
  Rate limited, waiting 10s...
  Rate limited, waiting 10s...
Fixed 10750 | last: Cycra 13-16 Kawasaki KX250F Powerflow Bo -> Cycra Cycra Kawasaki KX250F Powerflow Body Kit - | BullStrap
  Rate limited, waiting 10s...
  Rate limited, waiting 10s...
  Rate limited, waiting 10s...
  Rate limited, waiting 10s...
  Rate limited, waiting 10s...
Batch done: processed 12250 | fixed 10793 | since_id 10411702812945
Fixed 10800 | last: Dainese Carbon 4 Short Leather Gloves Bl -> Dainese Dainese Carbon 4 Short Leather Gloves Bl | BullStrap
  Rate limited, waiting 10s...
  Rate limited, waiting 10s...
  Rate limited, waiting 10s...
  Rate limited, waiting 10s...
  Rate limited, waiting 10s...
  Rate limited, waiting 10s...
Fixed 10850 | last: DDP 94-98 Dodge Cummins 5.9L 12V P-7100  -> DDP DDP Dodge Cummins 5.9L 12V P-7100 OEM Overfl | BullStrap
  Rate limited, waiting 10s...
  Rate limited, waiting 10s...
  Rate limited, waiting 10s...
  Rate limited, waiting 10s...
  Rate limited, waiting 10s...
  Rate limited, waiting 10s...
Fixed 10900 | last: DeatschWerks 02-15 Honda Civic Si K20/K2 -> DeatschWerks DeatschWerks Honda Civic Si K20/K24 | BullStrap
  Rate limited, waiting 10s...
  Rate limited, waiting 10s...
  Rate limited, waiting 10s...
  Rate limited, waiting 10s...
  Rate limited, waiting 10s...
  Rate limited, waiting 10s...
  Rate limited, waiting 10s...
Fixed 10950 | last: DeatschWerks 10AN ORB Male to 6AN Male F -> DeatschWerks DeatschWerks 10AN ORB Male to 6AN M | BullStrap
  Rate limited, waiting 10s...
  Rate limited, waiting 10s...
  Rate limited, waiting 10s...
  Rate limited, waiting 10s...
  Rate limited, waiting 10s...
  Rate limited, waiting 10s...
Fixed 11000 | last: DeatschWerks Chevrolet LSA/LS9 Fuel Rail -> DeatschWerks DeatschWerks Chevrolet LSA/LS9 Fuel | BullStrap
  Rate limited, waiting 10s...
  Rate limited, waiting 10s...
  Rate limited, waiting 10s...
  Rate limited, waiting 10s...
Batch done: processed 12500 | fixed 11033 | since_id 10411727913233
  Rate limited, waiting 10s...
  Rate limited, waiting 10s...
Fixed 11050 | last: DeatschWerks 11-14 Ford Mustang V6/GT DW -> DeatschWerks Fuel Pump 11-14 | BullStrap
  Rate limited, waiting 10s...
  Rate limited, waiting 10s...
  Rate limited, waiting 10s...
  Rate limited, waiting 10s...
  Rate limited, waiting 10s...
  Rate limited, waiting 10s...
Fixed 11100 | last: DeatschWerks 415LPH DW400 In-Tank Fuel P -> DeatschWerks Fuel Pump 05-10 | BullStrap
  Rate limited, waiting 10s...
  Rate limited, waiting 10s...
  Rate limited, waiting 10s...
  Rate limited, waiting 10s...
  Rate limited, waiting 10s...
  Rate limited, waiting 10s...
Fixed 11150 | last: DeatschWerks USCAR to Denso (Sumitomo) P -> DeatschWerks DeatschWerks USCAR to Denso (Sumito | BullStrap
  Rate limited, waiting 10s...
  Rate limited, waiting 10s...
  Rate limited, waiting 10s...
  Rate limited, waiting 10s...
  Rate limited, waiting 10s...
  Rate limited, waiting 10s...
Fixed 11200 | last: DEI Turbo Shield T4 - Shield Only - Onyx -> DEI Turbo | BullStrap
  Rate limited, waiting 10s...
  Rate limited, waiting 10s...
  Rate limited, waiting 10s...
  Rate limited, waiting 10s...
  Rate limited, waiting 10s...
  Rate limited, waiting 10s...
Fixed 11250 | last: DEI Protect-A-Sleeve 1/2in ID x 3ft Univ -> DEI DEI Protect-A-Sleeve 1/2in ID x 3ft Universa | BullStrap
  Rate limited, waiting 10s...
  Rate limited, waiting 10s...
Batch done: processed 12750 | fixed 11270 | since_id 10411746328849
  Rate limited, waiting 10s...
  Rate limited, waiting 10s...
  Rate limited, waiting 10s...
  Rate limited, waiting 10s...
Fixed 11300 | last: DEI Universal 2-Door Vapor Kit -> DEI DEI Universal 2-Door Vapor Kit | BullStrap
  Rate limited, waiting 10s...
  Rate limited, waiting 10s...
  Rate limited, waiting 10s...
  Rate limited, waiting 10s...
  Rate limited, waiting 10s...
  Rate limited, waiting 10s...
Fixed 11350 | last: Diamond Eye KIT 4in Turbo Back SGL AL: 0 -> Diamond Eye Performance Turbo 00-03 | BullStrap
  Rate limited, waiting 10s...
  Rate limited, waiting 10s...
  Rate limited, waiting 10s...
  Rate limited, waiting 10s...
  Rate limited, waiting 10s...
  Rate limited, waiting 10s...
Fixed 11400 | last: Diode Dynamics Elite Series Type M Fog L -> Diode Dynamics Diode Dynamics Elite Series Type  | BullStrap
  Rate limited, waiting 10s...
  Rate limited, waiting 10s...
  Rate limited, waiting 10s...
  Rate limited, waiting 10s...
  Rate limited, waiting 10s...
  Rate limited, waiting 10s...
Fixed 11450 | last: Diode Dynamics Hitch Mount LED Pod Rever -> Diode Dynamics Diode Dynamics Hitch Mount LED Po | BullStrap
  Rate limited, waiting 10s...
  Rate limited, waiting 10s...
  Rate limited, waiting 10s...
  Rate limited, waiting 10s...
  Rate limited, waiting 10s...
  Rate limited, waiting 10s...
Fixed 11500 | last: DragonFire Racing 12-19 Polaris Ranger C -> DragonFire Racing DragonFire Racing Polaris Rang | BullStrap
  Rate limited, waiting 10s...
  Rate limited, waiting 10s...
Batch done: processed 13000 | fixed 11513 | since_id 10411763630353
  Rate limited, waiting 10s...
  Rate limited, waiting 10s...
  Rate limited, waiting 10s...
  Rate limited, waiting 10s...
Fixed 11550 | last: DragonFire Racing 32in Extreme Single Ro -> DragonFire Racing DragonFire Racing 32in Extreme | BullStrap
  Rate limited, waiting 10s...
  Rate limited, waiting 10s...
  Rate limited, waiting 10s...
  Rate limited, waiting 10s...
  Rate limited, waiting 10s...
  Rate limited, waiting 10s...
Fixed 11600 | last: DV8 Offroad 20in Elite Series Light Bar  -> DV8 Offroad DV8 Offroad 20in Elite Series Light  | BullStrap
  Rate limited, waiting 10s...
  Rate limited, waiting 10s...
  Rate limited, waiting 10s...
  Rate limited, waiting 10s...
  Rate limited, waiting 10s...
  Rate limited, waiting 10s...
Fixed 11650 | last: DV8 21-23 Ford Bronco Front Door Pocket  -> DV8 Offroad DV8 Ford Bronco Front Door Pocket Mo | BullStrap
  Rate limited, waiting 10s...
  Rate limited, waiting 10s...
  Rate limited, waiting 10s...
  Rate limited, waiting 10s...
  Rate limited, waiting 10s...
  Rate limited, waiting 10s...
Fixed 11700 | last: DV8 Offroad 12000 LB Winch w/ Synthetic  -> DV8 Offroad Winch | BullStrap
  Rate limited, waiting 10s...
  Rate limited, waiting 10s...
  Rate limited, waiting 10s...
  Rate limited, waiting 10s...
  Rate limited, waiting 10s...
  Rate limited, waiting 10s...
Batch done: processed 13250 | fixed 11743 | since_id 10411781554449
  Rate limited, waiting 10s...
Fixed 11750 | last: Eagle Acura B18A/B Engine Connecting Rod -> Eagle Eagle Acura B18A/B Engine Connecting Rod ( | BullStrap
  Rate limited, waiting 10s...
  Rate limited, waiting 10s...
  Rate limited, waiting 10s...
  Rate limited, waiting 10s...
  Rate limited, waiting 10s...
  Rate limited, waiting 10s...
Fixed 11800 | last: Eaton Detroit Truetrac Diff 30 Spline 1. -> Eaton Eaton Detroit Truetrac Diff 30 Spline 1.30 | BullStrap
  Rate limited, waiting 10s...
  Rate limited, waiting 10s...
  Rate limited, waiting 10s...
  Rate limited, waiting 10s...
  Rate limited, waiting 10s...
  Rate limited, waiting 10s...
Fixed 11850 | last: EBC 16+ Toyota Land Cruiser 5.7 BSD Fron -> EBC Rotors | BullStrap
  Rate limited, waiting 10s...
  Rate limited, waiting 10s...
  Rate limited, waiting 10s...
  Rate limited, waiting 10s...
  Rate limited, waiting 10s...
  Rate limited, waiting 10s...
Fixed 11900 | last: EBC 14+ BMW 228 Coupe 2.0 Turbo Brembo c -> EBC Brake Pads | BullStrap
  Rate limited, waiting 10s...
  Rate limited, waiting 10s...
  Rate limited, waiting 10s...
  Rate limited, waiting 10s...
  Rate limited, waiting 10s...
  Rate limited, waiting 10s...
Fixed 11950 | last: EBC 03-08 Chrysler Crossfire 3.2 Redstuf -> EBC Brake Pads 03-08 | BullStrap
  Rate limited, waiting 10s...
  Rate limited, waiting 10s...
  Rate limited, waiting 10s...
  Rate limited, waiting 10s...
Batch done: processed 13500 | fixed 11979 | since_id 10411797414161
  Rate limited, waiting 10s...
  Rate limited, waiting 10s...
Fixed 12000 | last: EBC 08-10 Chevrolet Cobalt 2.0 Turbo (SS -> EBC Brake Pads 08-10 | BullStrap
  Rate limited, waiting 10s...
  Rate limited, waiting 10s...
  Rate limited, waiting 10s...
  Rate limited, waiting 10s...
  Rate limited, waiting 10s...
  Rate limited, waiting 10s...
  Rate limited, waiting 10s...
Fixed 12050 | last: EBC 11 Audi A6 2.0 Turbo Redstuff Front  -> EBC Brake Pads | BullStrap
  Rate limited, waiting 10s...
  Rate limited, waiting 10s...
  Rate limited, waiting 10s...
  Rate limited, waiting 10s...
  Rate limited, waiting 10s...
  Rate limited, waiting 10s...
Fixed 12100 | last: EBC 16-18 Ford Focus RS Redstuff Ceramic -> EBC Brake Pads 16-18 | BullStrap
  Rate limited, waiting 10s...
  Rate limited, waiting 10s...
  Rate limited, waiting 10s...
  Rate limited, waiting 10s...
  Rate limited, waiting 10s...
  Rate limited, waiting 10s...
Fixed 12150 | last: EBC 90-93 Infiniti M30 3.0 Redstuff Rear -> EBC Brake Pads 90-93 | BullStrap
  Rate limited, waiting 10s...
  Rate limited, waiting 10s...
  Rate limited, waiting 10s...
  Rate limited, waiting 10s...
  Rate limited, waiting 10s...
  Rate limited, waiting 10s...
Fixed 12200 | last: EBC 11-15 Scion IQ 1.3 Yellowstuff Front -> EBC Brake Pads 11-15 | BullStrap
  Rate limited, waiting 10s...
  Rate limited, waiting 10s...
Batch done: processed 13750 | fixed 12216 | since_id 10411810914577
  Rate limited, waiting 10s...
  Rate limited, waiting 10s...
  Rate limited, waiting 10s...
  Rate limited, waiting 10s...
Fixed 12250 | last: EBC 02-03 Lexus ES300 3.0 Yellowstuff Fr -> EBC Brake Pads 02-03 | BullStrap
  Rate limited, waiting 10s...
  Rate limited, waiting 10s...
  Rate limited, waiting 10s...
  Rate limited, waiting 10s...
  Rate limited, waiting 10s...
  Rate limited, waiting 10s...
Fixed 12300 | last: EBC 13-15 Jaguar XF 3.0 Supercharged Yel -> EBC Brake Pads 13-15 | BullStrap
  Rate limited, waiting 10s...
  Rate limited, waiting 10s...
  Rate limited, waiting 10s...
  Rate limited, waiting 10s...
  Rate limited, waiting 10s...
  Rate limited, waiting 10s...
Fixed 12350 | last: EBC 2014+ Audi A3 1.8 Turbo (w/Electroni -> EBC Brake Pads 2014+ | BullStrap
  Rate limited, waiting 10s...
  Rate limited, waiting 10s...
  Rate limited, waiting 10s...
  Rate limited, waiting 10s...
  Rate limited, waiting 10s...
  Rate limited, waiting 10s...
  Rate limited, waiting 10s...
Fixed 12400 | last: EBC 2018+ BMW X2 Yellowstuff Rear Brake  -> EBC Brake Pads 2018+ | BullStrap
  Rate limited, waiting 10s...
  Rate limited, waiting 10s...
  Rate limited, waiting 10s...
  Rate limited, waiting 10s...
  Rate limited, waiting 10s...
  Rate limited, waiting 10s...
Fixed 12450 | last: EBC 84-88 Toyota 4 Runner 2.4 Yellowstuf -> EBC Brake Pads 84-88 | BullStrap
Batch done: processed 14000 | fixed 12450 | since_id 10411824546065
  Rate limited, waiting 10s...
  Rate limited, waiting 10s...
  Rate limited, waiting 10s...
  Rate limited, waiting 10s...
  Rate limited, waiting 10s...
  Rate limited, waiting 10s...
Fixed 12500 | last: EBC 06-07 BMW 330i/330Xi (E90) Bluestuff -> EBC Brake Pads 06-07 | BullStrap
  Rate limited, waiting 10s...
  Rate limited, waiting 10s...
  Rate limited, waiting 10s...
  Rate limited, waiting 10s...
  Rate limited, waiting 10s...
  Rate limited, waiting 10s...
Fixed 12550 | last: EBC 14-20 Audi A3 1.8T Bluestuff Front B -> EBC Brake Pads 14-20 | BullStrap
  Rate limited, waiting 10s...
  Rate limited, waiting 10s...
  Rate limited, waiting 10s...
  Rate limited, waiting 10s...
  Rate limited, waiting 10s...
  Rate limited, waiting 10s...
  Rate limited, waiting 10s...
  Rate limited, waiting 10s...
  Rate limited, waiting 10s...
  Rate limited, waiting 10s...
  Rate limited, waiting 10s...
Fixed 12600 | last: EBC 05-10 Land Rover LR3 4.4 Greenstuff  -> EBC Brake Pads 05-10 | BullStrap
  Rate limited, waiting 10s...
  Rate limited, waiting 10s...
  Rate limited, waiting 10s...
  Rate limited, waiting 10s...
  Rate limited, waiting 10s...
  Rate limited, waiting 10s...
  Rate limited, waiting 10s...
  Rate limited, waiting 10s...
  Rate limited, waiting 10s...
  Rate limited, waiting 10s...
  Rate limited, waiting 10s...
  Rate limited, waiting 10s...
  Rate limited, waiting 10s...
  Rate limited, waiting 10s...
  Rate limited, waiting 10s...
  Rate limited, waiting 10s...
  Rate limited, waiting 10s...
Fixed 12650 | last: EBC 2019+ Chevrolet Silverado 1500 (2WD) -> EBC Brake Pads 2019+ | BullStrap
  Rate limited, waiting 10s...
  Rate limited, waiting 10s...
  Rate limited, waiting 10s...
  Rate limited, waiting 10s...
  Rate limited, waiting 10s...
  Rate limited, waiting 10s...
  Rate limited, waiting 10s...
Batch done: processed 14250 | fixed 12677 | since_id 10411840471313
  Rate limited, waiting 10s...
  Rate limited, waiting 10s...
  Rate limited, waiting 10s...
Fixed 12700 | last: EBC 08+ Lexus LX570 5.7 Extra Duty Rear  -> EBC Brake Pads | BullStrap
  Rate limited, waiting 10s...
  Rate limited, waiting 10s...
  Rate limited, waiting 10s...
  Rate limited, waiting 10s...
  Rate limited, waiting 10s...
  Rate limited, waiting 10s...
Fixed 12750 | last: EBC 08-10 BMW 135 3.0 Twin Turbo GD Spor -> EBC Rotors 08-10 | BullStrap
  Rate limited, waiting 10s...
  Rate limited, waiting 10s...
  Rate limited, waiting 10s...
  Rate limited, waiting 10s...
  Rate limited, waiting 10s...
  Rate limited, waiting 10s...
  Rate limited, waiting 10s...
Fixed 12800 | last: EBC 95-00 Toyota 4 Runner 2.7 (16in Whee -> EBC Rotors 95-00 | BullStrap
  Rate limited, waiting 10s...
  Rate limited, waiting 10s...
  Rate limited, waiting 10s...
  Rate limited, waiting 10s...
  Rate limited, waiting 10s...
  Rate limited, waiting 10s...
Fixed 12850 | last: EBC 08-16 Mitsubishi Lancer Evo 10 2.0 T -> EBC Rotors 08-16 | BullStrap
  Rate limited, waiting 10s...
  Rate limited, waiting 10s...
  Rate limited, waiting 10s...
  Rate limited, waiting 10s...
  Rate limited, waiting 10s...
  Rate limited, waiting 10s...
Fixed 12900 | last: EBC 09-11 Audi A4 2.0 Turbo Premium Rear -> EBC Rotors 09-11 | BullStrap
  Rate limited, waiting 10s...
Batch done: processed 14500 | fixed 12904 | since_id 10411853414673
  Rate limited, waiting 10s...
  Rate limited, waiting 10s...
  Rate limited, waiting 10s...
  Rate limited, waiting 10s...
  Rate limited, waiting 10s...
  Rate limited, waiting 10s...
  Rate limited, waiting 10s...
  Rate limited, waiting 10s...
Fixed 12950 | last: EBC 05-08 Audi A4 2.0 Turbo Premium Rear -> EBC Rotors 05-08 | BullStrap
  Rate limited, waiting 10s...
  Rate limited, waiting 10s...
  Rate limited, waiting 10s...
  Rate limited, waiting 10s...
  Rate limited, waiting 10s...
  Rate limited, waiting 10s...
Fixed 13000 | last: EBC 93-97 Lexus GS300 3.0 Premium Front  -> EBC Rotors 93-97 | BullStrap
  Rate limited, waiting 10s...
  Rate limited, waiting 10s...
  Rate limited, waiting 10s...
  Rate limited, waiting 10s...
  Rate limited, waiting 10s...
  Rate limited, waiting 10s...
Fixed 13050 | last: EBC S10 Brake Pad and Rotor Kit -> EBC Brake Pads | BullStrap
  Rate limited, waiting 10s...
  Rate limited, waiting 10s...
  Rate limited, waiting 10s...
  Rate limited, waiting 10s...
  Rate limited, waiting 10s...
  Rate limited, waiting 10s...
  Rate limited, waiting 10s...
Fixed 13100 | last: EBC S11 Brake Pad and Rotor Kit -> EBC Brake Pads | BullStrap
  Rate limited, waiting 10s...
  Rate limited, waiting 10s...
  Rate limited, waiting 10s...
  Rate limited, waiting 10s...
Batch done: processed 14750 | fixed 13139 | since_id 10411867865361
  Rate limited, waiting 10s...
  Rate limited, waiting 10s...
  Rate limited, waiting 10s...
  Rate limited, waiting 10s...
Fixed 13150 | last: EBC S12 Brake Pad and Rotor Kit -> EBC Brake Pads | BullStrap
  Rate limited, waiting 10s...
  Rate limited, waiting 10s...
  Rate limited, waiting 10s...
  Rate limited, waiting 10s...
  Rate limited, waiting 10s...
  Rate limited, waiting 10s...
Fixed 13200 | last: EBC S13 Brake Pad and Rotor Kit -> EBC Brake Pads | BullStrap
  Rate limited, waiting 10s...
  Rate limited, waiting 10s...
  Rate limited, waiting 10s...
  Rate limited, waiting 10s...
  Rate limited, waiting 10s...
  Rate limited, waiting 10s...
  Rate limited, waiting 10s...
Fixed 13250 | last: EBC S13 Brake Pad and Rotor Kit -> EBC Brake Pads | BullStrap
  Rate limited, waiting 10s...
  Rate limited, waiting 10s...
  Rate limited, waiting 10s...
  Rate limited, waiting 10s...
  Rate limited, waiting 10s...
  Rate limited, waiting 10s...
Fixed 13300 | last: EBC S14 Brake Pad and Rotor Kit -> EBC Brake Pads | BullStrap
  Rate limited, waiting 10s...
  Rate limited, waiting 10s...
  Rate limited, waiting 10s...
  Rate limited, waiting 10s...
  Rate limited, waiting 10s...
  Rate limited, waiting 10s...
Fixed 13350 | last: EBC S1 Brake Pad and Rotor Kit -> EBC Brake Pads | BullStrap
Batch done: processed 15000 | fixed 13354 | since_id 10411884511505
  Rate limited, waiting 10s...
  Rate limited, waiting 10s...
  Rate limited, waiting 10s...
  Rate limited, waiting 10s...
Fixed 13400 | last: EBC S20 Brake Pad and Rotor Kit -> EBC Brake Pads | BullStrap
  Rate limited, waiting 10s...
  Rate limited, waiting 10s...
  Rate limited, waiting 10s...
  Rate limited, waiting 10s...
  Rate limited, waiting 10s...
  Rate limited, waiting 10s...
  Rate limited, waiting 10s...
Fixed 13450 | last: EBC S2 Brake Pad and Rotor Kit -> EBC Brake Pads | BullStrap
  Rate limited, waiting 10s...
  Rate limited, waiting 10s...
  Rate limited, waiting 10s...
  Rate limited, waiting 10s...
  Rate limited, waiting 10s...
  Rate limited, waiting 10s...
Fixed 13500 | last: EBC S3 Brake Pad and Rotor Kit -> EBC Brake Pads | BullStrap
  Rate limited, waiting 10s...
  Rate limited, waiting 10s...
  Rate limited, waiting 10s...
  Rate limited, waiting 10s...
  Rate limited, waiting 10s...
  Rate limited, waiting 10s...
  Rate limited, waiting 10s...
Fixed 13550 | last: EBC S4 Brake Pad and Rotor Kit -> EBC Brake Pads | BullStrap
  Rate limited, waiting 10s...
  Rate limited, waiting 10s...
  Rate limited, waiting 10s...
  Rate limited, waiting 10s...
Batch done: processed 15250 | fixed 13586 | since_id 10411904434449
  Rate limited, waiting 10s...
  Rate limited, waiting 10s...
Fixed 13600 | last: EBC S4 Brake Pad and Rotor Kit -> EBC Brake Pads | BullStrap
  Rate limited, waiting 10s...
  Rate limited, waiting 10s...
  Rate limited, waiting 10s...
  Rate limited, waiting 10s...
  Rate limited, waiting 10s...
  Rate limited, waiting 10s...
Fixed 13650 | last: EBC S5 Brake Pad and Rotor Kit -> EBC Brake Pads | BullStrap
  Rate limited, waiting 10s...
  Rate limited, waiting 10s...
  Rate limited, waiting 10s...
  Rate limited, waiting 10s...
  Rate limited, waiting 10s...
  Rate limited, waiting 10s...
Fixed 13700 | last: EBC S5 Kits Yellowstuff Pads and GD Roto -> EBC Rotors | BullStrap
  Rate limited, waiting 10s...
  Rate limited, waiting 10s...
  Rate limited, waiting 10s...
  Rate limited, waiting 10s...
  Rate limited, waiting 10s...
  Rate limited, waiting 10s...
Fixed 13750 | last: EBC S6 Brake Pad and Rotor Kit -> EBC Brake Pads | BullStrap
  Rate limited, waiting 10s...
  Rate limited, waiting 10s...
  Rate limited, waiting 10s...
  Rate limited, waiting 10s...
  Rate limited, waiting 10s...
  Rate limited, waiting 10s...
  Rate limited, waiting 10s...
Fixed 13800 | last: EBC S9 Brake Pad and Rotor Kit -> EBC Brake Pads | BullStrap
  Rate limited, waiting 10s...
  Rate limited, waiting 10s...
Batch done: processed 15500 | fixed 13820 | since_id 10411923046673
  Rate limited, waiting 10s...
  Rate limited, waiting 10s...
  Rate limited, waiting 10s...
  Rate limited, waiting 10s...
Fixed 13850 | last: EBC S9 Brake Pad and Rotor Kit -> EBC Brake Pads | BullStrap
  Rate limited, waiting 10s...
  Rate limited, waiting 10s...
  Rate limited, waiting 10s...
  Rate limited, waiting 10s...
  Rate limited, waiting 10s...
  Rate limited, waiting 10s...
Fixed 13900 | last: EBC S9 Brake Pad and Rotor Kit -> EBC Brake Pads | BullStrap
  Rate limited, waiting 10s...
  Rate limited, waiting 10s...
  Rate limited, waiting 10s...
  Rate limited, waiting 10s...
  Rate limited, waiting 10s...
  Rate limited, waiting 10s...
Fixed 13950 | last: EBC 14+ BMW 228 Coupe 2.0 Turbo ATE cali -> EBC Brake Pads | BullStrap
  Rate limited, waiting 10s...
  Rate limited, waiting 10s...
  Rate limited, waiting 10s...
  Rate limited, waiting 10s...
  Rate limited, waiting 10s...
  Rate limited, waiting 10s...
  Rate limited, waiting 10s...
Fixed 14000 | last: EBC 13+ Ford Escape 1.6 Turbo 4WD USR Sl -> EBC Rotors | BullStrap
  Rate limited, waiting 10s...
  Rate limited, waiting 10s...
  Rate limited, waiting 10s...
  Rate limited, waiting 10s...
  Rate limited, waiting 10s...
  Rate limited, waiting 10s...
Batch done: processed 15750 | fixed 14049 | since_id 10411937792273
Fixed 14050 | last: EBC 06-11 Dodge Ram 1500 Mega Cab 2WD US -> EBC Rotors 06-11 | BullStrap
  Rate limited, waiting 10s...
  Rate limited, waiting 10s...
  Rate limited, waiting 10s...
  Rate limited, waiting 10s...
  Rate limited, waiting 10s...
  Rate limited, waiting 10s...
Fixed 14100 | last: EBC 08-16 Mitsubishi Lancer Evo 10 2.0 T -> EBC Rotors 08-16 | BullStrap
  Rate limited, waiting 10s...
  Rate limited, waiting 10s...
  Rate limited, waiting 10s...
  Rate limited, waiting 10s...
  Rate limited, waiting 10s...
  Rate limited, waiting 10s...
Fixed 14150 | last: Edelbrock Air Cleaner Elite II Oval Sing -> Edelbrock Edelbrock Air Cleaner Elite II Oval Si | BullStrap
  Rate limited, waiting 10s...
  Rate limited, waiting 10s...
  Rate limited, waiting 10s...
  Rate limited, waiting 10s...
  Rate limited, waiting 10s...
  Rate limited, waiting 10s...
Fixed 14200 | last: Eibach ERS 6.00 in. Length x 2.25 in. ID -> Eibach Eibach ERS 6.00 in. Length x 2.25 in. ID  | BullStrap
  Rate limited, waiting 10s...
  Rate limited, waiting 10s...
  Rate limited, waiting 10s...
  Rate limited, waiting 10s...
  Rate limited, waiting 10s...
  Rate limited, waiting 10s...
Fixed 14250 | last: Eibach ERS 8.00 in. Length x 2.25 in. ID -> Eibach Eibach ERS 8.00 in. Length x 2.25 in. ID  | BullStrap
  Rate limited, waiting 10s...
  Rate limited, waiting 10s...
  Rate limited, waiting 10s...
  Rate limited, waiting 10s...
  Rate limited, waiting 10s...
Batch done: processed 16000 | fixed 14287 | since_id 10411974131985
  Rate limited, waiting 10s...
Fixed 14300 | last: Eibach ERS 14.00 in. Length x 3.00 in. I -> Eibach Eibach ERS 14.00 in. Length x 3.00 in. ID | BullStrap
  Rate limited, waiting 10s...
  Rate limited, waiting 10s...
  Rate limited, waiting 10s...
  Rate limited, waiting 10s...
  Rate limited, waiting 10s...
  Rate limited, waiting 10s...
Fixed 14350 | last: Eibach Pro-Kit for 05-09 Chrysler 300C / -> Eibach Eibach Pro-Kit for Chrysler 300C / Dodge  | BullStrap
  Rate limited, waiting 10s...
  Rate limited, waiting 10s...
  Rate limited, waiting 10s...
  Rate limited, waiting 10s...
  Rate limited, waiting 10s...
  Rate limited, waiting 10s...
Fixed 14400 | last: Eibach Sportline Kit for 12 Fiat 500 312 -> Eibach Turbo | BullStrap
  Rate limited, waiting 10s...
  Rate limited, waiting 10s...
  Rate limited, waiting 10s...
  Rate limited, waiting 10s...
  Rate limited, waiting 10s...
  Rate limited, waiting 10s...
  Rate limited, waiting 10s...
Fixed 14450 | last: Eibach 28mm Front Anti-Roll-Kit for 01-0 -> Eibach Eibach 28mm Front Anti-Roll-Kit for Lexus | BullStrap
  Rate limited, waiting 10s...
  Rate limited, waiting 10s...
  Rate limited, waiting 10s...
  Rate limited, waiting 10s...
  Rate limited, waiting 10s...
  Rate limited, waiting 10s...
Fixed 14500 | last: Eibach Pro-Kit Performance Springs (Set  -> Eibach Eibach Pro-Kit Performance Springs (Set o | BullStrap
  Rate limited, waiting 10s...
  Rate limited, waiting 10s...
  Rate limited, waiting 10s...
Batch done: processed 16250 | fixed 14525 | since_id 10411987042577
  Rate limited, waiting 10s...
  Rate limited, waiting 10s...
Fixed 14550 | last: Eibach Pro-Kit for 14-17 Porsche 991 Tur -> Eibach Turbo 14-17 | BullStrap
  Rate limited, waiting 10s...
  Rate limited, waiting 10s...
  Rate limited, waiting 10s...
  Rate limited, waiting 10s...
  Rate limited, waiting 10s...
  Rate limited, waiting 10s...
  Rate limited, waiting 10s...
Fixed 14600 | last: Eibach Pro-Lift Kit 21-23 Ford Bronco Sp -> Eibach Shocks 21-23 | BullStrap
  Rate limited, waiting 10s...
  Rate limited, waiting 10s...
  Rate limited, waiting 10s...
  Rate limited, waiting 10s...
  Rate limited, waiting 10s...
  Rate limited, waiting 10s...
Fixed 14650 | last: Eibach 22mm Rear Anti-Roll Kit for 2019  -> Eibach Turbo | BullStrap
  Rate limited, waiting 10s...
  Rate limited, waiting 10s...
  Rate limited, waiting 10s...
  Rate limited, waiting 10s...
  Rate limited, waiting 10s...
  Rate limited, waiting 10s...
Fixed 14700 | last: Eibach 23-24 Toyota Sequoia Pro-Truck Re -> Eibach Shocks 23-24 | BullStrap
  Rate limited, waiting 10s...
  Rate limited, waiting 10s...
  Rate limited, waiting 10s...
  Rate limited, waiting 10s...
  Rate limited, waiting 10s...
  Rate limited, waiting 10s...
Fixed 14750 | last: Eibach Pro-Truck Coilover Stage 2R 15-20 -> Eibach Coilovers 15-20 | BullStrap
  Rate limited, waiting 10s...
Batch done: processed 16500 | fixed 14763 | since_id 10412002246929
  Rate limited, waiting 10s...
  Rate limited, waiting 10s...
  Rate limited, waiting 10s...
  Rate limited, waiting 10s...
  Rate limited, waiting 10s...
Fixed 14800 | last: Eibach Pro-Spacer System 15mm Spacers /  -> Eibach Eibach Pro-Spacer System 15mm Spacers / 4 | BullStrap
  Rate limited, waiting 10s...
  Rate limited, waiting 10s...
  Rate limited, waiting 10s...
  Rate limited, waiting 10s...
  Rate limited, waiting 10s...
  Rate limited, waiting 10s...
Fixed 14850 | last: Energy Suspension 90-01 Acura Integra  / -> Energy Suspension Suspension 90-01 | BullStrap
  Rate limited, waiting 10s...
  Rate limited, waiting 10s...
  Rate limited, waiting 10s...
  Rate limited, waiting 10s...
  Rate limited, waiting 10s...
  Rate limited, waiting 10s...
  Rate limited, waiting 10s...
Fixed 14900 | last: Energy Suspension Subaru Forester/Imprez -> Energy Suspension Suspension | BullStrap
  Rate limited, waiting 10s...
  Rate limited, waiting 10s...
  Rate limited, waiting 10s...
  Rate limited, waiting 10s...
  Rate limited, waiting 10s...
  Rate limited, waiting 10s...
Fixed 14950 | last: Energy Suspension 73-84 K5 Blazer 4WD Fu -> Energy Suspension Suspension 73-84 | BullStrap
  Rate limited, waiting 10s...
  Rate limited, waiting 10s...
  Rate limited, waiting 10s...
Batch done: processed 16750 | fixed 14973 | since_id 10412023742737
  Rate limited, waiting 10s...
  Rate limited, waiting 10s...
Fixed 15000 | last: Energy Suspension 83-04 GM S-10/S-15 PU  -> Energy Suspension Suspension 83-04 | BullStrap
  Rate limited, waiting 10s...
  Rate limited, waiting 10s...
  Rate limited, waiting 10s...
  Rate limited, waiting 10s...
  Rate limited, waiting 10s...
  Rate limited, waiting 10s...
Fixed 15050 | last: Energy Suspension 2011+ Ford Mustang w/  -> Energy Suspension Suspension 2011+ | BullStrap
  Rate limited, waiting 10s...
  Rate limited, waiting 10s...
  Rate limited, waiting 10s...
  Rate limited, waiting 10s...
  Rate limited, waiting 10s...
  Rate limited, waiting 10s...
Fixed 15100 | last: Energy Suspension 83-04 Ford Mustang SVO -> Energy Suspension Shocks 83-04 | BullStrap
  Rate limited, waiting 10s...
  Rate limited, waiting 10s...
  Rate limited, waiting 10s...
  Rate limited, waiting 10s...
  Rate limited, waiting 10s...
  Rate limited, waiting 10s...
Fixed 15150 | last: Energy Suspension 7/8in Rear Sway Bar Bu -> Energy Suspension Suspension | BullStrap
  Rate limited, waiting 10s...
  Rate limited, waiting 10s...
  Rate limited, waiting 10s...
  Rate limited, waiting 10s...
  Rate limited, waiting 10s...
  Rate limited, waiting 10s...
  Rate limited, waiting 10s...
Fixed 15200 | last: Energy Suspension 95-98 Nissan 240SX (S1 -> Energy Suspension Suspension 95-98 | BullStrap
Batch done: processed 17000 | fixed 15204 | since_id 10412037243153
  Rate limited, waiting 10s...
  Rate limited, waiting 10s...
  Rate limited, waiting 10s...
  Rate limited, waiting 10s...
  Rate limited, waiting 10s...
  Rate limited, waiting 10s...
Fixed 15250 | last: Energy Suspension 95-03 Toyota Avalon /  -> Energy Suspension Suspension 95-03 | BullStrap
  Rate limited, waiting 10s...
  Rate limited, waiting 10s...
  Rate limited, waiting 10s...
  Rate limited, waiting 10s...
  Rate limited, waiting 10s...
  Rate limited, waiting 10s...
Fixed 15300 | last: Energy Suspension Mustang/Corvette/Camar -> Energy Suspension Suspension | BullStrap
  Rate limited, waiting 10s...
  Rate limited, waiting 10s...
  Rate limited, waiting 10s...
  Rate limited, waiting 10s...
  Rate limited, waiting 10s...
  Rate limited, waiting 10s...
Fixed 15350 | last: Energy Suspension Black Hour Glass Shock -> Energy Suspension Shocks | BullStrap
  Rate limited, waiting 10s...
  Rate limited, waiting 10s...
  Rate limited, waiting 10s...
  Rate limited, waiting 10s...
  Rate limited, waiting 10s...
  Rate limited, waiting 10s...
Fixed 15400 | last: Enkei RPF1 15x8 4x100 28mm Offset 5 Hub  -> Enkei Enkei RPF1 15x8 4x100 28mm Offset 5 Hub Bo | BullStrap
  Rate limited, waiting 10s...
  Rate limited, waiting 10s...
  Rate limited, waiting 10s...
  Rate limited, waiting 10s...
  Rate limited, waiting 10s...
Batch done: processed 17250 | fixed 15435 | since_id 10412057952529
  Rate limited, waiting 10s...
  Rate limited, waiting 10s...
Fixed 15450 | last: Enkei RPF1 18x9.5 5x114.3 15mm Offset 73 -> Enkei Enkei RPF1 18x9.5 5x114.3 15mm Offset 73mm | BullStrap
  Rate limited, waiting 10s...
  Rate limited, waiting 10s...
  Rate limited, waiting 10s...
  Rate limited, waiting 10s...
  Rate limited, waiting 10s...
  Rate limited, waiting 10s...
Fixed 15500 | last: Enkei Raijin 18x8 45mm Offset 5x112 Bolt -> Enkei Enkei Raijin 18x8 45mm Offset 5x112 Bolt P | BullStrap
  Rate limited, waiting 10s...
  Rate limited, waiting 10s...
  Rate limited, waiting 10s...
  Rate limited, waiting 10s...
  Rate limited, waiting 10s...
  Rate limited, waiting 10s...
Fixed 15550 | last: Enkei TS-5 18x8.5 5x114.3 38mm Offset 72 -> Enkei Enkei TS-5 18x8.5 5x114.3 38mm Offset 72.6 | BullStrap
  Rate limited, waiting 10s...
  Rate limited, waiting 10s...
  Rate limited, waiting 10s...
  Rate limited, waiting 10s...
  Rate limited, waiting 10s...
  Rate limited, waiting 10s...
Fixed 15600 | last: Excel Takasago Rims 19x2.50 36H - Black -> Excel Excel Takasago Rims 19x2.50 36H - Black | BullStrap
  Rate limited, waiting 10s...
  Rate limited, waiting 10s...
  Rate limited, waiting 10s...
  Rate limited, waiting 10s...
  Rate limited, waiting 10s...
  Rate limited, waiting 10s...
Fixed 15650 | last: Exedy 16-18 MX-5 Miata 2.0L 6sp. Skyacti -> Exedy Exedy MX-5 Miata 2.0L 6sp. Skyactive Stage | BullStrap
  Rate limited, waiting 10s...
  Rate limited, waiting 10s...
  Rate limited, waiting 10s...
Batch done: processed 17500 | fixed 15672 | since_id 10412077973777
  Rate limited, waiting 10s...
  Rate limited, waiting 10s...
  Rate limited, waiting 10s...
Fixed 15700 | last: Exedy OE 1993-1995 Mazda RX-7 R2 Clutch  -> Exedy Exedy OE Mazda RX-7 R2 Clutch Kit | BullStrap
  Rate limited, waiting 10s...
  Rate limited, waiting 10s...
  Rate limited, waiting 10s...
  Rate limited, waiting 10s...
  Rate limited, waiting 10s...
  Rate limited, waiting 10s...
  Rate limited, waiting 10s...
Fixed 15750 | last: Exedy OE 2004-2005 Dodge Neon L4 Slave C -> Exedy Exedy OE Dodge Neon L4 Slave Cylinder | BullStrap
  Rate limited, waiting 10s...
  Rate limited, waiting 10s...
  Rate limited, waiting 10s...
  Rate limited, waiting 10s...
  Rate limited, waiting 10s...
  Rate limited, waiting 10s...
Fixed 15800 | last: Fabtech 07-14 GM C/K1500 2WD/4WD Dual St -> Fabtech Shocks 07-14 | BullStrap
  Rate limited, waiting 10s...
  Rate limited, waiting 10s...
  Rate limited, waiting 10s...
  Rate limited, waiting 10s...
  Rate limited, waiting 10s...
  Rate limited, waiting 10s...
Fixed 15850 | last: Fabtech 01-10 GM C/K2500HD C/K3500 Front -> Fabtech Shocks 01-10 | BullStrap
  Rate limited, waiting 10s...
  Rate limited, waiting 10s...
  Rate limited, waiting 10s...
  Rate limited, waiting 10s...
  Rate limited, waiting 10s...
  Rate limited, waiting 10s...
Fixed 15900 | last: Ferrea Toyota 2JZGE/2JZGTE 29mm 5.98mm 9 -> Ferrea Exhaust | BullStrap
  Rate limited, waiting 10s...
Batch done: processed 17750 | fixed 15905 | since_id 10412097306897
  Rate limited, waiting 10s...
  Rate limited, waiting 10s...
  Rate limited, waiting 10s...
  Rate limited, waiting 10s...
  Rate limited, waiting 10s...
Fixed 15950 | last: Ferrea Nissan 2.4L KA24DE 7mm Radial Gro -> Ferrea Ferrea Nissan 2.4L KA24DE 7mm Radial Groo | BullStrap
  Rate limited, waiting 10s...
  Rate limited, waiting 10s...
  Rate limited, waiting 10s...
  Rate limited, waiting 10s...
  Rate limited, waiting 10s...
  Rate limited, waiting 10s...
Fixed 16000 | last: Fidanza 08 Evo 10 4B11T 9.0lb Aluminum F -> Fidanza Fidanza 08 Evo 10 4B11T 9.0lb Aluminum F | BullStrap
  Rate limited, waiting 10s...
  Rate limited, waiting 10s...
  Rate limited, waiting 10s...
  Rate limited, waiting 10s...
  Rate limited, waiting 10s...
  Rate limited, waiting 10s...
Fixed 16050 | last: fifteen52 Super Touring (Chicane/Podium) -> fifteen52 fifteen52 Super Touring (Chicane/Podiu | BullStrap
  Rate limited, waiting 10s...
  Rate limited, waiting 10s...
  Rate limited, waiting 10s...
  Rate limited, waiting 10s...
  Rate limited, waiting 10s...
  Rate limited, waiting 10s...
  Rate limited, waiting 10s...
Fixed 16100 | last: Firestone Ride-Rite Air Helper Spring Ki -> Firestone Firestone Ride-Rite Air Helper Spring  | BullStrap
  Rate limited, waiting 10s...
  Rate limited, waiting 10s...
  Rate limited, waiting 10s...
  Rate limited, waiting 10s...
  Rate limited, waiting 10s...
Batch done: processed 18000 | fixed 16142 | since_id 10412111757585
Fixed 16150 | last: FIRSTGEAR Kilimanjaro 2.0 Jacket Grey/Bl -> FIRSTGEAR FIRSTGEAR Kilimanjaro 2.0 Jacket Grey/ | BullStrap
  Rate limited, waiting 10s...
  Rate limited, waiting 10s...
  Rate limited, waiting 10s...
  Rate limited, waiting 10s...
  Rate limited, waiting 10s...
  Rate limited, waiting 10s...
  Rate limited, waiting 10s...
Fixed 16200 | last: FIRSTGEAR Heated Jacket Liner Gen 4 Wome -> FIRSTGEAR FIRSTGEAR Heated Jacket Liner Gen 4 Wo | BullStrap
  Rate limited, waiting 10s...
  Rate limited, waiting 10s...
  Rate limited, waiting 10s...
  Rate limited, waiting 10s...
  Rate limited, waiting 10s...
  Rate limited, waiting 10s...
Fixed 16250 | last: Fleece Performance 11-16 6.6L LML Durama -> Fleece Performance Fleece Performance 6.6L LML D | BullStrap
  Rate limited, waiting 10s...
  Rate limited, waiting 10s...
  Rate limited, waiting 10s...
  Rate limited, waiting 10s...
  Rate limited, waiting 10s...
  Rate limited, waiting 10s...
Fixed 16300 | last: Fleece Performance 07.5-12 Dodge 6.7L Cu -> Fleece Performance Fleece Performance 07.5-12 Do | BullStrap
  Rate limited, waiting 10s...
  Rate limited, waiting 10s...
  Rate limited, waiting 10s...
  Rate limited, waiting 10s...
  Rate limited, waiting 10s...
  Rate limited, waiting 10s...
Fixed 16350 | last: Fleece Performance 11-16 Ford F250-550 P -> Fleece Performance Fleece Performance Ford F Pow | BullStrap
  Rate limited, waiting 10s...
  Rate limited, waiting 10s...
  Rate limited, waiting 10s...
  Rate limited, waiting 10s...
Batch done: processed 18250 | fixed 16382 | since_id 10412125421841
  Rate limited, waiting 10s...
  Rate limited, waiting 10s...
Fixed 16400 | last: Fleece Performance 11-14 GM Duramax 2500 -> Fleece Performance Fleece Performance GM Duramax | BullStrap
  Rate limited, waiting 10s...
  Rate limited, waiting 10s...
  Rate limited, waiting 10s...
  Rate limited, waiting 10s...
  Rate limited, waiting 10s...
  Rate limited, waiting 10s...
Fixed 16450 | last: Forced Performance Exhaust Manifold Stud -> Forced Performance Exhaust | BullStrap
  Rate limited, waiting 10s...
  Rate limited, waiting 10s...
  Rate limited, waiting 10s...
  Rate limited, waiting 10s...
  Rate limited, waiting 10s...
  Rate limited, waiting 10s...
Fixed 16500 | last: Ford Racing Rubber 2in Hitch Receiver Co -> Ford Racing Ford Racing Rubber 2in Hitch Receive | BullStrap
  Rate limited, waiting 10s...
  Rate limited, waiting 10s...
  Rate limited, waiting 10s...
  Rate limited, waiting 10s...
  Rate limited, waiting 10s...
  Rate limited, waiting 10s...
Fixed 16550 | last: Ford Racing 15-17 Mustang GT 5.0L Forged -> Ford Racing Ford Racing Mustang GT 5.0L Forged C | BullStrap
  Rate limited, waiting 10s...
  Rate limited, waiting 10s...
  Rate limited, waiting 10s...
  Rate limited, waiting 10s...
  Rate limited, waiting 10s...
  Rate limited, waiting 10s...
  Rate limited, waiting 10s...
Fixed 16600 | last: Ford Racing 2005-2014 Mustang Handling P -> Ford Racing Ford Racing Mustang Handling Pack Fa | BullStrap
  Rate limited, waiting 10s...
  Rate limited, waiting 10s...
Batch done: processed 18500 | fixed 16618 | since_id 10412144034065
  Rate limited, waiting 10s...
  Rate limited, waiting 10s...
  Rate limited, waiting 10s...
  Rate limited, waiting 10s...
Fixed 16650 | last: FOX 05+ Toyota Tacoma Performance Elite  -> FOX Shocks | BullStrap
  Rate limited, waiting 10s...
  Rate limited, waiting 10s...
  Rate limited, waiting 10s...
  Rate limited, waiting 10s...
  Rate limited, waiting 10s...
Fixed 16700 | last: Fox 03-24 Toyota 4Runner 2.5 Factory Rac -> FOX Shocks 03-24 | BullStrap
  Rate limited, waiting 10s...
  Rate limited, waiting 10s...
  Rate limited, waiting 10s...
  Rate limited, waiting 10s...
  Rate limited, waiting 10s...
  Rate limited, waiting 10s...
  Rate limited, waiting 10s...
Fixed 16750 | last: Fox 18+ Jeep JL 2.0 Factory Race Series  -> FOX Fox 18+ Jeep JL 2.0 Factory Race Series 8.1i | BullStrap
  Rate limited, waiting 10s...
  Rate limited, waiting 10s...
  Rate limited, waiting 10s...
  Rate limited, waiting 10s...
  Rate limited, waiting 10s...
  Rate limited, waiting 10s...
Fixed 16800 | last: Fox 05+ Toyota Tacoma 2.0 Performance Se -> FOX Shocks | BullStrap
  Rate limited, waiting 10s...
  Rate limited, waiting 10s...
  Rate limited, waiting 10s...
  Rate limited, waiting 10s...
  Rate limited, waiting 10s...
  Rate limited, waiting 10s...
Fixed 16850 | last: Fox 22+ Toyota Tundra 2.0 Performance Se -> FOX Shocks | BullStrap
  Rate limited, waiting 10s...
Batch done: processed 18750 | fixed 16856 | since_id 10412161827089
  Rate limited, waiting 10s...
  Rate limited, waiting 10s...
  Rate limited, waiting 10s...
  Rate limited, waiting 10s...
  Rate limited, waiting 10s...
Fixed 16900 | last: Fragola -4AN Race-Rite Hose 20 Feet -> Fragola Fragola -4AN Race-Rite Hose 20 Feet | BullStrap
  Rate limited, waiting 10s...
  Rate limited, waiting 10s...
  Rate limited, waiting 10s...
  Rate limited, waiting 10s...
  Rate limited, waiting 10s...
  Rate limited, waiting 10s...
  Rate limited, waiting 10s...
Fixed 16950 | last: Fragola -6AN Tee - Black -> Fragola Fragola -6AN Tee - Black | BullStrap
  Rate limited, waiting 10s...
  Rate limited, waiting 10s...
  Rate limited, waiting 10s...
  Rate limited, waiting 10s...
  Rate limited, waiting 10s...
  Rate limited, waiting 10s...
Fixed 17000 | last: Fragola -3AN Bulkhead Tee - Steel -> Fragola Fragola -3AN Bulkhead Tee - Steel | BullStrap
  Rate limited, waiting 10s...
  Rate limited, waiting 10s...
  Rate limited, waiting 10s...
  Rate limited, waiting 10s...
  Rate limited, waiting 10s...
  Rate limited, waiting 10s...
Fixed 17050 | last: Fragola Y-Fitting -6AN Male All Black -> Fragola Fragola Y-Fitting -6AN Male All Black | BullStrap
  Rate limited, waiting 10s...
  Rate limited, waiting 10s...
  Rate limited, waiting 10s...
  Rate limited, waiting 10s...
  Rate limited, waiting 10s...
Batch done: processed 19000 | fixed 17089 | since_id 10412177424657
  Rate limited, waiting 10s...
Fixed 17100 | last: FTI 9.5in 4L80E/4L85E Billet Lock-Up Str -> FTI Performance FTI 9.5in 4L80E/4L85E Billet Loc | BullStrap
  Rate limited, waiting 10s...
  Rate limited, waiting 10s...
  Rate limited, waiting 10s...
  Rate limited, waiting 10s...
  Rate limited, waiting 10s...
  Rate limited, waiting 10s...
Fixed 17150 | last: Gaerne SG12 Boot White Size - 11 -> Gaerne Gaerne SG12 Boot White Size - 11 | BullStrap
  Rate limited, waiting 10s...
  Rate limited, waiting 10s...
  Rate limited, waiting 10s...
  Rate limited, waiting 10s...
  Rate limited, waiting 10s...
  Rate limited, waiting 10s...
Fixed 17200 | last: Gaerne G.Dakar Gore Tex Boot Black Size  -> Gaerne Gaerne G.Dakar Gore Tex Boot Black Size - | BullStrap
  Rate limited, waiting 10s...
  Rate limited, waiting 10s...
  Rate limited, waiting 10s...
  Rate limited, waiting 10s...
  Rate limited, waiting 10s...
  Rate limited, waiting 10s...
Fixed 17250 | last: Garrett G30-660 Super Core - Standard Ro -> Garrett Garrett G Super Core - Standard Rotation | BullStrap
  Rate limited, waiting 10s...
  Rate limited, waiting 10s...
  Rate limited, waiting 10s...
  Rate limited, waiting 10s...
  Rate limited, waiting 10s...
  Rate limited, waiting 10s...
Fixed 17300 | last: Gen-Y Vertical Hitch Display Stand w/6 S -> GEN-Y Hitch Gen-Y Vertical Hitch Display Stand w | BullStrap
  Rate limited, waiting 10s...
  Rate limited, waiting 10s...
  Rate limited, waiting 10s...
  Rate limited, waiting 10s...
Batch done: processed 19250 | fixed 17327 | since_id 10412196331793
  Rate limited, waiting 10s...
  Rate limited, waiting 10s...
Fixed 17350 | last: Gibson 04-22 Toyota 4Runner 4.0L 2.5in C -> Gibson Exhaust 04-22 | BullStrap
  Rate limited, waiting 10s...
  Rate limited, waiting 10s...
  Rate limited, waiting 10s...
  Rate limited, waiting 10s...
  Rate limited, waiting 10s...
  Rate limited, waiting 10s...
  Rate limited, waiting 10s...
Fixed 17400 | last: GiroDisc 2013+ Audi S3 (8V) Zinc Plated  -> GiroDisc Rotors 2013+ | BullStrap
  Rate limited, waiting 10s...
  Rate limited, waiting 10s...
  Rate limited, waiting 10s...
  Rate limited, waiting 10s...
  Rate limited, waiting 10s...
  Rate limited, waiting 10s...
Fixed 17450 | last: GiroDisc 2021+ BMW M2/M3/M4 G8X 370mm Sl -> GiroDisc Rotors 2021+ | BullStrap
  Rate limited, waiting 10s...
  Rate limited, waiting 10s...
  Rate limited, waiting 10s...
  Rate limited, waiting 10s...
  Rate limited, waiting 10s...
  Rate limited, waiting 10s...
Fixed 17500 | last: GFB Mach 2 Atmosphere Conversion Kit-Cha -> Go Fast Bits GFB Mach 2 Atmosphere Conversion Ki | BullStrap
  Rate limited, waiting 10s...
  Rate limited, waiting 10s...
  Rate limited, waiting 10s...
  Rate limited, waiting 10s...
  Rate limited, waiting 10s...
  Rate limited, waiting 10s...
Fixed 17550 | last: GFB VTA Blow Off Valve 14-21 Volkswagen  -> Go Fast Bits GFB VTA Blow Off Valve Volkswagen G | BullStrap
  Rate limited, waiting 10s...
  Rate limited, waiting 10s...
Batch done: processed 19500 | fixed 17560 | since_id 10412208652561
  Rate limited, waiting 10s...
  Rate limited, waiting 10s...
  Rate limited, waiting 10s...
  Rate limited, waiting 10s...
Fixed 17600 | last: Go Rhino RB20 Running Boards - Bedliner  -> Go Rhino Go Rhino RB20 Running Boards - Bedliner | BullStrap
  Rate limited, waiting 10s...
  Rate limited, waiting 10s...
  Rate limited, waiting 10s...
  Rate limited, waiting 10s...
  Rate limited, waiting 10s...
  Rate limited, waiting 10s...
Fixed 17650 | last: Go Rhino Dominator Extreme DSS Sliders - -> Go Rhino Go Rhino Dominator Extreme DSS Sliders  | BullStrap
  Rate limited, waiting 10s...
  Rate limited, waiting 10s...
  Rate limited, waiting 10s...
  Rate limited, waiting 10s...
  Rate limited, waiting 10s...
  Rate limited, waiting 10s...
  Rate limited, waiting 10s...
Fixed 17700 | last: Goodridge 20-21 Toyota GR Supra Stainles -> Goodridge Goodridge Toyota GR Supra Stainless St | BullStrap
  Rate limited, waiting 10s...
  Rate limited, waiting 10s...
  Rate limited, waiting 10s...
  Rate limited, waiting 10s...
  Rate limited, waiting 10s...
  Rate limited, waiting 10s...
Fixed 17750 | last: Gram Lights 57DR/57CR Spoke Sticker Red  -> Gram Lights Gram Lights 57DR/57CR Spoke Sticker  | BullStrap
  Rate limited, waiting 10s...
  Rate limited, waiting 10s...
  Rate limited, waiting 10s...
  Rate limited, waiting 10s...
  Rate limited, waiting 10s...
Batch done: processed 19750 | fixed 17792 | since_id 10412230148369
  Rate limited, waiting 10s...
Fixed 17800 | last: Gram Lights 57DR 18x8.5 +37 5x100 Gun Bl -> Gram Lights Gram Lights 57DR 18x8.5 +37 5x100 Gu | BullStrap
  Rate limited, waiting 10s...
  Rate limited, waiting 10s...
  Rate limited, waiting 10s...
  Rate limited, waiting 10s...
  Rate limited, waiting 10s...
  Rate limited, waiting 10s...
Fixed 17850 | last: GrimmSpeed 2015+ Subaru WRX/STI Fender S -> GrimmSpeed GrimmSpeed Subaru WRX/STI Fender Shro | BullStrap
  Rate limited, waiting 10s...
  Rate limited, waiting 10s...
  Rate limited, waiting 10s...
  Rate limited, waiting 10s...
  Rate limited, waiting 10s...
  Rate limited, waiting 10s...
  Rate limited, waiting 10s...
Fixed 17900 | last: GSC P-D Honda B/K/H Series Viton 5.5mm V -> GSC Power Division GSC P-D Honda B/K/H Series Vi | BullStrap
  Rate limited, waiting 10s...
  Rate limited, waiting 10s...
  Rate limited, waiting 10s...
  Rate limited, waiting 10s...
  Rate limited, waiting 10s...
  Rate limited, waiting 10s...
Fixed 17950 | last: GSC P-D EJ Series EJ205/EJ207/EJ260 Mang -> GSC Power Division GSC P-D EJ Series EJ205/EJ207 | BullStrap
  Rate limited, waiting 10s...
  Rate limited, waiting 10s...
  Rate limited, waiting 10s...
  Rate limited, waiting 10s...
  Rate limited, waiting 10s...
  Rate limited, waiting 10s...
Fixed 18000 | last: GSC P-D 93-02 Toyota Supra Turbo 2JZGTE  -> GSC Power Division Turbo 93-02 | BullStrap
  Rate limited, waiting 10s...
  Rate limited, waiting 10s...
  Rate limited, waiting 10s...
Batch done: processed 20000 | fixed 18021 | since_id 10412249514257
  Rate limited, waiting 10s...
  Rate limited, waiting 10s...
  Rate limited, waiting 10s...
Fixed 18050 | last: H&R 18-22 Alfa Romeo Stelvio Quadrifogli -> H&R H&R Alfa Romeo Stelvio Quadrifoglio (AWD) 94 | BullStrap
  Rate limited, waiting 10s...
  Rate limited, waiting 10s...
  Rate limited, waiting 10s...
  Rate limited, waiting 10s...
  Rate limited, waiting 10s...
  Rate limited, waiting 10s...
  Rate limited, waiting 10s...
Fixed 18100 | last: H&R 12-13 Ford Focus S/Focus SE/Focus SE -> H&R H&R Ford Focus S/Focus SE/Focus SEL/Focus Ti | BullStrap
  Rate limited, waiting 10s...
  Rate limited, waiting 10s...
  Rate limited, waiting 10s...
  Rate limited, waiting 10s...
  Rate limited, waiting 10s...
  Rate limited, waiting 10s...
Fixed 18150 | last: Haltech Throttle Position Sensor (Motors -> Haltech Haltech Throttle Position Sensor (Motors | BullStrap
  Rate limited, waiting 10s...
  Rate limited, waiting 10s...
  Rate limited, waiting 10s...
  Rate limited, waiting 10s...
  Rate limited, waiting 10s...
  Rate limited, waiting 10s...
Fixed 18200 | last: Haltech Platinum ECU Rail-Type Mounts &  -> Haltech Haltech Platinum ECU Rail-Type Mounts &  | BullStrap
  Rate limited, waiting 10s...
  Rate limited, waiting 10s...
  Rate limited, waiting 10s...
  Rate limited, waiting 10s...
  Rate limited, waiting 10s...
  Rate limited, waiting 10s...
Fixed 18250 | last: Haltech Elite 1500 Adaptor Harness ECU K -> Haltech Haltech Elite 1500 Adaptor Harness ECU K | BullStrap
  Rate limited, waiting 10s...
Batch done: processed 20250 | fixed 18255 | since_id 10412262031633
  Rate limited, waiting 10s...
  Rate limited, waiting 10s...
  Rate limited, waiting 10s...
  Rate limited, waiting 10s...
  Rate limited, waiting 10s...
Fixed 18300 | last: Hawk Performance Ceramic Street Brake Pa -> Hawk Performance Brake Pads | BullStrap
  Rate limited, waiting 10s...
  Rate limited, waiting 10s...
  Rate limited, waiting 10s...
  Rate limited, waiting 10s...
  Rate limited, waiting 10s...
  Rate limited, waiting 10s...
Fixed 18350 | last: Hawk 79-84 Mazda B2000 / 70-74 RX-2 / 74 -> Hawk Performance Brake Pads 79-84 | BullStrap
  Rate limited, waiting 10s...
  Rate limited, waiting 10s...
  Rate limited, waiting 10s...
  Rate limited, waiting 10s...
  Rate limited, waiting 10s...
  Rate limited, waiting 10s...
Fixed 18400 | last: Hawk 04-11 Chry 300C/06-14 Jeep Grand Ch -> Hawk Performance Brake Pads 04-11 | BullStrap
  Rate limited, waiting 10s...
  Rate limited, waiting 10s...
  Rate limited, waiting 10s...
  Rate limited, waiting 10s...
  Rate limited, waiting 10s...
  Rate limited, waiting 10s...
  Rate limited, waiting 10s...
Fixed 18450 | last: Hawk 06 Chevy Avalanche 2500 / GMC Truck -> Hawk Performance Brake Pads | BullStrap
  Rate limited, waiting 10s...
  Rate limited, waiting 10s...
  Rate limited, waiting 10s...
  Rate limited, waiting 10s...
  Rate limited, waiting 10s...
Batch done: processed 20500 | fixed 18493 | since_id 10412277498129
Fixed 18500 | last: Hawk 02-06 Mini Cooper / Cooper S HPS St -> Hawk Performance Brake Pads 02-06 | BullStrap
  Rate limited, waiting 10s...
  Rate limited, waiting 10s...
  Rate limited, waiting 10s...
  Rate limited, waiting 10s...
  Rate limited, waiting 10s...
  Rate limited, waiting 10s...
  Rate limited, waiting 10s...
Fixed 18550 | last: Hawk 05 Chrysler 300C w/ Perf. and HD Su -> Hawk Performance Brake Pads | BullStrap
  Rate limited, waiting 10s...
  Rate limited, waiting 10s...
  Rate limited, waiting 10s...
  Rate limited, waiting 10s...
  Rate limited, waiting 10s...
  Rate limited, waiting 10s...
Fixed 18600 | last: Hawk Wilwood 7816 12mm Caliper DTC-30 Re -> Hawk Performance Hawk Wilwood 7816 12mm Caliper  | BullStrap
  Rate limited, waiting 10s...
  Rate limited, waiting 10s...
  Rate limited, waiting 10s...
  Rate limited, waiting 10s...
  Rate limited, waiting 10s...
  Rate limited, waiting 10s...
Fixed 18650 | last: Hawk 09 Nissan GT-R R35 HPS Street Front -> Hawk Performance Brake Pads | BullStrap
  Rate limited, waiting 10s...
  Rate limited, waiting 10s...
  Rate limited, waiting 10s...
  Rate limited, waiting 10s...
  Rate limited, waiting 10s...
  Rate limited, waiting 10s...
  Rate limited, waiting 10s...
Fixed 18700 | last: Hawk 04-10 BMW 535i/545i/550i / 04-10 64 -> Hawk Performance Brake Pads 04-10 | BullStrap
  Rate limited, waiting 10s...
  Rate limited, waiting 10s...
  Rate limited, waiting 10s...
Batch done: processed 20750 | fixed 18725 | since_id 10412290244881
  Rate limited, waiting 10s...
  Rate limited, waiting 10s...
Fixed 18750 | last: Hawk 13 Scion FR-S / 13 Subaru BRZ/10-12 -> Hawk Performance Brake Pads 10-12 | BullStrap
  Rate limited, waiting 10s...
  Rate limited, waiting 10s...
  Rate limited, waiting 10s...
  Rate limited, waiting 10s...
  Rate limited, waiting 10s...
  Rate limited, waiting 10s...
  Rate limited, waiting 10s...
Fixed 18800 | last: Hawk 2013 Fiat 500 Abarth Front HPS 5.0  -> Hawk Performance Brake Pads | BullStrap
  Rate limited, waiting 10s...
  Rate limited, waiting 10s...
  Rate limited, waiting 10s...
  Rate limited, waiting 10s...
  Rate limited, waiting 10s...
  Rate limited, waiting 10s...
Fixed 18850 | last: Hawk 15-16 Ford Focus ST HPS 5.0 Front B -> Hawk Performance Brake Pads 15-16 | BullStrap
  Rate limited, waiting 10s...
  Rate limited, waiting 10s...
  Rate limited, waiting 10s...
  Rate limited, waiting 10s...
  Rate limited, waiting 10s...
  Rate limited, waiting 10s...
Fixed 18900 | last: Hawk 2020 Ford Mustang HB929G.618 DTC-60 -> Hawk Performance Brake Pads | BullStrap
  Rate limited, waiting 10s...
  Rate limited, waiting 10s...
  Rate limited, waiting 10s...
  Rate limited, waiting 10s...
  Rate limited, waiting 10s...
  Rate limited, waiting 10s...
Fixed 18950 | last: Hawk Talon 1997 Acura Integra GS Drilled -> Hawk Performance Rotors | BullStrap
  Rate limited, waiting 10s...
  Rate limited, waiting 10s...
Batch done: processed 21000 | fixed 18960 | since_id 10412310954257
  Rate limited, waiting 10s...
  Rate limited, waiting 10s...
  Rate limited, waiting 10s...
  Rate limited, waiting 10s...
Fixed 19000 | last: Hella Bulb 93 12V 13W BA15s S8 -> Hella Hella Bulb 93 12V 13W BA15s S8 | BullStrap
  Rate limited, waiting 10s...
  Rate limited, waiting 10s...
  Rate limited, waiting 10s...
  Rate limited, waiting 10s...
  Rate limited, waiting 10s...
  Rate limited, waiting 10s...
  Rate limited, waiting 10s...
Fixed 19050 | last: Hellwig 97-20 Chevrolet Express 3500 Sol -> Hellwig Sway Bar 97-20 | BullStrap
  Rate limited, waiting 10s...
  Rate limited, waiting 10s...
  Rate limited, waiting 10s...
  Rate limited, waiting 10s...
  Rate limited, waiting 10s...
  Rate limited, waiting 10s...
Fixed 19100 | last: HKS GASKET Throttle Body (RB26DETT) -> HKS HKS GASKET Throttle Body (RB26DETT) | BullStrap
  Rate limited, waiting 10s...
  Rate limited, waiting 10s...
  Rate limited, waiting 10s...
  Rate limited, waiting 10s...
  Rate limited, waiting 10s...
  Rate limited, waiting 10s...
Fixed 19150 | last: HKS 00-09 S2000 Hi Power Racing Version  -> HKS Exhaust 00-09 | BullStrap
  Rate limited, waiting 10s...
  Rate limited, waiting 10s...
  Rate limited, waiting 10s...
  Rate limited, waiting 10s...
  Rate limited, waiting 10s...
  Rate limited, waiting 10s...
Batch done: processed 21250 | fixed 19198 | since_id 10412333564177
Fixed 19200 | last: HKS FLOOR MATS BNR32 FULL SET OCT RHD -> HKS Floor Mats | BullStrap
  Rate limited, waiting 10s...
  Rate limited, waiting 10s...
  Rate limited, waiting 10s...
  Rate limited, waiting 10s...
  Rate limited, waiting 10s...
  Rate limited, waiting 10s...
Fixed 19250 | last: HKS HIPERMAX S FK7 Full Kit -> HKS HKS HIPERMAX S FK7 Full Kit | BullStrap
  Rate limited, waiting 10s...
  Rate limited, waiting 10s...
  Rate limited, waiting 10s...
  Rate limited, waiting 10s...
  Rate limited, waiting 10s...
  Rate limited, waiting 10s...
Fixed 19300 | last: HPT 2018+ Dodge/Jeep/RAM/Chrysler Smart  -> HP Tuners HPT Dodge/Jeep/RAM/Chrysler Smart Acce | BullStrap
  Rate limited, waiting 10s...
  Rate limited, waiting 10s...
  Rate limited, waiting 10s...
  Rate limited, waiting 10s...
  Rate limited, waiting 10s...
  Rate limited, waiting 10s...
Fixed 19350 | last: Husky Liners 2015 Ford Explorer WeatherB -> Husky Liners Floor Mats | BullStrap
  Rate limited, waiting 10s...
  Rate limited, waiting 10s...
  Rate limited, waiting 10s...
  Rate limited, waiting 10s...
  Rate limited, waiting 10s...
  Rate limited, waiting 10s...
Fixed 19400 | last: Husky Liners 19-20 Honda Passport Weathe -> Husky Liners Husky Liners Honda Passport Weather | BullStrap
  Rate limited, waiting 10s...
  Rate limited, waiting 10s...
  Rate limited, waiting 10s...
  Rate limited, waiting 10s...
  Rate limited, waiting 10s...
  Rate limited, waiting 10s...
  Rate limited, waiting 10s...
  Rate limited, waiting 10s...
  Rate limited, waiting 10s...
  Rate limited, waiting 10s...
Batch done: processed 21500 | fixed 19436 | since_id 10412353847569
  Rate limited, waiting 10s...
  Rate limited, waiting 10s...
  Rate limited, waiting 10s...
  Rate limited, waiting 10s...
  Rate limited, waiting 10s...
Fixed 19450 | last: Husky Liners 15-16 Chevrolet Trax Aerosk -> Husky Liners Husky Liners Chevrolet Trax Aeroski | BullStrap
  Rate limited, waiting 10s...
  Rate limited, waiting 10s...
  Rate limited, waiting 10s...
  Rate limited, waiting 10s...
  Rate limited, waiting 10s...
  Rate limited, waiting 10s...
  Rate limited, waiting 10s...
  Rate limited, waiting 10s...
  Rate limited, waiting 10s...
  Rate limited, waiting 10s...
Fixed 19500 | last: Husky Liners 11-13 Nissan Xterra Aeroski -> Husky Liners Husky Liners Nissan Xterra Aeroskin | BullStrap
  Rate limited, waiting 10s...
  Rate limited, waiting 10s...
  Rate limited, waiting 10s...
  Rate limited, waiting 10s...
  Rate limited, waiting 10s...
  Rate limited, waiting 10s...
Fixed 19550 | last: Husky Liners 17-24 Cadillac XT5 Aeroskin -> Husky Liners Husky Liners Cadillac XT5 Aeroskin  | BullStrap
  Rate limited, waiting 10s...
  Rate limited, waiting 10s...
  Rate limited, waiting 10s...
  Rate limited, waiting 10s...
  Rate limited, waiting 10s...
  Rate limited, waiting 10s...
Fixed 19600 | last: Husky Liners 21-24 Ford Mustang Mach-E V -> Husky Liners Husky Liners Ford Mustang Mach-E Ve | BullStrap
  Rate limited, waiting 10s...
  Rate limited, waiting 10s...
  Rate limited, waiting 10s...
  Rate limited, waiting 10s...
  Rate limited, waiting 10s...
  Rate limited, waiting 10s...
Fixed 19650 | last: Husky Liners 05-11 Toyota Tacoma Aeroski -> Husky Liners Husky Liners Toyota Tacoma Aeroskin | BullStrap
  Rate limited, waiting 10s...
  Rate limited, waiting 10s...
  Rate limited, waiting 10s...
Batch done: processed 21750 | fixed 19675 | since_id 10412364169489
  Rate limited, waiting 10s...
  Rate limited, waiting 10s...
Fixed 19700 | last: Husky Liners 80-91 Chevy Blazer/GMC Jimm -> Husky Liners Floor Mats 80-91 | BullStrap
  Rate limited, waiting 10s...
  Rate limited, waiting 10s...
  Rate limited, waiting 10s...
  Rate limited, waiting 10s...
  Rate limited, waiting 10s...
  Rate limited, waiting 10s...
Fixed 19750 | last: Husky Liners 2022 Jeep Grand Cherokee X- -> Husky Liners Floor Mats | BullStrap
  Rate limited, waiting 10s...
  Rate limited, waiting 10s...
  Rate limited, waiting 10s...
  Rate limited, waiting 10s...
  Rate limited, waiting 10s...
  Rate limited, waiting 10s...
  Rate limited, waiting 10s...
  Rate limited, waiting 10s...
  Rate limited, waiting 10s...
Fixed 19800 | last: Husky Liners 21-22 Hyundai Santa Fe X-Ac -> Husky Liners Floor Mats 21-22 | BullStrap
  Rate limited, waiting 10s...
  Rate limited, waiting 10s...
  Rate limited, waiting 10s...
  Rate limited, waiting 10s...
  Rate limited, waiting 10s...
  Rate limited, waiting 10s...
Fixed 19850 | last: Husky Liners 15 Chevrolet Silverado 3500 -> Husky Liners Husky Liners 15 Chevrolet Silverado | BullStrap
  Rate limited, waiting 10s...
  Rate limited, waiting 10s...
  Rate limited, waiting 10s...
  Rate limited, waiting 10s...
  Rate limited, waiting 10s...
  Rate limited, waiting 10s...
  Rate limited, waiting 10s...
Fixed 19900 | last: Husky Liners 98-01 Dodge Ram 1500/2500/3 -> Husky Liners Floor Mats 98-01 | BullStrap
  Rate limited, waiting 10s...
Batch done: processed 22000 | fixed 19914 | since_id 10412381372689
  Rate limited, waiting 10s...
  Rate limited, waiting 10s...
  Rate limited, waiting 10s...
  Rate limited, waiting 10s...
Fixed 19950 | last: Husky Liners 2011 Infiniti QX56 WeatherB -> Husky Liners Floor Mats | BullStrap
  Rate limited, waiting 10s...
  Rate limited, waiting 10s...
  Rate limited, waiting 10s...
  Rate limited, waiting 10s...
  Rate limited, waiting 10s...
  Rate limited, waiting 10s...
  Rate limited, waiting 10s...
Fixed 20000 | last: Husky Liners 2012.5 Ford SD Crew Cab Wea -> Husky Liners Floor Mats | BullStrap
  Rate limited, waiting 10s...
  Rate limited, waiting 10s...
  Rate limited, waiting 10s...
  Rate limited, waiting 10s...
  Rate limited, waiting 10s...
  Rate limited, waiting 10s...
Fixed 20050 | last: ICON 2014+ Ram 2500 2in Rear Performance -> ICON ICON Ram 2500 2in Rear Performance Spring K | BullStrap
  Rate limited, waiting 10s...
  Rate limited, waiting 10s...
  Rate limited, waiting 10s...
  Rate limited, waiting 10s...
  Rate limited, waiting 10s...
  Rate limited, waiting 10s...
Fixed 20100 | last: ICON 2021+ Ford Bronco Tie Rod Kit -> ICON ICON Ford Bronco Tie Rod Kit | BullStrap
  Rate limited, waiting 10s...
  Rate limited, waiting 10s...
  Rate limited, waiting 10s...
  Rate limited, waiting 10s...
  Rate limited, waiting 10s...
  Rate limited, waiting 10s...
Fixed 20150 | last: ICON 2010+ Lexus GX460/GX470 Rear Coilov -> ICON Coilovers 2010+ | BullStrap
Batch done: processed 22250 | fixed 20151 | since_id 10412408963345
  Rate limited, waiting 10s...
  Rate limited, waiting 10s...
  Rate limited, waiting 10s...
  Rate limited, waiting 10s...
  Rate limited, waiting 10s...
  Rate limited, waiting 10s...
Fixed 20200 | last: ICON 07-09 Toyota FJ / 03-09 Toyota 4Run -> ICON Coilovers 07-09 | BullStrap
  Rate limited, waiting 10s...
  Rate limited, waiting 10s...
  Rate limited, waiting 10s...
  Rate limited, waiting 10s...
  Rate limited, waiting 10s...
  Rate limited, waiting 10s...
Fixed 20250 | last: ICON 2005+ Ford F-250/F-350 2.5 Centerli -> ICON ICON Ford F-250/F-350 2.5 Centerline Steeri | BullStrap
  Rate limited, waiting 10s...
  Rate limited, waiting 10s...
  Rate limited, waiting 10s...
  Rate limited, waiting 10s...
  Rate limited, waiting 10s...
  Rate limited, waiting 10s...
Fixed 20300 | last: ICON 2021+ Ram TRX 2in Lift Spacer Kit -> ICON ICON Ram TRX 2in Lift Spacer Kit | BullStrap
  Rate limited, waiting 10s...
  Rate limited, waiting 10s...
  Rate limited, waiting 10s...
  Rate limited, waiting 10s...
  Rate limited, waiting 10s...
  Rate limited, waiting 10s...
Fixed 20350 | last: Injector Dynamics ID1050X Injectors 14mm -> Injector Dynamics Injector Dynamics ID1050X Inje | BullStrap
  Rate limited, waiting 10s...
  Rate limited, waiting 10s...
  Rate limited, waiting 10s...
  Rate limited, waiting 10s...
  Rate limited, waiting 10s...
Batch done: processed 22500 | fixed 20385 | since_id 10412432523537
  Rate limited, waiting 10s...
Fixed 20400 | last: Injector Dynamics 2600-XDS Injectors - 4 -> Injector Dynamics Injector Dynamics 2600-XDS Inj | BullStrap
  Rate limited, waiting 10s...
  Rate limited, waiting 10s...
  Rate limited, waiting 10s...
  Rate limited, waiting 10s...
  Rate limited, waiting 10s...
  Rate limited, waiting 10s...
Fixed 20450 | last: Injen 10-21 Toyota 4Runner Evolution Col -> Injen Air Intake 10-21 | BullStrap
  Rate limited, waiting 10s...
  Rate limited, waiting 10s...
  Rate limited, waiting 10s...
  Rate limited, waiting 10s...
  Rate limited, waiting 10s...
  Rate limited, waiting 10s...
  Rate limited, waiting 10s...
Fixed 20500 | last: Injen 97-01 Prelude Black Short Ram Inta -> Injen Injen Prelude Black Short Ram Intake | BullStrap
  Rate limited, waiting 10s...
  Rate limited, waiting 10s...
  Rate limited, waiting 10s...
  Rate limited, waiting 10s...
  Rate limited, waiting 10s...
  Rate limited, waiting 10s...
Fixed 20550 | last: Injen 97-01 Prelude Polished Cold Air In -> Injen Air Intake 97-01 | BullStrap
  Rate limited, waiting 10s...
  Rate limited, waiting 10s...
  Rate limited, waiting 10s...
  Rate limited, waiting 10s...
  Rate limited, waiting 10s...
  Rate limited, waiting 10s...
Fixed 20600 | last: Injen 2018+ Kia Stinger L4-2.0L Turbo SP -> Injen Air Intake 2018+ | BullStrap
  Rate limited, waiting 10s...
  Rate limited, waiting 10s...
  Rate limited, waiting 10s...
Batch done: processed 22750 | fixed 20620 | since_id 10412453921041
  Rate limited, waiting 10s...
  Rate limited, waiting 10s...
  Rate limited, waiting 10s...
Fixed 20650 | last: Injen 2007-09 Sentra SER V-Spec 2.5L 4 C -> Injen Air Intake 2007-09 | BullStrap
  Rate limited, waiting 10s...
  Rate limited, waiting 10s...
  Rate limited, waiting 10s...
  Rate limited, waiting 10s...
  Rate limited, waiting 10s...
  Rate limited, waiting 10s...
  Rate limited, waiting 10s...
Fixed 20700 | last: Injen 16-18 Audi A6 2.0L Turbo Polished  -> Injen Air Intake 16-18 | BullStrap
  Rate limited, waiting 10s...
  Rate limited, waiting 10s...
  Rate limited, waiting 10s...
  Rate limited, waiting 10s...
  Rate limited, waiting 10s...
  Rate limited, waiting 10s...
Fixed 20750 | last: Innovate LM-2 Pro-V Dual Channel Wideban -> Innovate Motorsports Innovate LM-2 Pro-V Dual Ch | BullStrap
  Rate limited, waiting 10s...
  Rate limited, waiting 10s...
  Rate limited, waiting 10s...
  Rate limited, waiting 10s...
  Rate limited, waiting 10s...
  Rate limited, waiting 10s...
Fixed 20800 | last: Innovative 04-08 Acura TL V6 Replacement -> Innovative Mounts Innovative Acura TL V6 Replace | BullStrap
  Rate limited, waiting 10s...
  Rate limited, waiting 10s...
  Rate limited, waiting 10s...
  Rate limited, waiting 10s...
  Rate limited, waiting 10s...
  Rate limited, waiting 10s...
Fixed 20850 | last: Invidia 15+ Mazda MX-5 GT Titanium Tip C -> Invidia Exhaust | BullStrap
  Rate limited, waiting 10s...
Batch done: processed 23000 | fixed 20853 | since_id 10412476596497
  Rate limited, waiting 10s...
  Rate limited, waiting 10s...
  Rate limited, waiting 10s...
  Rate limited, waiting 10s...
  Rate limited, waiting 10s...
Fixed 20900 | last: ISR Performance Brake Line Kit - 09-10 N -> ISR Performance ISR Performance Brake Line Kit - | BullStrap
  Rate limited, waiting 10s...
  Rate limited, waiting 10s...
  Rate limited, waiting 10s...
  Rate limited, waiting 10s...
  Rate limited, waiting 10s...
  Rate limited, waiting 10s...
Fixed 20950 | last: J&L 2015-2024 Ford Edge Sport/ST Passeng -> J&L J&L Ford Edge Sport/ST Passenger Side Oil Se | BullStrap
  Rate limited, waiting 10s...
  Rate limited, waiting 10s...
  Rate limited, waiting 10s...
  Rate limited, waiting 10s...
  Rate limited, waiting 10s...
  Rate limited, waiting 10s...
  Rate limited, waiting 10s...
Fixed 21000 | last: J&amp;L 2025-2026 Ram 1500 3.0; 22-25 Je -> J&L J&amp;L Ram 1500 3.0; Jeep Wagoneer 3.0 Sepa | BullStrap
  Rate limited, waiting 10s...
  Rate limited, waiting 10s...
  Rate limited, waiting 10s...
  Rate limited, waiting 10s...
  Rate limited, waiting 10s...
  Rate limited, waiting 10s...
Fixed 21050 | last: JBA 10-20 Chevrolet Camaro 6.2L Ignition -> JBA JBA Chevrolet Camaro 6.2L Ignition Wires - R | BullStrap
  Rate limited, waiting 10s...
  Rate limited, waiting 10s...
  Rate limited, waiting 10s...
  Rate limited, waiting 10s...
  Rate limited, waiting 10s...
Batch done: processed 23250 | fixed 21090 | since_id 10412499992849
  Rate limited, waiting 10s...
Fixed 21100 | last: JE Pistons Ring Sets 1.0-1.2-2.8-85.49 -> JE Pistons JE Pistons Ring Sets 1.0-1.2-2.8-85.4 | BullStrap
  Rate limited, waiting 10s...
  Rate limited, waiting 10s...
  Rate limited, waiting 10s...
  Rate limited, waiting 10s...
  Rate limited, waiting 10s...
  Rate limited, waiting 10s...
Fixed 21150 | last: K&N 09-21 Dodge Ram 1500 V8 5.7L Perform -> K&N Engineering K&N Dodge Ram 1500 V8 5.7L Perfo | BullStrap
  Rate limited, waiting 10s...
  Rate limited, waiting 10s...
  Rate limited, waiting 10s...
  Rate limited, waiting 10s...
  Rate limited, waiting 10s...
  Rate limited, waiting 10s...
Fixed 21200 | last: K&N 99-00 Mercedes Benz CLK430 4.3L-V8 D -> K&N Engineering Air Filter 99-00 | BullStrap
  Rate limited, waiting 10s...
  Rate limited, waiting 10s...
  Rate limited, waiting 10s...
  Rate limited, waiting 10s...
  Rate limited, waiting 10s...
  Rate limited, waiting 10s...
Fixed 21250 | last: K&N 09-13 Ford F150 / 08-13 F250/F350/45 -> K&N Engineering Air Filter 09-13 | BullStrap
  Rate limited, waiting 10s...
  Rate limited, waiting 10s...
  Rate limited, waiting 10s...
  Rate limited, waiting 10s...
  Rate limited, waiting 10s...
  Rate limited, waiting 10s...
  Rate limited, waiting 10s...
Fixed 21300 | last: K&N 78-95 Porsche 928 Drop In Air Filter -> K&N Engineering Air Filter 78-95 | BullStrap
  Rate limited, waiting 10s...
  Rate limited, waiting 10s...
  Rate limited, waiting 10s...
Batch done: processed 23500 | fixed 21322 | since_id 10412518932753
  Rate limited, waiting 10s...
  Rate limited, waiting 10s...
  Rate limited, waiting 10s...
Fixed 21350 | last: K&N 2019 BMW X5 M50D L6-3.0L DSL Turbo R -> K&N Engineering Air Filter | BullStrap
  Rate limited, waiting 10s...
  Rate limited, waiting 10s...
  Rate limited, waiting 10s...
  Rate limited, waiting 10s...
  Rate limited, waiting 10s...
  Rate limited, waiting 10s...
Fixed 21400 | last: K&N 20-21 Buick Encore GX L3-1.2L F/I Re -> K&N Engineering Air Filter 20-21 | BullStrap
  Rate limited, waiting 10s...
  Rate limited, waiting 10s...
  Rate limited, waiting 10s...
  Rate limited, waiting 10s...
  Rate limited, waiting 10s...
  Rate limited, waiting 10s...
Fixed 21450 | last: K&N 00-04 Dodge Dakota/Durango V8-4.7L P -> K&N Engineering Air Intake 00-04 | BullStrap
  Rate limited, waiting 10s...
  Rate limited, waiting 10s...
  Rate limited, waiting 10s...
  Rate limited, waiting 10s...
  Rate limited, waiting 10s...
  Rate limited, waiting 10s...
Fixed 21500 | last: K&N 2015-2016 Ford Expedition/15-16 Linc -> K&N Engineering Air Intake 2015-2016 | BullStrap
  Rate limited, waiting 10s...
  Rate limited, waiting 10s...
  Rate limited, waiting 10s...
  Rate limited, waiting 10s...
  Rate limited, waiting 10s...
  Rate limited, waiting 10s...
  Rate limited, waiting 10s...
Fixed 21550 | last: K&N 00-01 Toyota Tundra V8-4.7L Performa -> K&N Engineering Air Intake 00-01 | BullStrap
Batch done: processed 23750 | fixed 21555 | since_id 10412535709969
  Rate limited, waiting 10s...
  Rate limited, waiting 10s...
  Rate limited, waiting 10s...
  Rate limited, waiting 10s...
  Rate limited, waiting 10s...
Fixed 21600 | last: K&N 13-18 Ram 2500/3500 63 Series Air In -> K&N Engineering Air Intake 13-18 | BullStrap
  Rate limited, waiting 10s...
  Rate limited, waiting 10s...
  Rate limited, waiting 10s...
  Rate limited, waiting 10s...
  Rate limited, waiting 10s...
  Rate limited, waiting 10s...
  Rate limited, waiting 10s...
Fixed 21650 | last: K&N 12 Toyota Tundra 5.7L V8 AirCharger  -> K&N Engineering K&N 12 Toyota Tundra 5.7L V8 Air | BullStrap
  Rate limited, waiting 10s...
  Rate limited, waiting 10s...
  Rate limited, waiting 10s...
  Rate limited, waiting 10s...
  Rate limited, waiting 10s...
  Rate limited, waiting 10s...
Fixed 21700 | last: K&N 10 Camaro 3.6L V6 Typhoon Intake -> K&N Engineering K&N 10 Camaro 3.6L V6 Typhoon In | BullStrap
  Rate limited, waiting 10s...
  Rate limited, waiting 10s...
  Rate limited, waiting 10s...
  Rate limited, waiting 10s...
  Rate limited, waiting 10s...
  Rate limited, waiting 10s...
Fixed 21750 | last: K&N 05-10 Pontiac G6 3.5L Typhoon Intake -> K&N Engineering K&N Pontiac G6 3.5L Typhoon Inta | BullStrap
  Rate limited, waiting 10s...
  Rate limited, waiting 10s...
  Rate limited, waiting 10s...
  Rate limited, waiting 10s...
  Rate limited, waiting 10s...
Batch done: processed 24000 | fixed 21790 | since_id 10412552290577
  Rate limited, waiting 10s...
Fixed 21800 | last: K&N 2021+ Ford Bronco V6-2.7L Charge Pip -> K&N Engineering K&N Ford Bronco V6-2.7L Charge P | BullStrap
  Rate limited, waiting 10s...
  Rate limited, waiting 10s...
  Rate limited, waiting 10s...
  Rate limited, waiting 10s...
  Rate limited, waiting 10s...
  Rate limited, waiting 10s...
Fixed 21850 | last: K&N 2016 Toyota Tacoma 3.5L-V6 High Flow -> K&N Engineering K&N 2016 Toyota Tacoma 3.5L-V6 H | BullStrap
  Rate limited, waiting 10s...
  Rate limited, waiting 10s...
  Rate limited, waiting 10s...
  Rate limited, waiting 10s...
  Rate limited, waiting 10s...
  Rate limited, waiting 10s...
  Rate limited, waiting 10s...
Fixed 21900 | last: K&N 07-12 Ducati 1098/1098S/1098R/848 84 -> K&N Engineering Air Filter 07-12 | BullStrap
  Rate limited, waiting 10s...
  Rate limited, waiting 10s...
  Rate limited, waiting 10s...
  Rate limited, waiting 10s...
  Rate limited, waiting 10s...
  Rate limited, waiting 10s...
Fixed 21950 | last: K&N Replacement Air Filter 85-93 Suzuki  -> K&N Engineering Air Filter 85-93 | BullStrap
  Rate limited, waiting 10s...
  Rate limited, waiting 10s...
  Rate limited, waiting 10s...
  Rate limited, waiting 10s...
  Rate limited, waiting 10s...
  Rate limited, waiting 10s...
Fixed 22000 | last: K&N 10-12 Harley-Davidson FLHXSE/FLSTSE  -> K&N Engineering Air Filter 10-12 | BullStrap
  Rate limited, waiting 10s...
  Rate limited, waiting 10s...
  Rate limited, waiting 10s...
Batch done: processed 24250 | fixed 22026 | since_id 10412573065489
  Rate limited, waiting 10s...
  Rate limited, waiting 10s...
  Rate limited, waiting 10s...
Fixed 22050 | last: K&N 06-11 Kawasaki VN900 Vulcan Classic/ -> K&N Engineering Air Filter 06-11 | BullStrap
  Rate limited, waiting 10s...
  Rate limited, waiting 10s...
  Rate limited, waiting 10s...
  Rate limited, waiting 10s...
  Rate limited, waiting 10s...
  Rate limited, waiting 10s...
Fixed 22100 | last: K&N 11-16 Ford 6.7L V8 Fuel Filter -> K&N Engineering K&N Ford 6.7L V8 Fuel Filter | BullStrap
  Rate limited, waiting 10s...
  Rate limited, waiting 10s...
  Rate limited, waiting 10s...
  Rate limited, waiting 10s...
  Rate limited, waiting 10s...
  Rate limited, waiting 10s...
Fixed 22150 | last: K&N Round Tapered Drycharger Air Filter  -> K&N Engineering Air Filter | BullStrap
  Rate limited, waiting 10s...
  Rate limited, waiting 10s...
  Rate limited, waiting 10s...
  Rate limited, waiting 10s...
  Rate limited, waiting 10s...
  Rate limited, waiting 10s...
  Rate limited, waiting 10s...
Fixed 22200 | last: K&N Filter Universal Rubber Filter 3 1/2 -> K&N Engineering K&N Filter Universal Rubber Filt | BullStrap
  Rate limited, waiting 10s...
  Rate limited, waiting 10s...
  Rate limited, waiting 10s...
  Rate limited, waiting 10s...
  Rate limited, waiting 10s...
  Rate limited, waiting 10s...
Fixed 22250 | last: K&N 08-09 Suzuki GSX1300R Hayabusa Repla -> K&N Engineering Air Filter 08-09 | BullStrap
  Rate limited, waiting 10s...
Batch done: processed 24500 | fixed 22259 | since_id 10412596953361
  Rate limited, waiting 10s...
  Rate limited, waiting 10s...
  Rate limited, waiting 10s...
  Rate limited, waiting 10s...
  Rate limited, waiting 10s...
Fixed 22300 | last: K&N 17-23 Tesla 3 / 20-23 Tesla Y Cabin  -> K&N Engineering Air Filter 17-23 | BullStrap
  Rate limited, waiting 10s...
  Rate limited, waiting 10s...
  Rate limited, waiting 10s...
  Rate limited, waiting 10s...
  Rate limited, waiting 10s...
  Rate limited, waiting 10s...
Fixed 22350 | last: Kartboy 02-14 Subaru WRX/WRX STi Sedan/0 -> Kartboy Kartboy Subaru WRX/WRX STi Sedan/ Subaru | BullStrap
  Rate limited, waiting 10s...
  Rate limited, waiting 10s...
  Rate limited, waiting 10s...
  Rate limited, waiting 10s...
  Rate limited, waiting 10s...
  Rate limited, waiting 10s...
Fixed 22400 | last: KC HiLiTES 10-18 Jeep JK 4in. Gravity G4 -> KC HiLiTES KC HiLiTES Jeep JK 4in. Gravity G4 LE | BullStrap
  Rate limited, waiting 10s...
  Rate limited, waiting 10s...
  Rate limited, waiting 10s...
  Rate limited, waiting 10s...
  Rate limited, waiting 10s...
  Rate limited, waiting 10s...
Fixed 22450 | last: KC HiLiTES Gravity Titan LED Light Bar - -> KC HiLiTES KC HiLiTES Gravity Titan LED Light Ba | BullStrap
  Rate limited, waiting 10s...
  Rate limited, waiting 10s...
  Rate limited, waiting 10s...
  Rate limited, waiting 10s...
  Rate limited, waiting 10s...
  Rate limited, waiting 10s...
Batch done: processed 24750 | fixed 22496 | since_id 10412633686289
Fixed 22500 | last: Kenda TR-6 Tire Tube - 24x9-11 77505212 -> Kenda Kenda TR-6 Tire Tube - 24x9-11 77505212 | BullStrap
  Rate limited, waiting 10s...
  Rate limited, waiting 10s...
  Rate limited, waiting 10s...
  Rate limited, waiting 10s...
  Rate limited, waiting 10s...
  Rate limited, waiting 10s...
Fixed 22550 | last: King Engine Bearings BMW N55B30A Rod Bea -> King Engine Bearings King Engine Bearings BMW N5 | BullStrap
  Rate limited, waiting 10s...
  Rate limited, waiting 10s...
  Rate limited, waiting 10s...
  Rate limited, waiting 10s...
  Rate limited, waiting 10s...
  Rate limited, waiting 10s...
  Rate limited, waiting 10s...
Fixed 22600 | last: King Engine Bearings Mini Cooper S/Coope -> King Engine Bearings King Engine Bearings Mini C | BullStrap
  Rate limited, waiting 10s...
  Rate limited, waiting 10s...
  Rate limited, waiting 10s...
  Rate limited, waiting 10s...
  Rate limited, waiting 10s...
  Rate limited, waiting 10s...
Fixed 22650 | last: King Engine Bearings BMW S54B32 3.2L Coa -> King Engine Bearings King Engine Bearings BMW S5 | BullStrap
  Rate limited, waiting 10s...
  Rate limited, waiting 10s...
  Rate limited, waiting 10s...
  Rate limited, waiting 10s...
  Rate limited, waiting 10s...
  Rate limited, waiting 10s...
Fixed 22700 | last: King Engine Bearings VM Motori A630/L630 -> King Engine Bearings King Engine Bearings VM Mot | BullStrap
  Rate limited, waiting 10s...
  Rate limited, waiting 10s...
  Rate limited, waiting 10s...
Batch done: processed 25000 | fixed 22728 | since_id 10412662685969
  Rate limited, waiting 10s...
  Rate limited, waiting 10s...
  Rate limited, waiting 10s...
Fixed 22750 | last: King Engine Bearings 2007+ Mitsubishi 4B -> King Engine Bearings King Engine Bearings Mitsub | BullStrap
  Rate limited, waiting 10s...
  Rate limited, waiting 10s...
  Rate limited, waiting 10s...
  Rate limited, waiting 10s...
  Rate limited, waiting 10s...
  Rate limited, waiting 10s...
  Rate limited, waiting 10s...
  Rate limited, waiting 10s...
  Rate limited, waiting 10s...
  Rate limited, waiting 10s...
  Rate limited, waiting 10s...
  Rate limited, waiting 10s...
  Rate limited, waiting 10s...
  Rate limited, waiting 10s...
  Rate limited, waiting 10s...
  Rate limited, waiting 10s...
  Rate limited, waiting 10s...
  Rate limited, waiting 10s...
  Rate limited, waiting 10s...
  Rate limited, waiting 10s...
  Rate limited, waiting 10s...
  Rate limited, waiting 10s...
  Rate limited, waiting 10s...
  Rate limited, waiting 10s...
Fixed 22800 | last: King Engine Bearings Toyota 5ME/5MGE/7MG -> King Engine Bearings King Engine Bearings Toyota | BullStrap
  Rate limited, waiting 10s...
  Rate limited, waiting 10s...
  Rate limited, waiting 10s...
  Rate limited, waiting 10s...
  Rate limited, waiting 10s...
  Rate limited, waiting 10s...
  Rate limited, waiting 10s...
  Rate limited, waiting 10s...
  Rate limited, waiting 10s...
  Rate limited, waiting 10s...
  Rate limited, waiting 10s...
  Rate limited, waiting 10s...
  Rate limited, waiting 10s...
  Rate limited, waiting 10s...
  Rate limited, waiting 10s...
  Rate limited, waiting 10s...
  Rate limited, waiting 10s...
  Rate limited, waiting 10s...
  Rate limited, waiting 10s...
  Rate limited, waiting 10s...
  Rate limited, waiting 10s...
  Rate limited, waiting 10s...
  Rate limited, waiting 10s...
  Rate limited, waiting 10s...
  Rate limited, waiting 10s...
  Rate limited, waiting 10s...
  Rate limited, waiting 10s...
  Rate limited, waiting 10s...
  Rate limited, waiting 10s...
  Rate limited, waiting 10s...
Fixed 22850 | last: King Shocks 2015+ Ford F150 2WD Front 2. -> King Shocks Coilovers 2015+ | BullStrap
  Rate limited, waiting 10s...
  Rate limited, waiting 10s...
  Rate limited, waiting 10s...
  Rate limited, waiting 10s...
  Rate limited, waiting 10s...
  Rate limited, waiting 10s...
  Rate limited, waiting 10s...
  Rate limited, waiting 10s...
  Rate limited, waiting 10s...
  Rate limited, waiting 10s...
  Rate limited, waiting 10s...
  Rate limited, waiting 10s...
  Rate limited, waiting 10s...
  Rate limited, waiting 10s...
  Rate limited, waiting 10s...
  Rate limited, waiting 10s...
  Rate limited, waiting 10s...
  Rate limited, waiting 10s...
  Rate limited, waiting 10s...
  Rate limited, waiting 10s...
  Rate limited, waiting 10s...
  Rate limited, waiting 10s...
  Rate limited, waiting 10s...
  Rate limited, waiting 10s...
  Rate limited, waiting 10s...
  Rate limited, waiting 10s...
  Rate limited, waiting 10s...
Fixed 22900 | last: Koni 1145 Sport Kit 10-13 Mazdaspeed3 -> KONI Koni 1145 Sport Kit Mazdaspeed3 | BullStrap
  Rate limited, waiting 10s...
  Rate limited, waiting 10s...
  Rate limited, waiting 10s...
  Rate limited, waiting 10s...
  Rate limited, waiting 10s...
  Rate limited, waiting 10s...
  Rate limited, waiting 10s...
  Rate limited, waiting 10s...
  Rate limited, waiting 10s...
  Rate limited, waiting 10s...
  Rate limited, waiting 10s...
  Rate limited, waiting 10s...
  Rate limited, waiting 10s...
Batch done: processed 25250 | fixed 22942 | since_id 10412692504849
  Rate limited, waiting 10s...
  Rate limited, waiting 10s...
  Rate limited, waiting 10s...
  Rate limited, waiting 10s...
  Rate limited, waiting 10s...
  Rate limited, waiting 10s...
  Rate limited, waiting 10s...
  Rate limited, waiting 10s...
Fixed 22950 | last: Koni STR.T (Orange) Shock 98-00 Audi A6  -> KONI Shocks 98-00 | BullStrap
  Rate limited, waiting 10s...
  Rate limited, waiting 10s...
  Rate limited, waiting 10s...
  Rate limited, waiting 10s...
  Rate limited, waiting 10s...
  Rate limited, waiting 10s...
  Rate limited, waiting 10s...
  Rate limited, waiting 10s...
  Rate limited, waiting 10s...
  Rate limited, waiting 10s...
  Rate limited, waiting 10s...
  Rate limited, waiting 10s...
  Rate limited, waiting 10s...
  Rate limited, waiting 10s...
  Rate limited, waiting 10s...
  Rate limited, waiting 10s...
  Rate limited, waiting 10s...
  Rate limited, waiting 10s...
  Rate limited, waiting 10s...
  Rate limited, waiting 10s...
  Rate limited, waiting 10s...
  Rate limited, waiting 10s...
  Rate limited, waiting 10s...
  Rate limited, waiting 10s...
  Rate limited, waiting 10s...
  Rate limited, waiting 10s...
  Rate limited, waiting 10s...
  Rate limited, waiting 10s...
  Rate limited, waiting 10s...
  Rate limited, waiting 10s...
  Rate limited, waiting 10s...
  Rate limited, waiting 10s...
Fixed 23000 | last: Koni Special Active Shock FSD 97-03 BMW  -> KONI Shocks 97-03 | BullStrap
  Rate limited, waiting 10s...
  Rate limited, waiting 10s...
  Rate limited, waiting 10s...
  Rate limited, waiting 10s...
  Rate limited, waiting 10s...
  Rate limited, waiting 10s...
  Rate limited, waiting 10s...
  Rate limited, waiting 10s...
  Rate limited, waiting 10s...
  Rate limited, waiting 10s...
  Rate limited, waiting 10s...
  Rate limited, waiting 10s...
  Rate limited, waiting 10s...
  Rate limited, waiting 10s...
  Rate limited, waiting 10s...
  Rate limited, waiting 10s...
  Rate limited, waiting 10s...
  Rate limited, waiting 10s...
  Rate limited, waiting 10s...
  Rate limited, waiting 10s...
  Rate limited, waiting 10s...
  Rate limited, waiting 10s...
  Rate limited, waiting 10s...
  Rate limited, waiting 10s...
  Rate limited, waiting 10s...
  Rate limited, waiting 10s...
  Rate limited, waiting 10s...
  Rate limited, waiting 10s...
  Rate limited, waiting 10s...
  Rate limited, waiting 10s...
  Rate limited, waiting 10s...
  Rate limited, waiting 10s...
  Rate limited, waiting 10s...
Fixed 23050 | last: Koni Sport (Yellow) Shock 06-10 Volvo S8 -> KONI Shocks 06-10 | BullStrap
  Rate limited, waiting 10s...
  Rate limited, waiting 10s...
  Rate limited, waiting 10s...
  Rate limited, waiting 10s...
  Rate limited, waiting 10s...
  Rate limited, waiting 10s...
  Rate limited, waiting 10s...
  Rate limited, waiting 10s...
  Rate limited, waiting 10s...
  Rate limited, waiting 10s...
  Rate limited, waiting 10s...
  Rate limited, waiting 10s...
  Rate limited, waiting 10s...
  Rate limited, waiting 10s...
  Rate limited, waiting 10s...
  Rate limited, waiting 10s...
  Rate limited, waiting 10s...
  Rate limited, waiting 10s...
  Rate limited, waiting 10s...
  Rate limited, waiting 10s...
  Rate limited, waiting 10s...
  Rate limited, waiting 10s...
  Rate limited, waiting 10s...
  Rate limited, waiting 10s...
  Rate limited, waiting 10s...
  Rate limited, waiting 10s...
  Rate limited, waiting 10s...
  Rate limited, waiting 10s...
  Rate limited, waiting 10s...
  Rate limited, waiting 10s...
Fixed 23100 | last: Konig Hexaform 15x8 4x100 ET25 Gloss Whi -> Konig Konig Hexaform 15x8 4x100 ET25 Gloss White | BullStrap
  Rate limited, waiting 10s...
  Rate limited, waiting 10s...
  Rate limited, waiting 10s...
  Rate limited, waiting 10s...
  Rate limited, waiting 10s...
  Rate limited, waiting 10s...
  Rate limited, waiting 10s...
  Rate limited, waiting 10s...
  Rate limited, waiting 10s...
  Rate limited, waiting 10s...
  Rate limited, waiting 10s...
  Rate limited, waiting 10s...
  Rate limited, waiting 10s...
  Rate limited, waiting 10s...
  Rate limited, waiting 10s...
  Rate limited, waiting 10s...
  Rate limited, waiting 10s...
  Rate limited, waiting 10s...
  Rate limited, waiting 10s...
Batch done: processed 25500 | fixed 23149 | since_id 10412719964433
Fixed 23150 | last: Kooks Ball and Socket Bolt Kit (4 M10 x  -> Kooks Headers Kooks Ball and Socket Bolt Kit (4  | BullStrap
  Rate limited, waiting 10s...
  Rate limited, waiting 10s...
  Rate limited, waiting 10s...
  Rate limited, waiting 10s...
  Rate limited, waiting 10s...
  Rate limited, waiting 10s...
  Rate limited, waiting 10s...
  Rate limited, waiting 10s...
  Rate limited, waiting 10s...
  Rate limited, waiting 10s...
  Rate limited, waiting 10s...
  Rate limited, waiting 10s...
  Rate limited, waiting 10s...
  Rate limited, waiting 10s...
  Rate limited, waiting 10s...
  Rate limited, waiting 10s...
  Rate limited, waiting 10s...
  Rate limited, waiting 10s...
  Rate limited, waiting 10s...
  Rate limited, waiting 10s...
  Rate limited, waiting 10s...
  Rate limited, waiting 10s...
Fixed 23200 | last: Kuryakyn Trigger Lever 96-Up Cable Chrom -> Kuryakyn Kuryakyn Trigger Lever 96-Up Cable Chro | BullStrap
  Rate limited, waiting 10s...
  Rate limited, waiting 10s...
  Rate limited, waiting 10s...
  Rate limited, waiting 10s...
  Rate limited, waiting 10s...
  Rate limited, waiting 10s...
  Rate limited, waiting 10s...
  Rate limited, waiting 10s...
  Rate limited, waiting 10s...
  Rate limited, waiting 10s...
  Rate limited, waiting 10s...
  Rate limited, waiting 10s...
  Rate limited, waiting 10s...
  Rate limited, waiting 10s...
  Rate limited, waiting 10s...
  Rate limited, waiting 10s...
  Rate limited, waiting 10s...
  Rate limited, waiting 10s...
  Rate limited, waiting 10s...
  Rate limited, waiting 10s...
  Rate limited, waiting 10s...
  Rate limited, waiting 10s...
  Rate limited, waiting 10s...
  Rate limited, waiting 10s...
  Rate limited, waiting 10s...
  Rate limited, waiting 10s...
  Rate limited, waiting 10s...
  Rate limited, waiting 10s...
  Rate limited, waiting 10s...
  Rate limited, waiting 10s...
  Rate limited, waiting 10s...
  Rate limited, waiting 10s...
Fixed 23250 | last: Kuryakyn Drink Holder With Stainless Ste -> Kuryakyn Kuryakyn Drink Holder With Stainless St | BullStrap
  Rate limited, waiting 10s...
  Rate limited, waiting 10s...
  Rate limited, waiting 10s...
  Rate limited, waiting 10s...
  Rate limited, waiting 10s...
  Rate limited, waiting 10s...
  Rate limited, waiting 10s...
  Rate limited, waiting 10s...
  Rate limited, waiting 10s...
  Rate limited, waiting 10s...
  Rate limited, waiting 10s...
  Rate limited, waiting 10s...
  Rate limited, waiting 10s...
  Rate limited, waiting 10s...
  Rate limited, waiting 10s...
  Rate limited, waiting 10s...
Fixed 23300 | last: Kuryakyn Trigger Lever Set 96-Up Cable G -> Kuryakyn Kuryakyn Trigger Lever Set 96-Up Cable  | BullStrap
  Rate limited, waiting 10s...
  Rate limited, waiting 10s...
  Rate limited, waiting 10s...
  Rate limited, waiting 10s...
  Rate limited, waiting 10s...
  Rate limited, waiting 10s...
Fixed 23350 | last: Kuryakyn L.E.D. Bulb 1157 White/Amber -> Kuryakyn Kuryakyn L.E.D. Bulb 1157 White/Amber | BullStrap
  Rate limited, waiting 10s...
  Rate limited, waiting 10s...
  Rate limited, waiting 10s...
Batch done: processed 25750 | fixed 23380 | since_id 10412733825297
  Rate limited, waiting 10s...
  Rate limited, waiting 10s...
Fixed 23400 | last: Kuryakyn Trunk Keyhole Trim 01-17 GL1800 -> Kuryakyn Kuryakyn Trunk Keyhole Trim GL1800 Chro | BullStrap
  Rate limited, waiting 10s...
  Rate limited, waiting 10s...
  Rate limited, waiting 10s...
  Rate limited, waiting 10s...
  Rate limited, waiting 10s...
  Rate limited, waiting 10s...
  Rate limited, waiting 10s...
Fixed 23450 | last: Kuryakyn Universal Helmet Lock 7/8in-1-1 -> Kuryakyn Kuryakyn Universal Helmet Lock 7/8in-1- | BullStrap
  Rate limited, waiting 10s...
  Rate limited, waiting 10s...
  Rate limited, waiting 10s...
  Rate limited, waiting 10s...
  Rate limited, waiting 10s...
  Rate limited, waiting 10s...
Fixed 23500 | last: Kuryakyn Longhorn Offset Dually ISO Peg  -> Kuryakyn Kuryakyn Longhorn Offset Dually ISO Peg | BullStrap
  Rate limited, waiting 10s...
  Rate limited, waiting 10s...
  Rate limited, waiting 10s...
  Rate limited, waiting 10s...
  Rate limited, waiting 10s...
  Rate limited, waiting 10s...
Fixed 23550 | last: Kuryakyn Total Control Passing Lamp Harn -> Kuryakyn Kuryakyn Total Control Passing Lamp Har | BullStrap
  Rate limited, waiting 10s...
  Rate limited, waiting 10s...
  Rate limited, waiting 10s...
  Rate limited, waiting 10s...
  Rate limited, waiting 10s...
  Rate limited, waiting 10s...
Fixed 23600 | last: Kuryakyn Phantom Levers 18 and Up Indian -> Kuryakyn Kuryakyn Phantom Levers 18 and Up India | BullStrap
  Rate limited, waiting 10s...
  Rate limited, waiting 10s...
Batch done: processed 26000 | fixed 23618 | since_id 10412743885073
  Rate limited, waiting 10s...
  Rate limited, waiting 10s...
  Rate limited, waiting 10s...
  Rate limited, waiting 10s...
Fixed 23650 | last: Kuryakyn ISO Flame Grips Metric Chrome -> Kuryakyn Kuryakyn ISO Flame Grips Metric Chrome | BullStrap
  Rate limited, waiting 10s...
  Rate limited, waiting 10s...
  Rate limited, waiting 10s...
  Rate limited, waiting 10s...
  Rate limited, waiting 10s...
  Rate limited, waiting 10s...
Fixed 23700 | last: Kuryakyn Coolant Pump Cover Black -> Kuryakyn Kuryakyn Coolant Pump Cover Black | BullStrap
  Rate limited, waiting 10s...
  Rate limited, waiting 10s...
  Rate limited, waiting 10s...
  Rate limited, waiting 10s...
  Rate limited, waiting 10s...
  Rate limited, waiting 10s...
Fixed 23750 | last: Kuryakyn Driver Backrest 18-20 Honda GL1 -> Kuryakyn Kuryakyn Driver Backrest Honda GL1800 | BullStrap
  Rate limited, waiting 10s...
  Rate limited, waiting 10s...
  Rate limited, waiting 10s...
  Rate limited, waiting 10s...
  Rate limited, waiting 10s...
  Rate limited, waiting 10s...
Fixed 23800 | last: Kuryakyn Fork Skins For 04-Up XL Chrome -> Kuryakyn Kuryakyn Fork Skins For 04-Up XL Chrome | BullStrap
  Rate limited, waiting 10s...
  Rate limited, waiting 10s...
  Rate limited, waiting 10s...
  Rate limited, waiting 10s...
  Rate limited, waiting 10s...
  Rate limited, waiting 10s...
  Rate limited, waiting 10s...
Fixed 23850 | last: Kuryakyn Trident Large Peg With Male Ada -> Kuryakyn Kuryakyn Trident Large Peg With Male Ad | BullStrap
Batch done: processed 26250 | fixed 23855 | since_id 10412756205841
  Rate limited, waiting 10s...
  Rate limited, waiting 10s...
  Rate limited, waiting 10s...
  Rate limited, waiting 10s...
  Rate limited, waiting 10s...
  Rate limited, waiting 10s...
Fixed 23900 | last: Kuryakyn Transmission Shroud 07-17 Softa -> Kuryakyn Kuryakyn Transmission Shroud Softail -  | BullStrap
  Rate limited, waiting 10s...
  Rate limited, waiting 10s...
  Rate limited, waiting 10s...
  Rate limited, waiting 10s...
  Rate limited, waiting 10s...
  Rate limited, waiting 10s...
Fixed 23950 | last: Kuryakyn Replacement Pads For 8044 -> Kuryakyn Kuryakyn Replacement Pads For 8044 | BullStrap
  Rate limited, waiting 10s...
  Rate limited, waiting 10s...
  Rate limited, waiting 10s...
  Rate limited, waiting 10s...
  Rate limited, waiting 10s...
  Rate limited, waiting 10s...
Fixed 24000 | last: Kuryakyn Splined Peg Adapter Honda Front -> Kuryakyn Kuryakyn Splined Peg Adapter Honda Fron | BullStrap
  Rate limited, waiting 10s...
  Rate limited, waiting 10s...
  Rate limited, waiting 10s...
  Rate limited, waiting 10s...
  Rate limited, waiting 10s...
  Rate limited, waiting 10s...
Fixed 24050 | last: Kuryakyn Fender Tip Front Leading Edge 9 -> Kuryakyn Kuryakyn Fender Tip Front Leading Edge  | BullStrap
  Rate limited, waiting 10s...
  Rate limited, waiting 10s...
  Rate limited, waiting 10s...
  Rate limited, waiting 10s...
  Rate limited, waiting 10s...
Batch done: processed 26500 | fixed 24087 | since_id 10412774818065
  Rate limited, waiting 10s...
Fixed 24100 | last: KW Coilover Kit V1 Audi Q5 (8R); all mod -> KW Coilovers | BullStrap
  Rate limited, waiting 10s...
  Rate limited, waiting 10s...
  Rate limited, waiting 10s...
  Rate limited, waiting 10s...
  Rate limited, waiting 10s...
  Rate limited, waiting 10s...
  Rate limited, waiting 10s...
Fixed 24150 | last: KW Coilover Kit V3 Acura NSX; (NA1) -> KW Coilovers | BullStrap
  Rate limited, waiting 10s...
  Rate limited, waiting 10s...
  Rate limited, waiting 10s...
  Rate limited, waiting 10s...
  Rate limited, waiting 10s...
  Rate limited, waiting 10s...
Fixed 24200 | last: KYB Shocks & Struts Excel-G Front Right  -> KYB Shocks 1998-02 | BullStrap
  Rate limited, waiting 10s...
  Rate limited, waiting 10s...
  Rate limited, waiting 10s...
  Rate limited, waiting 10s...
  Rate limited, waiting 10s...
  Rate limited, waiting 10s...
Fixed 24250 | last: KYB Shocks & Struts Excel-G Rear 04-08 A -> KYB Shocks 04-08 | BullStrap
  Rate limited, waiting 10s...
  Rate limited, waiting 10s...
  Rate limited, waiting 10s...
  Rate limited, waiting 10s...
  Rate limited, waiting 10s...
  Rate limited, waiting 10s...
Fixed 24300 | last: KYB Shocks & Struts Excel-G Rear CHEVROL -> KYB Shocks 1969-72 | BullStrap
  Rate limited, waiting 10s...
  Rate limited, waiting 10s...
  Rate limited, waiting 10s...
Batch done: processed 26750 | fixed 24322 | since_id 10412846350609
  Rate limited, waiting 10s...
  Rate limited, waiting 10s...
  Rate limited, waiting 10s...
Fixed 24350 | last: KYB Shocks & Struts Gas-A-Just Rear 13-2 -> KYB Shocks 13-20 | BullStrap
  Rate limited, waiting 10s...
  Rate limited, waiting 10s...
  Rate limited, waiting 10s...
  Rate limited, waiting 10s...
  Rate limited, waiting 10s...
  Rate limited, waiting 10s...
Fixed 24400 | last: KYB Shocks & Struts Strut Boots Front 02 -> KYB Shocks 02-09 | BullStrap
  Rate limited, waiting 10s...
  Rate limited, waiting 10s...
  Rate limited, waiting 10s...
  Rate limited, waiting 10s...
  Rate limited, waiting 10s...
  Rate limited, waiting 10s...
Fixed 24450 | last: KYB Shocks & Struts Strut-Plus Front Rig -> KYB Shocks 12-14 | BullStrap
  Rate limited, waiting 10s...
  Rate limited, waiting 10s...
  Rate limited, waiting 10s...
  Rate limited, waiting 10s...
  Rate limited, waiting 10s...
  Rate limited, waiting 10s...
  Rate limited, waiting 10s...
Fixed 24500 | last: Letric Lighting Tour-Pak Side Marker LED -> Letric Lighting Letric Lighting Tour-Pak Side Ma | BullStrap
  Rate limited, waiting 10s...
  Rate limited, waiting 10s...
  Rate limited, waiting 10s...
  Rate limited, waiting 10s...
  Rate limited, waiting 10s...
  Rate limited, waiting 10s...
Fixed 24550 | last: Lund 99-17 Chevy Silverado 1500 Std. Cab -> LUND Lund Chevy Silverado 1500 Std. Cab (Body Mo | BullStrap
  Rate limited, waiting 10s...
Batch done: processed 27000 | fixed 24561 | since_id 10412877938961
  Rate limited, waiting 10s...
  Rate limited, waiting 10s...
  Rate limited, waiting 10s...
  Rate limited, waiting 10s...
  Rate limited, waiting 10s...
Fixed 24600 | last: Lund 07-17 Chevy Silverado 1500 Bull Bar -> LUND Lund Chevy Silverado 1500 Bull Bar w/Light  | BullStrap
  Rate limited, waiting 10s...
  Rate limited, waiting 10s...
  Rate limited, waiting 10s...
  Rate limited, waiting 10s...
  Rate limited, waiting 10s...
  Rate limited, waiting 10s...
Fixed 24650 | last: MagnaFlow Muffler Mag SS 14X6X6 3/3 C/C -> Magnaflow Exhaust | BullStrap
  Rate limited, waiting 10s...
  Rate limited, waiting 10s...
  Rate limited, waiting 10s...
  Rate limited, waiting 10s...
  Rate limited, waiting 10s...
  Rate limited, waiting 10s...
Fixed 24700 | last: MagnaFlow Sys C/B Mazda Miata M1 -> Magnaflow MagnaFlow Sys C/B Mazda Miata M1 | BullStrap
  Rate limited, waiting 10s...
  Rate limited, waiting 10s...
  Rate limited, waiting 10s...
  Rate limited, waiting 10s...
  Rate limited, waiting 10s...
  Rate limited, waiting 10s...
Fixed 24750 | last: MagnaFlow Sys C/B 05-10 Tacoma EC/CC 2.7 -> Magnaflow MagnaFlow Sys C/B Tacoma EC/CC 2.7/4.0 | BullStrap
  Rate limited, waiting 10s...
  Rate limited, waiting 10s...
  Rate limited, waiting 10s...
  Rate limited, waiting 10s...
  Rate limited, waiting 10s...
  Rate limited, waiting 10s...
Batch done: processed 27250 | fixed 24798 | since_id 10412897632529
Fixed 24800 | last: Magnaflow 15-21 Ford F-150 Street Series -> Magnaflow Exhaust 15-21 | BullStrap
  Rate limited, waiting 10s...
  Rate limited, waiting 10s...
  Rate limited, waiting 10s...
  Rate limited, waiting 10s...
  Rate limited, waiting 10s...
  Rate limited, waiting 10s...
Fixed 24850 | last: MagnaFlow Conv DF  Standard Cat 00-05 To -> Magnaflow MagnaFlow Conv DF Standard Cat Toyota  | BullStrap
  Rate limited, waiting 10s...
  Rate limited, waiting 10s...
  Rate limited, waiting 10s...
  Rate limited, waiting 10s...
  Rate limited, waiting 10s...
  Rate limited, waiting 10s...
  Rate limited, waiting 10s...
Fixed 24900 | last: MagnaFlow Conv Univ 3 -> Magnaflow MagnaFlow Conv Univ 3 | BullStrap
  Rate limited, waiting 10s...
  Rate limited, waiting 10s...
  Rate limited, waiting 10s...
  Rate limited, waiting 10s...
  Rate limited, waiting 10s...
  Rate limited, waiting 10s...
Fixed 24950 | last: Mahle MS Piston Set Honda H22 87mm Bore  -> Mahle Mahle MS Piston Set Honda H22 87mm Bore 90 | BullStrap
  Rate limited, waiting 10s...
  Rate limited, waiting 10s...
  Rate limited, waiting 10s...
  Rate limited, waiting 10s...
  Rate limited, waiting 10s...
  Rate limited, waiting 10s...
Fixed 25000 | last: Mahle Rings Ford Trk 445 7.3L Turbo Dies -> Mahle OE Turbo 96-98 | BullStrap
  Rate limited, waiting 10s...
  Rate limited, waiting 10s...
  Rate limited, waiting 10s...
  Rate limited, waiting 10s...
Batch done: processed 27500 | fixed 25033 | since_id 10412928729361
  Rate limited, waiting 10s...
  Rate limited, waiting 10s...
Fixed 25050 | last: Manley Ford 4.6L Modular/5.0L V-8 22mm P -> Manley Performance Manley Ford 4.6L Modular/5.0L | BullStrap
  Rate limited, waiting 10s...
  Rate limited, waiting 10s...
  Rate limited, waiting 10s...
  Rate limited, waiting 10s...
  Rate limited, waiting 10s...
  Rate limited, waiting 10s...
Fixed 25100 | last: Manley 04+ Subaru WRX/STI EH257 100.0mm  -> Manley Performance Manley 04+ Subaru WRX/STI EH2 | BullStrap
  Rate limited, waiting 10s...
  Rate limited, waiting 10s...
  Rate limited, waiting 10s...
  Rate limited, waiting 10s...
  Rate limited, waiting 10s...
  Rate limited, waiting 10s...
Fixed 25150 | last: Maxima ATV Full Synthetic 4T 5W50 Engine -> Maxima Maxima ATV Full Synthetic 4T 5W50 Engine  | BullStrap
  Rate limited, waiting 10s...
  Rate limited, waiting 10s...
  Rate limited, waiting 10s...
  Rate limited, waiting 10s...
  Rate limited, waiting 10s...
  Rate limited, waiting 10s...
Fixed 25200 | last: MaxTrac 01-09 Ford Ranger 2WD w/Coil Sus -> Maxtrac MaxTrac Ford Ranger 2WD w/Coil Susp. (No | BullStrap
  Rate limited, waiting 10s...
  Rate limited, waiting 10s...
  Rate limited, waiting 10s...
  Rate limited, waiting 10s...
  Rate limited, waiting 10s...
  Rate limited, waiting 10s...
Fixed 25250 | last: McGard Wheel Lock Bolt Set - 4pk. (Radiu -> McGard McGard Wheel Lock Bolt Set - 4pk. (Radius | BullStrap
  Rate limited, waiting 10s...
  Rate limited, waiting 10s...
  Rate limited, waiting 10s...
Batch done: processed 27750 | fixed 25274 | since_id 10412954583313
  Rate limited, waiting 10s...
  Rate limited, waiting 10s...
  Rate limited, waiting 10s...
Fixed 25300 | last: McLeod Steel Flywheel Chevy 28 1955-85 1 -> McLeod Racing McLeod Steel Flywheel Chevy 28 SB  | BullStrap
  Rate limited, waiting 10s...
  Rate limited, waiting 10s...
  Rate limited, waiting 10s...
  Rate limited, waiting 10s...
  Rate limited, waiting 10s...
  Rate limited, waiting 10s...
Fixed 25350 | last: McLeod Street Extreme Kit 97-04 Chevy Co -> McLeod Racing McLeod Street Extreme Kit Chevy Co | BullStrap
  Rate limited, waiting 10s...
  Rate limited, waiting 10s...
  Rate limited, waiting 10s...
  Rate limited, waiting 10s...
  Rate limited, waiting 10s...
Fixed 25400 | last: Method MR304 Double Standard 15x8 -24mm  -> Method Wheels Method MR304 Double Standard 15x8  | BullStrap
  Rate limited, waiting 10s...
  Rate limited, waiting 10s...
  Rate limited, waiting 10s...
  Rate limited, waiting 10s...
  Rate limited, waiting 10s...
  Rate limited, waiting 10s...
Fixed 25450 | last: Method MR312 17x8.5 0mm Offset 6x135 87m -> Method Wheels Method MR312 17x8.5 0mm Offset 6x1 | BullStrap
  Rate limited, waiting 10s...
  Rate limited, waiting 10s...
  Rate limited, waiting 10s...
  Rate limited, waiting 10s...
  Rate limited, waiting 10s...
  Rate limited, waiting 10s...
Fixed 25500 | last: Method MR401 UTV Beadlock 14x7 / 4+3/13m -> Method Wheels Method MR401 UTV Beadlock 14x7 / 4 | BullStrap
  Rate limited, waiting 10s...
  Rate limited, waiting 10s...
Batch done: processed 28000 | fixed 25511 | since_id 10412978635025
  Rate limited, waiting 10s...
  Rate limited, waiting 10s...
  Rate limited, waiting 10s...
  Rate limited, waiting 10s...
  Rate limited, waiting 10s...
Fixed 25550 | last: Method MR701 18x9 +25mm Offset 5x150 110 -> Method Wheels Method MR701 18x9 +25mm Offset 5x1 | BullStrap
  Rate limited, waiting 10s...
  Rate limited, waiting 10s...
  Rate limited, waiting 10s...
  Rate limited, waiting 10s...
  Rate limited, waiting 10s...
  Rate limited, waiting 10s...
Fixed 25600 | last: MGP 4 Caliper Covers Engraved Front & Re -> MGP MGP 4 Caliper Covers Engraved Front & Rear B | BullStrap
  Rate limited, waiting 10s...
  Rate limited, waiting 10s...
  Rate limited, waiting 10s...
  Rate limited, waiting 10s...
  Rate limited, waiting 10s...
  Rate limited, waiting 10s...
Fixed 25650 | last: Mickey Thompson Baja Legend EXP Tire - 3 -> Mickey Thompson Mickey Thompson Baja Legend EXP  | BullStrap
  Rate limited, waiting 10s...
  Rate limited, waiting 10s...
  Rate limited, waiting 10s...
  Rate limited, waiting 10s...
  Rate limited, waiting 10s...
  Rate limited, waiting 10s...
Fixed 25700 | last: Mishimoto M20 x 5/8 Straight Black Banjo -> Mishimoto Mishimoto M20 x 5/8 Straight Black Ban | BullStrap
  Rate limited, waiting 10s...
  Rate limited, waiting 10s...
  Rate limited, waiting 10s...
  Rate limited, waiting 10s...
  Rate limited, waiting 10s...
  Rate limited, waiting 10s...
Batch done: processed 28250 | fixed 25749 | since_id 10413010747665
Fixed 25750 | last: Mishimoto 2019+ RAM Cummins 6.7L Factory -> Mishimoto Mishimoto RAM Cummins 6.7L Factory-Fit | BullStrap
  Rate limited, waiting 10s...
  Rate limited, waiting 10s...
  Rate limited, waiting 10s...
  Rate limited, waiting 10s...
  Rate limited, waiting 10s...
  Rate limited, waiting 10s...
Fixed 25800 | last: Mishimoto 3.0 Inch Red Straight Coupler -> Mishimoto Mishimoto 3.0 Inch Red Straight Couple | BullStrap
  Rate limited, waiting 10s...
  Rate limited, waiting 10s...
  Rate limited, waiting 10s...
  Rate limited, waiting 10s...
  Rate limited, waiting 10s...
  Rate limited, waiting 10s...
Fixed 25850 | last: Mishimoto 90-97 Mazda Miata Aluminum Fan -> Mishimoto Mishimoto Mazda Miata Aluminum Fan Shr | BullStrap
  Rate limited, waiting 10s...
  Rate limited, waiting 10s...
  Rate limited, waiting 10s...
  Rate limited, waiting 10s...
  Rate limited, waiting 10s...
  Rate limited, waiting 10s...
Fixed 25900 | last: Mishimoto 2012+ Fiat 500 Abarth/Turbo Bl -> Mishimoto Turbo 2012+ | BullStrap
  Rate limited, waiting 10s...
  Rate limited, waiting 10s...
  Rate limited, waiting 10s...
  Rate limited, waiting 10s...
  Rate limited, waiting 10s...
  Rate limited, waiting 10s...
Fixed 25950 | last: Mishimoto 94-97 Ford F250 7.3L Black Die -> Mishimoto Mishimoto Ford F250 7.3L Black Diesel  | BullStrap
  Rate limited, waiting 10s...
  Rate limited, waiting 10s...
  Rate limited, waiting 10s...
  Rate limited, waiting 10s...
  Rate limited, waiting 10s...
Batch done: processed 28500 | fixed 25987 | since_id 10413026410769
  Rate limited, waiting 10s...
Fixed 26000 | last: Mishimoto 90-93 Mazda Miata Black Silico -> Mishimoto Radiator 90-93 | BullStrap
  Rate limited, waiting 10s...
  Rate limited, waiting 10s...
  Rate limited, waiting 10s...
  Rate limited, waiting 10s...
  Rate limited, waiting 10s...
  Rate limited, waiting 10s...
Fixed 26050 | last: Mishimoto 01-07 Subaru WRX / WRX STI Blu -> Mishimoto Mishimoto Subaru WRX / WRX STI Blue Si | BullStrap
  Rate limited, waiting 10s...
  Rate limited, waiting 10s...
  Rate limited, waiting 10s...
  Rate limited, waiting 10s...
  Rate limited, waiting 10s...
  Rate limited, waiting 10s...
Fixed 26100 | last: Mishimoto 91-01 Jeep Cherokee XJ 4.0L Si -> Mishimoto Radiator 91-01 | BullStrap
  Rate limited, waiting 10s...
  Rate limited, waiting 10s...
  Rate limited, waiting 10s...
  Rate limited, waiting 10s...
  Rate limited, waiting 10s...
  Rate limited, waiting 10s...
Fixed 26150 | last: Mishimoto 92-00 Honda Civic Ignition Coi -> Mishimoto Mishimoto Honda Civic Ignition Coil | BullStrap
  Rate limited, waiting 10s...
  Rate limited, waiting 10s...
  Rate limited, waiting 10s...
  Rate limited, waiting 10s...
  Rate limited, waiting 10s...
  Rate limited, waiting 10s...
  Rate limited, waiting 10s...
Fixed 26200 | last: Mishimoto 2013+ Ford Focus ST Gold Inter -> Mishimoto Intercooler 2013+ | BullStrap
  Rate limited, waiting 10s...
  Rate limited, waiting 10s...
  Rate limited, waiting 10s...
Batch done: processed 28750 | fixed 26228 | since_id 10413043089681
  Rate limited, waiting 10s...
  Rate limited, waiting 10s...
  Rate limited, waiting 10s...
Fixed 26250 | last: Mishimoto 2021+ BMW G80 M3 License Plate -> Mishimoto Mishimoto BMW G80 M3 License Plate Rel | BullStrap
  Rate limited, waiting 10s...
  Rate limited, waiting 10s...
  Rate limited, waiting 10s...
  Rate limited, waiting 10s...
  Rate limited, waiting 10s...
  Rate limited, waiting 10s...
Fixed 26300 | last: Mishimoto 03-07 Dodge Ram 5.9L Cummins R -> Mishimoto Mishimoto Dodge Ram 5.9L Cummins Repla | BullStrap
  Rate limited, waiting 10s...
  Rate limited, waiting 10s...
  Rate limited, waiting 10s...
  Rate limited, waiting 10s...
  Rate limited, waiting 10s...
  Rate limited, waiting 10s...
Fixed 26350 | last: Mishimoto 90-96 Nissan 300ZX Turbo Manua -> Mishimoto Turbo 90-96 | BullStrap
  Rate limited, waiting 10s...
  Rate limited, waiting 10s...
  Rate limited, waiting 10s...
  Rate limited, waiting 10s...
  Rate limited, waiting 10s...
  Rate limited, waiting 10s...
Fixed 26400 | last: Mishimoto 07-14 Toyota FJ Cruiser Alumin -> Mishimoto Radiator 07-14 | BullStrap
  Rate limited, waiting 10s...
  Rate limited, waiting 10s...
  Rate limited, waiting 10s...
  Rate limited, waiting 10s...
  Rate limited, waiting 10s...
  Rate limited, waiting 10s...
Fixed 26450 | last: Mishimoto 94-02 Dodge Ram w/ 5.9L Cummin -> Mishimoto Radiator 94-02 | BullStrap
  Rate limited, waiting 10s...
  Rate limited, waiting 10s...
Batch done: processed 29000 | fixed 26466 | since_id 10413057868049
  Rate limited, waiting 10s...
  Rate limited, waiting 10s...
  Rate limited, waiting 10s...
  Rate limited, waiting 10s...
Fixed 26500 | last: Mishimoto Universal Aluminum Coolant Exp -> Mishimoto Mishimoto Universal Aluminum Coolant E | BullStrap
  Rate limited, waiting 10s...
  Rate limited, waiting 10s...
  Rate limited, waiting 10s...
  Rate limited, waiting 10s...
  Rate limited, waiting 10s...
  Rate limited, waiting 10s...
  Rate limited, waiting 10s...
Fixed 26550 | last: Mishimoto 01-04 Chevrolet/GMC 6.6L Duram -> Mishimoto Turbo 01-04 | BullStrap
  Rate limited, waiting 10s...
  Rate limited, waiting 10s...
  Rate limited, waiting 10s...
  Rate limited, waiting 10s...
  Rate limited, waiting 10s...
  Rate limited, waiting 10s...
Fixed 26600 | last: Mishimoto 2023+ Toyota GR Corolla Tow Ho -> Mishimoto Mishimoto Toyota GR Corolla Tow Hook ( | BullStrap
  Rate limited, waiting 10s...
  Rate limited, waiting 10s...
  Rate limited, waiting 10s...
  Rate limited, waiting 10s...
  Rate limited, waiting 10s...
  Rate limited, waiting 10s...
Fixed 26650 | last: Mishimoto 97-05 Dodge Neon / SRT4 70 Deg -> Mishimoto Mishimoto Dodge Neon / SRT4 70 Degree  | BullStrap
  Rate limited, waiting 10s...
  Rate limited, waiting 10s...
  Rate limited, waiting 10s...
  Rate limited, waiting 10s...
  Rate limited, waiting 10s...
  Rate limited, waiting 10s...
Fixed 26700 | last: Momo 96-00 Honda Civic Steering Wheel Hu -> MOMO Momo Honda Civic Steering Wheel Hub Adapter | BullStrap
Batch done: processed 29250 | fixed 26703 | since_id 10413083328785
  Rate limited, waiting 10s...
  Rate limited, waiting 10s...
  Rate limited, waiting 10s...
  Rate limited, waiting 10s...
  Rate limited, waiting 10s...
  Rate limited, waiting 10s...
Fixed 26750 | last: Moroso Mitsubishi Evo 10 (w/Factory AC)  -> Moroso Moroso Mitsubishi Evo 10 (w/Factory AC) R | BullStrap
  Rate limited, waiting 10s...
  Rate limited, waiting 10s...
  Rate limited, waiting 10s...
  Rate limited, waiting 10s...
  Rate limited, waiting 10s...
  Rate limited, waiting 10s...
Fixed 26800 | last: Motul Transmission GEAR COMPETITION 75W1 -> Motul Motul Transmission GEAR COMPETITION 75W140 | BullStrap
  Rate limited, waiting 10s...
  Rate limited, waiting 10s...
  Rate limited, waiting 10s...
  Rate limited, waiting 10s...
  Rate limited, waiting 10s...
  Rate limited, waiting 10s...
  Rate limited, waiting 10s...
Fixed 26850 | last: Mustang 08-21 Harley FL Touring Fender B -> Mustang Motorcycle Mustang Harley FL Touring Fen | BullStrap
  Rate limited, waiting 10s...
  Rate limited, waiting 10s...
  Rate limited, waiting 10s...
  Rate limited, waiting 10s...
  Rate limited, waiting 10s...
  Rate limited, waiting 10s...
Fixed 26900 | last: N-Fab Nerf Step 2019 Ford Ranger Crew Ca -> N-Fab N-Fab Nerf Step 2019 Ford Ranger Crew Cab  | BullStrap
  Rate limited, waiting 10s...
  Rate limited, waiting 10s...
  Rate limited, waiting 10s...
  Rate limited, waiting 10s...
Batch done: processed 29500 | fixed 26937 | since_id 10413104234769
  Rate limited, waiting 10s...
  Rate limited, waiting 10s...
Fixed 26950 | last: NAMZ Black Heatshrink 2-1 Ratio 25ft. Sp -> NAMZ NAMZ Black Heatshrink 2-1 Ratio 25ft. Spool | BullStrap
  Rate limited, waiting 10s...
  Rate limited, waiting 10s...
  Rate limited, waiting 10s...
  Rate limited, waiting 10s...
  Rate limited, waiting 10s...
  Rate limited, waiting 10s...
Fixed 27000 | last: New Rage Cycles 11-19 Ducati Panigale Fe -> New Rage Cycles New Rage Cycles Ducati Panigale  | BullStrap
  Rate limited, waiting 10s...
  Rate limited, waiting 10s...
  Rate limited, waiting 10s...
  Rate limited, waiting 10s...
  Rate limited, waiting 10s...
  Rate limited, waiting 10s...
Fixed 27050 | last: New Ray Toys KTM 350 SX-F Dirt Bike/ Sca -> New Ray Toys New Ray Toys KTM 350 SX-F Dirt Bike | BullStrap
  Rate limited, waiting 10s...
  Rate limited, waiting 10s...
  Rate limited, waiting 10s...
  Rate limited, waiting 10s...
  Rate limited, waiting 10s...
  Rate limited, waiting 10s...
  Rate limited, waiting 10s...
Fixed 27100 | last: New Ray Toys Yamaha YZ450F Motocross of  -> New Ray Toys New Ray Toys Yamaha YZ450F Motocros | BullStrap
  Rate limited, waiting 10s...
  Rate limited, waiting 10s...
  Rate limited, waiting 10s...
  Rate limited, waiting 10s...
  Rate limited, waiting 10s...
  Rate limited, waiting 10s...
Fixed 27150 | last: NGK Standard Spark Plug Box of 10 (BR8EC -> NGK NGK Standard Spark Plug Box of 10 (BR8ECM) | BullStrap
  Rate limited, waiting 10s...
  Rate limited, waiting 10s...
Batch done: processed 29750 | fixed 27171 | since_id 10413116260625
  Rate limited, waiting 10s...
  Rate limited, waiting 10s...
  Rate limited, waiting 10s...
  Rate limited, waiting 10s...
  Rate limited, waiting 10s...
  Rate limited, waiting 10s...
Fixed 27200 | last: NGK Cadillac Escalade 2006-2002 Spark Pl -> NGK NGK Cadillac Escalade Spark Plug Wire Set | BullStrap
  Rate limited, waiting 10s...
  Rate limited, waiting 10s...
  Rate limited, waiting 10s...
  Rate limited, waiting 10s...
  Rate limited, waiting 10s...
  Rate limited, waiting 10s...
Fixed 27250 | last: NGK V-Power Spark Plug Box of 4 (LFR6A) -> NGK NGK V-Power Spark Plug Box of 4 (LFR6A) | BullStrap
  Rate limited, waiting 10s...
  Rate limited, waiting 10s...
  Rate limited, waiting 10s...
  Rate limited, waiting 10s...
  Rate limited, waiting 10s...
  Rate limited, waiting 10s...
  Rate limited, waiting 10s...
Fixed 27300 | last: NGK Multi-Ground Spark Plug Box of 4 (LF -> NGK NGK Multi-Ground Spark Plug Box of 4 (LFR7A) | BullStrap
  Rate limited, waiting 10s...
  Rate limited, waiting 10s...
  Rate limited, waiting 10s...
  Rate limited, waiting 10s...
  Rate limited, waiting 10s...
  Rate limited, waiting 10s...
Fixed 27350 | last: Nitrous Express 3000 PSI Burst Disc for  -> Nitrous Express Nitrous Express 3000 PSI Burst D | BullStrap
  Rate limited, waiting 10s...
  Rate limited, waiting 10s...
  Rate limited, waiting 10s...
  Rate limited, waiting 10s...
Batch done: processed 30000 | fixed 27385 | since_id 10413130940689
  Rate limited, waiting 10s...
Fixed 27400 | last: Nitrous Express Dry EFI Single Nozzle Ni -> Nitrous Express Nitrous Express Dry EFI Single N | BullStrap
  Rate limited, waiting 10s...
  Rate limited, waiting 10s...
  Rate limited, waiting 10s...
  Rate limited, waiting 10s...
  Rate limited, waiting 10s...
  Rate limited, waiting 10s...
Fixed 27450 | last: NRG Aluminum Sport Pedal A/T - Black w/S -> NRG NRG Aluminum Sport Pedal A/T - Black w/Silve | BullStrap
  Rate limited, waiting 10s...
  Rate limited, waiting 10s...
  Rate limited, waiting 10s...
  Rate limited, waiting 10s...
  Rate limited, waiting 10s...
  Rate limited, waiting 10s...
Fixed 27500 | last: NRG Quick Release - Black Body/ Blue Chr -> NRG NRG Quick Release - Black Body/ Blue Chrome  | BullStrap
  Rate limited, waiting 10s...
  Rate limited, waiting 10s...
  Rate limited, waiting 10s...
  Rate limited, waiting 10s...
  Rate limited, waiting 10s...
  Rate limited, waiting 10s...
Fixed 27550 | last: NRG Quick Release Kit Gen 2.5 - Black /  -> NRG NRG Quick Release Kit Gen 2.5 - Black / Blac | BullStrap
  Rate limited, waiting 10s...
  Rate limited, waiting 10s...
  Rate limited, waiting 10s...
  Rate limited, waiting 10s...
  Rate limited, waiting 10s...
  Rate limited, waiting 10s...
Fixed 27600 | last: Odyssey Battery Hold Down Kit (Fits ODP- -> Odyssey Battery Battery | BullStrap
  Rate limited, waiting 10s...
  Rate limited, waiting 10s...
  Rate limited, waiting 10s...
  Rate limited, waiting 10s...
Batch done: processed 30250 | fixed 27627 | since_id 10413148340497
  Rate limited, waiting 10s...
  Rate limited, waiting 10s...
Fixed 27650 | last: Ohlins 08-21 Subaru WRX STi (GR/VA) / 15 -> Ohlins Coilovers 08-21 | BullStrap
  Rate limited, waiting 10s...
  Rate limited, waiting 10s...
  Rate limited, waiting 10s...
  Rate limited, waiting 10s...
  Rate limited, waiting 10s...
  Rate limited, waiting 10s...
Fixed 27700 | last: ARB / OME Coil Spring Rear Jeep Wk2 R -> Old Man Emu ARB / OME Coil Spring Rear Jeep Wk2  | BullStrap
  Rate limited, waiting 10s...
  Rate limited, waiting 10s...
  Rate limited, waiting 10s...
  Rate limited, waiting 10s...
  Rate limited, waiting 10s...
  Rate limited, waiting 10s...
Fixed 27750 | last: ARB / OME 2021+ Ford Bronco Rear Panhard -> Old Man Emu ARB / OME Ford Bronco Rear Panhard R | BullStrap
  Rate limited, waiting 10s...
  Rate limited, waiting 10s...
  Rate limited, waiting 10s...
  Rate limited, waiting 10s...
  Rate limited, waiting 10s...
  Rate limited, waiting 10s...
  Rate limited, waiting 10s...
Fixed 27800 | last: Omix Tailgate- 55-83 Jeep CJ5 -> OMIX Omix Tailgate- Jeep CJ5 | BullStrap
  Rate limited, waiting 10s...
  Rate limited, waiting 10s...
  Rate limited, waiting 10s...
  Rate limited, waiting 10s...
  Rate limited, waiting 10s...
  Rate limited, waiting 10s...
Fixed 27850 | last: Omix Headlight Bezel Set Chrome 72-86 Je -> OMIX Omix Headlight Bezel Set Chrome Jeep CJ Mod | BullStrap
  Rate limited, waiting 10s...
  Rate limited, waiting 10s...
Batch done: processed 30500 | fixed 27869 | since_id 10413164724497
  Rate limited, waiting 10s...
  Rate limited, waiting 10s...
  Rate limited, waiting 10s...
  Rate limited, waiting 10s...
Fixed 27900 | last: Omix Clutch Rod Boot 76-86 Jeep CJ -> OMIX Omix Clutch Rod Boot Jeep CJ | BullStrap
  Rate limited, waiting 10s...
  Rate limited, waiting 10s...
  Rate limited, waiting 10s...
  Rate limited, waiting 10s...
  Rate limited, waiting 10s...
  Rate limited, waiting 10s...
Fixed 27950 | last: Omix Torx Head Bolt Dash Panel 72-95 CJ  -> OMIX Omix Torx Head Bolt Dash Panel CJ & Wrangle | BullStrap
  Rate limited, waiting 10s...
  Rate limited, waiting 10s...
  Rate limited, waiting 10s...
  Rate limited, waiting 10s...
  Rate limited, waiting 10s...
  Rate limited, waiting 10s...
Fixed 28000 | last: Omix Heater Blower Motor 78-90 Jeep CJ & -> OMIX Omix Heater Blower Motor Jeep CJ & Wrangler | BullStrap
  Rate limited, waiting 10s...
  Rate limited, waiting 10s...
  Rate limited, waiting 10s...
  Rate limited, waiting 10s...
  Rate limited, waiting 10s...
  Rate limited, waiting 10s...
Fixed 28050 | last: Omix 12-Volt Wiper Motor Kit 41-68 Willy -> OMIX Omix 12-Volt Wiper Motor Kit Willys Models | BullStrap
  Rate limited, waiting 10s...
  Rate limited, waiting 10s...
  Rate limited, waiting 10s...
  Rate limited, waiting 10s...
  Rate limited, waiting 10s...
  Rate limited, waiting 10s...
Fixed 28100 | last: Oracle 20-21 Chevy Corvette C8 RGB+A Hea -> ORACLE Lighting Oracle Chevy Corvette C8 RGB+A H | BullStrap
  Rate limited, waiting 10s...
Batch done: processed 30750 | fixed 28105 | since_id 10413179339025
  Rate limited, waiting 10s...
  Rate limited, waiting 10s...
  Rate limited, waiting 10s...
  Rate limited, waiting 10s...
  Rate limited, waiting 10s...
Fixed 28150 | last: Oracle Jeep JL/Gladiator JT Oculus Bi-LE -> ORACLE Lighting Oracle Jeep JL/Gladiator JT Ocul | BullStrap
  Rate limited, waiting 10s...
  Rate limited, waiting 10s...
  Rate limited, waiting 10s...
  Rate limited, waiting 10s...
  Rate limited, waiting 10s...
  Rate limited, waiting 10s...
Fixed 28200 | last: ORACLE Lighting Jeep Comanche MJ LED Tai -> ORACLE Lighting ORACLE Lighting Jeep Comanche MJ | BullStrap
  Rate limited, waiting 10s...
  Rate limited, waiting 10s...
  Rate limited, waiting 10s...
  Rate limited, waiting 10s...
  Rate limited, waiting 10s...
  Rate limited, waiting 10s...
  Rate limited, waiting 10s...
Fixed 28250 | last: Pedders 2015+ Subaru WRX/STi Extreme Xa  -> Pedders Coilovers 2015+ | BullStrap
  Rate limited, waiting 10s...
  Rate limited, waiting 10s...
  Rate limited, waiting 10s...
  Rate limited, waiting 10s...
  Rate limited, waiting 10s...
  Rate limited, waiting 10s...
Fixed 28300 | last: Pedders 2013-2015 Chevrolet Camaro Front -> Pedders Sway Bar 2013-2015 | BullStrap
  Rate limited, waiting 10s...
  Rate limited, waiting 10s...
  Rate limited, waiting 10s...
  Rate limited, waiting 10s...
  Rate limited, waiting 10s...
Batch done: processed 31000 | fixed 28343 | since_id 10413194281233
  Rate limited, waiting 10s...
Fixed 28350 | last: Performance Machine  M/Cyl 11/16 Rbld Kt -> Performance Machine Performance Machine M/Cyl 11 | BullStrap
  Rate limited, waiting 10s...
  Rate limited, waiting 10s...
  Rate limited, waiting 10s...
  Rate limited, waiting 10s...
  Rate limited, waiting 10s...
  Rate limited, waiting 10s...
Fixed 28400 | last: PERRIN 13-26 Subaru BRZ / 13-20 Scion FR -> Perrin Performance PERRIN Subaru BRZ / Scion FRS | BullStrap
  Rate limited, waiting 10s...
  Rate limited, waiting 10s...
  Rate limited, waiting 10s...
  Rate limited, waiting 10s...
  Rate limited, waiting 10s...
  Rate limited, waiting 10s...
Fixed 28450 | last: PERRIN 15-25 Subaru WRX & 13-25 BRZ/FR-S -> Perrin Performance PERRIN Subaru WRX & BRZ/FR-S/ | BullStrap
  Rate limited, waiting 10s...
  Rate limited, waiting 10s...
  Rate limited, waiting 10s...
  Rate limited, waiting 10s...
  Rate limited, waiting 10s...
  Rate limited, waiting 10s...
  Rate limited, waiting 10s...
Fixed 28500 | last: PERRIN 15-26 Subaru WRX Oil Cooler Reloc -> Perrin Performance PERRIN Subaru WRX Oil Cooler  | BullStrap
  Rate limited, waiting 10s...
  Rate limited, waiting 10s...
  Rate limited, waiting 10s...
  Rate limited, waiting 10s...
  Rate limited, waiting 10s...
  Rate limited, waiting 10s...
Fixed 28550 | last: Power Stop 87-97 Chevrolet Camaro Rear Z -> PowerStop Brake Pads 87-97 | BullStrap
  Rate limited, waiting 10s...
  Rate limited, waiting 10s...
  Rate limited, waiting 10s...
Batch done: processed 31250 | fixed 28578 | since_id 10413212664081
  Rate limited, waiting 10s...
  Rate limited, waiting 10s...
  Rate limited, waiting 10s...
Fixed 28600 | last: Power Stop 03-08 Dodge Ram 3500 Front Ri -> PowerStop Rotors 03-08 | BullStrap
  Rate limited, waiting 10s...
  Rate limited, waiting 10s...
  Rate limited, waiting 10s...
  Rate limited, waiting 10s...
  Rate limited, waiting 10s...
  Rate limited, waiting 10s...
Fixed 28650 | last: Power Stop 03-09 Toyota 4Runner Front Z2 -> PowerStop Power Stop Toyota 4Runner Front Z23 Ev | BullStrap
  Rate limited, waiting 10s...
  Rate limited, waiting 10s...
  Rate limited, waiting 10s...
  Rate limited, waiting 10s...
  Rate limited, waiting 10s...
  Rate limited, waiting 10s...
Fixed 28700 | last: Power Stop 15-17 Lexus NX200t Front Z23  -> PowerStop Power Stop Lexus NX200t Front Z23 Evol | BullStrap
  Rate limited, waiting 10s...
  Rate limited, waiting 10s...
  Rate limited, waiting 10s...
  Rate limited, waiting 10s...
  Rate limited, waiting 10s...
  Rate limited, waiting 10s...
Fixed 28750 | last: Power Stop 18-19 Subaru Crosstrek Front  -> PowerStop Power Stop Subaru Crosstrek Front Z23  | BullStrap
  Rate limited, waiting 10s...
  Rate limited, waiting 10s...
  Rate limited, waiting 10s...
  Rate limited, waiting 10s...
  Rate limited, waiting 10s...
  Rate limited, waiting 10s...
Fixed 28800 | last: Power Stop 53-58 Chevrolet Bel Air Rear  -> PowerStop Power Stop Chevrolet Bel Air Rear Auto | BullStrap
  Rate limited, waiting 10s...
  Rate limited, waiting 10s...
Batch done: processed 31500 | fixed 28815 | since_id 10413225672977
  Rate limited, waiting 10s...
  Rate limited, waiting 10s...
  Rate limited, waiting 10s...
  Rate limited, waiting 10s...
Fixed 28850 | last: Power Stop 15-17 Chrysler 200 Rear Autos -> PowerStop Power Stop Chrysler 200 Rear Autospeci | BullStrap
  Rate limited, waiting 10s...
  Rate limited, waiting 10s...
  Rate limited, waiting 10s...
  Rate limited, waiting 10s...
  Rate limited, waiting 10s...
  Rate limited, waiting 10s...
  Rate limited, waiting 10s...
Fixed 28900 | last: Power Stop 97-02 Ford Expedition Front R -> PowerStop Power Stop Ford Expedition Front Red C | BullStrap
  Rate limited, waiting 10s...
  Rate limited, waiting 10s...
  Rate limited, waiting 10s...
  Rate limited, waiting 10s...
  Rate limited, waiting 10s...
  Rate limited, waiting 10s...
Fixed 28950 | last: Power Stop 16-19 Cadillac ATS Rear Z23 E -> PowerStop Brake Pads 16-19 | BullStrap
  Rate limited, waiting 10s...
  Rate limited, waiting 10s...
  Rate limited, waiting 10s...
  Rate limited, waiting 10s...
  Rate limited, waiting 10s...
  Rate limited, waiting 10s...
Fixed 29000 | last: Power Stop 18-19 Kia Stinger Front Z26 E -> PowerStop Brake Pads 18-19 | BullStrap
  Rate limited, waiting 10s...
  Rate limited, waiting 10s...
  Rate limited, waiting 10s...
  Rate limited, waiting 10s...
  Rate limited, waiting 10s...
  Rate limited, waiting 10s...
Batch done: processed 31750 | fixed 29046 | since_id 10413242745105
Fixed 29050 | last: Progress Tech 15-16 Mazda MX-5 Front Swa -> Progress Technology Sway Bar 15-16 | BullStrap
  Rate limited, waiting 10s...
  Rate limited, waiting 10s...
  Rate limited, waiting 10s...
  Rate limited, waiting 10s...
  Rate limited, waiting 10s...
  Rate limited, waiting 10s...
Fixed 29100 | last: Progressive Harley-Davidson 412 Series S -> Progressive Shocks | BullStrap
  Rate limited, waiting 10s...
  Rate limited, waiting 10s...
  Rate limited, waiting 10s...
  Rate limited, waiting 10s...
  Rate limited, waiting 10s...
  Rate limited, waiting 10s...
Fixed 29150 | last: Project Kics Leggdura Racing Shell Type  -> Project Kics Project Kics Leggdura Racing Shell  | BullStrap
  Rate limited, waiting 10s...
  Rate limited, waiting 10s...
  Rate limited, waiting 10s...
  Rate limited, waiting 10s...
  Rate limited, waiting 10s...
  Rate limited, waiting 10s...
Fixed 29200 | last: ProTaper ATV Aluminum Bar - Black -> ProTaper ProTaper ATV Aluminum Bar - Black | BullStrap
  Rate limited, waiting 10s...
  Rate limited, waiting 10s...
  Rate limited, waiting 10s...
  Rate limited, waiting 10s...
  Rate limited, waiting 10s...
  Rate limited, waiting 10s...
  Rate limited, waiting 10s...
Fixed 29250 | last: ProTaper Contour Carmichael Handlebar -  -> ProTaper ProTaper Contour Carmichael Handlebar - | BullStrap
  Rate limited, waiting 10s...
  Rate limited, waiting 10s...
  Rate limited, waiting 10s...
  Rate limited, waiting 10s...
Batch done: processed 32000 | fixed 29284 | since_id 10413261947153
  Rate limited, waiting 10s...
  Rate limited, waiting 10s...
Fixed 29300 | last: ProTaper Grip Glue 1oz. Bottle -> ProTaper ProTaper Grip Glue 1oz. Bottle | BullStrap
  Rate limited, waiting 10s...
  Rate limited, waiting 10s...
  Rate limited, waiting 10s...
  Rate limited, waiting 10s...
  Rate limited, waiting 10s...
  Rate limited, waiting 10s...
Fixed 29350 | last: ProTaper Full Diamond Grips Soft - Light -> ProTaper ProTaper Full Diamond Grips Soft - Ligh | BullStrap
  Rate limited, waiting 10s...
  Rate limited, waiting 10s...
  Rate limited, waiting 10s...
  Rate limited, waiting 10s...
  Rate limited, waiting 10s...
  Rate limited, waiting 10s...
Fixed 29400 | last: ProTaper SE KX High Handlebar - Silver -> ProTaper ProTaper SE KX High Handlebar - Silver | BullStrap
  Rate limited, waiting 10s...
  Rate limited, waiting 10s...
  Rate limited, waiting 10s...
  Rate limited, waiting 10s...
  Rate limited, waiting 10s...
  Rate limited, waiting 10s...
Fixed 29450 | last: PRP Honda Talon Center Bag -> PRP Seats PRP Honda Talon Center Bag | BullStrap
  Rate limited, waiting 10s...
  Rate limited, waiting 10s...
  Rate limited, waiting 10s...
  Rate limited, waiting 10s...
  Rate limited, waiting 10s...
  Rate limited, waiting 10s...
Fixed 29500 | last: Rugged Radios VHF 1/2 Wave No Ground Pla -> Rugged Radios Rugged Radios VHF 1/2 Wave No Grou | BullStrap
  Rate limited, waiting 10s...
  Rate limited, waiting 10s...
  Rate limited, waiting 10s...
Batch done: processed 32250 | fixed 29524 | since_id 10413459144977
  Rate limited, waiting 10s...
  Rate limited, waiting 10s...
  Rate limited, waiting 10s...
Fixed 29550 | last: Rugged Radios 07-10 JK(2D) / 07-19 JKU(4 -> Rugged Radios Rugged Radios JK(2D) / JKU(4D) 2-W | BullStrap
  Rate limited, waiting 10s...
  Rate limited, waiting 10s...
  Rate limited, waiting 10s...
  Rate limited, waiting 10s...
  Rate limited, waiting 10s...
  Rate limited, waiting 10s...
Fixed 29600 | last: Sinister Diesel 03-07 Ford Powerstroke 6 -> Sinister Diesel Sinister Diesel Ford Powerstroke | BullStrap
  Rate limited, waiting 10s...
  Rate limited, waiting 10s...
  Rate limited, waiting 10s...
  Rate limited, waiting 10s...
  Rate limited, waiting 10s...
  Rate limited, waiting 10s...
  Rate limited, waiting 10s...
Fixed 29650 | last: Synergy 03-13 Dodge Ram 1500 Gas/2500/35 -> Synergy Mfg Synergy Dodge Ram 1500 Gas/2500/3500 | BullStrap
  Rate limited, waiting 10s...
  Rate limited, waiting 10s...
  Rate limited, waiting 10s...
  Rate limited, waiting 10s...
  Rate limited, waiting 10s...
  Rate limited, waiting 10s...
Fixed 29700 | last: Vance & Hines HD Dresser 07-16 Big Radiu -> Vance and Hines Exhaust 07-16 | BullStrap
  Rate limited, waiting 10s...
  Rate limited, waiting 10s...
  Rate limited, waiting 10s...
  Rate limited, waiting 10s...
  Rate limited, waiting 10s...
  Rate limited, waiting 10s...
Fixed 29750 | last: AWE Tuning Non-Resonated Performance Mid -> AWE Tuning AWE Tuning Non-Resonated Performance  | BullStrap
  Rate limited, waiting 10s...
Batch done: processed 32500 | fixed 29764 | since_id 10413577404689
  Rate limited, waiting 10s...
  Rate limited, waiting 10s...
  Rate limited, waiting 10s...
  Rate limited, waiting 10s...
Fixed 29800 | last: Eibach 2021+ Ford Bronco Pro-Truck Coilo -> Eibach Coilovers 2021+ | BullStrap
  Rate limited, waiting 10s...
  Rate limited, waiting 10s...
  Rate limited, waiting 10s...
  Rate limited, waiting 10s...
  Rate limited, waiting 10s...
  Rate limited, waiting 10s...
  Rate limited, waiting 10s...
Fixed 29850 | last: Husky Liners 11-14 Ford Edge Aeroskin Ho -> Husky Liners Husky Liners Ford Edge Aeroskin Hoo | BullStrap
  Rate limited, waiting 10s...
  Rate limited, waiting 10s...
  Rate limited, waiting 10s...
  Rate limited, waiting 10s...
  Rate limited, waiting 10s...
  Rate limited, waiting 10s...
Fixed 29900 | last: Kenda K784 Big Block Rear Tire - 150/70B -> Kenda Kenda K784 Big Block Rear Tire - 150/70B18 | BullStrap
  Rate limited, waiting 10s...
  Rate limited, waiting 10s...
  Rate limited, waiting 10s...
  Rate limited, waiting 10s...
  Rate limited, waiting 10s...
  Rate limited, waiting 10s...
Fixed 29950 | last: LIQUI MOLY 4L ATV 4T Motor Oil SAE 5W50 -> LIQUI MOLY LIQUI MOLY 4L ATV 4T Motor Oil SAE 5W | BullStrap
  Rate limited, waiting 10s...
  Rate limited, waiting 10s...
  Rate limited, waiting 10s...
  Rate limited, waiting 10s...
  Rate limited, waiting 10s...
  Rate limited, waiting 10s...
Fixed 30000 | last: ProTaper SE CR Low Handlebar - Jet Black -> ProTaper ProTaper SE CR Low Handlebar - Jet Blac | BullStrap
Batch done: processed 32750 | fixed 30000 | since_id 10414668644625
  Rate limited, waiting 10s...
  Rate limited, waiting 10s...
  Rate limited, waiting 10s...
  Rate limited, waiting 10s...
  Rate limited, waiting 10s...
  Rate limited, waiting 10s...
Fixed 30050 | last: ProTaper ACF MX Race Handlebar -> ProTaper ProTaper ACF MX Race Handlebar | BullStrap
  Rate limited, waiting 10s...
  Rate limited, waiting 10s...
  Rate limited, waiting 10s...
  Rate limited, waiting 10s...
  Rate limited, waiting 10s...
  Rate limited, waiting 10s...
Fixed 30100 | last: Skunk2 94-01 Acura Integra Black Anodize -> Skunk2 Racing Skunk2 Acura Integra Black Anodize | BullStrap
  Rate limited, waiting 10s...
  Rate limited, waiting 10s...
  Rate limited, waiting 10s...
  Rate limited, waiting 10s...
  Rate limited, waiting 10s...
  Rate limited, waiting 10s...
  Rate limited, waiting 10s...
Fixed 30150 | last: Skyjacker 2" 83-97 RAN/BROII W/ADD-LF -> Skyjacker Skyjacker 2" RAN/BROII W/ADD-LF | BullStrap
  Rate limited, waiting 10s...
  Rate limited, waiting 10s...
  Rate limited, waiting 10s...
  Rate limited, waiting 10s...
  Rate limited, waiting 10s...
  Rate limited, waiting 10s...
Fixed 30200 | last: Skyjacker 2002-2006 Chevrolet Suburban 2 -> Skyjacker Skyjacker Chevrolet Suburban 2500 4 Wh | BullStrap
  Rate limited, waiting 10s...
  Rate limited, waiting 10s...
  Rate limited, waiting 10s...
  Rate limited, waiting 10s...
Batch done: processed 33000 | fixed 30237 | since_id 10414717337873
  Rate limited, waiting 10s...
  Rate limited, waiting 10s...
Fixed 30250 | last: Skyjacker Black Max Shock Absorber 2011- -> Skyjacker Shocks 2011-2017 | BullStrap
  Rate limited, waiting 10s...
  Rate limited, waiting 10s...
  Rate limited, waiting 10s...
  Rate limited, waiting 10s...
  Rate limited, waiting 10s...
  Rate limited, waiting 10s...
Fixed 30300 | last: Skyjacker 2.5" 69-72 SYS,BLAZER,JIMMY -> Skyjacker Skyjacker 2.5" SYS,BLAZER,JIMMY | BullStrap
  Rate limited, waiting 10s...
  Rate limited, waiting 10s...
  Rate limited, waiting 10s...
  Rate limited, waiting 10s...
  Rate limited, waiting 10s...
  Rate limited, waiting 10s...
Fixed 30350 | last: Skyjacker 6" SOFTR REAR SP 2-STAGE GM -> Skyjacker Skyjacker 6" SOFTR REAR SP 2-STAGE GM | BullStrap
  Rate limited, waiting 10s...
  Rate limited, waiting 10s...
  Rate limited, waiting 10s...
  Rate limited, waiting 10s...
  Rate limited, waiting 10s...
  Rate limited, waiting 10s...
Fixed 30400 | last: Skyjacker 1987-1987 Chevrolet V30 Pickup -> Skyjacker Skyjacker Chevrolet V30 Pickup Brake H | BullStrap
  Rate limited, waiting 10s...
  Rate limited, waiting 10s...
  Rate limited, waiting 10s...
  Rate limited, waiting 10s...
  Rate limited, waiting 10s...
  Rate limited, waiting 10s...
  Rate limited, waiting 10s...
Fixed 30450 | last: Skyjacker Hydro Shock Absorber 1986-1992 -> Skyjacker Shocks 1986-1992 | BullStrap
  Rate limited, waiting 10s...
  Rate limited, waiting 10s...
Batch done: processed 33250 | fixed 30471 | since_id 10414734672145
  Rate limited, waiting 10s...
  Rate limited, waiting 10s...
  Rate limited, waiting 10s...
  Rate limited, waiting 10s...
Fixed 30500 | last: Skyjacker Leaf Spring 1976-1986 Jeep CJ7 -> Skyjacker Skyjacker Leaf Spring Jeep CJ7 | BullStrap
  Rate limited, waiting 10s...
  Rate limited, waiting 10s...
  Rate limited, waiting 10s...
  Rate limited, waiting 10s...
  Rate limited, waiting 10s...
  Rate limited, waiting 10s...
Fixed 30550 | last: Skyjacker M95 Performance Shock Absorber -> Skyjacker Shocks 1984-2001 | BullStrap
  Rate limited, waiting 10s...
  Rate limited, waiting 10s...
  Rate limited, waiting 10s...
  Rate limited, waiting 10s...
  Rate limited, waiting 10s...
  Rate limited, waiting 10s...
Fixed 30600 | last: ProTaper Honda Rear Black Sprocket - 47  -> ProTaper ProTaper Honda Rear Black Sprocket - 47 | BullStrap
  Rate limited, waiting 10s...
  Rate limited, waiting 10s...
  Rate limited, waiting 10s...
  Rate limited, waiting 10s...
  Rate limited, waiting 10s...
  Rate limited, waiting 10s...
Fixed 30650 | last: ProTaper Husqvarna/KTM Rear Black Sprock -> ProTaper ProTaper Husqvarna/KTM Rear Black Sproc | BullStrap
  Rate limited, waiting 10s...
  Rate limited, waiting 10s...
  Rate limited, waiting 10s...
  Rate limited, waiting 10s...
  Rate limited, waiting 10s...
  Rate limited, waiting 10s...
Fixed 30700 | last: Prothane Mitsubishi Eclipse Rear Sway Ba -> Prothane Sway Bar | BullStrap
  Rate limited, waiting 10s...
Batch done: processed 33500 | fixed 30704 | since_id 10415476113681
  Rate limited, waiting 10s...
  Rate limited, waiting 10s...
  Rate limited, waiting 10s...
  Rate limited, waiting 10s...
  Rate limited, waiting 10s...
Fixed 30750 | last: Prothane Universal Tie Rod End Boots .59 -> Prothane Prothane Universal Tie Rod End Boots .5 | BullStrap
  Rate limited, waiting 10s...
  Rate limited, waiting 10s...
  Rate limited, waiting 10s...
  Rate limited, waiting 10s...
  Rate limited, waiting 10s...
  Rate limited, waiting 10s...
Fixed 30800 | last: Prothane 67-73 Ford Mustang Total Kit -  -> Prothane Prothane Ford Mustang Total Kit - Black | BullStrap
  Rate limited, waiting 10s...
  Rate limited, waiting 10s...
  Rate limited, waiting 10s...
  Rate limited, waiting 10s...
  Rate limited, waiting 10s...
  Rate limited, waiting 10s...
  Rate limited, waiting 10s...
Fixed 30850 | last: Prothane 84-87 Honda Civic Shifter Stabi -> Prothane Prothane Honda Civic Shifter Stabilizer | BullStrap
  Rate limited, waiting 10s...
  Rate limited, waiting 10s...
  Rate limited, waiting 10s...
  Rate limited, waiting 10s...
  Rate limited, waiting 10s...
Fixed 30900 | last: QA1 2-1/2in ID High Travel Spring - 10in -> QA1 QA1 2-1/2in ID High Travel Spring - 10in Len | BullStrap
  Rate limited, waiting 10s...
  Rate limited, waiting 10s...
  Rate limited, waiting 10s...
  Rate limited, waiting 10s...
  Rate limited, waiting 10s...
  Rate limited, waiting 10s...
Batch done: processed 33750 | fixed 30943 | since_id 10415492006161
  Rate limited, waiting 10s...
Fixed 30950 | last: QA1 64-72 GM A-Body Rear Sway Bar - 1in -> QA1 Sway Bar 64-72 | BullStrap
  Rate limited, waiting 10s...
  Rate limited, waiting 10s...
  Rate limited, waiting 10s...
  Rate limited, waiting 10s...
  Rate limited, waiting 10s...
  Rate limited, waiting 10s...
Fixed 31000 | last: QA1 C Series 2-Pc Rod End - Male/Right H -> QA1 QA1 C Series 2-Pc Rod End - Male/Right Hand  | BullStrap
  Rate limited, waiting 10s...
  Rate limited, waiting 10s...
  Rate limited, waiting 10s...
  Rate limited, waiting 10s...
  Rate limited, waiting 10s...
  Rate limited, waiting 10s...
Fixed 31050 | last: QA1 Jam Nut - 1/4-28 Right Hand - 7/16in -> QA1 QA1 Jam Nut - 1/4-28 Right Hand - 7/16in Hex | BullStrap
  Rate limited, waiting 10s...
  Rate limited, waiting 10s...
  Rate limited, waiting 10s...
  Rate limited, waiting 10s...
  Rate limited, waiting 10s...
  Rate limited, waiting 10s...
Fixed 31100 | last: QA1 X Series Endura Rod End - Male/Left  -> QA1 QA1 X Series Endura Rod End - Male/Left Hand | BullStrap
  Rate limited, waiting 10s...
  Rate limited, waiting 10s...
  Rate limited, waiting 10s...
  Rate limited, waiting 10s...
  Rate limited, waiting 10s...
  Rate limited, waiting 10s...
Fixed 31150 | last: QuadBoss 88-00 Honda TRX300 FourTrax Pri -> QuadBoss QuadBoss Honda TRX300 FourTrax Primer P | BullStrap
  Rate limited, waiting 10s...
  Rate limited, waiting 10s...
  Rate limited, waiting 10s...
  Rate limited, waiting 10s...
Batch done: processed 34000 | fixed 31184 | since_id 10415505834257
  Rate limited, waiting 10s...
  Rate limited, waiting 10s...
Fixed 31200 | last: QuadBoss 90-91 Honda TRX200 FourTrax Rep -> QuadBoss QuadBoss Honda TRX200 FourTrax Replacem | BullStrap
  Rate limited, waiting 10s...
  Rate limited, waiting 10s...
  Rate limited, waiting 10s...
  Rate limited, waiting 10s...
  Rate limited, waiting 10s...
  Rate limited, waiting 10s...
Fixed 31250 | last: QuadBoss 2019 Polaris RZR XP 4 Turbo S ( -> QuadBoss Turbo | BullStrap
  Rate limited, waiting 10s...
  Rate limited, waiting 10s...
  Rate limited, waiting 10s...
  Rate limited, waiting 10s...
  Rate limited, waiting 10s...
  Rate limited, waiting 10s...
  Rate limited, waiting 10s...
Fixed 31300 | last: QuadBoss 93-00 Honda TRX300EX FourTrax C -> QuadBoss QuadBoss Honda TRX300EX FourTrax Carbur | BullStrap
  Rate limited, waiting 10s...
  Rate limited, waiting 10s...
  Rate limited, waiting 10s...
  Rate limited, waiting 10s...
  Rate limited, waiting 10s...
  Rate limited, waiting 10s...
  Rate limited, waiting 10s...
Fixed 31350 | last: QuadBoss Mesh Rack Rear Universal -> QuadBoss QuadBoss Mesh Rack Rear Universal | BullStrap
  Rate limited, waiting 10s...
  Rate limited, waiting 10s...
  Rate limited, waiting 10s...
  Rate limited, waiting 10s...
  Rate limited, waiting 10s...
  Rate limited, waiting 10s...
Fixed 31400 | last: QuadBoss Wheel Spacer 4/156 - 2.5in - M1 -> QuadBoss Wheel Spacers | BullStrap
  Rate limited, waiting 10s...
Batch done: processed 34250 | fixed 31402 | since_id 10415905767697
  Rate limited, waiting 10s...
  Rate limited, waiting 10s...
  Rate limited, waiting 10s...
  Rate limited, waiting 10s...
  Rate limited, waiting 10s...
  Rate limited, waiting 10s...
Fixed 31450 | last: QuadBoss QBT454 Utility Tire - 30x10R14  -> QuadBoss QuadBoss QBT454 Utility Tire - 30x10R14 | BullStrap
  Rate limited, waiting 10s...
  Rate limited, waiting 10s...
  Rate limited, waiting 10s...
  Rate limited, waiting 10s...
  Rate limited, waiting 10s...
  Rate limited, waiting 10s...
Fixed 31500 | last: QuadBoss QBT671 Mud Tire - 25x8-12 6Ply -> QuadBoss QuadBoss QBT671 Mud Tire - 25x8-12 6Ply | BullStrap
  Rate limited, waiting 10s...
  Rate limited, waiting 10s...
  Rate limited, waiting 10s...
  Rate limited, waiting 10s...
  Rate limited, waiting 10s...
  Rate limited, waiting 10s...
Fixed 31550 | last: QuadBoss 18-20 Polaris RZR RS1 Rear Left -> QuadBoss QuadBoss Polaris RZR RS1 Rear Left Side | BullStrap
  Rate limited, waiting 10s...
  Rate limited, waiting 10s...
  Rate limited, waiting 10s...
  Rate limited, waiting 10s...
  Rate limited, waiting 10s...
  Rate limited, waiting 10s...
Fixed 31600 | last: Race Ramps 8in. One-Piece Multi-Purpose  -> Race Ramps Race Ramps 8in. One-Piece Multi-Purpo | BullStrap
  Rate limited, waiting 10s...
  Rate limited, waiting 10s...
  Rate limited, waiting 10s...
  Rate limited, waiting 10s...
  Rate limited, waiting 10s...
Batch done: processed 34500 | fixed 31641 | since_id 10415923986705
  Rate limited, waiting 10s...
Fixed 31650 | last: Raceline 888 Renegade 16x8in / 8x165.1 B -> Raceline Raceline 888 Renegade 16x8in / 8x165.1  | BullStrap
  Rate limited, waiting 10s...
  Rate limited, waiting 10s...
  Rate limited, waiting 10s...
  Rate limited, waiting 10s...
  Rate limited, waiting 10s...
  Rate limited, waiting 10s...
Fixed 31700 | last: RaceQuip Black 18in H x 24W SFI Ribbon W -> Racequip RaceQuip Black 18in H x 24W SFI Ribbon  | BullStrap
  Rate limited, waiting 10s...
  Rate limited, waiting 10s...
  Rate limited, waiting 10s...
  Rate limited, waiting 10s...
  Rate limited, waiting 10s...
  Rate limited, waiting 10s...
Fixed 31750 | last: Radium Engineering 6AN Male 1/4in Barb -> Radium Engineering Radium Engineering 6AN Male 1 | BullStrap
  Rate limited, waiting 10s...
  Rate limited, waiting 10s...
  Rate limited, waiting 10s...
  Rate limited, waiting 10s...
  Rate limited, waiting 10s...
  Rate limited, waiting 10s...
Fixed 31800 | last: Radium Engineering R35 GT-R Transmission -> Radium Engineering Radium Engineering R35 GT-R T | BullStrap
  Rate limited, waiting 10s...
  Rate limited, waiting 10s...
  Rate limited, waiting 10s...
  Rate limited, waiting 10s...
  Rate limited, waiting 10s...
  Rate limited, waiting 10s...
Fixed 31850 | last: Radium Engineering FCST Lift Pump Extens -> Radium Engineering Radium Engineering FCST Lift  | BullStrap
  Rate limited, waiting 10s...
  Rate limited, waiting 10s...
  Rate limited, waiting 10s...
  Rate limited, waiting 10s...
Batch done: processed 34750 | fixed 31876 | since_id 10415939387665
  Rate limited, waiting 10s...
  Rate limited, waiting 10s...
  Rate limited, waiting 10s...
Fixed 31900 | last: Radium Engineering Catch Can Kit PCV Fie -> Radium Engineering Catch Can | BullStrap
  Rate limited, waiting 10s...
  Rate limited, waiting 10s...
  Rate limited, waiting 10s...
  Rate limited, waiting 10s...
  Rate limited, waiting 10s...
  Rate limited, waiting 10s...
Fixed 31950 | last: Radium Nissan R32 Skyline Master Cylinde -> Radium Engineering Radium Nissan R32 Skyline Mas | BullStrap
  Rate limited, waiting 10s...
  Rate limited, waiting 10s...
  Rate limited, waiting 10s...
  Rate limited, waiting 10s...
  Rate limited, waiting 10s...
  Rate limited, waiting 10s...
Fixed 32000 | last: Yuasa YB14A-A2 Yumicron CX 12-Volt Batte -> Yuasa Battery Battery | BullStrap
  Rate limited, waiting 10s...
  Rate limited, waiting 10s...
  Rate limited, waiting 10s...
  Rate limited, waiting 10s...
  Rate limited, waiting 10s...
  Rate limited, waiting 10s...
Fixed 32050 | last: Yuasa YT19BL-BS Maintenance Free AGM 12- -> Yuasa Battery Battery | BullStrap
  Rate limited, waiting 10s...
  Rate limited, waiting 10s...
  Rate limited, waiting 10s...
  Rate limited, waiting 10s...
  Rate limited, waiting 10s...
  Rate limited, waiting 10s...
Fixed 32100 | last: Yukon Gear Minor install Kit For Chrysle -> Yukon Gear & Axle Yukon Gear Minor install Kit F | BullStrap
  Rate limited, waiting 10s...
  Rate limited, waiting 10s...
Batch done: processed 35000 | fixed 32116 | since_id 10418009243921
  Rate limited, waiting 10s...
  Rate limited, waiting 10s...
  Rate limited, waiting 10s...
  Rate limited, waiting 10s...
Fixed 32150 | last: Yukon Gear Rear 4340 Chromoly Axle Kit J -> Yukon Gear & Axle Yukon Gear Rear 4340 Chromoly  | BullStrap
  Rate limited, waiting 10s...
  Rate limited, waiting 10s...
  Rate limited, waiting 10s...
  Rate limited, waiting 10s...
  Rate limited, waiting 10s...
  Rate limited, waiting 10s...
Fixed 32200 | last: Yukon Gear High Performance Replacement  -> Yukon Gear & Axle Yukon Gear High Performance Re | BullStrap
  Rate limited, waiting 10s...
  Rate limited, waiting 10s...
  Rate limited, waiting 10s...
  Rate limited, waiting 10s...
  Rate limited, waiting 10s...
  Rate limited, waiting 10s...
Fixed 32250 | last: Yukon Gear High Performance Gear Set For -> Yukon Gear & Axle Yukon Gear High Performance Ge | BullStrap
  Rate limited, waiting 10s...
  Rate limited, waiting 10s...
  Rate limited, waiting 10s...
  Rate limited, waiting 10s...
  Rate limited, waiting 10s...
  Rate limited, waiting 10s...
Fixed 32300 | last: Yukon Gear Master Overhaul Kit For 01+ C -> Yukon Gear & Axle Yukon Gear Master Overhaul Kit | BullStrap
  Rate limited, waiting 10s...
  Rate limited, waiting 10s...
  Rate limited, waiting 10s...
  Rate limited, waiting 10s...
  Rate limited, waiting 10s...
  Rate limited, waiting 10s...
  Rate limited, waiting 10s...
Fixed 32350 | last: Yukon Gear Master Overhaul Kit For Toyot -> Yukon Gear & Axle Yukon Gear Master Overhaul Kit | BullStrap
Batch done: processed 35250 | fixed 32350 | since_id 10418020188433
  Rate limited, waiting 10s...
  Rate limited, waiting 10s...
  Rate limited, waiting 10s...
  Rate limited, waiting 10s...
  Rate limited, waiting 10s...
  Rate limited, waiting 10s...
Fixed 32400 | last: Yukon Gear Replacement King-Pin Cap Gask -> Yukon Gear & Axle Yukon Gear Replacement King-Pi | BullStrap
  Rate limited, waiting 10s...
  Rate limited, waiting 10s...
  Rate limited, waiting 10s...
  Rate limited, waiting 10s...
  Rate limited, waiting 10s...
  Rate limited, waiting 10s...
Fixed 32450 | last: Yukon Gear Chrysler 9.25in and Dana 44 / -> Yukon Gear & Axle Yukon Gear Chrysler 9.25in and | BullStrap
  Rate limited, waiting 10s...
  Rate limited, waiting 10s...
  Rate limited, waiting 10s...
  Rate limited, waiting 10s...
  Rate limited, waiting 10s...
  Rate limited, waiting 10s...
Fixed 32500 | last: Yukon Gear Zip Locker Bulkhead Fitting K -> Yukon Gear & Axle Yukon Gear Zip Locker Bulkhead | BullStrap
  Rate limited, waiting 10s...
  Rate limited, waiting 10s...
  Rate limited, waiting 10s...
  Rate limited, waiting 10s...
  Rate limited, waiting 10s...
  Rate limited, waiting 10s...
Fixed 32550 | last: Zone Offroad 05-20 Ford F-250 / F-350 Ra -> Zone Offroad Zone Offroad Ford F-250 / F-350 Rad | BullStrap
  Rate limited, waiting 10s...
  Rate limited, waiting 10s...
  Rate limited, waiting 10s...
  Rate limited, waiting 10s...
Batch done: processed 35500 | fixed 32584 | since_id 10418039259409
  Rate limited, waiting 10s...
Fixed 32600 | last: aFe MagnumFLOW Air Filters UCO P5R A/F P -> aFe Air Filter | BullStrap
  Rate limited, waiting 10s...
  Rate limited, waiting 10s...
  Rate limited, waiting 10s...
  Rate limited, waiting 10s...
  Rate limited, waiting 10s...
  Rate limited, waiting 10s...
Fixed 32650 | last: aFe Takeda Intakes Stage-2 PDS AIS PDS H -> aFe aFe Takeda Intakes Stage-2 PDS AIS PDS Honda | BullStrap
  Rate limited, waiting 10s...
  Rate limited, waiting 10s...
  Rate limited, waiting 10s...
  Rate limited, waiting 10s...
  Rate limited, waiting 10s...
  Rate limited, waiting 10s...
Fixed 32700 | last: All Balls Racing 09-15 Can-Am Outlander  -> All Balls Racing Fuel Pump 09-15 | BullStrap
  Rate limited, waiting 10s...
  Rate limited, waiting 10s...
  Rate limited, waiting 10s...
  Rate limited, waiting 10s...
  Rate limited, waiting 10s...
  Rate limited, waiting 10s...
Fixed 32750 | last: DragonFire Racing 20-Up Harness Anchor-  -> DragonFire Racing DragonFire Racing 20-Up Harnes | BullStrap
  Rate limited, waiting 10s...
  Rate limited, waiting 10s...
  Rate limited, waiting 10s...
  Rate limited, waiting 10s...
  Rate limited, waiting 10s...
  Rate limited, waiting 10s...
  Rate limited, waiting 10s...
Fixed 32800 | last: Energy Suspension 95-6/00 Toyota 4WD Pic -> Energy Suspension Suspension | BullStrap
  Rate limited, waiting 10s...
  Rate limited, waiting 10s...
Batch done: processed 35750 | fixed 32823 | since_id 10420208599313
  Rate limited, waiting 10s...
  Rate limited, waiting 10s...
  Rate limited, waiting 10s...
  Rate limited, waiting 10s...
Fixed 32850 | last: HKS 17-22 Honda Civic Type R K20C1 HIPER -> HKS HKS Honda Civic Type R K20C1 HIPERMAX S FK8  | BullStrap
  Rate limited, waiting 10s...
  Rate limited, waiting 10s...
  Rate limited, waiting 10s...
  Rate limited, waiting 10s...
  Rate limited, waiting 10s...
  Rate limited, waiting 10s...
Fixed 32900 | last: Kenda K413 Front/Rear Tire - 130/60-13 4 -> Kenda Kenda K413 Front/Rear Tire - 130/ 4PR 53J  | BullStrap
  Rate limited, waiting 10s...
  Rate limited, waiting 10s...
  Rate limited, waiting 10s...
  Rate limited, waiting 10s...
  Rate limited, waiting 10s...
  Rate limited, waiting 10s...
Fixed 32950 | last: Vance & Hines 18-22 Harley-Davidson Soft -> Vance and Hines Exhaust 18-22 | BullStrap
  Rate limited, waiting 10s...
  Rate limited, waiting 10s...
  Rate limited, waiting 10s...
  Rate limited, waiting 10s...
  Rate limited, waiting 10s...
  Rate limited, waiting 10s...
Fixed 33000 | last: Moroso Chevrolet Big Block High Volume B -> Moroso Moroso Chevrolet Big Block High Volume Bi | BullStrap
  Rate limited, waiting 10s...
  Rate limited, waiting 10s...
  Rate limited, waiting 10s...
  Rate limited, waiting 10s...
  Rate limited, waiting 10s...
  Rate limited, waiting 10s...
Fixed 33050 | last: NRG Thin Quick Release - Black -> NRG NRG Thin Quick Release - Black | BullStrap
  Rate limited, waiting 10s...
  Rate limited, waiting 10s...
Batch done: processed 36000 | fixed 33064 | since_id 10420547354897
  Rate limited, waiting 10s...
  Rate limited, waiting 10s...
  Rate limited, waiting 10s...
  Rate limited, waiting 10s...
Fixed 33100 | last: Radium Engineering Toyota MK5 Supra Fuel -> Radium Engineering Radium Engineering Toyota MK5 | BullStrap
  Rate limited, waiting 10s...
  Rate limited, waiting 10s...
  Rate limited, waiting 10s...
  Rate limited, waiting 10s...
  Rate limited, waiting 10s...
  Rate limited, waiting 10s...
Fixed 33150 | last: Radium Toyota Chaser/Mark II/Cresta Fuel -> Radium Engineering Radium Toyota Chaser/Mark II/ | BullStrap
  Rate limited, waiting 10s...
  Rate limited, waiting 10s...
  Rate limited, waiting 10s...
  Rate limited, waiting 10s...
  Rate limited, waiting 10s...
  Rate limited, waiting 10s...
Fixed 33200 | last: Radium Engineering Fuel Filter - Check V -> Radium Engineering Radium Engineering Fuel Filte | BullStrap
  Rate limited, waiting 10s...
  Rate limited, waiting 10s...
  Rate limited, waiting 10s...
  Rate limited, waiting 10s...
  Rate limited, waiting 10s...
  Rate limited, waiting 10s...
Fixed 33250 | last: Rally Armor 09-13 Subaru Forester Black  -> Rally Armor Rally Armor Subaru Forester Black UR | BullStrap
  Rate limited, waiting 10s...
  Rate limited, waiting 10s...
  Rate limited, waiting 10s...
  Rate limited, waiting 10s...
  Rate limited, waiting 10s...
  Rate limited, waiting 10s...
Batch done: processed 36250 | fixed 33296 | since_id 10420584415505
Fixed 33300 | last: Rally Armor 10-13 Mazda3/Speed3 (Hatch/S -> Rally Armor Rally Armor Mazda3/Speed3 (Hatch/Sed | BullStrap
  Rate limited, waiting 10s...
  Rate limited, waiting 10s...
  Rate limited, waiting 10s...
  Rate limited, waiting 10s...
  Rate limited, waiting 10s...
  Rate limited, waiting 10s...
Fixed 33350 | last: Rally Armor 15-19 Subaru Legacy Black UR -> Rally Armor Rally Armor Subaru Legacy Black UR M | BullStrap
  Rate limited, waiting 10s...
  Rate limited, waiting 10s...
  Rate limited, waiting 10s...
  Rate limited, waiting 10s...
  Rate limited, waiting 10s...
  Rate limited, waiting 10s...
Fixed 33400 | last: Rally Armor 20-25 Subaru Outback Black U -> Rally Armor Rally Armor Subaru Outback Black UR  | BullStrap
  Rate limited, waiting 10s...
  Rate limited, waiting 10s...
  Rate limited, waiting 10s...
  Rate limited, waiting 10s...
  Rate limited, waiting 10s...
  Rate limited, waiting 10s...
Fixed 33450 | last: Rally Armor 20-26 Tesla Model Y, Juniper -> Rally Armor Rally Armor Tesla Model Y, Juniper Y | BullStrap
  Rate limited, waiting 10s...
  Rate limited, waiting 10s...
  Rate limited, waiting 10s...
  Rate limited, waiting 10s...
  Rate limited, waiting 10s...
  Rate limited, waiting 10s...
Fixed 33500 | last: Rally Armor 22-26 Subaru WRX Black UR Mu -> Rally Armor Rally Armor Subaru WRX Black UR Mud  | BullStrap
  Rate limited, waiting 10s...
  Rate limited, waiting 10s...
  Rate limited, waiting 10s...
  Rate limited, waiting 10s...
Batch done: processed 36500 | fixed 33532 | since_id 10422596174097
  Rate limited, waiting 10s...
  Rate limited, waiting 10s...
Fixed 33550 | last: Rampage 1999-2019 Universal Tire Cover 3 -> Rampage Rampage Universal Tire Cover 30 Inch-32  | BullStrap
  Rate limited, waiting 10s...
  Rate limited, waiting 10s...
  Rate limited, waiting 10s...
  Rate limited, waiting 10s...
  Rate limited, waiting 10s...
  Rate limited, waiting 10s...
Fixed 33600 | last: Rancho 05-16 Ford Pickup / F350 Series S -> Rancho Shocks 05-16 | BullStrap
  Rate limited, waiting 10s...
  Rate limited, waiting 10s...
  Rate limited, waiting 10s...
  Rate limited, waiting 10s...
  Rate limited, waiting 10s...
  Rate limited, waiting 10s...
  Rate limited, waiting 10s...
Fixed 33650 | last: Rancho 20-21 Jeep Gladiator Front Sway B -> Rancho Sway Bar 20-21 | BullStrap
  Rate limited, waiting 10s...
  Rate limited, waiting 10s...
  Rate limited, waiting 10s...
  Rate limited, waiting 10s...
  Rate limited, waiting 10s...
  Rate limited, waiting 10s...
Fixed 33700 | last: Rancho 00-05 Ford Excursion Front RS9000 -> Rancho Shocks 00-05 | BullStrap
  Rate limited, waiting 10s...
  Rate limited, waiting 10s...
  Rate limited, waiting 10s...
  Rate limited, waiting 10s...
  Rate limited, waiting 10s...
  Rate limited, waiting 10s...
Fixed 33750 | last: Raxiom 96-04 Ford Mustang Excluding 99-0 -> Raxiom Raxiom Ford Mustang Excluding Cobra Modif | BullStrap
  Rate limited, waiting 10s...
  Rate limited, waiting 10s...
Batch done: processed 36750 | fixed 33766 | since_id 10422672720145
  Rate limited, waiting 10s...
  Rate limited, waiting 10s...
  Rate limited, waiting 10s...
  Rate limited, waiting 10s...
Fixed 33800 | last: REDARC DC/DC Dual Input In-Vehicle Batte -> REDARC Battery | BullStrap
  Rate limited, waiting 10s...
  Rate limited, waiting 10s...
  Rate limited, waiting 10s...
  Rate limited, waiting 10s...
  Rate limited, waiting 10s...
  Rate limited, waiting 10s...
  Rate limited, waiting 10s...
Fixed 33850 | last: Remark 09-19 Nissan 370z Axle Back Exhau -> Remark Exhaust 09-19 | BullStrap
  Rate limited, waiting 10s...
  Rate limited, waiting 10s...
  Rate limited, waiting 10s...
  Rate limited, waiting 10s...
  Rate limited, waiting 10s...
  Rate limited, waiting 10s...
Fixed 33900 | last: SuperPro 2001 Lexus IS300 Base Front 27m -> Superpro Sway Bar | BullStrap
  Rate limited, waiting 10s...
  Rate limited, waiting 10s...
  Rate limited, waiting 10s...
  Rate limited, waiting 10s...
  Rate limited, waiting 10s...
  Rate limited, waiting 10s...
Fixed 33950 | last: Renthal R1 415-112L Gold Chain -> Renthal Renthal R1 L Gold Chain | BullStrap
  Rate limited, waiting 10s...
  Rate limited, waiting 10s...
  Rate limited, waiting 10s...
  Rate limited, waiting 10s...
  Rate limited, waiting 10s...
Batch done: processed 37000 | fixed 33993 | since_id 10424648040721
  Rate limited, waiting 10s...
Fixed 34000 | last: Retrax 15-up F-150 Super Crew & Super Ca -> Retrax Retrax 15-up F-150 Super Crew & Super Cab | BullStrap
  Rate limited, waiting 10s...
  Rate limited, waiting 10s...
  Rate limited, waiting 10s...
  Rate limited, waiting 10s...
  Rate limited, waiting 10s...
  Rate limited, waiting 10s...
  Rate limited, waiting 10s...
Fixed 34050 | last: Revel 90-93 Acura Integra Hatchback Meda -> Revel Exhaust 90-93 | BullStrap
  Rate limited, waiting 10s...
  Rate limited, waiting 10s...
  Rate limited, waiting 10s...
  Rate limited, waiting 10s...
  Rate limited, waiting 10s...
  Rate limited, waiting 10s...
Fixed 34100 | last: Revolution Gear & Axle 07-18 Jeep Wrangl -> Revolution Gear & Axle Revolution Gear & Axle Je | BullStrap
  Rate limited, waiting 10s...
  Rate limited, waiting 10s...
  Rate limited, waiting 10s...
  Rate limited, waiting 10s...
  Rate limited, waiting 10s...
  Rate limited, waiting 10s...
Fixed 34150 | last: Rhino USA Heavy Duty Ratchet Tie-Down 4- -> Rhino USA Rhino USA Heavy Duty Ratchet Tie-Down  | BullStrap
  Rate limited, waiting 10s...
  Rate limited, waiting 10s...
  Rate limited, waiting 10s...
  Rate limited, waiting 10s...
  Rate limited, waiting 10s...
  Rate limited, waiting 10s...
Fixed 34200 | last: Rhino-Rack Wall Hanger - Large -> Rhino-Rack Rhino-Rack Wall Hanger - Large | BullStrap
  Rate limited, waiting 10s...
  Rate limited, waiting 10s...
  Rate limited, waiting 10s...
  Rate limited, waiting 10s...
Batch done: processed 37250 | fixed 34229 | since_id 10424691786001
  Rate limited, waiting 10s...
  Rate limited, waiting 10s...
Fixed 34250 | last: Rigid Industries Light Cover for Adapt A -> Rigid Industries Rigid Industries Light Cover fo | BullStrap
  Rate limited, waiting 10s...
  Rate limited, waiting 10s...
  Rate limited, waiting 10s...
  Rate limited, waiting 10s...
  Rate limited, waiting 10s...
  Rate limited, waiting 10s...
Fixed 34300 | last: Rigid Industries Adapt XE LED Moto Kit - -> Rigid Industries Rigid Industries Adapt XE LED M | BullStrap
  Rate limited, waiting 10s...
  Rate limited, waiting 10s...
  Rate limited, waiting 10s...
  Rate limited, waiting 10s...
  Rate limited, waiting 10s...
  Rate limited, waiting 10s...
  Rate limited, waiting 10s...
Fixed 34350 | last: Rigid Industries 2017+ Can-Am Maveric X3 -> Rigid Industries Shocks 2017+ | BullStrap
  Rate limited, waiting 10s...
  Rate limited, waiting 10s...
  Rate limited, waiting 10s...
  Rate limited, waiting 10s...
  Rate limited, waiting 10s...
  Rate limited, waiting 10s...
Fixed 34400 | last: Rigid Industries 10in SR2-Series - Drive -> Rigid Industries Rigid Industries 10in SR2-Serie | BullStrap
  Rate limited, waiting 10s...
  Rate limited, waiting 10s...
  Rate limited, waiting 10s...
  Rate limited, waiting 10s...
  Rate limited, waiting 10s...
  Rate limited, waiting 10s...
Fixed 34450 | last: BAK 2022+ Toyota Tundra 5.5ft Bed Revolv -> BAK Tonneau Cover 2022+ | BullStrap
  Rate limited, waiting 10s...
  Rate limited, waiting 10s...
Batch done: processed 37500 | fixed 34465 | since_id 10426751451409
  Rate limited, waiting 10s...
  Rate limited, waiting 10s...
  Rate limited, waiting 10s...
  Rate limited, waiting 10s...
Fixed 34500 | last: Bikers Choice 87-99 Softail Chrome Calip -> Bikers Choice Bikers Choice Softail Chrome Calip | BullStrap
  Rate limited, waiting 10s...
  Rate limited, waiting 10s...
  Rate limited, waiting 10s...
  Rate limited, waiting 10s...
  Rate limited, waiting 10s...
  Rate limited, waiting 10s...
Fixed 34550 | last: BMR Suspension 08-09 Pontiac GT Brake Ki -> BMR Suspension Rotors 08-09 | BullStrap
  Rate limited, waiting 10s...
  Rate limited, waiting 10s...
  Rate limited, waiting 10s...
  Rate limited, waiting 10s...
  Rate limited, waiting 10s...
  Rate limited, waiting 10s...
Fixed 34600 | last: Brembo OE 98-05 Lexus GS300/98-00 GS400/ -> Brembo OE Brembo OE Lexus GS300/ GS400/ GS430/ I | BullStrap
  Rate limited, waiting 10s...
  Rate limited, waiting 10s...
  Rate limited, waiting 10s...
  Rate limited, waiting 10s...
  Rate limited, waiting 10s...
  Rate limited, waiting 10s...
  Rate limited, waiting 10s...
Fixed 34650 | last: Burly Brand Slammer Kit - Chrome -> Burly Brand Burly Brand Slammer Kit - Chrome | BullStrap
  Rate limited, waiting 10s...
  Rate limited, waiting 10s...
  Rate limited, waiting 10s...
  Rate limited, waiting 10s...
  Rate limited, waiting 10s...
  Rate limited, waiting 10s...
Batch done: processed 37750 | fixed 34698 | since_id 10426937180433
Fixed 34700 | last: Cycra 06-23 Yamaha YZ125 Stadium Number  -> Cycra Cycra Yamaha YZ125 Stadium Number Plate -  | BullStrap
  Rate limited, waiting 10s...
  Rate limited, waiting 10s...
  Rate limited, waiting 10s...
  Rate limited, waiting 10s...
  Rate limited, waiting 10s...
  Rate limited, waiting 10s...
Fixed 34750 | last: Diode Dynamics 42 In LED Light Bar Singl -> Diode Dynamics Diode Dynamics 42 In LED Light Ba | BullStrap
  Rate limited, waiting 10s...
  Rate limited, waiting 10s...
  Rate limited, waiting 10s...
  Rate limited, waiting 10s...
  Rate limited, waiting 10s...
  Rate limited, waiting 10s...
Fixed 34800 | last: JKS Manufacturing Jeep Wrangler TJ/LJ HD -> JKS Manufacturing JKS Manufacturing Jeep Wrangle | BullStrap
  Rate limited, waiting 10s...
  Rate limited, waiting 10s...
  Rate limited, waiting 10s...
  Rate limited, waiting 10s...
  Rate limited, waiting 10s...
  Rate limited, waiting 10s...
Fixed 34850 | last: NRG Aluminum Sport Pedal M/T - Purple/Ti -> NRG NRG Aluminum Sport Pedal M/T - Purple/Titani | BullStrap
  Rate limited, waiting 10s...
  Rate limited, waiting 10s...
  Rate limited, waiting 10s...
  Rate limited, waiting 10s...
  Rate limited, waiting 10s...
  Rate limited, waiting 10s...
  Rate limited, waiting 10s...
Fixed 34900 | last: Rock Krawler 2018+ Jeep Wrangler JL 2DR  -> Rock Krawler Rock Krawler Jeep Wrangler JL 2DR / | BullStrap
  Rate limited, waiting 10s...
  Rate limited, waiting 10s...
  Rate limited, waiting 10s...
  Rate limited, waiting 10s...
Batch done: processed 38000 | fixed 34936 | since_id 10428250620177
  Rate limited, waiting 10s...
  Rate limited, waiting 10s...
Fixed 34950 | last: RockJock TJ/LJ/XJ/MJ Currectlync Steerin -> RockJock RockJock TJ/LJ/XJ/MJ Currectlync Steeri | BullStrap
  Rate limited, waiting 10s...
  Rate limited, waiting 10s...
  Rate limited, waiting 10s...
  Rate limited, waiting 10s...
  Rate limited, waiting 10s...
  Rate limited, waiting 10s...
Fixed 35000 | last: Roush 2005-2009 Ford Mustang GT/GT500 En -> Roush Exhaust 2005-2009 | BullStrap
  Rate limited, waiting 10s...
  Rate limited, waiting 10s...
  Rate limited, waiting 10s...
  Rate limited, waiting 10s...
  Rate limited, waiting 10s...
  Rate limited, waiting 10s...
Fixed 35050 | last: Royal Purple Max Gear Synthetic 75W90 Ge -> Royal Purple Royal Purple Max Gear Synthetic 75W | BullStrap
  Rate limited, waiting 10s...
  Rate limited, waiting 10s...
  Rate limited, waiting 10s...
  Rate limited, waiting 10s...
  Rate limited, waiting 10s...
  Rate limited, waiting 10s...
Fixed 35100 | last: RS-R 2019+ Toyota Corolla Hatchback Supe -> RS-R RS-R Toyota Corolla Hatchback Super Down Sp | BullStrap
  Rate limited, waiting 10s...
  Rate limited, waiting 10s...
  Rate limited, waiting 10s...
  Rate limited, waiting 10s...
  Rate limited, waiting 10s...
  Rate limited, waiting 10s...
  Rate limited, waiting 10s...
Fixed 35150 | last: Rugged Radios Polaris Xpedition Comm Kit -> Rugged Radios Rugged Radios Polaris Xpedition Co | BullStrap
  Rate limited, waiting 10s...
  Rate limited, waiting 10s...
Batch done: processed 38250 | fixed 35172 | since_id 10429996663057
  Rate limited, waiting 10s...
  Rate limited, waiting 10s...
  Rate limited, waiting 10s...
Fixed 35200 | last: Rugged Ridge 91-95 Jeep Wrangler YJ Dual -> Rugged Ridge Battery 91-95 | BullStrap
  Rate limited, waiting 10s...
  Rate limited, waiting 10s...
  Rate limited, waiting 10s...
  Rate limited, waiting 10s...
  Rate limited, waiting 10s...
  Rate limited, waiting 10s...
Fixed 35250 | last: Rugged Ridge Bug Deflector Smoke 87-06 J -> Rugged Ridge Rugged Ridge Bug Deflector Smoke Je | BullStrap
  Rate limited, waiting 10s...
  Rate limited, waiting 10s...
  Rate limited, waiting 10s...
  Rate limited, waiting 10s...
  Rate limited, waiting 10s...
  Rate limited, waiting 10s...
  Rate limited, waiting 10s...
Fixed 35300 | last: Rugged Ridge Arcus Front Bumper Tube Ove -> Rugged Ridge Bumper | BullStrap
  Rate limited, waiting 10s...
  Rate limited, waiting 10s...
  Rate limited, waiting 10s...
  Rate limited, waiting 10s...
  Rate limited, waiting 10s...
  Rate limited, waiting 10s...
Fixed 35350 | last: Rugged Ridge Cowl Body Armor 07-18 Jeep  -> Rugged Ridge Rugged Ridge Cowl Body Armor Jeep W | BullStrap
  Rate limited, waiting 10s...
  Rate limited, waiting 10s...
  Rate limited, waiting 10s...
  Rate limited, waiting 10s...
  Rate limited, waiting 10s...
  Rate limited, waiting 10s...
Fixed 35400 | last: Rugged Ridge Clinometer with Compass -> Rugged Ridge Rugged Ridge Clinometer with Compas | BullStrap
Batch done: processed 38500 | fixed 35405 | since_id 10430012883217
  Rate limited, waiting 10s...
  Rate limited, waiting 10s...
  Rate limited, waiting 10s...
  Rate limited, waiting 10s...
  Rate limited, waiting 10s...
  Rate limited, waiting 10s...
Fixed 35450 | last: Rugged Ridge Roll Bar Cover Black Polyes -> Rugged Ridge Rugged Ridge Roll Bar Cover Black P | BullStrap
  Rate limited, waiting 10s...
  Rate limited, waiting 10s...
  Rate limited, waiting 10s...
  Rate limited, waiting 10s...
  Rate limited, waiting 10s...
  Rate limited, waiting 10s...
Fixed 35500 | last: Rugged Ridge XHD Snorkel Pre-filter With -> Rugged Ridge Rugged Ridge XHD Snorkel Pre-filter | BullStrap
  Rate limited, waiting 10s...
  Rate limited, waiting 10s...
  Rate limited, waiting 10s...
  Rate limited, waiting 10s...
  Rate limited, waiting 10s...
  Rate limited, waiting 10s...
Fixed 35550 | last: Russell Performance -10 AN Black 45 Degr -> Russell Russell Performance -10 AN Black 45 Degr | BullStrap
  Rate limited, waiting 10s...
  Rate limited, waiting 10s...
  Rate limited, waiting 10s...
  Rate limited, waiting 10s...
  Rate limited, waiting 10s...
  Rate limited, waiting 10s...
  Rate limited, waiting 10s...
Fixed 35600 | last: Russell Performance 92-96 Honda Prelude  -> Russell Russell Performance Honda Prelude Brake  | BullStrap
  Rate limited, waiting 10s...
  Rate limited, waiting 10s...
  Rate limited, waiting 10s...
  Rate limited, waiting 10s...
  Rate limited, waiting 10s...
Batch done: processed 38750 | fixed 35639 | since_id 10430037033233
  Rate limited, waiting 10s...
Fixed 35650 | last: Rywire OBD0 to OBD2A 10-Pin Distributor  -> Rywire Rywire OBD0 to OBD2A 10-Pin Distributor A | BullStrap
  Rate limited, waiting 10s...
  Rate limited, waiting 10s...
  Rate limited, waiting 10s...
  Rate limited, waiting 10s...
  Rate limited, waiting 10s...
  Rate limited, waiting 10s...
Fixed 35700 | last: Autometer Ultra-Lite 52mm  100-250 Degre -> AutoMeter Autometer Ultra-Lite 52mm Degree F Mec | BullStrap
  Rate limited, waiting 10s...
  Rate limited, waiting 10s...
  Rate limited, waiting 10s...
  Rate limited, waiting 10s...
  Rate limited, waiting 10s...
  Rate limited, waiting 10s...
Fixed 35750 | last: Hawk LTS Street Brake Pads -> Hawk Performance Brake Pads | BullStrap
  Rate limited, waiting 10s...
  Rate limited, waiting 10s...
  Rate limited, waiting 10s...
  Rate limited, waiting 10s...
  Rate limited, waiting 10s...
  Rate limited, waiting 10s...
Fixed 35800 | last: S&S Cycle 2007+ XL Models Stealth Air St -> S&S Cycle S&S Cycle XL Models Stealth Air Stinge | BullStrap
  Rate limited, waiting 10s...
  Rate limited, waiting 10s...
  Rate limited, waiting 10s...
  Rate limited, waiting 10s...
  Rate limited, waiting 10s...
  Rate limited, waiting 10s...
Batch done: processed 39000 | fixed 35847 | since_id 10433166344465
  Rate limited, waiting 10s...
Fixed 35850 | last: SeaSucker 4.5in. SeaSucker - Black -> SeaSucker SeaSucker 4.5in. SeaSucker - Black | BullStrap
  Rate limited, waiting 10s...
  Rate limited, waiting 10s...
  Rate limited, waiting 10s...
  Rate limited, waiting 10s...
  Rate limited, waiting 10s...
  Rate limited, waiting 10s...
  Rate limited, waiting 10s...
Fixed 35900 | last: Skid Lids Traditional Helmet Black - Med -> Skid Lid Skid Lids Traditional Helmet Black - Me | BullStrap
  Rate limited, waiting 10s...
  Rate limited, waiting 10s...
  Rate limited, waiting 10s...
  Rate limited, waiting 10s...
  Rate limited, waiting 10s...
  Rate limited, waiting 10s...
Fixed 35950 | last: Skunk2 Pro Series 2 Honda S2000 F20C/F22 -> Skunk2 Racing Skunk2 Pro Series 2 Honda S2000 F2 | BullStrap
  Rate limited, waiting 10s...
  Rate limited, waiting 10s...
  Rate limited, waiting 10s...
  Rate limited, waiting 10s...
  Rate limited, waiting 10s...
  Rate limited, waiting 10s...
Fixed 36000 | last: Skunk2 Alpha Series Honda/Acura D Series -> Skunk2 Racing Skunk2 Alpha Series Honda/Acura D  | BullStrap
  Rate limited, waiting 10s...
  Rate limited, waiting 10s...
  Rate limited, waiting 10s...
  Rate limited, waiting 10s...
  Rate limited, waiting 10s...
  Rate limited, waiting 10s...
Fixed 36050 | last: Skunk2 Pro Stance 96-00 Honda Civic (EK  -> Skunk2 Racing Skunk2 Pro Stance Honda Civic (EK  | BullStrap
  Rate limited, waiting 10s...
  Rate limited, waiting 10s...
Batch done: processed 39250 | fixed 36066 | since_id 10433187021073
  Rate limited, waiting 10s...
  Rate limited, waiting 10s...
  Rate limited, waiting 10s...
  Rate limited, waiting 10s...
Fixed 36100 | last: Skyjacker Nitro Shock Absorber 1992-1994 -> Skyjacker Shocks 1992-1994 | BullStrap
  Rate limited, waiting 10s...
  Rate limited, waiting 10s...
  Rate limited, waiting 10s...
  Rate limited, waiting 10s...
  Rate limited, waiting 10s...
  Rate limited, waiting 10s...
Fixed 36150 | last: Skyjacker Leaf Spring Bushing 1980-1998  -> Skyjacker Skyjacker Leaf Spring Bushing Ford F-2 | BullStrap
  Rate limited, waiting 10s...
  Rate limited, waiting 10s...
  Rate limited, waiting 10s...
  Rate limited, waiting 10s...
  Rate limited, waiting 10s...
  Rate limited, waiting 10s...
  Rate limited, waiting 10s...
Fixed 36200 | last: Snow Performance 15-21 Ford F150 Truck F -> Snow Performance Snow Performance Ford F150 Truc | BullStrap
  Rate limited, waiting 10s...
  Rate limited, waiting 10s...
  Rate limited, waiting 10s...
  Rate limited, waiting 10s...
  Rate limited, waiting 10s...
  Rate limited, waiting 10s...
Fixed 36250 | last: Skyjacker 4" 67-77 F250 4WD -> Skyjacker Skyjacker 4" F250 4WD | BullStrap
  Rate limited, waiting 10s...
  Rate limited, waiting 10s...
  Rate limited, waiting 10s...
  Rate limited, waiting 10s...
  Rate limited, waiting 10s...
  Rate limited, waiting 10s...
Fixed 36300 | last: Snow Performance High Flow 7PSI Crack Pr -> Snow Performance Snow Performance High Flow 7PSI | BullStrap
Batch done: processed 39500 | fixed 36300 | since_id 10433660879121
  Rate limited, waiting 10s...
  Rate limited, waiting 10s...
  Rate limited, waiting 10s...
  Rate limited, waiting 10s...
  Rate limited, waiting 10s...
  Rate limited, waiting 10s...
Fixed 36350 | last: SPAL Fan Mounting Pin (1 Piece) -> SPAL SPAL Fan Mounting Pin (1 Piece) | BullStrap
  Rate limited, waiting 10s...
  Rate limited, waiting 10s...
  Rate limited, waiting 10s...
  Rate limited, waiting 10s...
  Rate limited, waiting 10s...
  Rate limited, waiting 10s...
  Rate limited, waiting 10s...
Fixed 36400 | last: SPC Performance 1 deg. FORD SLEEVE -> SPC Performance SPC Performance 1 deg. FORD SLEE | BullStrap
  Rate limited, waiting 10s...
  Rate limited, waiting 10s...
  Rate limited, waiting 10s...
  Rate limited, waiting 10s...
  Rate limited, waiting 10s...
  Rate limited, waiting 10s...
Fixed 36450 | last: SPC Performance CAM EXTRACTOR PRESS TOOL -> SPC Performance SPC Performance CAM EXTRACTOR PR | BullStrap
  Rate limited, waiting 10s...
  Rate limited, waiting 10s...
  Rate limited, waiting 10s...
  Rate limited, waiting 10s...
  Rate limited, waiting 10s...
  Rate limited, waiting 10s...
Fixed 36500 | last: SPC Performance 99-05 VW Golf/Jetta/00-0 -> SPC Performance SPC Performance VW Golf/Jetta/ A | BullStrap
  Rate limited, waiting 10s...
  Rate limited, waiting 10s...
  Rate limited, waiting 10s...
  Rate limited, waiting 10s...
Batch done: processed 39750 | fixed 36537 | since_id 10433894744337
  Rate limited, waiting 10s...
Fixed 36550 | last: SPC Performance 2018+ Jeep Wrangler JL F -> SPC Performance SPC Performance Jeep Wrangler JL | BullStrap
  Rate limited, waiting 10s...
  Rate limited, waiting 10s...
  Rate limited, waiting 10s...
  Rate limited, waiting 10s...
  Rate limited, waiting 10s...
  Rate limited, waiting 10s...
Fixed 36600 | last: Spectre ExtraFlow Push-In Breather Filte -> Spectre Spectre ExtraFlow Push-In Breather Filte | BullStrap
  Rate limited, waiting 10s...
  Rate limited, waiting 10s...
  Rate limited, waiting 10s...
  Rate limited, waiting 10s...
  Rate limited, waiting 10s...
  Rate limited, waiting 10s...
Fixed 36650 | last: Spectre 18-19 Dodge Ram 1500 5.7L V8 F/I -> Spectre Air Filter 18-19 | BullStrap
  Rate limited, waiting 10s...
  Rate limited, waiting 10s...
  Rate limited, waiting 10s...
  Rate limited, waiting 10s...
  Rate limited, waiting 10s...
  Rate limited, waiting 10s...
Fixed 36700 | last: Speed and Strength Call to Arms Moto Shi -> Speed and Strength Speed and Strength Call to Ar | BullStrap
  Rate limited, waiting 10s...
  Rate limited, waiting 10s...
  Rate limited, waiting 10s...
  Rate limited, waiting 10s...
  Rate limited, waiting 10s...
  Rate limited, waiting 10s...
Fixed 36750 | last: Speed and Strength Black 9 2.0 Moto Shir -> Speed and Strength Speed and Strength Black 9 2. | BullStrap
  Rate limited, waiting 10s...
  Rate limited, waiting 10s...
  Rate limited, waiting 10s...
Batch done: processed 40000 | fixed 36774 | since_id 10433912471825
  Rate limited, waiting 10s...
  Rate limited, waiting 10s...
  Rate limited, waiting 10s...
Fixed 36800 | last: SPL Parts 04-19 BMW 3 Series/4 Series (E -> SPL Parts Control Arms 04-19 | BullStrap
  Rate limited, waiting 10s...
  Rate limited, waiting 10s...
  Rate limited, waiting 10s...
  Rate limited, waiting 10s...
  Rate limited, waiting 10s...
  Rate limited, waiting 10s...
  Rate limited, waiting 10s...
Fixed 36850 | last: EVS Axis D-Rings Kit (2 Flush/2 Swivel/H -> EVS EVS Axis D-Rings Kit (2 Flush/2 Swivel/Hardw | BullStrap
  Rate limited, waiting 10s...
  Rate limited, waiting 10s...
  Rate limited, waiting 10s...
  Rate limited, waiting 10s...
  Rate limited, waiting 10s...
  Rate limited, waiting 10s...
Fixed 36900 | last: Method MR315 17x8.5 0mm Offset 5x5 71.5m -> Method Wheels Method MR315 17x8.5 0mm Offset 5x5 | BullStrap
  Rate limited, waiting 10s...
  Rate limited, waiting 10s...
  Rate limited, waiting 10s...
  Rate limited, waiting 10s...
  Rate limited, waiting 10s...
  Rate limited, waiting 10s...
Fixed 36950 | last: Prothane 97-03 Dodge Dakota 4wd Control  -> Prothane Control Arms 97-03 | BullStrap
  Rate limited, waiting 10s...
  Rate limited, waiting 10s...
  Rate limited, waiting 10s...
  Rate limited, waiting 10s...
  Rate limited, waiting 10s...
  Rate limited, waiting 10s...
Fixed 37000 | last: Toyo Proxes R888R Tire - 285/35ZR20 100Y -> TOYO Toyo Proxes R888R Tire - 285/35ZR20 100Y | BullStrap
  Rate limited, waiting 10s...
Batch done: processed 40250 | fixed 37010 | since_id 10436000874769
  Rate limited, waiting 10s...
  Rate limited, waiting 10s...
  Rate limited, waiting 10s...
  Rate limited, waiting 10s...
  Rate limited, waiting 10s...
Fixed 37050 | last: Toyo Open Country A/T III Tire - LT285/5 -> TOYO Toyo Open Country A/T III Tire - LT285/50R2 | BullStrap
  Rate limited, waiting 10s...
  Rate limited, waiting 10s...
  Rate limited, waiting 10s...
  Rate limited, waiting 10s...
  Rate limited, waiting 10s...
  Rate limited, waiting 10s...
Fixed 37100 | last: SPL Parts 2022+ BMW G8X (M3/M4) Front Te -> SPL Parts SPL Parts BMW G8X (M3/M4) Front Tensio | BullStrap
  Rate limited, waiting 10s...
  Rate limited, waiting 10s...
  Rate limited, waiting 10s...
  Rate limited, waiting 10s...
  Rate limited, waiting 10s...
  Rate limited, waiting 10s...
Fixed 37150 | last: Spyder Dodge Neon 03-05 Euro Style Tail  -> SPYDER Spyder Dodge Neon Euro Style Tail Lights  | BullStrap
  Rate limited, waiting 10s...
  Rate limited, waiting 10s...
  Rate limited, waiting 10s...
  Rate limited, waiting 10s...
  Rate limited, waiting 10s...
  Rate limited, waiting 10s...
Fixed 37200 | last: Spyder Dodge Ram 1500 02-05/Ram 2500 03- -> SPYDER Spyder Dodge Ram 1500 /Ram 2500 Projector | BullStrap
  Rate limited, waiting 10s...
  Rate limited, waiting 10s...
  Rate limited, waiting 10s...
  Rate limited, waiting 10s...
  Rate limited, waiting 10s...
  Rate limited, waiting 10s...
Batch done: processed 40500 | fixed 37245 | since_id 10436057301265
Fixed 37250 | last: Spyder GMC Sierra 1500/2500 03-06/Sierra -> SPYDER Spyder GMC Sierra 1500/2500 /Sierra 1500H | BullStrap
  Rate limited, waiting 10s...
  Rate limited, waiting 10s...
  Rate limited, waiting 10s...
  Rate limited, waiting 10s...
  Rate limited, waiting 10s...
  Rate limited, waiting 10s...
Fixed 37300 | last: xTune GMC Yukon 92-93 Crystal Headlights -> SPYDER Bumper 92-93 | BullStrap
  Rate limited, waiting 10s...
  Rate limited, waiting 10s...
  Rate limited, waiting 10s...
  Rate limited, waiting 10s...
  Rate limited, waiting 10s...
  Rate limited, waiting 10s...
  Rate limited, waiting 10s...
Fixed 37350 | last: Spyder Chevy Silverado 1500/2500 03-06 V -> SPYDER Spyder Chevy Silverado 1500/2500 Version  | BullStrap
  Rate limited, waiting 10s...
  Rate limited, waiting 10s...
  Rate limited, waiting 10s...
  Rate limited, waiting 10s...
  Rate limited, waiting 10s...
Fixed 37400 | last: Spyder 05-09 Ford Mustang (White Light B -> SPYDER Spyder Ford Mustang (White Light Bar) LED | BullStrap
  Rate limited, waiting 10s...
  Rate limited, waiting 10s...
  Rate limited, waiting 10s...
  Rate limited, waiting 10s...
  Rate limited, waiting 10s...
  Rate limited, waiting 10s...
  Rate limited, waiting 10s...
Fixed 37450 | last: Spyder Toyota Tundra 14-16 Daytime LED R -> SPYDER Spyder Toyota Tundra Daytime LED Running  | BullStrap
  Rate limited, waiting 10s...
  Rate limited, waiting 10s...
  Rate limited, waiting 10s...
  Rate limited, waiting 10s...
Batch done: processed 40750 | fixed 37486 | since_id 10436080238865
  Rate limited, waiting 10s...
  Rate limited, waiting 10s...
Fixed 37500 | last: ST Coilover Kit 06-09 Volkswagen Golf (M -> ST Suspensions Coilovers 06-09 | BullStrap
  Rate limited, waiting 10s...
  Rate limited, waiting 10s...
  Rate limited, waiting 10s...
  Rate limited, waiting 10s...
  Rate limited, waiting 10s...
  Rate limited, waiting 10s...
Fixed 37550 | last: Stainless Bros 3in Diameter 304SS 1D Rad -> Stainless Bros Stainless Bros 3in Diameter 304SS | BullStrap
  Rate limited, waiting 10s...
  Rate limited, waiting 10s...
  Rate limited, waiting 10s...
  Rate limited, waiting 10s...
  Rate limited, waiting 10s...
  Rate limited, waiting 10s...
Fixed 37600 | last: Stainless Bros 3.0in x 12.0in OAL Lightw -> Stainless Bros Exhaust | BullStrap
  Rate limited, waiting 10s...
  Rate limited, waiting 10s...
  Rate limited, waiting 10s...
  Rate limited, waiting 10s...
  Rate limited, waiting 10s...
  Rate limited, waiting 10s...
Fixed 37650 | last: Whiteline Plus 95-04 Nissan Pathfinder R -> Whiteline Whiteline Plus Nissan Pathfinder R50 R | BullStrap
  Rate limited, waiting 10s...
  Rate limited, waiting 10s...
  Rate limited, waiting 10s...
  Rate limited, waiting 10s...
  Rate limited, waiting 10s...
  Rate limited, waiting 10s...
Fixed 37700 | last: Wilwood 2021 Ford F-150 Raptor Aero6-DM  -> Wilwood Wilwood 2021 Ford F-150 Raptor Aero6-DM  | BullStrap
  Rate limited, waiting 10s...
  Rate limited, waiting 10s...
  Rate limited, waiting 10s...
  Rate limited, waiting 10s...
Batch done: processed 41000 | fixed 37727 | since_id 10436373414161
  Rate limited, waiting 10s...
  Rate limited, waiting 10s...
  Rate limited, waiting 10s...
  Rate limited, waiting 10s...
Fixed 37750 | last: Wiseco Nissan VG30 Turbo -9cc 1.260 X 88 -> Wiseco Turbo | BullStrap
  Rate limited, waiting 10s...
  Rate limited, waiting 10s...
  Rate limited, waiting 10s...
  Rate limited, waiting 10s...
  Rate limited, waiting 10s...
  Rate limited, waiting 10s...
  Rate limited, waiting 10s...
Fixed 37800 | last: ACT 1989 Ford Probe P/PL Heavy Duty Clut -> ACT ACT 1989 Ford Probe P/PL Heavy Duty Clutch P | BullStrap
  Rate limited, waiting 10s...
  Rate limited, waiting 10s...
  Rate limited, waiting 10s...
  Rate limited, waiting 10s...
  Rate limited, waiting 10s...
  Rate limited, waiting 10s...
Fixed 37850 | last: AVS 21-22 Hyundai Elantra Ventvisor Outs -> AVS AVS Hyundai Elantra Ventvisor Outside Mount  | BullStrap
  Rate limited, waiting 10s...
  Rate limited, waiting 10s...
  Rate limited, waiting 10s...
  Rate limited, waiting 10s...
  Rate limited, waiting 10s...
  Rate limited, waiting 10s...
Fixed 37900 | last: EBC S11 Brake Pad and Rotor Kit -> EBC Brake Pads | BullStrap
  Rate limited, waiting 10s...
  Rate limited, waiting 10s...
  Rate limited, waiting 10s...
  Rate limited, waiting 10s...
Batch done: processed 41250 | fixed 37928 | since_id 10437454528785
  Rate limited, waiting 10s...
  Rate limited, waiting 10s...
Fixed 37950 | last: Stainless Works 2014+ Toyota Tundra 5.7L -> Stainless Works Headers 2014+ | BullStrap
  Rate limited, waiting 10s...
  Rate limited, waiting 10s...
  Rate limited, waiting 10s...
  Rate limited, waiting 10s...
  Rate limited, waiting 10s...
Fixed 38000 | last: StopTech Power Slot 07-09 Base Cooper Fr -> Stoptech Rotors 07-09 | BullStrap
  Rate limited, waiting 10s...
  Rate limited, waiting 10s...
  Rate limited, waiting 10s...
  Rate limited, waiting 10s...
  Rate limited, waiting 10s...
  Rate limited, waiting 10s...
Fixed 38050 | last: StopTech Power Slot 01-05 Mazda Miata Sp -> Stoptech Rotors 01-05 | BullStrap
  Rate limited, waiting 10s...
  Rate limited, waiting 10s...
  Rate limited, waiting 10s...
  Rate limited, waiting 10s...
  Rate limited, waiting 10s...
  Rate limited, waiting 10s...
Fixed 38100 | last: StopTech 2018 Ford F-150 Sport Slotted R -> Stoptech Rotors | BullStrap
  Rate limited, waiting 10s...
  Rate limited, waiting 10s...
  Rate limited, waiting 10s...
  Rate limited, waiting 10s...
  Rate limited, waiting 10s...
  Rate limited, waiting 10s...
Fixed 38150 | last: StopTech Slotted & Drilled Sport Brake R -> Stoptech Rotors | BullStrap
  Rate limited, waiting 10s...
Batch done: processed 41500 | fixed 38157 | since_id 10439019036945
  Rate limited, waiting 10s...
  Rate limited, waiting 10s...
  Rate limited, waiting 10s...
  Rate limited, waiting 10s...
  Rate limited, waiting 10s...
  Rate limited, waiting 10s...
Fixed 38200 | last: StopTech Performance 06 Lexus GS300/430  -> Stoptech Brake Pads 07-08 | BullStrap
  Rate limited, waiting 10s...
  Rate limited, waiting 10s...
  Rate limited, waiting 10s...
  Rate limited, waiting 10s...
  Rate limited, waiting 10s...
  Rate limited, waiting 10s...
Fixed 38250 | last: Progressive 11-1128 Fork Spring Honda/Ya -> Progressive Progressive Fork Spring Honda/Yamaha | BullStrap
  Rate limited, waiting 10s...
  Rate limited, waiting 10s...
  Rate limited, waiting 10s...
  Rate limited, waiting 10s...
  Rate limited, waiting 10s...
  Rate limited, waiting 10s...
Fixed 38300 | last: Superlift 05-07 Ford F-250/F-350 w/ 4-8i -> Superlift Lift Kit 05-07 | BullStrap
  Rate limited, waiting 10s...
  Rate limited, waiting 10s...
  Rate limited, waiting 10s...
  Rate limited, waiting 10s...
  Rate limited, waiting 10s...
  Rate limited, waiting 10s...
Fixed 38350 | last: SuperPro 1955 Austin A30 Base Front 19mm -> Superpro Sway Bar | BullStrap
  Rate limited, waiting 10s...
  Rate limited, waiting 10s...
  Rate limited, waiting 10s...
  Rate limited, waiting 10s...
  Rate limited, waiting 10s...
Batch done: processed 41750 | fixed 38386 | since_id 10440462336273
  Rate limited, waiting 10s...
Fixed 38400 | last: SuperPro 1988 Toyota Corolla Rear Contro -> Superpro Control Arms | BullStrap
  Rate limited, waiting 10s...
  Rate limited, waiting 10s...
  Rate limited, waiting 10s...
  Rate limited, waiting 10s...
  Rate limited, waiting 10s...
  Rate limited, waiting 10s...
  Rate limited, waiting 10s...
Fixed 38450 | last: SuperPro 1990 Mazda Miata Base Rear Lowe -> Superpro Control Arms | BullStrap
  Rate limited, waiting 10s...
  Rate limited, waiting 10s...
  Rate limited, waiting 10s...
  Rate limited, waiting 10s...
  Rate limited, waiting 10s...
  Rate limited, waiting 10s...
Fixed 38500 | last: SuperPro 1998 Lexus LX470 Base Steering  -> Superpro SuperPro 1998 Lexus LX470 Base Steering | BullStrap
  Rate limited, waiting 10s...
  Rate limited, waiting 10s...
  Rate limited, waiting 10s...
  Rate limited, waiting 10s...
  Rate limited, waiting 10s...
  Rate limited, waiting 10s...
Fixed 38550 | last: SuperPro Toyota Rear Differential Suppor -> Superpro SuperPro Toyota Rear Differential Suppo | BullStrap
  Rate limited, waiting 10s...
  Rate limited, waiting 10s...
  Rate limited, waiting 10s...
  Rate limited, waiting 10s...
  Rate limited, waiting 10s...
Fixed 38600 | last: SuperPro Front Man Rack Shaft Guide Bush -> Superpro SuperPro Front Man Rack Shaft Guide Bus | BullStrap
  Rate limited, waiting 10s...
Batch done: processed 42000 | fixed 38621 | since_id 10440472264977
  Rate limited, waiting 10s...
  Rate limited, waiting 10s...
  Rate limited, waiting 10s...
Fixed 38650 | last: SuperPro 2001 Lexus GS300 Base Front Low -> Superpro SuperPro 2001 Lexus GS300 Base Front Lo | BullStrap
  Rate limited, waiting 10s...
  Rate limited, waiting 10s...
  Rate limited, waiting 10s...
  Rate limited, waiting 10s...
Fixed 38700 | last: SuperPro 2009 Audi Q5 Prestige Front Low -> Superpro Shocks | BullStrap
  Rate limited, waiting 10s...
  Rate limited, waiting 10s...
  Rate limited, waiting 10s...
  Rate limited, waiting 10s...
Fixed 38750 | last: PRP 4.2 Harness with Latch / Link Lap Be -> PRP Seats PRP 4.2 Harness with Latch / Link Lap  | BullStrap
  Rate limited, waiting 10s...
  Rate limited, waiting 10s...
  Rate limited, waiting 10s...
  Rate limited, waiting 10s...
  Rate limited, waiting 10s...
  Rate limited, waiting 10s...
  Rate limited, waiting 10s...
  Rate limited, waiting 10s...
Batch done: processed 42250 | fixed 38799 | since_id 10441019031825
Fixed 38800 | last: SuperPro 1980 Triumph TR8 Base Rear Lowe -> Superpro SuperPro 1980 Triumph TR8 Base Rear Low | BullStrap
  Rate limited, waiting 10s...
  Rate limited, waiting 10s...
  Rate limited, waiting 10s...
  Rate limited, waiting 10s...
  Rate limited, waiting 10s...
  Rate limited, waiting 10s...
  Rate limited, waiting 10s...
Fixed 38850 | last: SuperPro 2002 Acura RSX Base Rear Upper  -> Superpro Control Arms | BullStrap
  Rate limited, waiting 10s...
  Rate limited, waiting 10s...
  Rate limited, waiting 10s...
  Rate limited, waiting 10s...
Fixed 38900 | last: SuperPro 2009 Nissan 370Z Nismo Front Lo -> Superpro Control Arms | BullStrap
  Rate limited, waiting 10s...
  Rate limited, waiting 10s...
  Rate limited, waiting 10s...
  Rate limited, waiting 10s...
  Rate limited, waiting 10s...
  Rate limited, waiting 10s...
Fixed 38950 | last: SuperPro 2008 Toyota Highlander Hybrid L -> Superpro Control Arms | BullStrap
  Rate limited, waiting 10s...
  Rate limited, waiting 10s...
  Rate limited, waiting 10s...
  Rate limited, waiting 10s...
  Rate limited, waiting 10s...
  Rate limited, waiting 10s...
Batch done: processed 42500 | fixed 38992 | since_id 10441030861073
Fixed 39000 | last: Supertech BMW N54 Black Nitrided Intake  -> Supertech Supertech BMW N54 Black Nitrided Intak | BullStrap
  Rate limited, waiting 10s...
  Rate limited, waiting 10s...
  Rate limited, waiting 10s...
  Rate limited, waiting 10s...
  Rate limited, waiting 10s...
Fixed 39050 | last: Supertech 5.5mm Valve Lock 7 Degrees Sta -> Supertech Supertech 5.5mm Valve Lock 7 Degrees S | BullStrap
  Rate limited, waiting 10s...
  Rate limited, waiting 10s...
  Rate limited, waiting 10s...
  Rate limited, waiting 10s...
  Rate limited, waiting 10s...
  Rate limited, waiting 10s...
  Rate limited, waiting 10s...
  Rate limited, waiting 10s...
  Rate limited, waiting 10s...
  Rate limited, waiting 10s...
Fixed 39100 | last: Supertech Titanium Retainer for H1000 Se -> Supertech Supertech Titanium Retainer for H1000  | BullStrap
  Rate limited, waiting 10s...
  Rate limited, waiting 10s...
  Rate limited, waiting 10s...
  Rate limited, waiting 10s...
  Rate limited, waiting 10s...
  Rate limited, waiting 10s...
Fixed 39150 | last: Supertech Ford Duratec/Mazda MZR 2.0L/2. -> Supertech Supertech Ford Duratec/Mazda MZR 2.0L/ | BullStrap
  Rate limited, waiting 10s...
  Rate limited, waiting 10s...
  Rate limited, waiting 10s...
  Rate limited, waiting 10s...
Batch done: processed 42750 | fixed 39184 | since_id 10441043345681
  Rate limited, waiting 10s...
  Rate limited, waiting 10s...
Fixed 39200 | last: Supertech Audi/VW 2.5T FSI Inconel Exhau -> Supertech Exhaust | BullStrap
  Rate limited, waiting 10s...
  Rate limited, waiting 10s...
  Rate limited, waiting 10s...
  Rate limited, waiting 10s...
  Rate limited, waiting 10s...
  Rate limited, waiting 10s...
Fixed 39250 | last: Ticon Industries Titanium Welding Sample -> Ticon Ticon Industries Titanium Welding Sample P | BullStrap
  Rate limited, waiting 10s...
  Rate limited, waiting 10s...
  Rate limited, waiting 10s...
  Rate limited, waiting 10s...
  Rate limited, waiting 10s...
  Rate limited, waiting 10s...
Fixed 39300 | last: Timbren 2003 Lexus GX470 Front Active Of -> Timbren Timbren 2003 Lexus GX470 Front Active Of | BullStrap
  Rate limited, waiting 10s...
  Rate limited, waiting 10s...
  Rate limited, waiting 10s...
  Rate limited, waiting 10s...
Fixed 39350 | last: Timbren 2000 Toyota Tundra SES Spacer Ki -> Timbren Timbren 2000 Toyota Tundra SES Spacer Ki | BullStrap
  Rate limited, waiting 10s...
  Rate limited, waiting 10s...
  Rate limited, waiting 10s...
  Rate limited, waiting 10s...
  Rate limited, waiting 10s...
  Rate limited, waiting 10s...
Fixed 39400 | last: Torque Solution Billet Engine & Transmis -> Torque Solution Torque Solution Billet Engine &  | BullStrap
  Rate limited, waiting 10s...
Batch done: processed 43000 | fixed 39410 | since_id 10441625043217
  Rate limited, waiting 10s...
  Rate limited, waiting 10s...
  Rate limited, waiting 10s...
  Rate limited, waiting 10s...
Fixed 39450 | last: Torque Solution Aluminum Rear Engine Mou -> Torque Solution Torque Solution Aluminum Rear En | BullStrap
  Rate limited, waiting 10s...
  Rate limited, waiting 10s...
  Rate limited, waiting 10s...
  Rate limited, waiting 10s...
  Rate limited, waiting 10s...
  Rate limited, waiting 10s...
Fixed 39500 | last: Torque Solution Thermal Intake Manifold  -> Torque Solution Torque Solution Thermal Intake M | BullStrap
  Rate limited, waiting 10s...
  Rate limited, waiting 10s...
  Rate limited, waiting 10s...
  Rate limited, waiting 10s...
  Rate limited, waiting 10s...
  Rate limited, waiting 10s...
Fixed 39550 | last: Torque Solution Silicone Vacuum Hose (Bl -> Torque Solution Torque Solution Silicone Vacuum  | BullStrap
  Rate limited, waiting 10s...
  Rate limited, waiting 10s...
  Rate limited, waiting 10s...
  Rate limited, waiting 10s...
  Rate limited, waiting 10s...
  Rate limited, waiting 10s...
  Rate limited, waiting 10s...
Fixed 39600 | last: Torque Solution Top Feed Fuel Rails: 02- -> Torque Solution Torque Solution Top Feed Fuel Ra | BullStrap
  Rate limited, waiting 10s...
  Rate limited, waiting 10s...
Batch done: processed 43250 | fixed 39617 | since_id 10441637429521
  Rate limited, waiting 10s...
  Rate limited, waiting 10s...
  Rate limited, waiting 10s...
  Rate limited, waiting 10s...
Fixed 39650 | last: Torque Solution 2008+ Subaru EJ Engines  -> Torque Solution Torque Solution Subaru EJ Engine | BullStrap
  Rate limited, waiting 10s...
  Rate limited, waiting 10s...
  Rate limited, waiting 10s...
  Rate limited, waiting 10s...
  Rate limited, waiting 10s...
  Rate limited, waiting 10s...
Fixed 39700 | last: Torque Solution Subaru EJ Engines Oil Pu -> Torque Solution Torque Solution Subaru EJ Engine | BullStrap
  Rate limited, waiting 10s...
  Rate limited, waiting 10s...
  Rate limited, waiting 10s...
  Rate limited, waiting 10s...
  Rate limited, waiting 10s...
  Rate limited, waiting 10s...
Fixed 39750 | last: Truxedo Elevate Channel Guard - 188in. R -> Truxedo Truxedo Elevate Channel Guard - 188in. R | BullStrap
  Rate limited, waiting 10s...
  Rate limited, waiting 10s...
  Rate limited, waiting 10s...
  Rate limited, waiting 10s...
  Rate limited, waiting 10s...
Fixed 39800 | last: Truxedo 19-20 Ford Ranger 5ft TruXport B -> Truxedo Tonneau Cover 19-20 | BullStrap
  Rate limited, waiting 10s...
  Rate limited, waiting 10s...
  Rate limited, waiting 10s...
  Rate limited, waiting 10s...
  Rate limited, waiting 10s...
  Rate limited, waiting 10s...
  Rate limited, waiting 10s...
Batch done: processed 43500 | fixed 39843 | since_id 10441651323153
Fixed 39850 | last: BikeMaster Flywheel Puller - 20mm -> BikeMaster BikeMaster Flywheel Puller - 20mm | BullStrap
  Rate limited, waiting 10s...
  Rate limited, waiting 10s...
  Rate limited, waiting 10s...
  Rate limited, waiting 10s...
  Rate limited, waiting 10s...
  Rate limited, waiting 10s...
Fixed 39900 | last: EBC 93-95 Porsche 911 (964) 3.6 Turbo Ye -> EBC Brake Pads 93-95 | BullStrap
  Rate limited, waiting 10s...
  Rate limited, waiting 10s...
  Rate limited, waiting 10s...
  Rate limited, waiting 10s...
  Rate limited, waiting 10s...
  Rate limited, waiting 10s...
  Rate limited, waiting 10s...
Fixed 39950 | last: Tuffy Hood Lock Jeep Wrangler Tj & Lj Bl -> Tuffy Products Tuffy Hood Lock Jeep Wrangler Tj  | BullStrap
  Rate limited, waiting 10s...
  Rate limited, waiting 10s...
  Rate limited, waiting 10s...
  Rate limited, waiting 10s...
  Rate limited, waiting 10s...
  Rate limited, waiting 10s...
Fixed 40000 | last: Turbo XS Subaru WRX/STi 3in Downpipe to  -> Turbo XS Exhaust | BullStrap
  Rate limited, waiting 10s...
  Rate limited, waiting 10s...
  Rate limited, waiting 10s...
  Rate limited, waiting 10s...
  Rate limited, waiting 10s...
  Rate limited, waiting 10s...
  Rate limited, waiting 10s...
Fixed 40050 | last: Turbosmart Boost Tee Manual Boost Contro -> Turbosmart Turbo | BullStrap
  Rate limited, waiting 10s...
  Rate limited, waiting 10s...
Batch done: processed 43750 | fixed 40072 | since_id 10442422878481
  Rate limited, waiting 10s...
  Rate limited, waiting 10s...
  Rate limited, waiting 10s...
Fixed 40100 | last: Turbosmart Vee Port Pro BOV - Black -> Turbosmart Turbo | BullStrap
  Rate limited, waiting 10s...
  Rate limited, waiting 10s...
  Rate limited, waiting 10s...
  Rate limited, waiting 10s...
  Rate limited, waiting 10s...
  Rate limited, waiting 10s...
  Rate limited, waiting 10s...
Fixed 40150 | last: Turbosmart eB2 HP 60psi - 60mm Black w/  -> Turbosmart Turbo | BullStrap
  Rate limited, waiting 10s...
  Rate limited, waiting 10s...
  Rate limited, waiting 10s...
  Rate limited, waiting 10s...
  Rate limited, waiting 10s...
  Rate limited, waiting 10s...
Fixed 40200 | last: Turbosmart GenV UltraGate35HP High Press -> Turbosmart Turbo | BullStrap
  Rate limited, waiting 10s...
  Rate limited, waiting 10s...
  Rate limited, waiting 10s...
  Rate limited, waiting 10s...
  Rate limited, waiting 10s...
Fixed 40250 | last: Turbosmart IWG75 15+ Ford Mustang 2.3L 1 -> Turbosmart Turbo | BullStrap
  Rate limited, waiting 10s...
  Rate limited, waiting 10s...
  Rate limited, waiting 10s...
  Rate limited, waiting 10s...
  Rate limited, waiting 10s...
  Rate limited, waiting 10s...
Batch done: processed 44000 | fixed 40296 | since_id 10442442342673
Fixed 40300 | last: Twin Power 66-84 Shovelhead Big Twin Hea -> TwinPower Twin Power Shovelhead Big Twin Head Ga | BullStrap
  Rate limited, waiting 10s...
  Rate limited, waiting 10s...
  Rate limited, waiting 10s...
  Rate limited, waiting 10s...
  Rate limited, waiting 10s...
  Rate limited, waiting 10s...
Fixed 40350 | last: Twin Power 07-Up XL Fuel Pump Plate Seal -> TwinPower Fuel Pump 5301-07 | BullStrap
  Rate limited, waiting 10s...
  Rate limited, waiting 10s...
  Rate limited, waiting 10s...
  Rate limited, waiting 10s...
  Rate limited, waiting 10s...
  Rate limited, waiting 10s...
  Rate limited, waiting 10s...
Fixed 40400 | last: PERRIN 08-26 Subaru WRX & STI / 08-13 Fo -> Perrin Performance PERRIN Subaru WRX & STI / For | BullStrap
  Rate limited, waiting 10s...
  Rate limited, waiting 10s...
  Rate limited, waiting 10s...
  Rate limited, waiting 10s...
  Rate limited, waiting 10s...
  Rate limited, waiting 10s...
Fixed 40450 | last: Twin Power 85-03 Big Twin and XL Ignitio -> TwinPower Twin Power Big Twin and XL Ignition Co | BullStrap
  Rate limited, waiting 10s...
  Rate limited, waiting 10s...
  Rate limited, waiting 10s...
  Rate limited, waiting 10s...
  Rate limited, waiting 10s...
  Rate limited, waiting 10s...
Fixed 40500 | last: Twin Power Big Twin and XL Jet Kit Assor -> TwinPower Twin Power Big Twin and XL Jet Kit Ass | BullStrap
  Rate limited, waiting 10s...
  Rate limited, waiting 10s...
  Rate limited, waiting 10s...
  Rate limited, waiting 10s...
Batch done: processed 44250 | fixed 40530 | since_id 10442895491345
  Rate limited, waiting 10s...
  Rate limited, waiting 10s...
Fixed 40550 | last: Twin Power 08-17 Softail Models EFI Chec -> TwinPower Twin Power Softail Models EFI Check Va | BullStrap
  Rate limited, waiting 10s...
  Rate limited, waiting 10s...
  Rate limited, waiting 10s...
  Rate limited, waiting 10s...
  Rate limited, waiting 10s...
  Rate limited, waiting 10s...
Fixed 40600 | last: Twin Power 91-93 Big Twin Compensating S -> TwinPower Twin Power Big Twin Compensating Sproc | BullStrap
  Rate limited, waiting 10s...
  Rate limited, waiting 10s...
  Rate limited, waiting 10s...
  Rate limited, waiting 10s...
  Rate limited, waiting 10s...
  Rate limited, waiting 10s...
  Rate limited, waiting 10s...
Fixed 40650 | last: Twin Power 70-75 Big Twin Voltage Regula -> TwinPower Twin Power Big Twin Voltage Regulator  | BullStrap
  Rate limited, waiting 10s...
  Rate limited, waiting 10s...
  Rate limited, waiting 10s...
  Rate limited, waiting 10s...
  Rate limited, waiting 10s...
  Rate limited, waiting 10s...
Fixed 40700 | last: Twin Power 21-Up Pan America Sintered Br -> TwinPower Brake Pads | BullStrap
  Rate limited, waiting 10s...
  Rate limited, waiting 10s...
  Rate limited, waiting 10s...
  Rate limited, waiting 10s...
  Rate limited, waiting 10s...
  Rate limited, waiting 10s...
Fixed 40750 | last: Twin Power 84-17 Big Twin Exc 08-17 FLH  -> TwinPower Rotors 84-17 | BullStrap
  Rate limited, waiting 10s...
  Rate limited, waiting 10s...
Batch done: processed 44500 | fixed 40764 | since_id 10442906108177
  Rate limited, waiting 10s...
  Rate limited, waiting 10s...
  Rate limited, waiting 10s...
  Rate limited, waiting 10s...
Fixed 40800 | last: UMI Performance LSX Poly Engine Mounts -> UMI Performance UMI Performance LSX Poly Engine  | BullStrap
  Rate limited, waiting 10s...
  Rate limited, waiting 10s...
  Rate limited, waiting 10s...
  Rate limited, waiting 10s...
  Rate limited, waiting 10s...
  Rate limited, waiting 10s...
  Rate limited, waiting 10s...
  Rate limited, waiting 10s...
Fixed 40850 | last: UnderCover 20-21 Jeep Gladiator 5ft Armo -> Undercover Tonneau Cover 20-21 | BullStrap
  Rate limited, waiting 10s...
  Rate limited, waiting 10s...
  Rate limited, waiting 10s...
  Rate limited, waiting 10s...
  Rate limited, waiting 10s...
  Rate limited, waiting 10s...
Fixed 40900 | last: Uni Filter Uni Nu 3263St Yamaha Yz450F -> Uni Filter Uni Filter Uni Nu 3263St Yamaha Yz450 | BullStrap
  Rate limited, waiting 10s...
  Rate limited, waiting 10s...
  Rate limited, waiting 10s...
  Rate limited, waiting 10s...
  Rate limited, waiting 10s...
  Rate limited, waiting 10s...
Fixed 40950 | last: Uni FIlter Single Stage I.D 1 3/4in - O. -> Uni Filter Uni FIlter Single Stage I.D 1 3/4in - | BullStrap
  Rate limited, waiting 10s...
  Rate limited, waiting 10s...
  Rate limited, waiting 10s...
  Rate limited, waiting 10s...
  Rate limited, waiting 10s...
Batch done: processed 44750 | fixed 40988 | since_id 10442924294417
  Rate limited, waiting 10s...
Fixed 41000 | last: Vertex Piston 09-23 KTM 50 SX 50cc Top E -> Vertex Pistons Vertex Piston KTM 50 SX 50cc Top  | BullStrap
  Rate limited, waiting 10s...
  Rate limited, waiting 10s...
  Rate limited, waiting 10s...
  Rate limited, waiting 10s...
  Rate limited, waiting 10s...
  Rate limited, waiting 10s...
Fixed 41050 | last: Vibrant 4-1 SS Merge Collector (1.50in I -> Vibrant Vibrant 4-1 SS Merge Collector (1.50in I | BullStrap
  Rate limited, waiting 10s...
  Rate limited, waiting 10s...
  Rate limited, waiting 10s...
  Rate limited, waiting 10s...
  Rate limited, waiting 10s...
  Rate limited, waiting 10s...
Fixed 41100 | last: Vibrant StreetPower Oval Muff 6inx10inx2 -> Vibrant Vibrant StreetPower Oval Muff 6inx10inx2 | BullStrap
  Rate limited, waiting 10s...
  Rate limited, waiting 10s...
  Rate limited, waiting 10s...
  Rate limited, waiting 10s...
  Rate limited, waiting 10s...
  Rate limited, waiting 10s...
Fixed 41150 | last: Vibrant -10AN Tube Sleeve Fitting - Alum -> Vibrant Vibrant -10AN Tube Sleeve Fitting - Alum | BullStrap
  Rate limited, waiting 10s...
  Rate limited, waiting 10s...
  Rate limited, waiting 10s...
  Rate limited, waiting 10s...
  Rate limited, waiting 10s...
  Rate limited, waiting 10s...
Fixed 41200 | last: Vibrant -8 AN Male Weld Bung (1in Flange -> Vibrant Vibrant -8 AN Male Weld Bung (1in Flange | BullStrap
  Rate limited, waiting 10s...
  Rate limited, waiting 10s...
  Rate limited, waiting 10s...
Batch done: processed 45000 | fixed 41222 | since_id 10445624344849
  Rate limited, waiting 10s...
  Rate limited, waiting 10s...
  Rate limited, waiting 10s...
  Rate limited, waiting 10s...
Fixed 41250 | last: Vibrant 1/8in NPT Female to Male 90 Degr -> Vibrant Vibrant 1/8in NPT Female to Male 90 Degr | BullStrap
  Rate limited, waiting 10s...
  Rate limited, waiting 10s...
  Rate limited, waiting 10s...
  Rate limited, waiting 10s...
  Rate limited, waiting 10s...
  Rate limited, waiting 10s...
Fixed 41300 | last: Vibrant Single Male Banjo Adapter Assemb -> Vibrant Vibrant Single Male Banjo Adapter Assemb | BullStrap
  Rate limited, waiting 10s...
  Rate limited, waiting 10s...
  Rate limited, waiting 10s...
  Rate limited, waiting 10s...
  Rate limited, waiting 10s...
  Rate limited, waiting 10s...
Fixed 41350 | last: Vibrant Titanium EGT Bung 1/8in. -27 NPT -> Vibrant Vibrant Titanium EGT Bung 1/8in. -27 NPT | BullStrap
  Rate limited, waiting 10s...
  Rate limited, waiting 10s...
  Rate limited, waiting 10s...
  Rate limited, waiting 10s...
  Rate limited, waiting 10s...
  Rate limited, waiting 10s...
Fixed 41400 | last: Vibrant One Ear Stepless Pinch Clamps 14 -> Vibrant Vibrant One Ear Stepless Pinch Clamps 14 | BullStrap
  Rate limited, waiting 10s...
  Rate limited, waiting 10s...
  Rate limited, waiting 10s...
  Rate limited, waiting 10s...
  Rate limited, waiting 10s...
  Rate limited, waiting 10s...
Fixed 41450 | last: Vibrant Vertical Flow Intercooler 22in.  -> Vibrant Intercooler | BullStrap
Batch done: processed 45250 | fixed 41451 | since_id 10445660094737
  Rate limited, waiting 10s...
  Rate limited, waiting 10s...
  Rate limited, waiting 10s...
  Rate limited, waiting 10s...
  Rate limited, waiting 10s...
  Rate limited, waiting 10s...
Fixed 41500 | last: Vibrant SS Slip Joint Adapter for 3in OD -> Vibrant Vibrant SS Slip Joint Adapter for 3in OD | BullStrap
  Rate limited, waiting 10s...
  Rate limited, waiting 10s...
  Rate limited, waiting 10s...
  Rate limited, waiting 10s...
  Rate limited, waiting 10s...
  Rate limited, waiting 10s...
Fixed 41550 | last: Vibrant GT series / T3 Discharge Flange  -> Vibrant Vibrant GT series / T3 Discharge Flange  | BullStrap
  Rate limited, waiting 10s...
  Rate limited, waiting 10s...
  Rate limited, waiting 10s...
  Rate limited, waiting 10s...
  Rate limited, waiting 10s...
  Rate limited, waiting 10s...
Fixed 41600 | last: Vibrant T304 SS V-Band Flange Assembly f -> Vibrant Vibrant T304 SS V-Band Flange Assembly f | BullStrap
  Rate limited, waiting 10s...
  Rate limited, waiting 10s...
  Rate limited, waiting 10s...
  Rate limited, waiting 10s...
  Rate limited, waiting 10s...
  Rate limited, waiting 10s...
Fixed 41650 | last: Turbosmart 90 Reducer Elbow 2.0in - 2.50 -> Turbosmart Turbo | BullStrap
  Rate limited, waiting 10s...
  Rate limited, waiting 10s...
  Rate limited, waiting 10s...
  Rate limited, waiting 10s...
  Rate limited, waiting 10s...
Batch done: processed 45500 | fixed 41688 | since_id 10449320837393
  Rate limited, waiting 10s...
  Rate limited, waiting 10s...
Fixed 41700 | last: Vibrant -10AN Male to Male -8AN Straight -> Vibrant Vibrant -10AN Male to Male -8AN Straight | BullStrap
  Rate limited, waiting 10s...
  Rate limited, waiting 10s...
  Rate limited, waiting 10s...
  Rate limited, waiting 10s...
  Rate limited, waiting 10s...
  Rate limited, waiting 10s...
Fixed 41750 | last: Vibrant Black Nylon Braided Flex Hose w/ -> Vibrant Vibrant Black Nylon Braided Flex Hose w/ | BullStrap
  Rate limited, waiting 10s...
  Rate limited, waiting 10s...
  Rate limited, waiting 10s...
  Rate limited, waiting 10s...
  Rate limited, waiting 10s...
  Rate limited, waiting 10s...
Fixed 41800 | last: Vibrant -12AN Quick Release Fitting with -> Vibrant Vibrant -12AN Quick Release Fitting with | BullStrap
  Rate limited, waiting 10s...
  Rate limited, waiting 10s...
  Rate limited, waiting 10s...
  Rate limited, waiting 10s...
  Rate limited, waiting 10s...
  Rate limited, waiting 10s...
Fixed 41850 | last: Vibrant Crankcase Breath Filter w/ Chrom -> Vibrant Vibrant Crankcase Breath Filter w/ Chrom | BullStrap
  Rate limited, waiting 10s...
  Rate limited, waiting 10s...
  Rate limited, waiting 10s...
  Rate limited, waiting 10s...
  Rate limited, waiting 10s...
  Rate limited, waiting 10s...
Fixed 41900 | last: Vibrant -6AN Push-On 90 Deg Hose End Fit -> Vibrant Vibrant -6AN Push-On 90 Deg Hose End Fit | BullStrap
  Rate limited, waiting 10s...
  Rate limited, waiting 10s...
  Rate limited, waiting 10s...
  Rate limited, waiting 10s...
Batch done: processed 45750 | fixed 41928 | since_id 10449350361361
  Rate limited, waiting 10s...
  Rate limited, waiting 10s...
Fixed 41950 | last: Vibrant 3in O.D. T304 SS U-J Mandrel Ben -> Vibrant Vibrant 3in O.D. T304 SS U-J Mandrel Ben | BullStrap
  Rate limited, waiting 10s...
  Rate limited, waiting 10s...
  Rate limited, waiting 10s...
  Rate limited, waiting 10s...
  Rate limited, waiting 10s...
  Rate limited, waiting 10s...
Fixed 42000 | last: Vibrant 4 Ply Reinforced Silicone Straig -> Vibrant Vibrant 4 Ply Reinforced Silicone Straig | BullStrap
  Rate limited, waiting 10s...
  Rate limited, waiting 10s...
  Rate limited, waiting 10s...
  Rate limited, waiting 10s...
  Rate limited, waiting 10s...
  Rate limited, waiting 10s...
  Rate limited, waiting 10s...
Fixed 42050 | last: Vibrant -3AN Straight High Flow Hose End -> Vibrant Vibrant -3AN Straight High Flow Hose End | BullStrap
  Rate limited, waiting 10s...
  Rate limited, waiting 10s...
  Rate limited, waiting 10s...
  Rate limited, waiting 10s...
  Rate limited, waiting 10s...
  Rate limited, waiting 10s...
Fixed 42100 | last: Vibrant 2.25in O.D. Universal Aluminum T -> Vibrant Vibrant 2.25in O.D. Universal Aluminum T | BullStrap
  Rate limited, waiting 10s...
  Rate limited, waiting 10s...
  Rate limited, waiting 10s...
  Rate limited, waiting 10s...
  Rate limited, waiting 10s...
  Rate limited, waiting 10s...
Fixed 42150 | last: Vibrant 3in O.D. Aluminized HD 2.0 Clamp -> Vibrant Vibrant 3in O.D. Aluminized HD 2.0 Clamp | BullStrap
  Rate limited, waiting 10s...
  Rate limited, waiting 10s...
Batch done: processed 46000 | fixed 42166 | since_id 10449380835601
  Rate limited, waiting 10s...
  Rate limited, waiting 10s...
  Rate limited, waiting 10s...
  Rate limited, waiting 10s...
Fixed 42200 | last: MAHLE Original Chrysler 300 15-05 Valve  -> Victor Reinz MAHLE Original Chrysler 300 Valve C | BullStrap
  Rate limited, waiting 10s...
  Rate limited, waiting 10s...
  Rate limited, waiting 10s...
  Rate limited, waiting 10s...
  Rate limited, waiting 10s...
  Rate limited, waiting 10s...
Fixed 42250 | last: Brembo 14-16 BMW 228i Premium Low-Met OE -> Brembo OE Brembo BMW 228i Premium Low-Met OE Equ | BullStrap
  Rate limited, waiting 10s...
  Rate limited, waiting 10s...
  Rate limited, waiting 10s...
  Rate limited, waiting 10s...
  Rate limited, waiting 10s...
  Rate limited, waiting 10s...
Fixed 42300 | last: EBC S1 Brake Pad and Rotor Kit -> EBC Brake Pads | BullStrap
  Rate limited, waiting 10s...
  Rate limited, waiting 10s...
  Rate limited, waiting 10s...
  Rate limited, waiting 10s...
  Rate limited, waiting 10s...
  Rate limited, waiting 10s...
  Rate limited, waiting 10s...
Fixed 42350 | last: Exedy OE 2011-2012 Nissan Juke L4 Clutch -> Exedy Exedy OE Nissan Juke L4 Clutch Kit | BullStrap
  Rate limited, waiting 10s...
  Rate limited, waiting 10s...
  Rate limited, waiting 10s...
  Rate limited, waiting 10s...
  Rate limited, waiting 10s...
  Rate limited, waiting 10s...
Fixed 42400 | last: Haltech Toyota 1JZ/2JZ (Incl. VVTi) R35  -> Haltech Haltech Toyota 1JZ/2JZ (Incl. VVTi) R35  | BullStrap
Batch done: processed 46250 | fixed 42403 | since_id 10454728999185
  Rate limited, waiting 10s...
  Rate limited, waiting 10s...
  Rate limited, waiting 10s...
  Rate limited, waiting 10s...
  Rate limited, waiting 10s...
  Rate limited, waiting 10s...
Fixed 42450 | last: ProFilter 22-23 KTM SX/SX-F/XC/XC-F & Hu -> ProFilter Air Filter 22-23 | BullStrap
  Rate limited, waiting 10s...
  Rate limited, waiting 10s...
  Rate limited, waiting 10s...
  Rate limited, waiting 10s...
  Rate limited, waiting 10s...
  Rate limited, waiting 10s...
Fixed 42500 | last: Rigid Industries 360-Series SAE Fog Yell -> Rigid Industries Rigid Industries 360-Series SAE | BullStrap
  Rate limited, waiting 10s...
  Rate limited, waiting 10s...
  Rate limited, waiting 10s...
  Rate limited, waiting 10s...
  Rate limited, waiting 10s...
  Rate limited, waiting 10s...
Fixed 42550 | last: Wilwood Caliper - MC4 Mechanical Right H -> Wilwood Rotors | BullStrap
  Rate limited, waiting 10s...
  Rate limited, waiting 10s...
  Rate limited, waiting 10s...
  Rate limited, waiting 10s...
  Rate limited, waiting 10s...
  Rate limited, waiting 10s...
Fixed 42600 | last: Wilwood Dynapro Low-Profile 11.00in P-Br -> Wilwood Wilwood Dynapro Low-Profile 11.00in P-Br | BullStrap
  Rate limited, waiting 10s...
  Rate limited, waiting 10s...
  Rate limited, waiting 10s...
  Rate limited, waiting 10s...
  Rate limited, waiting 10s...
Batch done: processed 46500 | fixed 42640 | since_id 10456141594897
  Rate limited, waiting 10s...
  Rate limited, waiting 10s...
Fixed 42650 | last: Wilwood 17-21 Can-Am X3RS Black 6-Piston -> Wilwood Rotors 17-21 | BullStrap
  Rate limited, waiting 10s...
  Rate limited, waiting 10s...
  Rate limited, waiting 10s...
  Rate limited, waiting 10s...
  Rate limited, waiting 10s...
  Rate limited, waiting 10s...
Fixed 42700 | last: Wilwood Rotor-Stainless Scalloped 10.50  -> Wilwood Rotors | BullStrap
  Rate limited, waiting 10s...
  Rate limited, waiting 10s...
  Rate limited, waiting 10s...
  Rate limited, waiting 10s...
  Rate limited, waiting 10s...
  Rate limited, waiting 10s...
Fixed 42750 | last: Wilwood Flexline Kit Civic 2006-up Front -> Wilwood Wilwood Flexline Kit Civic 2006-up Front | BullStrap
  Rate limited, waiting 10s...
  Rate limited, waiting 10s...
  Rate limited, waiting 10s...
  Rate limited, waiting 10s...
  Rate limited, waiting 10s...
  Rate limited, waiting 10s...
Fixed 42800 | last: Wilwood Caliper Mounting Kits w/Bracket- -> Wilwood Wilwood Caliper Mounting Kits w/Bracket- | BullStrap
  Rate limited, waiting 10s...
  Rate limited, waiting 10s...
  Rate limited, waiting 10s...
  Rate limited, waiting 10s...
  Rate limited, waiting 10s...
  Rate limited, waiting 10s...
Fixed 42850 | last: Wilwood Clevis (each). From 330-9371 Uni -> Wilwood Wilwood Clevis (each). From Universal Ca | BullStrap
  Rate limited, waiting 10s...
  Rate limited, waiting 10s...
  Rate limited, waiting 10s...
Batch done: processed 46750 | fixed 42871 | since_id 10456193761553
  Rate limited, waiting 10s...
  Rate limited, waiting 10s...
  Rate limited, waiting 10s...
Fixed 42900 | last: Westin 20-24 Jeep Gladiator JT 5ft. Bed  -> Westin Tonneau Cover 20-24 | BullStrap
  Rate limited, waiting 10s...
  Rate limited, waiting 10s...
  Rate limited, waiting 10s...
  Rate limited, waiting 10s...
  Rate limited, waiting 10s...
  Rate limited, waiting 10s...
  Rate limited, waiting 10s...
Fixed 42950 | last: RK Chain 520SO-114L O-Ring - Natural -> RK Chain RK Chain 520SO-114L O-Ring - Natural | BullStrap
  Rate limited, waiting 10s...
  Rate limited, waiting 10s...
  Rate limited, waiting 10s...
  Rate limited, waiting 10s...
  Rate limited, waiting 10s...
  Rate limited, waiting 10s...
  Rate limited, waiting 10s...
  Rate limited, waiting 10s...
  Rate limited, waiting 10s...
  Rate limited, waiting 10s...
  Rate limited, waiting 10s...
  Rate limited, waiting 10s...
Fixed 43000 | last: Synergy Jeep JT Rear Lift Springs 3.0 In -> Synergy Mfg Synergy Jeep JT Rear Lift Springs 3. | BullStrap
  Rate limited, waiting 10s...
  Rate limited, waiting 10s...
  Rate limited, waiting 10s...
  Rate limited, waiting 10s...
  Rate limited, waiting 10s...
  Rate limited, waiting 10s...
  Rate limited, waiting 10s...
  Rate limited, waiting 10s...
  Rate limited, waiting 10s...
  Rate limited, waiting 10s...
  Rate limited, waiting 10s...
  Rate limited, waiting 10s...
  Rate limited, waiting 10s...
  Rate limited, waiting 10s...
  Rate limited, waiting 10s...
  Rate limited, waiting 10s...
  Rate limited, waiting 10s...
  Rate limited, waiting 10s...
Fixed 43050 | last: Volant 02-06 Cadillac Escalade 6.0 V8 Ai -> Volant Air Intake 02-06 | BullStrap
  Rate limited, waiting 10s...
  Rate limited, waiting 10s...
  Rate limited, waiting 10s...
  Rate limited, waiting 10s...
  Rate limited, waiting 10s...
  Rate limited, waiting 10s...
  Rate limited, waiting 10s...
  Rate limited, waiting 10s...
  Rate limited, waiting 10s...
  Rate limited, waiting 10s...
  Rate limited, waiting 10s...
Fixed 43100 | last: Vossen HF-5 20x9.5 / 5x114.3 / ET25 / De -> Vossen Vossen HF-5 20x9.5 / 5x114.3 / ET25 / Dee | BullStrap
  Rate limited, waiting 10s...
Batch done: processed 47000 | fixed 43108 | since_id 10460875063569
  Rate limited, waiting 10s...
  Rate limited, waiting 10s...
  Rate limited, waiting 10s...
  Rate limited, waiting 10s...
  Rate limited, waiting 10s...
Fixed 43150 | last: Vossen HF6-5 22x9.5 / 6x135 / ET20 / Dee -> Vossen Vossen HF6-5 22x9.5 / 6x135 / ET20 / Deep | BullStrap
  Rate limited, waiting 10s...
  Rate limited, waiting 10s...
  Rate limited, waiting 10s...
  Rate limited, waiting 10s...
  Rate limited, waiting 10s...
  Rate limited, waiting 10s...
Fixed 43200 | last: Vossen HFX-1 22x12 / 6x139.7 BP / ET-44  -> Vossen Vossen HFX-1 22x12 / 6x139.7 BP / ET-44 / | BullStrap
  Rate limited, waiting 10s...
  Rate limited, waiting 10s...
  Rate limited, waiting 10s...
  Rate limited, waiting 10s...
  Rate limited, waiting 10s...
Fixed 43250 | last: Walbro Fuel Filter Sock -> Walbro Walbro Fuel Filter Sock | BullStrap
  Rate limited, waiting 10s...
  Rate limited, waiting 10s...
  Rate limited, waiting 10s...
  Rate limited, waiting 10s...
  Rate limited, waiting 10s...
  Rate limited, waiting 10s...
  Rate limited, waiting 10s...
  Rate limited, waiting 10s...
  Rate limited, waiting 10s...
Fixed 43300 | last: Wehrli 20-24 Duramax L5P High Flow Intak -> Wehrli Wehrli Duramax L5P High Flow Intake Bundl | BullStrap
  Rate limited, waiting 10s...
  Rate limited, waiting 10s...
  Rate limited, waiting 10s...
  Rate limited, waiting 10s...
  Rate limited, waiting 10s...
  Rate limited, waiting 10s...
  Rate limited, waiting 10s...
  Rate limited, waiting 10s...
  Rate limited, waiting 10s...
  Rate limited, waiting 10s...
Batch done: processed 47250 | fixed 43348 | since_id 10460947022097
Fixed 43350 | last: Wehrli 11-19 Chevrolet 6.6L Duramax Trac -> Wehrli Wehrli Chevrolet 6.6L Duramax Traction Ba | BullStrap
  Rate limited, waiting 10s...
  Rate limited, waiting 10s...
  Rate limited, waiting 10s...
  Rate limited, waiting 10s...
  Rate limited, waiting 10s...
  Rate limited, waiting 10s...
Fixed 43400 | last: Weld S106 20x9.5 Ventura 6 6x135 ET28 BS -> Weld Weld S106 20x9.5 Ventura 6 6x135 ET28 BS6.3 | BullStrap
  Rate limited, waiting 10s...
  Rate limited, waiting 10s...
  Rate limited, waiting 10s...
  Rate limited, waiting 10s...
  Rate limited, waiting 10s...
  Rate limited, waiting 10s...
  Rate limited, waiting 10s...
Fixed 43450 | last: Westin 20-22 Ford Explorer Running Board -> Westin Westin Ford Explorer Running Board Mount  | BullStrap
  Rate limited, waiting 10s...
  Rate limited, waiting 10s...
  Rate limited, waiting 10s...
  Rate limited, waiting 10s...
  Rate limited, waiting 10s...
Fixed 43500 | last: Westin 18-20 Jeep Wrangler JL 2DR HDX Dr -> Westin Westin Jeep Wrangler JL 2DR HDX Drop Nerf | BullStrap
  Rate limited, waiting 10s...
  Rate limited, waiting 10s...
  Rate limited, waiting 10s...
  Rate limited, waiting 10s...
  Rate limited, waiting 10s...
  Rate limited, waiting 10s...
Fixed 43550 | last: Wheel Mate Muteki SR45R Lug Nut Kit 12x1 -> Wheel Mate Wheel Mate Muteki SR45R Lug Nut Kit 1 | BullStrap
  Rate limited, waiting 10s...
  Rate limited, waiting 10s...
  Rate limited, waiting 10s...
  Rate limited, waiting 10s...
Batch done: processed 47500 | fixed 43586 | since_id 10461023600913
  Rate limited, waiting 10s...
  Rate limited, waiting 10s...
  Rate limited, waiting 10s...
  Rate limited, waiting 10s...
Fixed 43600 | last: Whiteline 02-06 R53 & 06+ R56 Mini Coope -> Whiteline Whiteline R53 & 06+ R56 Mini Cooper S  | BullStrap
  Rate limited, waiting 10s...
  Rate limited, waiting 10s...
  Rate limited, waiting 10s...
  Rate limited, waiting 10s...
  Rate limited, waiting 10s...
  Rate limited, waiting 10s...
Fixed 43650 | last: Whiteline 93-98 Toyota Landcruiser 80/10 -> Whiteline Whiteline Toyota Landcruiser 80/100/10 | BullStrap
  Rate limited, waiting 10s...
  Rate limited, waiting 10s...
  Rate limited, waiting 10s...
  Rate limited, waiting 10s...
  Rate limited, waiting 10s...
  Rate limited, waiting 10s...
  Rate limited, waiting 10s...
Fixed 43700 | last: Whiteline 05+ Mazda Miata/MX5 / 7/03+ Ma -> Whiteline Whiteline 05+ Mazda Miata/MX5 / 7/03+  | BullStrap
  Rate limited, waiting 10s...
  Rate limited, waiting 10s...
  Rate limited, waiting 10s...
  Rate limited, waiting 10s...
  Rate limited, waiting 10s...
  Rate limited, waiting 10s...
Fixed 43750 | last: Whiteline 2018-2022 Toyota Corolla Engin -> Whiteline Whiteline Toyota Corolla Engine - Torq | BullStrap
  Rate limited, waiting 10s...
  Rate limited, waiting 10s...
  Rate limited, waiting 10s...
  Rate limited, waiting 10s...
  Rate limited, waiting 10s...
  Rate limited, waiting 10s...
Fixed 43800 | last: Whiteline Sway Bar Aluminum 23-24mm Late -> Whiteline Sway Bar 23-24 | BullStrap
  Rate limited, waiting 10s...
Batch done: processed 47750 | fixed 43806 | since_id 10464811450641
  Rate limited, waiting 10s...
  Rate limited, waiting 10s...
  Rate limited, waiting 10s...
  Rate limited, waiting 10s...
  Rate limited, waiting 10s...
Fixed 43850 | last: Whiteline 08-21 Toyota Land Cruiser / 08 -> Whiteline Whiteline Toyota Land Cruiser / Lexus  | BullStrap
  Rate limited, waiting 10s...
  Rate limited, waiting 10s...
  Rate limited, waiting 10s...
  Rate limited, waiting 10s...
  Rate limited, waiting 10s...
  Rate limited, waiting 10s...
Fixed 43900 | last: Whiteline Plus 10/85-4/90 4cyl Front and -> Whiteline Sway Bar | BullStrap
  Rate limited, waiting 10s...
  Rate limited, waiting 10s...
  Rate limited, waiting 10s...
  Rate limited, waiting 10s...
  Rate limited, waiting 10s...
  Rate limited, waiting 10s...
Fixed 43950 | last: Whiteline Universal - Greaseable Sway Ba -> Whiteline Sway Bar | BullStrap
  Rate limited, waiting 10s...
  Rate limited, waiting 10s...
  Rate limited, waiting 10s...
  Rate limited, waiting 10s...
  Rate limited, waiting 10s...
  Rate limited, waiting 10s...
Fixed 44000 | last: Whiteline Plus 03+ Nissan 350z / Infinit -> Whiteline Control Arms | BullStrap
  Rate limited, waiting 10s...
  Rate limited, waiting 10s...
  Rate limited, waiting 10s...
  Rate limited, waiting 10s...
  Rate limited, waiting 10s...
  Rate limited, waiting 10s...
Batch done: processed 48000 | fixed 44046 | since_id 10464838025489
Fixed 44050 | last: Whiteline Plus 6/94-7/98 Legacy / 4/93-0 -> Whiteline Whiteline Plus 6/94-7/98 Legacy / 4/ I | BullStrap
  Rate limited, waiting 10s...
  Rate limited, waiting 10s...
  Rate limited, waiting 10s...
  Rate limited, waiting 10s...
  Rate limited, waiting 10s...
  Rate limited, waiting 10s...
Fixed 44100 | last: Whiteline 61-66 Ford Falcon Spring Eye F -> Whiteline Whiteline Ford Falcon Spring Eye Front | BullStrap
  Rate limited, waiting 10s...
  Rate limited, waiting 10s...
  Rate limited, waiting 10s...
  Rate limited, waiting 10s...
  Rate limited, waiting 10s...
  Rate limited, waiting 10s...
  Rate limited, waiting 10s...
Fixed 44150 | last: Whiteline Tie Rod Dust Boot Set -> Whiteline Whiteline Tie Rod Dust Boot Set | BullStrap
  Rate limited, waiting 10s...
  Rate limited, waiting 10s...
  Rate limited, waiting 10s...
  Rate limited, waiting 10s...
  Rate limited, waiting 10s...
  Rate limited, waiting 10s...
Fixed 44200 | last: Whiteline 1968-1972 Chevrolet Chevelle B -> Whiteline Whiteline Chevrolet Chevelle Body Moun | BullStrap
  Rate limited, waiting 10s...
  Rate limited, waiting 10s...
  Rate limited, waiting 10s...
  Rate limited, waiting 10s...
  Rate limited, waiting 10s...
  Rate limited, waiting 10s...
Fixed 44250 | last: Wiseco 07-12 Polaris 800/05-12 RZR Sport -> Wiseco Wiseco Polaris 800/ RZR Sportsman 10.2:1  | BullStrap
  Rate limited, waiting 10s...
  Rate limited, waiting 10s...
Batch done: processed 48250 | fixed 44264 | since_id 10464940753169
  Rate limited, waiting 10s...
  Rate limited, waiting 10s...
  Rate limited, waiting 10s...
Fixed 44300 | last: QuadBoss Steely Wheel 12X7 - 5+2 - 4/110 -> QuadBoss QuadBoss Steely Wheel 12X7 - 5+2 - 4/11 | BullStrap
  Rate limited, waiting 10s...
  Rate limited, waiting 10s...
  Rate limited, waiting 10s...
  Rate limited, waiting 10s...
  Rate limited, waiting 10s...
  Rate limited, waiting 10s...
Fixed 44350 | last: Wiseco Acura 4v Domed +8cc STRUTTED 88.0 -> Wiseco Shocks | BullStrap
  Rate limited, waiting 10s...
  Rate limited, waiting 10s...
  Rate limited, waiting 10s...
  Rate limited, waiting 10s...
  Rate limited, waiting 10s...
  Rate limited, waiting 10s...
Fixed 44400 | last: Wiseco Mitsubishi EVO 10 4B11-T 2008+ -4 -> Wiseco Wiseco Mitsubishi EVO 10 4B11-T -4.5cc Pi | BullStrap
  Rate limited, waiting 10s...
  Rate limited, waiting 10s...
  Rate limited, waiting 10s...
  Rate limited, waiting 10s...
  Rate limited, waiting 10s...
  Rate limited, waiting 10s...
Fixed 44450 | last: XClutch 10-14 Hyundai Genesis Coupe 2.0T -> XCLUTCH XClutch Hyundai Genesis Coupe 2.0T Track | BullStrap
  Rate limited, waiting 10s...
  Rate limited, waiting 10s...
  Rate limited, waiting 10s...
  Rate limited, waiting 10s...
  Rate limited, waiting 10s...
  Rate limited, waiting 10s...
Fixed 44500 | last: XK Glow 2-in-1 LED Light Bar w/ Pure Whi -> XKGLOW XK Glow 2-in-1 LED Light Bar w/ Pure Whit | BullStrap
  Rate limited, waiting 10s...
Batch done: processed 48500 | fixed 44507 | since_id 10467781542161
  Rate limited, waiting 10s...
  Rate limited, waiting 10s...
  Rate limited, waiting 10s...
  Rate limited, waiting 10s...
  Rate limited, waiting 10s...
Fixed 44550 | last: aFe MagnumFLOW Pro Dry S Air Filters 4F  -> aFe Air Filter | BullStrap
  Rate limited, waiting 10s...
  Rate limited, waiting 10s...
  Rate limited, waiting 10s...
  Rate limited, waiting 10s...
  Rate limited, waiting 10s...
  Rate limited, waiting 10s...
Fixed 44600 | last: aFe 12-17 Toyota 86 / FRS / BRZ Twisted  -> aFe Headers 12-17 | BullStrap
  Rate limited, waiting 10s...
  Rate limited, waiting 10s...
  Rate limited, waiting 10s...
  Rate limited, waiting 10s...
  Rate limited, waiting 10s...
  Rate limited, waiting 10s...
  Rate limited, waiting 10s...
Fixed 44650 | last: aFe Momentum GT Dynamic Air Scoop Dodge  -> aFe aFe Momentum GT Dynamic Air Scoop Dodge Chal | BullStrap
  Rate limited, waiting 10s...
  Rate limited, waiting 10s...
  Rate limited, waiting 10s...
  Rate limited, waiting 10s...
  Rate limited, waiting 10s...
  Rate limited, waiting 10s...
Fixed 44700 | last: AlphaRex 14-18 GMC Sierra NOVA LED Proj  -> AlphaRex AlphaRex GMC Sierra NOVA LED Proj Headl | BullStrap
  Rate limited, waiting 10s...
  Rate limited, waiting 10s...
  Rate limited, waiting 10s...
  Rate limited, waiting 10s...
Batch done: processed 48750 | fixed 44737 | since_id 10467877781777
  Rate limited, waiting 10s...
  Rate limited, waiting 10s...
  Rate limited, waiting 10s...
  Rate limited, waiting 10s...
Fixed 44750 | last: Bilstein B6 1968-1979 Volkswagen Transpo -> Bilstein Shocks 1968-1979 | BullStrap
  Rate limited, waiting 10s...
  Rate limited, waiting 10s...
  Rate limited, waiting 10s...
  Rate limited, waiting 10s...
  Rate limited, waiting 10s...
  Rate limited, waiting 10s...
Fixed 44800 | last: Kentrol 45-86 Jeep CJ 42 Inch Front Bump -> Kentrol Bumper 45-86 | BullStrap
  Rate limited, waiting 10s...
  Rate limited, waiting 10s...
  Rate limited, waiting 10s...
  Rate limited, waiting 10s...
  Rate limited, waiting 10s...
  Rate limited, waiting 10s...
  Rate limited, waiting 10s...
Fixed 44850 | last: Rockford Fosgate 1000 Watt Can-Am X3 MAX -> Rockford Fosgate UTV Rockford Fosgate 1000 Watt  | BullStrap
  Rate limited, waiting 10s...
  Rate limited, waiting 10s...
  Rate limited, waiting 10s...
  Rate limited, waiting 10s...
  Rate limited, waiting 10s...
  Rate limited, waiting 10s...
Fixed 44900 | last: Torque Solution 3pc Front Aluminum Engin -> Torque Solution Torque Solution 3pc Front Alumin | BullStrap
  Rate limited, waiting 10s...
  Rate limited, waiting 10s...
  Rate limited, waiting 10s...
  Rate limited, waiting 10s...
  Rate limited, waiting 10s...
  Rate limited, waiting 10s...
Fixed 44950 | last: Vertex Gaskets 98-08 KTM SX 65 Inner Clu -> Vertex Pistons Vertex Gaskets KTM SX 65 Inner Cl | BullStrap
  Rate limited, waiting 10s...
Batch done: processed 49000 | fixed 44955 | since_id 10468457611537
  Rate limited, waiting 10s...
  Rate limited, waiting 10s...
  Rate limited, waiting 10s...
  Rate limited, waiting 10s...
Fixed 45000 | last: Akrapovic 2024+ BMW M5 (G90,G99) Round C -> Akrapovic Akrapovic BMW M5 (G90,G99) Round Carbo | BullStrap
  Rate limited, waiting 10s...
  Rate limited, waiting 10s...
  Rate limited, waiting 10s...
  Rate limited, waiting 10s...
  Rate limited, waiting 10s...
  Rate limited, waiting 10s...
  Rate limited, waiting 10s...
Fixed 45050 | last: Odyssey Battery Auto/Truck/Heavy Duty &  -> Odyssey Battery Battery 49-950 | BullStrap
  Rate limited, waiting 10s...
  Rate limited, waiting 10s...
  Rate limited, waiting 10s...
  Rate limited, waiting 10s...
  Rate limited, waiting 10s...
  Rate limited, waiting 10s...
  Rate limited, waiting 10s...
Fixed 45100 | last: Boundary 11-14 Ford Coyote (All Types) V -> Boundary Boundary Ford Coyote (All Types) V8 Bil | BullStrap
  Rate limited, waiting 10s...
  Rate limited, waiting 10s...
  Rate limited, waiting 10s...
  Rate limited, waiting 10s...
  Rate limited, waiting 10s...
  Rate limited, waiting 10s...
Fixed 45150 | last: EBC S2 Brake Pad and Rotor Kit -> EBC Brake Pads | BullStrap
  Rate limited, waiting 10s...
  Rate limited, waiting 10s...
  Rate limited, waiting 10s...
Batch done: processed 49250 | fixed 45175 | since_id 10470521864465
  Rate limited, waiting 10s...
  Rate limited, waiting 10s...
  Rate limited, waiting 10s...
Fixed 45200 | last: Bikers Choice 93-20 FLH FLT Chrome Passe -> Bikers Choice Bikers Choice FLH FLT Chrome Passe | BullStrap
  Rate limited, waiting 10s...
  Rate limited, waiting 10s...
  Rate limited, waiting 10s...
  Rate limited, waiting 10s...
  Rate limited, waiting 10s...
  Rate limited, waiting 10s...
  Rate limited, waiting 10s...
Fixed 45250 | last: FIRSTGEAR Heated Pants Liner - Medium -> FIRSTGEAR FIRSTGEAR Heated Pants Liner - Medium | BullStrap
  Rate limited, waiting 10s...
  Rate limited, waiting 10s...
  Rate limited, waiting 10s...
  Rate limited, waiting 10s...
  Rate limited, waiting 10s...
  Rate limited, waiting 10s...
Fixed 45300 | last: Husky Liners 2012 Toyota Tundra Double/C -> Husky Liners Floor Mats | BullStrap
  Rate limited, waiting 10s...
  Rate limited, waiting 10s...
  Rate limited, waiting 10s...
  Rate limited, waiting 10s...
  Rate limited, waiting 10s...
  Rate limited, waiting 10s...
Fixed 45350 | last: Weigh Safe 6in Drop Hitch w/Built-in Sca -> Weigh Safe Weigh Safe 6in Drop Hitch w/Built-in  | BullStrap
  Rate limited, waiting 10s...
  Rate limited, waiting 10s...
  Rate limited, waiting 10s...
  Rate limited, waiting 10s...
  Rate limited, waiting 10s...
  Rate limited, waiting 10s...
Fixed 45400 | last: Cycra Probend CRM Ultra Hand Shield - Ye -> Cycra Cycra Probend CRM Ultra Hand Shield - Yell | BullStrap
  Rate limited, waiting 10s...
  Rate limited, waiting 10s...
Batch done: processed 49500 | fixed 45412 | since_id 10471388545297
  Rate limited, waiting 10s...
  Rate limited, waiting 10s...
  Rate limited, waiting 10s...
  Rate limited, waiting 10s...
Fixed 45450 | last: Cycra 22+ Yamaha YZ125-250/X Side Panel  -> Cycra Cycra 22+ Yamaha YZ/X Side Panel - Blue | BullStrap
  Rate limited, waiting 10s...
  Rate limited, waiting 10s...
  Rate limited, waiting 10s...
  Rate limited, waiting 10s...
  Rate limited, waiting 10s...
  Rate limited, waiting 10s...
Fixed 45500 | last: Goodridge Single Brake Light Switch Bolt -> Goodridge Goodridge Single Brake Light Switch Bo | BullStrap
  Rate limited, waiting 10s...
  Rate limited, waiting 10s...
  Rate limited, waiting 10s...
  Rate limited, waiting 10s...
  Rate limited, waiting 10s...
  Rate limited, waiting 10s...
Fixed 45550 | last: Husky Liners 18-21 Buick Enclave Aeroski -> Husky Liners Husky Liners Buick Enclave Aeroskin | BullStrap
  Rate limited, waiting 10s...
  Rate limited, waiting 10s...
  Rate limited, waiting 10s...
  Rate limited, waiting 10s...
  Rate limited, waiting 10s...
  Rate limited, waiting 10s...
  Rate limited, waiting 10s...
Fixed 45600 | last: Husky Liners 22-24 Nissan Frontier CC Ve -> Husky Liners Husky Liners Nissan Frontier CC Ven | BullStrap
  Rate limited, waiting 10s...
  Rate limited, waiting 10s...
  Rate limited, waiting 10s...
  Rate limited, waiting 10s...
  Rate limited, waiting 10s...
Batch done: processed 49750 | fixed 45648 | since_id 10472351400209
  Rate limited, waiting 10s...
  Rate limited, waiting 10s...
  Rate limited, waiting 10s...
Fixed 45650 | last: Koni 14-18 Dodge ProMaster Van w/Leaf Sp -> KONI Shocks 14-18 | BullStrap
  Rate limited, waiting 10s...
  Rate limited, waiting 10s...
  Rate limited, waiting 10s...
  Rate limited, waiting 10s...
  Rate limited, waiting 10s...
  Rate limited, waiting 10s...
Fixed 45700 | last: Fox 11-19 GMC Sierra 2500/3500 HD 0-1in  -> FOX Shocks 11-19 | BullStrap
  Rate limited, waiting 10s...
  Rate limited, waiting 10s...
  Rate limited, waiting 10s...
  Rate limited, waiting 10s...
  Rate limited, waiting 10s...
  Rate limited, waiting 10s...
Fixed 45750 | last: Speed and Strength Dogs Of War 2.0 Pant  -> Speed and Strength Speed and Strength Dogs Of Wa | BullStrap
  Rate limited, waiting 10s...
  Rate limited, waiting 10s...
  Rate limited, waiting 10s...
  Rate limited, waiting 10s...
  Rate limited, waiting 10s...
  Rate limited, waiting 10s...
Fixed 45800 | last: Skunk2 Rear Camber Kit and Lower Control -> Skunk2 Racing Control Arms | BullStrap
  Rate limited, waiting 10s...
  Rate limited, waiting 10s...
  Rate limited, waiting 10s...
  Rate limited, waiting 10s...
  Rate limited, waiting 10s...
  Rate limited, waiting 10s...
Fixed 45850 | last: Husky Liners 05-23 Ford Econoline Weathe -> Husky Liners Floor Mats 05-23 | BullStrap
  Rate limited, waiting 10s...
  Rate limited, waiting 10s...
Batch done: processed 50000 | fixed 45866 | since_id 10475993399569
  Rate limited, waiting 10s...
  Rate limited, waiting 10s...
  Rate limited, waiting 10s...
  Rate limited, waiting 10s...
Fixed 45900 | last: aFe MagnumFLOW OEM Replacement Air Filte -> aFe Air Filter 15-17 | BullStrap
  Rate limited, waiting 10s...
  Rate limited, waiting 10s...
  Rate limited, waiting 10s...
  Rate limited, waiting 10s...
  Rate limited, waiting 10s...
  Rate limited, waiting 10s...
Fixed 45950 | last: BikeMaster Yamaha Turn Signal - Rear -> BikeMaster BikeMaster Yamaha Turn Signal - Rear | BullStrap
  Rate limited, waiting 10s...
  Rate limited, waiting 10s...
  Rate limited, waiting 10s...
  Rate limited, waiting 10s...
  Rate limited, waiting 10s...
  Rate limited, waiting 10s...
  Rate limited, waiting 10s...
Fixed 46000 | last: Cometic Honda K20A2 Exhaust .030 inch ML -> Cometic Gasket Exhaust | BullStrap
  Rate limited, waiting 10s...
  Rate limited, waiting 10s...
  Rate limited, waiting 10s...
  Rate limited, waiting 10s...
  Rate limited, waiting 10s...
  Rate limited, waiting 10s...
Fixed 46050 | last: ST XA Adjustable Coilovers 12-18 BMW 3 S -> ST Suspensions Coilovers 12-18 | BullStrap
  Rate limited, waiting 10s...
  Rate limited, waiting 10s...
  Rate limited, waiting 10s...
  Rate limited, waiting 10s...
  Rate limited, waiting 10s...
  Rate limited, waiting 10s...
Fixed 46100 | last: Koni 2019+ Mercedes Sprinter W907 4x4 (2 -> KONI Shocks 2019+ | BullStrap
Batch done: processed 50250 | fixed 46101 | since_id 10477922910481
  Rate limited, waiting 10s...
  Rate limited, waiting 10s...
  Rate limited, waiting 10s...
  Rate limited, waiting 10s...
  Rate limited, waiting 10s...
  Rate limited, waiting 10s...
Fixed 46150 | last: aFe Takeda Intakes Stage-2 PDS AIS PDS M -> aFe aFe Takeda Intakes Stage-2 PDS AIS PDS Mitsu | BullStrap
  Rate limited, waiting 10s...
  Rate limited, waiting 10s...
  Rate limited, waiting 10s...
  Rate limited, waiting 10s...
  Rate limited, waiting 10s...
  Rate limited, waiting 10s...
Fixed 46200 | last: xTune Nissan Titan 04-14 / Armada 04-07  -> SPYDER xTune Nissan Titan / Armada OEM Amber Hea | BullStrap
  Rate limited, waiting 10s...
  Rate limited, waiting 10s...
  Rate limited, waiting 10s...
  Rate limited, waiting 10s...
  Rate limited, waiting 10s...
  Rate limited, waiting 10s...
Fixed 46250 | last: Cusco Oil Catch Can Kit 23+ Toyota GR Co -> Cusco Catch Can | BullStrap
  Rate limited, waiting 10s...
  Rate limited, waiting 10s...
  Rate limited, waiting 10s...
  Rate limited, waiting 10s...
  Rate limited, waiting 10s...
  Rate limited, waiting 10s...
Fixed 46300 | last: ITP SS 212 14x6 / 4x137 BP / 4+2 Offset  -> ITP ITP SS 212 14x6 / 4x137 BP / 4+2 Offset Mach | BullStrap
  Rate limited, waiting 10s...
  Rate limited, waiting 10s...
  Rate limited, waiting 10s...
  Rate limited, waiting 10s...
  Rate limited, waiting 10s...
Batch done: processed 50500 | fixed 46337 | since_id 10482986746129
  Rate limited, waiting 10s...
Fixed 46350 | last: ITP Mud Lite II Tire - 30X11-14 6PR -> ITP ITP Mud Lite II Tire - 30X 6PR | BullStrap
  Rate limited, waiting 10s...
  Rate limited, waiting 10s...
  Rate limited, waiting 10s...
  Rate limited, waiting 10s...
  Rate limited, waiting 10s...
  Rate limited, waiting 10s...
Fixed 46400 | last: Bilstein B8 08-10 Chevrolet Cobalt / 07- -> Bilstein Shocks 08-10 | BullStrap
  Rate limited, waiting 10s...
  Rate limited, waiting 10s...
  Rate limited, waiting 10s...
  Rate limited, waiting 10s...
  Rate limited, waiting 10s...
  Rate limited, waiting 10s...
  Rate limited, waiting 10s...
Fixed 46450 | last: Wiseco Mazdaspeed 2.0 FS Turbo -16.5cc D -> Wiseco Turbo | BullStrap
  Rate limited, waiting 10s...
  Rate limited, waiting 10s...
  Rate limited, waiting 10s...
  Rate limited, waiting 10s...
  Rate limited, waiting 10s...
  Rate limited, waiting 10s...
Fixed 46500 | last: Supertech Cam Follower Shim 8mm Dia 1.85 -> Supertech Supertech Cam Follower Shim 8mm Dia 1. | BullStrap
  Rate limited, waiting 10s...
  Rate limited, waiting 10s...
  Rate limited, waiting 10s...
  Rate limited, waiting 10s...
  Rate limited, waiting 10s...
  Rate limited, waiting 10s...
Fixed 46550 | last: AMP Research 2008-2016 Ford F-250/350/45 -> AMP Research AMP Research Ford F-250/350/450 Sup | BullStrap
  Rate limited, waiting 10s...
  Rate limited, waiting 10s...
Batch done: processed 50750 | fixed 46569 | since_id 10489282035985
  Rate limited, waiting 10s...
  Rate limited, waiting 10s...
  Rate limited, waiting 10s...
  Rate limited, waiting 10s...
Fixed 46600 | last: FIRSTGEAR Heated Jacket Liner Gen 4 Wome -> FIRSTGEAR FIRSTGEAR Heated Jacket Liner Gen 4 Wo | BullStrap
  Rate limited, waiting 10s...
  Rate limited, waiting 10s...
  Rate limited, waiting 10s...
  Rate limited, waiting 10s...
  Rate limited, waiting 10s...
  Rate limited, waiting 10s...
Fixed 46650 | last: AVS 21-22 Toyota Sienna LE Ventvisor Out -> AVS AVS Toyota Sienna LE Ventvisor Outside Mount | BullStrap
  Rate limited, waiting 10s...
  Rate limited, waiting 10s...
  Rate limited, waiting 10s...
  Rate limited, waiting 10s...
  Rate limited, waiting 10s...
  Rate limited, waiting 10s...
Fixed 46700 | last: New Rage Cycles 20-24 Ducati Streetfight -> New Rage Cycles New Rage Cycles Ducati Streetfig | BullStrap
  Rate limited, waiting 10s...
  Rate limited, waiting 10s...
  Rate limited, waiting 10s...
  Rate limited, waiting 10s...
  Rate limited, waiting 10s...
Fixed 46750 | last: BLOX Racing LS/VTEC (B18 B20) Conversion -> BLOX Racing BLOX Racing LS/VTEC (B18 B20) Conver | BullStrap
  Rate limited, waiting 10s...
  Rate limited, waiting 10s...
  Rate limited, waiting 10s...
  Rate limited, waiting 10s...
  Rate limited, waiting 10s...
  Rate limited, waiting 10s...
Batch done: processed 51000 | fixed 46799 | since_id 10490930626833
Fixed 46800 | last: Omix Headlight Bezel Chrome 87-95 Jeep W -> OMIX Omix Headlight Bezel Chrome Jeep Wrangler Y | BullStrap
  Rate limited, waiting 10s...
  Rate limited, waiting 10s...
  Rate limited, waiting 10s...
  Rate limited, waiting 10s...
  Rate limited, waiting 10s...
  Rate limited, waiting 10s...
Fixed 46850 | last: Seizmik 14-23 Polaris RZR 900-1000 XP 4/ -> Seizmik Turbo 14-23 | BullStrap
  Rate limited, waiting 10s...
  Rate limited, waiting 10s...
  Rate limited, waiting 10s...
  Rate limited, waiting 10s...
  Rate limited, waiting 10s...
  Rate limited, waiting 10s...
Fixed 46900 | last: Answer Ascent Prix Gloves Blue/Black You -> Answer Answer Ascent Prix Gloves Blue/Black Yout | BullStrap
  Rate limited, waiting 10s...
  Rate limited, waiting 10s...
  Rate limited, waiting 10s...
  Rate limited, waiting 10s...
  Rate limited, waiting 10s...
  Rate limited, waiting 10s...
Fixed 46950 | last: Injen 15-19 Fiat Abarth 1.4L Turbo 4Cyl  -> Injen Turbo 15-19 | BullStrap
  Rate limited, waiting 10s...
  Rate limited, waiting 10s...
  Rate limited, waiting 10s...
  Rate limited, waiting 10s...
  Rate limited, waiting 10s...
  Rate limited, waiting 10s...
Fixed 47000 | last: Seizmik 10-22 Polaris Ranger 400/Ranger  -> Seizmik Seizmik Polaris Ranger 400/Ranger - Mid  | BullStrap
  Rate limited, waiting 10s...
  Rate limited, waiting 10s...
  Rate limited, waiting 10s...
  Rate limited, waiting 10s...
  Rate limited, waiting 10s...
Batch done: processed 51250 | fixed 47037 | since_id 10491701756177
  Rate limited, waiting 10s...
Fixed 47050 | last: Yukon Gear 97-02 Dodge Ram 2500/3500 4x4 -> Yukon Gear & Axle Yukon Gear Dodge Ram 2500/3500 | BullStrap
  Rate limited, waiting 10s...
  Rate limited, waiting 10s...
  Rate limited, waiting 10s...
  Rate limited, waiting 10s...
  Rate limited, waiting 10s...
  Rate limited, waiting 10s...
Fixed 47100 | last: Injen 09-10 Ford F-150 2 valve V8 4.6L P -> Injen Air Intake 09-10 | BullStrap
  Rate limited, waiting 10s...
  Rate limited, waiting 10s...
  Rate limited, waiting 10s...
  Rate limited, waiting 10s...
  Rate limited, waiting 10s...
  Rate limited, waiting 10s...
  Rate limited, waiting 10s...
Fixed 47150 | last: Vibrant StreetPower FLAT BLACK Oval Muff -> Vibrant Exhaust | BullStrap
  Rate limited, waiting 10s...
  Rate limited, waiting 10s...
  Rate limited, waiting 10s...
  Rate limited, waiting 10s...
  Rate limited, waiting 10s...
  Rate limited, waiting 10s...
Fixed 47200 | last: Goodridge 05-07 Nissan Frontier/XTerra S -> Goodridge Goodridge Nissan Frontier/XTerra SS Br | BullStrap
  Rate limited, waiting 10s...
  Rate limited, waiting 10s...
  Rate limited, waiting 10s...
  Rate limited, waiting 10s...
  Rate limited, waiting 10s...
  Rate limited, waiting 10s...
Fixed 47250 | last: Yokohama Geolandar M/T G003 Tire - LT295 -> Yokohama Tire Yokohama Geolandar M/T G003 Tire - | BullStrap
  Rate limited, waiting 10s...
  Rate limited, waiting 10s...
Batch done: processed 51500 | fixed 47269 | since_id 10495110643985
  Rate limited, waiting 10s...
  Rate limited, waiting 10s...
  Rate limited, waiting 10s...
  Rate limited, waiting 10s...
Fixed 47300 | last: Whiteline 15-18 BMW M3 Rear Control Arm  -> Whiteline Control Arms 15-18 | BullStrap
  Rate limited, waiting 10s...
  Rate limited, waiting 10s...
  Rate limited, waiting 10s...
  Rate limited, waiting 10s...
  Rate limited, waiting 10s...
  Rate limited, waiting 10s...
Fixed 47350 | last: Gaerne G.Dakar Gore Tex Boot Black Size  -> Gaerne Gaerne G.Dakar Gore Tex Boot Black Size - | BullStrap
  Rate limited, waiting 10s...
  Rate limited, waiting 10s...
  Rate limited, waiting 10s...
  Rate limited, waiting 10s...
  Rate limited, waiting 10s...
  Rate limited, waiting 10s...
Fixed 47400 | last: Westin 1980-1997 Ford F-Series Reg Cab ( -> Westin Westin Ford F-Series Reg Cab (97 HD model | BullStrap
  Rate limited, waiting 10s...
  Rate limited, waiting 10s...
  Rate limited, waiting 10s...
  Rate limited, waiting 10s...
  Rate limited, waiting 10s...
  Rate limited, waiting 10s...
  Rate limited, waiting 10s...
Fixed 47450 | last: aFe MagnumFLOW Air Filters OER PDS A/F P -> aFe Air Filter 05-23 | BullStrap
  Rate limited, waiting 10s...
  Rate limited, waiting 10s...
  Rate limited, waiting 10s...
  Rate limited, waiting 10s...
  Rate limited, waiting 10s...
  Rate limited, waiting 10s...
Fixed 47500 | last: Antigravity H6/Group 48 Lithium Car Batt -> Antigravity Batteries Battery | BullStrap
Batch done: processed 51750 | fixed 47503 | since_id 10497465024785
  Rate limited, waiting 10s...
  Rate limited, waiting 10s...
  Rate limited, waiting 10s...
  Rate limited, waiting 10s...
  Rate limited, waiting 10s...
  Rate limited, waiting 10s...
Fixed 47550 | last: Cometic Mitsubishi Lancer EVO 4-9 85mm B -> Cometic Gasket Cometic Mitsubishi Lancer EVO 4-9 | BullStrap
  Rate limited, waiting 10s...
  Rate limited, waiting 10s...
  Rate limited, waiting 10s...
  Rate limited, waiting 10s...
  Rate limited, waiting 10s...
  Rate limited, waiting 10s...
Fixed 47600 | last: CSF 02-07 Subaru Impreza Radiator -> CSF Radiator 02-07 | BullStrap
  Rate limited, waiting 10s...
  Rate limited, waiting 10s...
  Rate limited, waiting 10s...
  Rate limited, waiting 10s...
  Rate limited, waiting 10s...
  Rate limited, waiting 10s...
Fixed 47650 | last: Eibach Pro-Alignment Rear Kit for 00-05  -> Eibach Eibach Pro-Alignment Rear Kit for BMW 325 | BullStrap
  Rate limited, waiting 10s...
  Rate limited, waiting 10s...
  Rate limited, waiting 10s...
  Rate limited, waiting 10s...
  Rate limited, waiting 10s...
  Rate limited, waiting 10s...
Fixed 47700 | last: Eibach Pro-Spacer 93-01 Subaru Impreza 1 -> Eibach Eibach Pro-Spacer Subaru Impreza 10mm Thi | BullStrap
  Rate limited, waiting 10s...
  Rate limited, waiting 10s...
  Rate limited, waiting 10s...
  Rate limited, waiting 10s...
  Rate limited, waiting 10s...
Batch done: processed 52000 | fixed 47743 | since_id 10497655898385
  Rate limited, waiting 10s...
Fixed 47750 | last: Haltech Solid State Relay 100 AMP -> Haltech Haltech Solid State Relay 100 AMP | BullStrap
  Rate limited, waiting 10s...
  Rate limited, waiting 10s...
  Rate limited, waiting 10s...
  Rate limited, waiting 10s...
  Rate limited, waiting 10s...
  Rate limited, waiting 10s...
Fixed 47800 | last: Lund 10-17 Dodge Ram 2500 Crew Cab 5in.  -> LUND Lund Dodge Ram 2500 Crew Cab 5in. Oval Stra | BullStrap
  Rate limited, waiting 10s...
  Rate limited, waiting 10s...
  Rate limited, waiting 10s...
  Rate limited, waiting 10s...
  Rate limited, waiting 10s...
Fixed 47850 | last: Sparco Shoe Race 2 Size 13 - Black -> SPARCO Sparco Shoe Race 2 Size 13 - Black | BullStrap
  Rate limited, waiting 10s...
  Rate limited, waiting 10s...
  Rate limited, waiting 10s...
  Rate limited, waiting 10s...
  Rate limited, waiting 10s...
  Rate limited, waiting 10s...
Fixed 47900 | last: AEM 03-05 Honda Accord V6 Silver V2 Inta -> AEM Induction AEM Honda Accord V6 Silver V2 Inta | BullStrap
  Rate limited, waiting 10s...
  Rate limited, waiting 10s...
  Rate limited, waiting 10s...
  Rate limited, waiting 10s...
  Rate limited, waiting 10s...
  Rate limited, waiting 10s...
Fixed 47950 | last: aFe MagnumFLOW HD Air Filters Pro Dry S  -> aFe Air Filter | BullStrap
  Rate limited, waiting 10s...
  Rate limited, waiting 10s...
  Rate limited, waiting 10s...
Batch done: processed 52250 | fixed 47977 | since_id 10498070020369
  Rate limited, waiting 10s...
  Rate limited, waiting 10s...
  Rate limited, waiting 10s...
Fixed 48000 | last: aFe Magnum FLOW Pro DRY S OE Replacement -> aFe Air Filter 11-16 | BullStrap
  Rate limited, waiting 10s...
  Rate limited, waiting 10s...
  Rate limited, waiting 10s...
  Rate limited, waiting 10s...
  Rate limited, waiting 10s...
  Rate limited, waiting 10s...
Fixed 48050 | last: aFe Bladerunner 3in Intercooler Tubes Co -> aFe Intercooler 11-16 | BullStrap
  Rate limited, waiting 10s...
  Rate limited, waiting 10s...
  Rate limited, waiting 10s...
  Rate limited, waiting 10s...
  Rate limited, waiting 10s...
  Rate limited, waiting 10s...
  Rate limited, waiting 10s...
Fixed 48100 | last: aFe ROCK BASHER 2.5in 409 SS Cat-Back Ex -> aFe Exhaust 16-20 | BullStrap
  Rate limited, waiting 10s...
  Rate limited, waiting 10s...
  Rate limited, waiting 10s...
  Rate limited, waiting 10s...
  Rate limited, waiting 10s...
  Rate limited, waiting 10s...
Fixed 48150 | last: aFe POWER Momentum GT Pro Dry S Intake S -> aFe aFe POWER Momentum GT Pro Dry S Intake Syste | BullStrap
  Rate limited, waiting 10s...
  Rate limited, waiting 10s...
  Rate limited, waiting 10s...
  Rate limited, waiting 10s...
  Rate limited, waiting 10s...
  Rate limited, waiting 10s...
Fixed 48200 | last: aFe MagnumFORCE Intakes Stage-2 P5R AIS  -> aFe aFe MagnumFORCE Intakes Stage-2 P5R AIS P5R  | BullStrap
  Rate limited, waiting 10s...
Batch done: processed 52500 | fixed 48208 | since_id 10498083553553
  Rate limited, waiting 10s...
  Rate limited, waiting 10s...
  Rate limited, waiting 10s...
  Rate limited, waiting 10s...
  Rate limited, waiting 10s...
Fixed 48250 | last: aFe Momentum GT Pro 5R Intake System 201 -> aFe aFe Momentum GT Pro 5R Intake System 2016 Fo | BullStrap
  Rate limited, waiting 10s...
  Rate limited, waiting 10s...
  Rate limited, waiting 10s...
  Rate limited, waiting 10s...
  Rate limited, waiting 10s...
  Rate limited, waiting 10s...
Fixed 48300 | last: aFe 2020 Corvette C8 Black Series Carbon -> aFe Air Intake | BullStrap
  Rate limited, waiting 10s...
  Rate limited, waiting 10s...
  Rate limited, waiting 10s...
  Rate limited, waiting 10s...
  Rate limited, waiting 10s...
  Rate limited, waiting 10s...
Fixed 48350 | last: Airaid 07-13 Avalanche/Sierra/Silverado  -> Airaid Air Intake 07-13 | BullStrap
  Rate limited, waiting 10s...
  Rate limited, waiting 10s...
  Rate limited, waiting 10s...
  Rate limited, waiting 10s...
  Rate limited, waiting 10s...
  Rate limited, waiting 10s...
Fixed 48400 | last: PureFlow Raptor 98.5-02 Dodge 5.9L Cummi -> AirDog Fuel Pump | BullStrap
  Rate limited, waiting 10s...
  Rate limited, waiting 10s...
  Rate limited, waiting 10s...
  Rate limited, waiting 10s...
  Rate limited, waiting 10s...
  Rate limited, waiting 10s...
Batch done: processed 52750 | fixed 48447 | since_id 10498113863953
Fixed 48450 | last: ANZO 1999-2002 Chevrolet Silverado 1500  -> ANZO ANZO Chevrolet Silverado 1500 Taillights Da | BullStrap
  Rate limited, waiting 10s...
  Rate limited, waiting 10s...
  Rate limited, waiting 10s...
  Rate limited, waiting 10s...
  Rate limited, waiting 10s...
  Rate limited, waiting 10s...
Fixed 48500 | last: ARP Caterpillar C15 12Pt Head Stud Kit -> ARP ARP Caterpillar C15 12Pt Head Stud Kit | BullStrap
  Rate limited, waiting 10s...
  Rate limited, waiting 10s...
  Rate limited, waiting 10s...
  Rate limited, waiting 10s...
  Rate limited, waiting 10s...
  Rate limited, waiting 10s...
Fixed 48550 | last: AWE Tuning Foiler Wind Diffuser for Pors -> AWE Tuning AWE Tuning Foiler Wind Diffuser for P | BullStrap
  Rate limited, waiting 10s...
  Rate limited, waiting 10s...
  Rate limited, waiting 10s...
  Rate limited, waiting 10s...
  Rate limited, waiting 10s...
  Rate limited, waiting 10s...
Fixed 48600 | last: AWE Tuning VW MK7 GTI Track Edition Exha -> AWE Tuning Exhaust | BullStrap
  Rate limited, waiting 10s...
  Rate limited, waiting 10s...
  Rate limited, waiting 10s...
  Rate limited, waiting 10s...
  Rate limited, waiting 10s...
  Rate limited, waiting 10s...
  Rate limited, waiting 10s...
Fixed 48650 | last: Baja Designs OnX6 Driving/Combo Lens Kit -> Baja Designs Baja Designs OnX6 Driving/Combo Len | BullStrap
  Rate limited, waiting 10s...
  Rate limited, waiting 10s...
  Rate limited, waiting 10s...
Batch done: processed 53000 | fixed 48680 | since_id 10498144436497
  Rate limited, waiting 10s...
  Rate limited, waiting 10s...
Fixed 48700 | last: Baja Designs LP9 Sport 2-Light Max Wirin -> Baja Designs Baja Designs LP9 Sport 2-Light Max  | BullStrap
  Rate limited, waiting 10s...
  Rate limited, waiting 10s...
  Rate limited, waiting 10s...
  Rate limited, waiting 10s...
  Rate limited, waiting 10s...
  Rate limited, waiting 10s...
Fixed 48750 | last: BAK 07-20 Toyota Tundra 5ft 6in Bed BAKF -> BAK BAK Toyota Tundra 5ft 6in Bed BAKFlip MX4 Ma | BullStrap
  Rate limited, waiting 10s...
  Rate limited, waiting 10s...
  Rate limited, waiting 10s...
  Rate limited, waiting 10s...
  Rate limited, waiting 10s...
  Rate limited, waiting 10s...
Fixed 48800 | last: Turbosmart BOV 25mm Hose Blanking Plug -> Turbosmart Turbo | BullStrap
  Rate limited, waiting 10s...
  Rate limited, waiting 10s...
  Rate limited, waiting 10s...
  Rate limited, waiting 10s...
  Rate limited, waiting 10s...
  Rate limited, waiting 10s...
Fixed 48850 | last: Turbosmart WG40 GenV Comp-Gate 40mm Valv -> Turbosmart Turbo | BullStrap
  Rate limited, waiting 10s...
  Rate limited, waiting 10s...
  Rate limited, waiting 10s...
  Rate limited, waiting 10s...
  Rate limited, waiting 10s...
  Rate limited, waiting 10s...
Fixed 48900 | last: Twin Power 06-17 Dyna 07 Up FLT and Soft -> TwinPower Twin Power Dyna 07 Up FLT and Softail  | BullStrap
  Rate limited, waiting 10s...
  Rate limited, waiting 10s...
Batch done: processed 53250 | fixed 48914 | since_id 10499168207121
  Rate limited, waiting 10s...
  Rate limited, waiting 10s...
  Rate limited, waiting 10s...
  Rate limited, waiting 10s...
Fixed 48950 | last: H&R 20-21 BMW X5 M/X5 M Competition/X6 M -> H&R H&R BMW X5 M/X5 M Competition/X6 M/X6 M Comp | BullStrap
  Rate limited, waiting 10s...
  Rate limited, waiting 10s...
  Rate limited, waiting 10s...
  Rate limited, waiting 10s...
  Rate limited, waiting 10s...
  Rate limited, waiting 10s...
  Rate limited, waiting 10s...
Fixed 49000 | last: Whiteline 89-93 Nissan Skyline R32 GT-R  -> Whiteline Whiteline Nissan Skyline R32 GT-R Fron | BullStrap
  Rate limited, waiting 10s...
  Rate limited, waiting 10s...
  Rate limited, waiting 10s...
  Rate limited, waiting 10s...
  Rate limited, waiting 10s...
  Rate limited, waiting 10s...
Fixed 49050 | last: Whiteline 05-08 Subaru Legacy GT / 04-07 -> Whiteline Whiteline Subaru Legacy GT / Subaru Ou | BullStrap
  Rate limited, waiting 10s...
  Rate limited, waiting 10s...
  Rate limited, waiting 10s...
  Rate limited, waiting 10s...
  Rate limited, waiting 10s...
  Rate limited, waiting 10s...
Fixed 49100 | last: Whiteline 02-07 Subaru WRX Sedan and Wag -> Whiteline Whiteline Subaru WRX Sedan and Wagon f | BullStrap
  Rate limited, waiting 10s...
  Rate limited, waiting 10s...
  Rate limited, waiting 10s...
  Rate limited, waiting 10s...
  Rate limited, waiting 10s...
  Rate limited, waiting 10s...
Batch done: processed 53500 | fixed 49149 | since_id 10499363045649
Fixed 49150 | last: Whiteline Plus 7/96-2/03 Toyota Landcrui -> Whiteline Whiteline Plus 7/96-2/03 Toyota Landcr | BullStrap
  Rate limited, waiting 10s...
  Rate limited, waiting 10s...
  Rate limited, waiting 10s...
  Rate limited, waiting 10s...
  Rate limited, waiting 10s...
  Rate limited, waiting 10s...
Fixed 49200 | last: Bilstein B4 2009 Mazda 3 i Front Right S -> Bilstein Shocks | BullStrap
  Rate limited, waiting 10s...
  Rate limited, waiting 10s...
  Rate limited, waiting 10s...
  Rate limited, waiting 10s...
  Rate limited, waiting 10s...
  Rate limited, waiting 10s...
Fixed 49250 | last: Bilstein B6 66-79 VW Beetle Base Front 4 -> Bilstein Shocks 66-79 | BullStrap
  Rate limited, waiting 10s...
  Rate limited, waiting 10s...
  Rate limited, waiting 10s...
  Rate limited, waiting 10s...
  Rate limited, waiting 10s...
  Rate limited, waiting 10s...
Fixed 49300 | last: Bilstein B8 2003 Nissan 350Z Base Front  -> Bilstein Shocks | BullStrap
  Rate limited, waiting 10s...
  Rate limited, waiting 10s...
  Rate limited, waiting 10s...
  Rate limited, waiting 10s...
  Rate limited, waiting 10s...
  Rate limited, waiting 10s...
  Rate limited, waiting 10s...
Fixed 49350 | last: Bilstein Drag Series 94-04 Ford Mustang  -> Bilstein Shocks 94-04 | BullStrap
  Rate limited, waiting 10s...
  Rate limited, waiting 10s...
  Rate limited, waiting 10s...
Batch done: processed 53750 | fixed 49378 | since_id 10499383787793
  Rate limited, waiting 10s...
  Rate limited, waiting 10s...
  Rate limited, waiting 10s...
Fixed 49400 | last: Bilstein B8 (SP) 06-11 BMW 323i/05-10 32 -> Bilstein Shocks 06-11 | BullStrap
  Rate limited, waiting 10s...
  Rate limited, waiting 10s...
  Rate limited, waiting 10s...
  Rate limited, waiting 10s...
  Rate limited, waiting 10s...
  Rate limited, waiting 10s...
Fixed 49450 | last: Dirty Life 9313 Enigma Race 17x9 / 6x139 -> Dirty Life Dirty Life 9313 Enigma Race 17x9 / 6x | BullStrap
  Rate limited, waiting 10s...
  Rate limited, waiting 10s...
  Rate limited, waiting 10s...
  Rate limited, waiting 10s...
  Rate limited, waiting 10s...
  Rate limited, waiting 10s...
Fixed 49500 | last: Ford Racing High Performance Hydraulic R -> Ford Racing Ford Racing High Performance Hydraul | BullStrap
  Rate limited, waiting 10s...
  Rate limited, waiting 10s...
  Rate limited, waiting 10s...
  Rate limited, waiting 10s...
  Rate limited, waiting 10s...
  Rate limited, waiting 10s...
Fixed 49550 | last: Vibrant Univ Oil Feed Kit 4ft Teflon lin -> Vibrant Vibrant Univ Oil Feed Kit 4ft Teflon lin | BullStrap
  Rate limited, waiting 10s...
  Rate limited, waiting 10s...
  Rate limited, waiting 10s...
  Rate limited, waiting 10s...
  Rate limited, waiting 10s...
  Rate limited, waiting 10s...
Fixed 49600 | last: Vibrant -16AN X -16AN Female Flare Swive -> Vibrant Vibrant -16AN X -16AN Female Flare Swive | BullStrap
  Rate limited, waiting 10s...
  Rate limited, waiting 10s...
Batch done: processed 54000 | fixed 49618 | since_id 10499465117969
  Rate limited, waiting 10s...
  Rate limited, waiting 10s...
  Rate limited, waiting 10s...
  Rate limited, waiting 10s...
Fixed 49650 | last: Vibrant Bellmouth Velocity Stack Aluminu -> Vibrant Vibrant Bellmouth Velocity Stack Aluminu | BullStrap
  Rate limited, waiting 10s...
  Rate limited, waiting 10s...
  Rate limited, waiting 10s...
  Rate limited, waiting 10s...
  Rate limited, waiting 10s...
  Rate limited, waiting 10s...
Fixed 49700 | last: LIQUI MOLY 1L Fully Synthetic Hypoid Gea -> LIQUI MOLY LIQUI MOLY 1L Fully Synthetic Hypoid  | BullStrap
  Rate limited, waiting 10s...
  Rate limited, waiting 10s...
  Rate limited, waiting 10s...
  Rate limited, waiting 10s...
  Rate limited, waiting 10s...
  Rate limited, waiting 10s...
Fixed 49750 | last: MagnaFlow Conv DF 07-09 Chevy/GMC Silver -> Magnaflow MagnaFlow Conv DF Chevy/GMC Silverado/ | BullStrap
  Rate limited, waiting 10s...
  Rate limited, waiting 10s...
  Rate limited, waiting 10s...
  Rate limited, waiting 10s...
  Rate limited, waiting 10s...
  Rate limited, waiting 10s...
  Rate limited, waiting 10s...
Fixed 49800 | last: Rays Dura-Nut L42 Straight Type 14x1.50  -> Rays Rays Dura-Nut L42 Straight Type 14x1.50 Lug | BullStrap
  Rate limited, waiting 10s...
  Rate limited, waiting 10s...
  Rate limited, waiting 10s...
  Rate limited, waiting 10s...
  Rate limited, waiting 10s...
  Rate limited, waiting 10s...
Batch done: processed 54250 | fixed 49849 | since_id 10500038918417
Fixed 49850 | last: Renthal 04-23 Kawasaki KX 125/ 2-Stroke/ -> Renthal Renthal Kawasaki KX 125/ 2-Stroke/ X/ XC | BullStrap
  Rate limited, waiting 10s...
  Rate limited, waiting 10s...
  Rate limited, waiting 10s...
  Rate limited, waiting 10s...
  Rate limited, waiting 10s...
  Rate limited, waiting 10s...
Fixed 49900 | last: Renthal 08-23 Kawasaki KLX140L Rear Groo -> Renthal Renthal Kawasaki KLX140L Rear Grooved Sp | BullStrap
  Rate limited, waiting 10s...
  Rate limited, waiting 10s...
  Rate limited, waiting 10s...
  Rate limited, waiting 10s...
  Rate limited, waiting 10s...
  Rate limited, waiting 10s...
Fixed 49950 | last: Renthal 04-19 KTM 85SX/17-20 Husqa TC85/ -> Renthal Renthal KTM 85SX/ Husqa TC85/2023 GasGas | BullStrap
  Rate limited, waiting 10s...
  Rate limited, waiting 10s...
  Rate limited, waiting 10s...
  Rate limited, waiting 10s...
  Rate limited, waiting 10s...
  Rate limited, waiting 10s...
Fixed 50000 | last: Renthal Handguard - Red -> Renthal Renthal Handguard - Red | BullStrap
  Rate limited, waiting 10s...
  Rate limited, waiting 10s...
  Rate limited, waiting 10s...
  Rate limited, waiting 10s...
  Rate limited, waiting 10s...
  Rate limited, waiting 10s...
Fixed 50050 | last: Rhino-Rack Universal Ski Carrier - Fits  -> Rhino-Rack Rhino-Rack Universal Ski Carrier - Fi | BullStrap
  Rate limited, waiting 10s...
  Rate limited, waiting 10s...
  Rate limited, waiting 10s...
  Rate limited, waiting 10s...
  Rate limited, waiting 10s...
Batch done: processed 54500 | fixed 50087 | since_id 10500051239185
  Rate limited, waiting 10s...
Fixed 50100 | last: Rigid Industries 360-Series 4in Light Co -> Rigid Industries Rigid Industries 360-Series 4in | BullStrap
  Rate limited, waiting 10s...
  Rate limited, waiting 10s...
  Rate limited, waiting 10s...
  Rate limited, waiting 10s...
  Rate limited, waiting 10s...
  Rate limited, waiting 10s...
Fixed 50150 | last: Rigid Industries SRQ - Flush Mount - Dif -> Rigid Industries Rigid Industries SRQ - Flush Mo | BullStrap
  Rate limited, waiting 10s...
  Rate limited, waiting 10s...
  Rate limited, waiting 10s...
  Rate limited, waiting 10s...
  Rate limited, waiting 10s...
  Rate limited, waiting 10s...
  Rate limited, waiting 10s...
Fixed 50200 | last: Rockford Fosgate 2014+ Harley Davidson R -> Rockford Fosgate Rockford Fosgate Harley Davidso | BullStrap
  Rate limited, waiting 10s...
  Rate limited, waiting 10s...
  Rate limited, waiting 10s...
  Rate limited, waiting 10s...
  Rate limited, waiting 10s...
Fixed 50250 | last: RS-R 2017-2022 Honda Civic Type R (FK8)  -> RS-R RS-R Honda Civic Type R (FK8) Super Down Su | BullStrap
  Rate limited, waiting 10s...
  Rate limited, waiting 10s...
  Rate limited, waiting 10s...
  Rate limited, waiting 10s...
  Rate limited, waiting 10s...
  Rate limited, waiting 10s...
  Rate limited, waiting 10s...
Fixed 50300 | last: Rugged Ridge Spartan Nerf Bar Textured B -> Rugged Ridge Rugged Ridge Spartan Nerf Bar Textu | BullStrap
  Rate limited, waiting 10s...
  Rate limited, waiting 10s...
Batch done: processed 54750 | fixed 50316 | since_id 10500068344081
  Rate limited, waiting 10s...
  Rate limited, waiting 10s...
  Rate limited, waiting 10s...
  Rate limited, waiting 10s...
Fixed 50350 | last: Russell Performance Speed Bleeder 8mm X  -> Russell Russell Performance Speed Bleeder 8mm X  | BullStrap
  Rate limited, waiting 10s...
  Rate limited, waiting 10s...
  Rate limited, waiting 10s...
  Rate limited, waiting 10s...
  Rate limited, waiting 10s...
  Rate limited, waiting 10s...
  Rate limited, waiting 10s...
Fixed 50400 | last: S&S Cycle Super E/G Carb Ejector Nozzle  -> S&S Cycle S&S Cycle Super E/G Carb Ejector Nozzl | BullStrap
  Rate limited, waiting 10s...
  Rate limited, waiting 10s...
  Rate limited, waiting 10s...
  Rate limited, waiting 10s...
  Rate limited, waiting 10s...
  Rate limited, waiting 10s...
Fixed 50450 | last: S&S Cycle 99-06 BT 509C Chain Drive Cams -> S&S Cycle S&S Cycle BT 509C Chain Drive Camshaft | BullStrap
  Rate limited, waiting 10s...
  Rate limited, waiting 10s...
  Rate limited, waiting 10s...
  Rate limited, waiting 10s...
  Rate limited, waiting 10s...
  Rate limited, waiting 10s...
Fixed 50500 | last: Seizmik Embark Color Trim Kit - Red -> Seizmik Seizmik Embark Color Trim Kit - Red | BullStrap
  Rate limited, waiting 10s...
  Rate limited, waiting 10s...
  Rate limited, waiting 10s...
  Rate limited, waiting 10s...
  Rate limited, waiting 10s...
  Rate limited, waiting 10s...
Fixed 50550 | last: Sinister Diesel 17-19 Ford Powerstroke 6 -> Sinister Diesel Sinister Diesel Ford Powerstroke | BullStrap
Batch done: processed 55000 | fixed 50551 | since_id 10500082237713
  Rate limited, waiting 10s...
  Rate limited, waiting 10s...
  Rate limited, waiting 10s...
  Rate limited, waiting 10s...
  Rate limited, waiting 10s...
  Rate limited, waiting 10s...
Fixed 50600 | last: Skunk2 Honda and Acura Ultra Series Stre -> Skunk2 Racing Skunk2 Honda and Acura Ultra Serie | BullStrap
  Rate limited, waiting 10s...
  Rate limited, waiting 10s...
  Rate limited, waiting 10s...
  Rate limited, waiting 10s...
  Rate limited, waiting 10s...
  Rate limited, waiting 10s...
Fixed 50650 | last: Skunk2 1996-00 Honda Civic Black Series  -> Skunk2 Racing Control Arms 1996-00 | BullStrap
  Rate limited, waiting 10s...
  Rate limited, waiting 10s...
  Rate limited, waiting 10s...
  Rate limited, waiting 10s...
  Rate limited, waiting 10s...
  Rate limited, waiting 10s...
Fixed 50700 | last: Skyjacker 2"78-79 BRONCO KT/ADD-LEAF -> Skyjacker Skyjacker 2" BRONCO KT/ADD-LEAF | BullStrap
  Rate limited, waiting 10s...
  Rate limited, waiting 10s...
  Rate limited, waiting 10s...
  Rate limited, waiting 10s...
  Rate limited, waiting 10s...
  Rate limited, waiting 10s...
Fixed 50750 | last: Walbro 350lph High Pressure Fuel Pump *W -> Walbro Fuel Pump | BullStrap
  Rate limited, waiting 10s...
  Rate limited, waiting 10s...
  Rate limited, waiting 10s...
  Rate limited, waiting 10s...
  Rate limited, waiting 10s...
Batch done: processed 55250 | fixed 50791 | since_id 10500152787217
  Rate limited, waiting 10s...
  Rate limited, waiting 10s...
  Rate limited, waiting 10s...
  Rate limited, waiting 10s...
Fixed 50800 | last: Westin 2002-2018 Dodge/Ram 1500/2500 (6. -> Westin Westin Dodge/Ram 1500/2500 (6.5ft bed) Tr | BullStrap
  Rate limited, waiting 10s...
  Rate limited, waiting 10s...
  Rate limited, waiting 10s...
  Rate limited, waiting 10s...
  Rate limited, waiting 10s...
  Rate limited, waiting 10s...
Fixed 50850 | last: Whiteline Plus 03+ Nissan 350z / Infinit -> Whiteline Whiteline Plus 03+ Nissan 350z / Infin | BullStrap
  Rate limited, waiting 10s...
  Rate limited, waiting 10s...
  Rate limited, waiting 10s...
  Rate limited, waiting 10s...
  Rate limited, waiting 10s...
  Rate limited, waiting 10s...
Fixed 50900 | last: Wilwood DPHA Front Caliper & Pad Kit Blu -> Wilwood Rotors | BullStrap
  Rate limited, waiting 10s...
  Rate limited, waiting 10s...
  Rate limited, waiting 10s...
  Rate limited, waiting 10s...
  Rate limited, waiting 10s...
  Rate limited, waiting 10s...
Fixed 50950 | last: Wilwood Rotor-GT60 SPC-37-LH-BLK 15.00 x -> Wilwood Rotors | BullStrap
  Rate limited, waiting 10s...
  Rate limited, waiting 10s...
  Rate limited, waiting 10s...
  Rate limited, waiting 10s...
  Rate limited, waiting 10s...
  Rate limited, waiting 10s...
Fixed 51000 | last: Wilwood GS Remote Master Cylinder - .500 -> Wilwood Wilwood GS Remote Master Cylinder - .500 | BullStrap
  Rate limited, waiting 10s...
Batch done: processed 55500 | fixed 51003 | since_id 10500163502353
  Rate limited, waiting 10s...
  Rate limited, waiting 10s...
  Rate limited, waiting 10s...
  Rate limited, waiting 10s...
  Rate limited, waiting 10s...
Fixed 51050 | last: Wiseco Nissan SR20 Turbo -12cc 1.260 X 8 -> Wiseco Turbo | BullStrap
  Rate limited, waiting 10s...
  Rate limited, waiting 10s...
  Rate limited, waiting 10s...
  Rate limited, waiting 10s...
  Rate limited, waiting 10s...
  Rate limited, waiting 10s...
Fixed 51100 | last: Yukon Gear & Install Kit Package for Jee -> Yukon Gear & Axle Yukon Gear & Install Kit Packa | BullStrap
  Rate limited, waiting 10s...
  Rate limited, waiting 10s...
  Rate limited, waiting 10s...
  Rate limited, waiting 10s...
  Rate limited, waiting 10s...
  Rate limited, waiting 10s...
  Rate limited, waiting 10s...
Fixed 51150 | last: 3D MAXpider 2016-2019 Mazda/Fiat Mx-5 Mi -> 3D MAXpider 3D MAXpider Mazda/Fiat Mx-5 Miata/12 | BullStrap
  Rate limited, waiting 10s...
  Rate limited, waiting 10s...
  Rate limited, waiting 10s...
  Rate limited, waiting 10s...
  Rate limited, waiting 10s...
  Rate limited, waiting 10s...
Fixed 51200 | last: ACL 94+ Acura B18C VTEC Standard Size Ro -> ACL ACL 94+ Acura B18C VTEC Standard Size Rod Be | BullStrap
  Rate limited, waiting 10s...
  Rate limited, waiting 10s...
  Rate limited, waiting 10s...
  Rate limited, waiting 10s...
  Rate limited, waiting 10s...
Batch done: processed 55750 | fixed 51239 | since_id 10500176511249
  Rate limited, waiting 10s...
Fixed 51250 | last: ACL BMW N63/S63 V8 Standard Size High Pe -> ACL ACL BMW N63/S63 V8 Standard Size High Perfor | BullStrap
  Rate limited, waiting 10s...
  Rate limited, waiting 10s...
  Rate limited, waiting 10s...
  Rate limited, waiting 10s...
  Rate limited, waiting 10s...
  Rate limited, waiting 10s...
Fixed 51300 | last: ACT 17-19 Honda Civic Si HD/Race Sprung  -> ACT ACT Honda Civic Si HD/Race Sprung 6 Pad Clut | BullStrap
  Rate limited, waiting 10s...
  Rate limited, waiting 10s...
  Rate limited, waiting 10s...
  Rate limited, waiting 10s...
  Rate limited, waiting 10s...
  Rate limited, waiting 10s...
Fixed 51350 | last: ACT 1991 Toyota MR2 XT/Perf Street Sprun -> ACT ACT 1991 Toyota MR2 XT/Perf Street Sprung Cl | BullStrap
  Rate limited, waiting 10s...
  Rate limited, waiting 10s...
  Rate limited, waiting 10s...
  Rate limited, waiting 10s...
  Rate limited, waiting 10s...
  Rate limited, waiting 10s...
Fixed 51400 | last: Aeromotive Replacement 100 Micron SS Ele -> Aeromotive Aeromotive Replacement 100 Micron SS  | BullStrap
  Rate limited, waiting 10s...
  Rate limited, waiting 10s...
  Rate limited, waiting 10s...
  Rate limited, waiting 10s...
  Rate limited, waiting 10s...
  Rate limited, waiting 10s...
Fixed 51450 | last: Air Lift LoadLifter 5000 Air Spring Kit  -> Air Lift Air Lift LoadLifter 5000 Air Spring Kit | BullStrap
  Rate limited, waiting 10s...
  Rate limited, waiting 10s...
  Rate limited, waiting 10s...
Batch done: processed 56000 | fixed 51478 | since_id 10500190765329
  Rate limited, waiting 10s...
  Rate limited, waiting 10s...
  Rate limited, waiting 10s...
Fixed 51500 | last: Akrapovic 2021+ BMW G87 M2, G80 M3 & G82 -> Akrapovic Akrapovic BMW G87 M2, G80 M3 & G82 M4  | BullStrap
  Rate limited, waiting 10s...
  Rate limited, waiting 10s...
  Rate limited, waiting 10s...
  Rate limited, waiting 10s...
  Rate limited, waiting 10s...
  Rate limited, waiting 10s...
Fixed 51550 | last: AMP Research 20-23 Chevy Silverado 1500  -> AMP Research AMP Research Chevy Silverado 1500 C | BullStrap
  Rate limited, waiting 10s...
  Rate limited, waiting 10s...
  Rate limited, waiting 10s...
  Rate limited, waiting 10s...
  Rate limited, waiting 10s...
  Rate limited, waiting 10s...
Fixed 51600 | last: Answer Ascent Prix Gloves Hyper Orange/B -> Answer Answer Ascent Prix Gloves Hyper Orange/Bl | BullStrap
  Rate limited, waiting 10s...
  Rate limited, waiting 10s...
  Rate limited, waiting 10s...
  Rate limited, waiting 10s...
  Rate limited, waiting 10s...
  Rate limited, waiting 10s...
  Rate limited, waiting 10s...
Fixed 51650 | last: ARB Sp Seal Housing Kit O Rings Included -> ARB ARB Sp Seal Housing Kit O Rings Included | BullStrap
  Rate limited, waiting 10s...
  Rate limited, waiting 10s...
  Rate limited, waiting 10s...
  Rate limited, waiting 10s...
  Rate limited, waiting 10s...
  Rate limited, waiting 10s...
Fixed 51700 | last: ARB Rear Bar 1588Kg Tj/Yj Suits Armour -> ARB ARB Rear Bar 1588Kg Tj/Yj Suits Armour | BullStrap
  Rate limited, waiting 10s...
Batch done: processed 56250 | fixed 51715 | since_id 10500202594577
  Rate limited, waiting 10s...
  Rate limited, waiting 10s...
  Rate limited, waiting 10s...
  Rate limited, waiting 10s...
  Rate limited, waiting 10s...
Fixed 51750 | last: ARB BP51 3In Med Kit 4Runner 2010+ Kdss -> ARB ARB BP51 3In Med Kit 4Runner Kdss | BullStrap
  Rate limited, waiting 10s...
  Rate limited, waiting 10s...
  Rate limited, waiting 10s...
  Rate limited, waiting 10s...
  Rate limited, waiting 10s...
  Rate limited, waiting 10s...
Fixed 51800 | last: ARB Safari 4X4 Snorkel Vspec Gen 4 Toyot -> ARB ARB Safari 4X4 Snorkel Vspec Gen 4 Toyota 4R | BullStrap
  Rate limited, waiting 10s...
  Rate limited, waiting 10s...
  Rate limited, waiting 10s...
  Rate limited, waiting 10s...
  Rate limited, waiting 10s...
  Rate limited, waiting 10s...
Fixed 51850 | last: AVS 07-14 Ford E-150 Ventvisor In-Channe -> AVS AVS Ford E-150 Ventvisor In-Channel Window D | BullStrap
  Rate limited, waiting 10s...
  Rate limited, waiting 10s...
  Rate limited, waiting 10s...
  Rate limited, waiting 10s...
  Rate limited, waiting 10s...
  Rate limited, waiting 10s...
Fixed 51900 | last: AVS 13-15 Chevy Malibu Ventvisor In-Chan -> AVS AVS Chevy Malibu Ventvisor In-Channel Front  | BullStrap
  Rate limited, waiting 10s...
  Rate limited, waiting 10s...
  Rate limited, waiting 10s...
  Rate limited, waiting 10s...
  Rate limited, waiting 10s...
  Rate limited, waiting 10s...
Fixed 51950 | last: AVS 2019 Ram Quad Cab Ventvisor In-Chann -> AVS AVS 2019 Ram Quad Cab Ventvisor In-Channel F | BullStrap
  Rate limited, waiting 10s...
Batch done: processed 56500 | fixed 51955 | since_id 10500214817041
  Rate limited, waiting 10s...
  Rate limited, waiting 10s...
  Rate limited, waiting 10s...
  Rate limited, waiting 10s...
  Rate limited, waiting 10s...
Fixed 52000 | last: Eibach ERS 8.00 inch L x 2.50 inch dia x -> Eibach Eibach ERS 8.00 inch L x 2.50 inch dia x  | BullStrap
  Rate limited, waiting 10s...
  Rate limited, waiting 10s...
  Rate limited, waiting 10s...
  Rate limited, waiting 10s...
  Rate limited, waiting 10s...
  Rate limited, waiting 10s...
Fixed 52050 | last: Eibach Pro-Kit for 09+ Hyundai Genesis C -> Eibach Eibach Pro-Kit for 09+ Hyundai Genesis Co | BullStrap
  Rate limited, waiting 10s...
  Rate limited, waiting 10s...
  Rate limited, waiting 10s...
  Rate limited, waiting 10s...
  Rate limited, waiting 10s...
  Rate limited, waiting 10s...
Fixed 52100 | last: Eibach Pro-Lift for 2022+ Ford Maverick -> Eibach Eibach Pro-Lift for Ford Maverick | BullStrap
  Rate limited, waiting 10s...
  Rate limited, waiting 10s...
  Rate limited, waiting 10s...
  Rate limited, waiting 10s...
  Rate limited, waiting 10s...
  Rate limited, waiting 10s...
Fixed 52150 | last: Eibach Pro-UTV 20-21 Polaris RZR XP 4 Tu -> Eibach Shocks 20-21 | BullStrap
  Rate limited, waiting 10s...
  Rate limited, waiting 10s...
  Rate limited, waiting 10s...
  Rate limited, waiting 10s...
  Rate limited, waiting 10s...
  Rate limited, waiting 10s...
  Rate limited, waiting 10s...
Batch done: processed 56750 | fixed 52190 | since_id 10500563566865
  Rate limited, waiting 10s...
  Rate limited, waiting 10s...
Fixed 52200 | last: Energy Suspension 1in Body Lift Kit - Re -> Energy Suspension Lift Kit | BullStrap
  Rate limited, waiting 10s...
  Rate limited, waiting 10s...
  Rate limited, waiting 10s...
  Rate limited, waiting 10s...
  Rate limited, waiting 10s...
  Rate limited, waiting 10s...
Fixed 52250 | last: Energy Suspension 1in Bronco S/B Set - B -> Energy Suspension Suspension | BullStrap
  Rate limited, waiting 10s...
  Rate limited, waiting 10s...
  Rate limited, waiting 10s...
  Rate limited, waiting 10s...
  Rate limited, waiting 10s...
  Rate limited, waiting 10s...
Fixed 52300 | last: Energy Suspension 04-07 Scion xB Black 2 -> Energy Suspension Suspension 04-07 | BullStrap
  Rate limited, waiting 10s...
  Rate limited, waiting 10s...
  Rate limited, waiting 10s...
  Rate limited, waiting 10s...
  Rate limited, waiting 10s...
  Rate limited, waiting 10s...
  Rate limited, waiting 10s...
Fixed 52350 | last: Enkei RPF1 16x8 5x114.3 38mm Offset 73mm -> Enkei Enkei RPF1 16x8 5x114.3 38mm Offset 73mm B | BullStrap
  Rate limited, waiting 10s...
  Rate limited, waiting 10s...
  Rate limited, waiting 10s...
  Rate limited, waiting 10s...
  Rate limited, waiting 10s...
Fixed 52400 | last: Enkei92 Classic Line 15x7 38mm Offset 4x -> Enkei Enkei92 Classic Line 15x7 38mm Offset 4x11 | BullStrap
  Rate limited, waiting 10s...
Batch done: processed 57000 | fixed 52403 | since_id 10500572381457
  Rate limited, waiting 10s...
  Rate limited, waiting 10s...
  Rate limited, waiting 10s...
  Rate limited, waiting 10s...
  Rate limited, waiting 10s...
  Rate limited, waiting 10s...
Fixed 52450 | last: EVS T5 Torino Helmet White - Large -> EVS EVS T5 Torino Helmet White - Large | BullStrap
  Rate limited, waiting 10s...
  Rate limited, waiting 10s...
  Rate limited, waiting 10s...
  Rate limited, waiting 10s...
  Rate limited, waiting 10s...
  Rate limited, waiting 10s...
Fixed 52500 | last: Exedy OE 1990-1990 Toyota Celica L4 Clut -> Exedy Exedy OE Toyota Celica L4 Clutch Kit | BullStrap
  Rate limited, waiting 10s...
  Rate limited, waiting 10s...
  Rate limited, waiting 10s...
  Rate limited, waiting 10s...
  Rate limited, waiting 10s...
  Rate limited, waiting 10s...
Fixed 52550 | last: Exedy OE 1986-1991 Mazda RX-7 R2 Slave C -> Exedy Exedy OE Mazda RX-7 R2 Slave Cylinder | BullStrap
  Rate limited, waiting 10s...
  Rate limited, waiting 10s...
  Rate limited, waiting 10s...
  Rate limited, waiting 10s...
  Rate limited, waiting 10s...
  Rate limited, waiting 10s...
Fixed 52600 | last: Fabtech 06-Up Dodge Ram 1500 Tie Rod End -> Fabtech Fabtech 06-Up Dodge Ram 1500 Tie Rod End | BullStrap
  Rate limited, waiting 10s...
  Rate limited, waiting 10s...
  Rate limited, waiting 10s...
  Rate limited, waiting 10s...
  Rate limited, waiting 10s...
Batch done: processed 57250 | fixed 52637 | since_id 10500585095441
  Rate limited, waiting 10s...
Fixed 52650 | last: fifteen52 Turbomac HD Classic 17x8.5 6x1 -> fifteen52 Turbo | BullStrap
  Rate limited, waiting 10s...
  Rate limited, waiting 10s...
  Rate limited, waiting 10s...
  Rate limited, waiting 10s...
  Rate limited, waiting 10s...
  Rate limited, waiting 10s...
  Rate limited, waiting 10s...
Fixed 52700 | last: Fleece Performance 01-04 GM Duramax LB7  -> Fleece Performance Fleece Performance GM Duramax | BullStrap
  Rate limited, waiting 10s...
  Rate limited, waiting 10s...
  Rate limited, waiting 10s...
  Rate limited, waiting 10s...
  Rate limited, waiting 10s...
  Rate limited, waiting 10s...
Fixed 52750 | last: Fox (T) Reducer Dia. 750 ID Spherical Di -> FOX Fox (T) Reducer Dia. 750 ID Spherical Dia.1. | BullStrap
  Rate limited, waiting 10s...
  Rate limited, waiting 10s...
  Rate limited, waiting 10s...
  Rate limited, waiting 10s...
  Rate limited, waiting 10s...
  Rate limited, waiting 10s...
Fixed 52800 | last: FOX 05+ Toyota Tacoma Performance Elite  -> FOX Shocks | BullStrap
  Rate limited, waiting 10s...
  Rate limited, waiting 10s...
  Rate limited, waiting 10s...
  Rate limited, waiting 10s...
  Rate limited, waiting 10s...
  Rate limited, waiting 10s...
Fixed 52850 | last: Skyjacker 2"80-96F150/BRO,W/FRT BLK M -> Skyjacker Skyjacker 2"F150/BRO,W/FRT BLK M | BullStrap
  Rate limited, waiting 10s...
  Rate limited, waiting 10s...
Batch done: processed 57500 | fixed 52868 | since_id 10500902748433
  Rate limited, waiting 10s...
  Rate limited, waiting 10s...
  Rate limited, waiting 10s...
  Rate limited, waiting 10s...
Fixed 52900 | last: Skyjacker 2003-2010 Dodge Ram 3500 4 Whe -> Skyjacker Skyjacker Dodge Ram 3500 4 Wheel Drive | BullStrap
  Rate limited, waiting 10s...
  Rate limited, waiting 10s...
  Rate limited, waiting 10s...
  Rate limited, waiting 10s...
  Rate limited, waiting 10s...
  Rate limited, waiting 10s...
Fixed 52950 | last: Skyjacker 4"SR 73-87 GM 1/2 W/REAR SP -> Skyjacker Skyjacker 4"SR GM 1/2 W/REAR SP | BullStrap
  Rate limited, waiting 10s...
  Rate limited, waiting 10s...
  Rate limited, waiting 10s...
  Rate limited, waiting 10s...
  Rate limited, waiting 10s...
  Rate limited, waiting 10s...
Fixed 53000 | last: Skyjacker Leaf Spring 1989-1991 Chevrole -> Skyjacker Skyjacker Leaf Spring Chevrolet V1500  | BullStrap
  Rate limited, waiting 10s...
  Rate limited, waiting 10s...
  Rate limited, waiting 10s...
  Rate limited, waiting 10s...
  Rate limited, waiting 10s...
  Rate limited, waiting 10s...
  Rate limited, waiting 10s...
Fixed 53050 | last: Skyjacker Add A Leaf 1980-1996 Ford F-25 -> Skyjacker Skyjacker Add A Leaf Ford F-250 4 Whee | BullStrap
  Rate limited, waiting 10s...
  Rate limited, waiting 10s...
  Rate limited, waiting 10s...
  Rate limited, waiting 10s...
  Rate limited, waiting 10s...
  Rate limited, waiting 10s...
Batch done: processed 57750 | fixed 53096 | since_id 10500911038737
Fixed 53100 | last: Skyjacker 1982-1993 Dodge W250 Pickup Br -> Skyjacker Skyjacker Dodge W250 Pickup Brake Hose | BullStrap
  Rate limited, waiting 10s...
  Rate limited, waiting 10s...
  Rate limited, waiting 10s...
  Rate limited, waiting 10s...
  Rate limited, waiting 10s...
  Rate limited, waiting 10s...
  Rate limited, waiting 10s...
Fixed 53150 | last: Skyjacker 2007-2018 Jeep Wrangler JK 4 D -> Skyjacker Shocks 2007-2018 | BullStrap
  Rate limited, waiting 10s...
  Rate limited, waiting 10s...
  Rate limited, waiting 10s...
  Rate limited, waiting 10s...
  Rate limited, waiting 10s...
  Rate limited, waiting 10s...
Fixed 53200 | last: Skyjacker 1980-1997 Ford F-350 4 Wheel D -> Skyjacker Sway Bar 1980-1997 | BullStrap
  Rate limited, waiting 10s...
  Rate limited, waiting 10s...
  Rate limited, waiting 10s...
  Rate limited, waiting 10s...
  Rate limited, waiting 10s...
  Rate limited, waiting 10s...
Fixed 53250 | last: SLP 1999-2004 Ford Mustang 4.6L LoudMout -> SLP Exhaust 1999-2004 | BullStrap
  Rate limited, waiting 10s...
  Rate limited, waiting 10s...
  Rate limited, waiting 10s...
  Rate limited, waiting 10s...
  Rate limited, waiting 10s...
  Rate limited, waiting 10s...
Fixed 53300 | last: SPAL 962 CFM 13in Fan - Pull (VA13-AP9/C -> SPAL SPAL 962 CFM 13in Fan - Pull (VA13-AP9/C-35 | BullStrap
  Rate limited, waiting 10s...
  Rate limited, waiting 10s...
  Rate limited, waiting 10s...
  Rate limited, waiting 10s...
Batch done: processed 58000 | fixed 53328 | since_id 10500920508689
  Rate limited, waiting 10s...
  Rate limited, waiting 10s...
Fixed 53350 | last: SPC Performance CARBIDE INSERTS-HUNTER -> SPC Performance SPC Performance CARBIDE INSERTS- | BullStrap
  Rate limited, waiting 10s...
  Rate limited, waiting 10s...
  Rate limited, waiting 10s...
  Rate limited, waiting 10s...
  Rate limited, waiting 10s...
  Rate limited, waiting 10s...
Fixed 53400 | last: SPC Performance 92-01 Honda Prelude Rear -> SPC Performance SPC Performance Honda Prelude Re | BullStrap
  Rate limited, waiting 10s...
  Rate limited, waiting 10s...
  Rate limited, waiting 10s...
  Rate limited, waiting 10s...
  Rate limited, waiting 10s...
  Rate limited, waiting 10s...
Fixed 53450 | last: SPC Performance GM Alignment Cam Lock Pl -> SPC Performance SPC Performance GM Alignment Cam | BullStrap
  Rate limited, waiting 10s...
  Rate limited, waiting 10s...
  Rate limited, waiting 10s...
  Rate limited, waiting 10s...
  Rate limited, waiting 10s...
  Rate limited, waiting 10s...
Fixed 53500 | last: SpeedStrap 1 1/2In 3-Point Spare Tire Ti -> SpeedStrap SpeedStrap 1 1/2In 3-Point Spare Tire | BullStrap
  Rate limited, waiting 10s...
  Rate limited, waiting 10s...
  Rate limited, waiting 10s...
  Rate limited, waiting 10s...
  Rate limited, waiting 10s...
  Rate limited, waiting 10s...
  Rate limited, waiting 10s...
Fixed 53550 | last: Spyder Lexus IS300 01-05 OEM Fog Lights  -> SPYDER Spyder Lexus IS300 OEM Fog Lights wo/swit | BullStrap
  Rate limited, waiting 10s...
Batch done: processed 58250 | fixed 53565 | since_id 10500933058833
  Rate limited, waiting 10s...
  Rate limited, waiting 10s...
  Rate limited, waiting 10s...
  Rate limited, waiting 10s...
  Rate limited, waiting 10s...
Fixed 53600 | last: xTune 09-14 Acura TSX Projector Headligh -> SPYDER xTune Acura TSX Projector Headlights - Li | BullStrap
  Rate limited, waiting 10s...
  Rate limited, waiting 10s...
  Rate limited, waiting 10s...
  Rate limited, waiting 10s...
  Rate limited, waiting 10s...
  Rate limited, waiting 10s...
Fixed 53650 | last: Stainless Works 2010-14 Ford F-150 Rapto -> Stainless Works Stainless Works Ford F-150 Rapto | BullStrap
  Rate limited, waiting 10s...
  Rate limited, waiting 10s...
  Rate limited, waiting 10s...
  Rate limited, waiting 10s...
  Rate limited, waiting 10s...
  Rate limited, waiting 10s...
Fixed 53700 | last: StopTech 16-18 Mazda Miata MX-5 Sport Sl -> Stoptech Rotors 16-18 | BullStrap
  Rate limited, waiting 10s...
  Rate limited, waiting 10s...
  Rate limited, waiting 10s...
  Rate limited, waiting 10s...
  Rate limited, waiting 10s...
  Rate limited, waiting 10s...
Fixed 53750 | last: BorgWarner Turbine Housing SX S300SX3 A/ -> BorgWarner BorgWarner Turbine Housing SX S300SX3 | BullStrap
  Rate limited, waiting 10s...
  Rate limited, waiting 10s...
  Rate limited, waiting 10s...
  Rate limited, waiting 10s...
  Rate limited, waiting 10s...
  Rate limited, waiting 10s...
Batch done: processed 58500 | fixed 53799 | since_id 10502039535889
Fixed 53800 | last: Borla 13-15 Scion FR-S 2.0L 4cyl 6spd /  -> Borla Exhaust 13-15 | BullStrap
  Rate limited, waiting 10s...
  Rate limited, waiting 10s...
  Rate limited, waiting 10s...
  Rate limited, waiting 10s...
  Rate limited, waiting 10s...
  Rate limited, waiting 10s...
Fixed 53850 | last: Borla 22-24 Subaru WRX ATAK Cat Back Exh -> Borla Exhaust 22-24 | BullStrap
  Rate limited, waiting 10s...
  Rate limited, waiting 10s...
  Rate limited, waiting 10s...
  Rate limited, waiting 10s...
  Rate limited, waiting 10s...
  Rate limited, waiting 10s...
  Rate limited, waiting 10s...
Fixed 53900 | last: Boundary 2024+ Ford Coyote V8 Billet Gea -> Boundary Boundary Ford Coyote V8 Billet Gear Van | BullStrap
  Rate limited, waiting 10s...
  Rate limited, waiting 10s...
  Rate limited, waiting 10s...
  Rate limited, waiting 10s...
  Rate limited, waiting 10s...
  Rate limited, waiting 10s...
Fixed 53950 | last: Burly Brand The Sid Bar 10in - Black -> Burly Brand Burly Brand The Sid Bar 10in - Black | BullStrap
  Rate limited, waiting 10s...
  Rate limited, waiting 10s...
  Rate limited, waiting 10s...
  Rate limited, waiting 10s...
  Rate limited, waiting 10s...
  Rate limited, waiting 10s...
Fixed 54000 | last: Burly Brand Narrow Ape 12in - Chrome -> Burly Brand Burly Brand Narrow Ape 12in - Chrome | BullStrap
  Rate limited, waiting 10s...
  Rate limited, waiting 10s...
  Rate limited, waiting 10s...
  Rate limited, waiting 10s...
Batch done: processed 58750 | fixed 54035 | since_id 10502101860625
  Rate limited, waiting 10s...
  Rate limited, waiting 10s...
Fixed 54050 | last: Bushwacker 87-95 Jeep Wrangler Cutout St -> Bushwacker Bushwacker Jeep Wrangler Cutout Style | BullStrap
  Rate limited, waiting 10s...
  Rate limited, waiting 10s...
  Rate limited, waiting 10s...
  Rate limited, waiting 10s...
  Rate limited, waiting 10s...
  Rate limited, waiting 10s...
Fixed 54100 | last: Carrillo Bullet Rod Hemi 6.2 Hell Cat &  -> Carrillo Carrillo Bullet Rod Hemi 6.2 Hell Cat & | BullStrap
  Rate limited, waiting 10s...
  Rate limited, waiting 10s...
  Rate limited, waiting 10s...
  Rate limited, waiting 10s...
  Rate limited, waiting 10s...
  Rate limited, waiting 10s...
Fixed 54150 | last: Clutch Masters 09-14 Acura TL SH-AWD Alu -> Clutch Masters Clutch Masters Acura TL SH-AWD Al | BullStrap
  Rate limited, waiting 10s...
  Rate limited, waiting 10s...
  Rate limited, waiting 10s...
  Rate limited, waiting 10s...
  Rate limited, waiting 10s...
  Rate limited, waiting 10s...
Fixed 54200 | last: Cometic 02-12 Honda K20Z3 Valve Cover -> Cometic Gasket Cometic Honda K20Z3 Valve Cover | BullStrap
  Rate limited, waiting 10s...
  Rate limited, waiting 10s...
  Rate limited, waiting 10s...
  Rate limited, waiting 10s...
  Rate limited, waiting 10s...
  Rate limited, waiting 10s...
Fixed 54250 | last: Cometic Honda K20/K24 87mm Head Gasket . -> Cometic Gasket Cometic Honda K20/K24 87mm Head G | BullStrap
  Rate limited, waiting 10s...
  Rate limited, waiting 10s...
  Rate limited, waiting 10s...
Batch done: processed 59000 | fixed 54273 | since_id 10502129418513
  Rate limited, waiting 10s...
  Rate limited, waiting 10s...
  Rate limited, waiting 10s...
Fixed 54300 | last: Cometic Harley-Davidson Twin Cam Rocker  -> Cometic Gasket Cometic Harley-Davidson Twin Cam  | BullStrap
  Rate limited, waiting 10s...
  Rate limited, waiting 10s...
  Rate limited, waiting 10s...
  Rate limited, waiting 10s...
  Rate limited, waiting 10s...
  Rate limited, waiting 10s...
Fixed 54350 | last: Competition Clutch 03-07 Infiniti G35 /  -> Competition Clutch Competition Clutch Infiniti G | BullStrap
  Rate limited, waiting 10s...
  Rate limited, waiting 10s...
  Rate limited, waiting 10s...
  Rate limited, waiting 10s...
  Rate limited, waiting 10s...
  Rate limited, waiting 10s...
  Rate limited, waiting 10s...
Fixed 54400 | last: Corsa 2021-2025 Ford F-150 SuperCab/6.5i -> CORSA Performance Exhaust 2021-2025 | BullStrap
  Rate limited, waiting 10s...
  Rate limited, waiting 10s...
  Rate limited, waiting 10s...
  Rate limited, waiting 10s...
  Rate limited, waiting 10s...
  Rate limited, waiting 10s...
Fixed 54450 | last: CRG 04-08 Aprilia/ 06-20 Ducati RC2 Clut -> CRG Constructors CRG Aprilia/ Ducati RC2 Clutch  | BullStrap
  Rate limited, waiting 10s...
  Rate limited, waiting 10s...
  Rate limited, waiting 10s...
  Rate limited, waiting 10s...
  Rate limited, waiting 10s...
  Rate limited, waiting 10s...
Fixed 54500 | last: CSF Porsche 911 Turbo (996) / Porsche 91 -> CSF Turbo | BullStrap
  Rate limited, waiting 10s...
Batch done: processed 59250 | fixed 54507 | since_id 10502155272465
  Rate limited, waiting 10s...
  Rate limited, waiting 10s...
  Rate limited, waiting 10s...
  Rate limited, waiting 10s...
  Rate limited, waiting 10s...
Fixed 54550 | last: Cusco Power Brace Rear Cross Member 23+  -> Cusco Cusco Power Brace Rear Cross Member 23+ To | BullStrap
  Rate limited, waiting 10s...
  Rate limited, waiting 10s...
  Rate limited, waiting 10s...
  Rate limited, waiting 10s...
  Rate limited, waiting 10s...
  Rate limited, waiting 10s...
Fixed 54600 | last: Cycra CRM Adventure Link Kit - Black -> Cycra Cycra CRM Adventure Link Kit - Black | BullStrap
  Rate limited, waiting 10s...
  Rate limited, waiting 10s...
  Rate limited, waiting 10s...
  Rate limited, waiting 10s...
  Rate limited, waiting 10s...
  Rate limited, waiting 10s...
  Rate limited, waiting 10s...
Fixed 54650 | last: DeatschWerks Bosch EV14 Universal 48mm S -> DeatschWerks DeatschWerks Bosch EV14 Universal 4 | BullStrap
  Rate limited, waiting 10s...
  Rate limited, waiting 10s...
  Rate limited, waiting 10s...
  Rate limited, waiting 10s...
  Rate limited, waiting 10s...
  Rate limited, waiting 10s...
Fixed 54700 | last: K&N 88-08 Nissan 1.8L / 87-05 Nissan/Inf -> K&N Engineering Air Filter 88-08 | BullStrap
  Rate limited, waiting 10s...
  Rate limited, waiting 10s...
  Rate limited, waiting 10s...
  Rate limited, waiting 10s...
  Rate limited, waiting 10s...
Batch done: processed 59500 | fixed 54743 | since_id 10503499907345
Fixed 54750 | last: K&N Replacement Air Filter for 11-14 BMW -> K&N Engineering Air Filter 11-14 | BullStrap
  Rate limited, waiting 10s...
  Rate limited, waiting 10s...
  Rate limited, waiting 10s...
  Rate limited, waiting 10s...
  Rate limited, waiting 10s...
  Rate limited, waiting 10s...
  Rate limited, waiting 10s...
Fixed 54800 | last: K&N 17-18 Hyundai Santa Fe Sport L4-2.4L -> K&N Engineering Air Filter 17-18 | BullStrap
  Rate limited, waiting 10s...
  Rate limited, waiting 10s...
  Rate limited, waiting 10s...
  Rate limited, waiting 10s...
  Rate limited, waiting 10s...
  Rate limited, waiting 10s...
Fixed 54850 | last: K&N 88-95 Chevy C/K Pick Up V8-5.7L Perf -> K&N Engineering Air Intake 88-95 | BullStrap
  Rate limited, waiting 10s...
  Rate limited, waiting 10s...
  Rate limited, waiting 10s...
  Rate limited, waiting 10s...
  Rate limited, waiting 10s...
  Rate limited, waiting 10s...
Fixed 54900 | last: K&N 06-09 Chevy Impala SS V8-5.3L AirCha -> K&N Engineering K&N Chevy Impala SS V8-5.3L AirC | BullStrap
  Rate limited, waiting 10s...
  Rate limited, waiting 10s...
  Rate limited, waiting 10s...
  Rate limited, waiting 10s...
  Rate limited, waiting 10s...
  Rate limited, waiting 10s...
Fixed 54950 | last: K&N 13 Subaru BRZ 2.0L / 13 Scion FR-S 2 -> K&N Engineering K&N 13 Subaru BRZ 2.0L / 13 Scio | BullStrap
  Rate limited, waiting 10s...
  Rate limited, waiting 10s...
  Rate limited, waiting 10s...
  Rate limited, waiting 10s...
Batch done: processed 59750 | fixed 54979 | since_id 10503510491409
  Rate limited, waiting 10s...
  Rate limited, waiting 10s...
Fixed 55000 | last: K&N 2016 Cadillac ATS-V V6-3.6L F/l Drop -> K&N Engineering Air Filter | BullStrap
  Rate limited, waiting 10s...
  Rate limited, waiting 10s...
  Rate limited, waiting 10s...
  Rate limited, waiting 10s...
  Rate limited, waiting 10s...
  Rate limited, waiting 10s...
Fixed 55050 | last: K&N 11-17 GMC Terrain Performance Gold O -> K&N Engineering K&N GMC Terrain Performance Gold | BullStrap
  Rate limited, waiting 10s...
  Rate limited, waiting 10s...
  Rate limited, waiting 10s...
  Rate limited, waiting 10s...
  Rate limited, waiting 10s...
  Rate limited, waiting 10s...
Fixed 55100 | last: K&N Universal Chrome Filter 2.25 Inch Fl -> K&N Engineering K&N Universal Chrome Filter 2.25 | BullStrap
  Rate limited, waiting 10s...
  Rate limited, waiting 10s...
  Rate limited, waiting 10s...
  Rate limited, waiting 10s...
  Rate limited, waiting 10s...
  Rate limited, waiting 10s...
  Rate limited, waiting 10s...
Fixed 55150 | last: K&N Filter Universal Rubber Filter 2 3/4 -> K&N Engineering K&N Filter Universal Rubber Filt | BullStrap
  Rate limited, waiting 10s...
  Rate limited, waiting 10s...
  Rate limited, waiting 10s...
  Rate limited, waiting 10s...
  Rate limited, waiting 10s...
  Rate limited, waiting 10s...
Fixed 55200 | last: K&N 15-17 Yamaha YZF R3 321 Replacement  -> K&N Engineering Air Filter 15-17 | BullStrap
  Rate limited, waiting 10s...
  Rate limited, waiting 10s...
Batch done: processed 60000 | fixed 55215 | since_id 10503534182673
  Rate limited, waiting 10s...
  Rate limited, waiting 10s...
  Rate limited, waiting 10s...
  Rate limited, waiting 10s...
Fixed 55250 | last: KC HiLiTES 6in. Pro6 Gravity LED Light 2 -> KC HiLiTES KC HiLiTES 6in. Pro6 Gravity LED Ligh | BullStrap
  Rate limited, waiting 10s...
  Rate limited, waiting 10s...
  Rate limited, waiting 10s...
  Rate limited, waiting 10s...
  Rate limited, waiting 10s...
  Rate limited, waiting 10s...
Fixed 55300 | last: Kenda K284 Front Max Tire - 20x7-8 2PR 2 -> Kenda Kenda K284 Front Max Tire - 20x7-8 2PR 23F | BullStrap
  Rate limited, waiting 10s...
  Rate limited, waiting 10s...
  Rate limited, waiting 10s...
  Rate limited, waiting 10s...
  Rate limited, waiting 10s...
  Rate limited, waiting 10s...
Fixed 55350 | last: King Engine Bearings Mitsubishi 4B11T Pe -> King Engine Bearings King Engine Bearings Mitsub | BullStrap
  Rate limited, waiting 10s...
  Rate limited, waiting 10s...
  Rate limited, waiting 10s...
  Rate limited, waiting 10s...
  Rate limited, waiting 10s...
  Rate limited, waiting 10s...
Fixed 55400 | last: King Engine Bearings Ford Mustang 302 Co -> King Engine Bearings King Engine Bearings Ford M | BullStrap
  Rate limited, waiting 10s...
  Rate limited, waiting 10s...
  Rate limited, waiting 10s...
  Rate limited, waiting 10s...
  Rate limited, waiting 10s...
  Rate limited, waiting 10s...
  Rate limited, waiting 10s...
Fixed 55450 | last: King Shocks 3.0 ID Coil Springs 16 x 700 -> King Shocks Shocks | BullStrap
Batch done: processed 60250 | fixed 55452 | since_id 10503552172305
  Rate limited, waiting 10s...
  Rate limited, waiting 10s...
  Rate limited, waiting 10s...
  Rate limited, waiting 10s...
  Rate limited, waiting 10s...
  Rate limited, waiting 10s...
Fixed 55500 | last: Koni Special Active Shock Volkswagen Gol -> KONI Shocks | BullStrap
  Rate limited, waiting 10s...
  Rate limited, waiting 10s...
  Rate limited, waiting 10s...
  Rate limited, waiting 10s...
  Rate limited, waiting 10s...
  Rate limited, waiting 10s...
Fixed 55550 | last: Koni STR.T (Orange) Shock 07-09 Mazda Ma -> KONI Shocks 07-09 | BullStrap
  Rate limited, waiting 10s...
  Rate limited, waiting 10s...
  Rate limited, waiting 10s...
  Rate limited, waiting 10s...
  Rate limited, waiting 10s...
  Rate limited, waiting 10s...
Fixed 55600 | last: Konig Rennform 18x8 5x112 ET45 Matte Gre -> Konig Konig Rennform 18x8 5x112 ET45 Matte Grey | BullStrap
  Rate limited, waiting 10s...
  Rate limited, waiting 10s...
  Rate limited, waiting 10s...
  Rate limited, waiting 10s...
  Rate limited, waiting 10s...
  Rate limited, waiting 10s...
Fixed 55650 | last: Turbo XS Type H-RFL Blow Off Valve (w/Al -> Turbo XS Turbo | BullStrap
  Rate limited, waiting 10s...
  Rate limited, waiting 10s...
  Rate limited, waiting 10s...
  Rate limited, waiting 10s...
  Rate limited, waiting 10s...
Batch done: processed 60500 | fixed 55689 | since_id 10504434417937
  Rate limited, waiting 10s...
Fixed 55700 | last: Turbosmart Billet Turbo Drain 70mm Exten -> Turbosmart Turbo | BullStrap
  Rate limited, waiting 10s...
  Rate limited, waiting 10s...
  Rate limited, waiting 10s...
  Rate limited, waiting 10s...
  Rate limited, waiting 10s...
  Rate limited, waiting 10s...
Fixed 55750 | last: Vibrant 1/8in Barbed Tee Adapter- Black  -> Vibrant Vibrant 1/8in Barbed Tee Adapter- Black  | BullStrap
  Rate limited, waiting 10s...
  Rate limited, waiting 10s...
  Rate limited, waiting 10s...
  Rate limited, waiting 10s...
  Rate limited, waiting 10s...
  Rate limited, waiting 10s...
Fixed 55800 | last: Vibrant -6 AN Black Nylon Braided Flex H -> Vibrant Vibrant -6 AN Black Nylon Braided Flex H | BullStrap
  Rate limited, waiting 10s...
  Rate limited, waiting 10s...
  Rate limited, waiting 10s...
  Rate limited, waiting 10s...
  Rate limited, waiting 10s...
  Rate limited, waiting 10s...
Fixed 55850 | last: Vibrant Titanium V-Band Flange Assembly  -> Vibrant Vibrant Titanium V-Band Flange Assembly  | BullStrap
  Rate limited, waiting 10s...
  Rate limited, waiting 10s...
  Rate limited, waiting 10s...
  Rate limited, waiting 10s...
  Rate limited, waiting 10s...
  Rate limited, waiting 10s...
  Rate limited, waiting 10s...
Fixed 55900 | last: Vibrant 4in OD T304 SS 90 Deg Mandrel Be -> Vibrant Vibrant 4in OD T304 SS 90 Deg Mandrel Be | BullStrap
  Rate limited, waiting 10s...
  Rate limited, waiting 10s...
  Rate limited, waiting 10s...
Batch done: processed 60750 | fixed 55925 | since_id 10504469053713
  Rate limited, waiting 10s...
  Rate limited, waiting 10s...
  Rate limited, waiting 10s...
Fixed 55950 | last: Vibrant Turbo Gasket for T25/T28/GT25 In -> Vibrant Turbo | BullStrap
  Rate limited, waiting 10s...
  Rate limited, waiting 10s...
  Rate limited, waiting 10s...
  Rate limited, waiting 10s...
  Rate limited, waiting 10s...
  Rate limited, waiting 10s...
Fixed 56000 | last: Vibrant Inline Barbed Union for 3/8in ID -> Vibrant Vibrant Inline Barbed Union for 3/8in ID | BullStrap
  Rate limited, waiting 10s...
  Rate limited, waiting 10s...
  Rate limited, waiting 10s...
  Rate limited, waiting 10s...
  Rate limited, waiting 10s...
  Rate limited, waiting 10s...
Fixed 56050 | last: Vibrant -10AN Fuel Cell Bulkhead Adapter -> Vibrant Vibrant -10AN Fuel Cell Bulkhead Adapter | BullStrap
  Rate limited, waiting 10s...
  Rate limited, waiting 10s...
  Rate limited, waiting 10s...
  Rate limited, waiting 10s...
  Rate limited, waiting 10s...
  Rate limited, waiting 10s...
Fixed 56100 | last: Vibrant 2.00in ID x 2.50in ID Gloss Blac -> Vibrant Vibrant 2.00in ID x 2.50in ID Gloss Blac | BullStrap
  Rate limited, waiting 10s...
  Rate limited, waiting 10s...
  Rate limited, waiting 10s...
  Rate limited, waiting 10s...
  Rate limited, waiting 10s...
  Rate limited, waiting 10s...
  Rate limited, waiting 10s...
Fixed 56150 | last: Vibrant -20AN 45 Degree Elbow Hose End F -> Vibrant Vibrant -20AN 45 Degree Elbow Hose End F | BullStrap
  Rate limited, waiting 10s...
Batch done: processed 61000 | fixed 56160 | since_id 10504478654737
  Rate limited, waiting 10s...
  Rate limited, waiting 10s...
  Rate limited, waiting 10s...
  Rate limited, waiting 10s...
Fixed 56200 | last: Vibrant 1/2in O.D. ExtremeShield 1400 Fl -> Vibrant Vibrant 1/2in O.D. ExtremeShield 1400 Fl | BullStrap
  Rate limited, waiting 10s...
  Rate limited, waiting 10s...
  Rate limited, waiting 10s...
  Rate limited, waiting 10s...
  Rate limited, waiting 10s...
  Rate limited, waiting 10s...
  Rate limited, waiting 10s...
Fixed 56250 | last: Vibrant 4 Ply Reinforced Silicone Transi -> Vibrant Vibrant 4 Ply Reinforced Silicone Transi | BullStrap
  Rate limited, waiting 10s...
  Rate limited, waiting 10s...
  Rate limited, waiting 10s...
  Rate limited, waiting 10s...
  Rate limited, waiting 10s...
  Rate limited, waiting 10s...
Fixed 56300 | last: Vibrant 90 Degree High Flow Hose End Fit -> Vibrant Vibrant 90 Degree High Flow Hose End Fit | BullStrap
  Rate limited, waiting 10s...
  Rate limited, waiting 10s...
  Rate limited, waiting 10s...
  Rate limited, waiting 10s...
  Rate limited, waiting 10s...
  Rate limited, waiting 10s...
Fixed 56350 | last: Volant 19-25 Chevrolet Silverado 1500 /  -> Volant Air Intake 19-25 | BullStrap
  Rate limited, waiting 10s...
  Rate limited, waiting 10s...
  Rate limited, waiting 10s...
  Rate limited, waiting 10s...
  Rate limited, waiting 10s...
  Rate limited, waiting 10s...
Batch done: processed 61250 | fixed 56399 | since_id 10504527249681
Fixed 56400 | last: aFe Takeda Momentum GT Pro Dry S Cold Ai -> aFe Air Intake 16-17 | BullStrap
  Rate limited, waiting 10s...
  Rate limited, waiting 10s...
  Rate limited, waiting 10s...
  Rate limited, waiting 10s...
  Rate limited, waiting 10s...
  Rate limited, waiting 10s...
Fixed 56450 | last: AVS 97-06 Jeep Wrangler Ventvisor Outsid -> AVS AVS Jeep Wrangler Ventvisor Outside Mount Wi | BullStrap
  Rate limited, waiting 10s...
  Rate limited, waiting 10s...
  Rate limited, waiting 10s...
  Rate limited, waiting 10s...
  Rate limited, waiting 10s...
  Rate limited, waiting 10s...
Fixed 56500 | last: AVS 09-14 Nissan Murano Ventvisor Outsid -> AVS AVS Nissan Murano Ventvisor Outside Mount Wi | BullStrap
  Rate limited, waiting 10s...
  Rate limited, waiting 10s...
  Rate limited, waiting 10s...
  Rate limited, waiting 10s...
  Rate limited, waiting 10s...
  Rate limited, waiting 10s...
Fixed 56550 | last: Torque Solution Shifter Base Bushing Kit -> Torque Solution Torque Solution Shifter Base Bus | BullStrap
  Rate limited, waiting 10s...
  Rate limited, waiting 10s...
  Rate limited, waiting 10s...
  Rate limited, waiting 10s...
  Rate limited, waiting 10s...
  Rate limited, waiting 10s...
  Rate limited, waiting 10s...
Fixed 56600 | last: Eaton ELocker4 Differential 34 Spline To -> Eaton Eaton ELocker4 Differential 34 Spline Toyo | BullStrap
  Rate limited, waiting 10s...
  Rate limited, waiting 10s...
  Rate limited, waiting 10s...
  Rate limited, waiting 10s...
Batch done: processed 61500 | fixed 56634 | since_id 10505424568593
  Rate limited, waiting 10s...
Fixed 56650 | last: EBC 12+ Fiat 500 1.4 Turbo Abarth Redstu -> EBC Brake Pads | BullStrap
  Rate limited, waiting 10s...
  Rate limited, waiting 10s...
  Rate limited, waiting 10s...
  Rate limited, waiting 10s...
  Rate limited, waiting 10s...
  Rate limited, waiting 10s...
  Rate limited, waiting 10s...
Fixed 56700 | last: EBC 2017+ Alfa Romeo Giulia 2.0T Redstuf -> EBC Brake Pads 2017+ | BullStrap
  Rate limited, waiting 10s...
  Rate limited, waiting 10s...
  Rate limited, waiting 10s...
  Rate limited, waiting 10s...
  Rate limited, waiting 10s...
  Rate limited, waiting 10s...
Fixed 56750 | last: EBC 05-06 Dodge Ram SRT-10 8.3 Yellowstu -> EBC Brake Pads 05-06 | BullStrap
  Rate limited, waiting 10s...
  Rate limited, waiting 10s...
  Rate limited, waiting 10s...
  Rate limited, waiting 10s...
  Rate limited, waiting 10s...
  Rate limited, waiting 10s...
Fixed 56800 | last: EBC 97 Acura CL 2.2 Yellowstuff Front Br -> EBC Brake Pads | BullStrap
  Rate limited, waiting 10s...
  Rate limited, waiting 10s...
  Rate limited, waiting 10s...
  Rate limited, waiting 10s...
  Rate limited, waiting 10s...
  Rate limited, waiting 10s...
  Rate limited, waiting 10s...
Fixed 56850 | last: EBC 10+ Lexus GX460 4.6 Extra Duty Front -> EBC Brake Pads | BullStrap
  Rate limited, waiting 10s...
  Rate limited, waiting 10s...
Batch done: processed 61750 | fixed 56866 | since_id 10505437085969
  Rate limited, waiting 10s...
  Rate limited, waiting 10s...
  Rate limited, waiting 10s...
  Rate limited, waiting 10s...
Fixed 56900 | last: EBC 13+ Ford F250 (inc Super Duty) 6.2 ( -> EBC Rotors | BullStrap
  Rate limited, waiting 10s...
  Rate limited, waiting 10s...
  Rate limited, waiting 10s...
  Rate limited, waiting 10s...
  Rate limited, waiting 10s...
  Rate limited, waiting 10s...
Fixed 56950 | last: EBC S10 Brake Pad and Rotor Kit -> EBC Brake Pads | BullStrap
  Rate limited, waiting 10s...
  Rate limited, waiting 10s...
  Rate limited, waiting 10s...
  Rate limited, waiting 10s...
  Rate limited, waiting 10s...
  Rate limited, waiting 10s...
Fixed 57000 | last: EBC S11 Brake Pad and Rotor Kit -> EBC Brake Pads | BullStrap
  Rate limited, waiting 10s...
  Rate limited, waiting 10s...
  Rate limited, waiting 10s...
  Rate limited, waiting 10s...
  Rate limited, waiting 10s...
  Rate limited, waiting 10s...
Fixed 57050 | last: EBC S12 Brake Pad and Rotor Kit -> EBC Brake Pads | BullStrap
  Rate limited, waiting 10s...
  Rate limited, waiting 10s...
  Rate limited, waiting 10s...
  Rate limited, waiting 10s...
  Rate limited, waiting 10s...
  Rate limited, waiting 10s...
Batch done: processed 62000 | fixed 57099 | since_id 10505446981905
Fixed 57100 | last: EBC S13 Brake Pad and Rotor Kit -> EBC Brake Pads | BullStrap
  Rate limited, waiting 10s...
  Rate limited, waiting 10s...
  Rate limited, waiting 10s...
  Rate limited, waiting 10s...
  Rate limited, waiting 10s...
  Rate limited, waiting 10s...
Fixed 57150 | last: EBC S13 Brake Pad and Rotor Kit -> EBC Brake Pads | BullStrap
  Rate limited, waiting 10s...
  Rate limited, waiting 10s...
  Rate limited, waiting 10s...
  Rate limited, waiting 10s...
  Rate limited, waiting 10s...
  Rate limited, waiting 10s...
  Rate limited, waiting 10s...
Fixed 57200 | last: EBC S15 Brake Pad and Rotor Kit -> EBC Brake Pads | BullStrap
  Rate limited, waiting 10s...
  Rate limited, waiting 10s...
  Rate limited, waiting 10s...
  Rate limited, waiting 10s...
  Rate limited, waiting 10s...
  Rate limited, waiting 10s...
Fixed 57250 | last: EBC S1 Brake Pad and Rotor Kit -> EBC Brake Pads | BullStrap
  Rate limited, waiting 10s...
  Rate limited, waiting 10s...
  Rate limited, waiting 10s...
  Rate limited, waiting 10s...
  Rate limited, waiting 10s...
  Rate limited, waiting 10s...
Fixed 57300 | last: EBC S2 Brake Pad and Rotor Kit -> EBC Brake Pads | BullStrap
  Rate limited, waiting 10s...
  Rate limited, waiting 10s...
  Rate limited, waiting 10s...
  Rate limited, waiting 10s...
Batch done: processed 62250 | fixed 57334 | since_id 10505457697041
  Rate limited, waiting 10s...
  Rate limited, waiting 10s...
Fixed 57350 | last: EBC S2 Brake Pad and Rotor Kit -> EBC Brake Pads | BullStrap
  Rate limited, waiting 10s...
  Rate limited, waiting 10s...
  Rate limited, waiting 10s...
  Rate limited, waiting 10s...
  Rate limited, waiting 10s...
  Rate limited, waiting 10s...
Fixed 57400 | last: EBC S3 Brake Pad and Rotor Kit -> EBC Brake Pads | BullStrap
  Rate limited, waiting 10s...
  Rate limited, waiting 10s...
  Rate limited, waiting 10s...
  Rate limited, waiting 10s...
  Rate limited, waiting 10s...
  Rate limited, waiting 10s...
Fixed 57450 | last: EBC S4 Brake Pad and Rotor Kit -> EBC Brake Pads | BullStrap
  Rate limited, waiting 10s...
  Rate limited, waiting 10s...
  Rate limited, waiting 10s...
  Rate limited, waiting 10s...
  Rate limited, waiting 10s...
  Rate limited, waiting 10s...
  Rate limited, waiting 10s...
Fixed 57500 | last: Power Stop 13-21 Toyota Land Cruiser Rea -> PowerStop Rotors 13-21 | BullStrap
  Rate limited, waiting 10s...
  Rate limited, waiting 10s...
  Rate limited, waiting 10s...
  Rate limited, waiting 10s...
  Rate limited, waiting 10s...
  Rate limited, waiting 10s...
Fixed 57550 | last: Power Stop 82-83 Jeep CJ5 Rear Autospeci -> PowerStop Power Stop Jeep CJ5 Rear Autospecialty | BullStrap
  Rate limited, waiting 10s...
  Rate limited, waiting 10s...
  Rate limited, waiting 10s...
Batch done: processed 62500 | fixed 57574 | since_id 10506097525009
  Rate limited, waiting 10s...
  Rate limited, waiting 10s...
  Rate limited, waiting 10s...
Fixed 57600 | last: Power Stop 00-05 Ford Excursion Front Re -> PowerStop Power Stop Ford Excursion Front Red Ca | BullStrap
  Rate limited, waiting 10s...
  Rate limited, waiting 10s...
  Rate limited, waiting 10s...
  Rate limited, waiting 10s...
  Rate limited, waiting 10s...
  Rate limited, waiting 10s...
Fixed 57650 | last: Progress Tech 09-14 Acura TSX/08-17 Hond -> Progress Technology Sway Bar 09-14 | BullStrap
  Rate limited, waiting 10s...
  Rate limited, waiting 10s...
  Rate limited, waiting 10s...
  Rate limited, waiting 10s...
  Rate limited, waiting 10s...
  Rate limited, waiting 10s...
Fixed 57700 | last: Progressive Harley-Davidson 412 Series S -> Progressive Shocks | BullStrap
  Rate limited, waiting 10s...
  Rate limited, waiting 10s...
  Rate limited, waiting 10s...
  Rate limited, waiting 10s...
  Rate limited, waiting 10s...
  Rate limited, waiting 10s...
Fixed 57750 | last: Progressive Cruiser 412 Series Shocks 13 -> Progressive Shocks | BullStrap
  Rate limited, waiting 10s...
  Rate limited, waiting 10s...
  Rate limited, waiting 10s...
  Rate limited, waiting 10s...
  Rate limited, waiting 10s...
  Rate limited, waiting 10s...
  Rate limited, waiting 10s...
Fixed 57800 | last: Project Kics 12 x 1.25 Glorious Black T1 -> Project Kics Project Kics 12 x 1.25 Glorious Bla | BullStrap
Batch done: processed 62750 | fixed 57806 | since_id 10506114007313
  Rate limited, waiting 10s...
  Rate limited, waiting 10s...
  Rate limited, waiting 10s...
  Rate limited, waiting 10s...
  Rate limited, waiting 10s...
  Rate limited, waiting 10s...
Fixed 57850 | last: ProTaper Honda CRF150R/RB Aluminum Shift -> ProTaper ProTaper Honda CRF150R/RB Aluminum Shif | BullStrap
  Rate limited, waiting 10s...
  Rate limited, waiting 10s...
  Rate limited, waiting 10s...
  Rate limited, waiting 10s...
  Rate limited, waiting 10s...
  Rate limited, waiting 10s...
Fixed 57900 | last: ProTaper Honda/Kawasaki/Suzuki (All) Rep -> ProTaper ProTaper Honda/Kawasaki/Suzuki (All) Re | BullStrap
  Rate limited, waiting 10s...
  Rate limited, waiting 10s...
  Rate limited, waiting 10s...
  Rate limited, waiting 10s...
  Rate limited, waiting 10s...
  Rate limited, waiting 10s...
Fixed 57950 | last: ProTaper Suzuki LTZ400/LTR450 Front Spro -> ProTaper ProTaper Suzuki LTZ400/LTR450 Front Spr | BullStrap
  Rate limited, waiting 10s...
  Rate limited, waiting 10s...
  Rate limited, waiting 10s...
  Rate limited, waiting 10s...
  Rate limited, waiting 10s...
  Rate limited, waiting 10s...
Fixed 58000 | last: Prothane Universal Sway Bar Bushings - 1 -> Prothane Sway Bar | BullStrap
  Rate limited, waiting 10s...
  Rate limited, waiting 10s...
  Rate limited, waiting 10s...
  Rate limited, waiting 10s...
  Rate limited, waiting 10s...
Batch done: processed 63000 | fixed 58042 | since_id 10506126197009
  Rate limited, waiting 10s...
Fixed 58050 | last: Prothane 99-06 Chevy Silverado 2wd 1500  -> Prothane Control Arms 99-06 | BullStrap
  Rate limited, waiting 10s...
  Rate limited, waiting 10s...
  Rate limited, waiting 10s...
  Rate limited, waiting 10s...
  Rate limited, waiting 10s...
  Rate limited, waiting 10s...
Fixed 58100 | last: PRP Clip-In Harness Tab - Black (5 Pack) -> PRP Seats PRP Clip-In Harness Tab - Black (5 Pac | BullStrap
  Rate limited, waiting 10s...
  Rate limited, waiting 10s...
  Rate limited, waiting 10s...
  Rate limited, waiting 10s...
  Rate limited, waiting 10s...
  Rate limited, waiting 10s...
Fixed 58150 | last: Race Star 93 Truck Star 20x9.00 6x5.50bc -> Race Star Race Star 93 Truck Star 20x9.00 6x5.50 | BullStrap
  Rate limited, waiting 10s...
  Rate limited, waiting 10s...
  Rate limited, waiting 10s...
  Rate limited, waiting 10s...
  Rate limited, waiting 10s...
  Rate limited, waiting 10s...
  Rate limited, waiting 10s...
Fixed 58200 | last: Radium Engineering 6AN Male 6 AN Male 10 -> Radium Engineering Radium Engineering 6AN Male 6 | BullStrap
  Rate limited, waiting 10s...
  Rate limited, waiting 10s...
  Rate limited, waiting 10s...
  Rate limited, waiting 10s...
  Rate limited, waiting 10s...
  Rate limited, waiting 10s...
Fixed 58250 | last: Radium Engineering Submersible PTFE Fuel -> Radium Engineering Radium Engineering Submersibl | BullStrap
  Rate limited, waiting 10s...
  Rate limited, waiting 10s...
  Rate limited, waiting 10s...
Batch done: processed 63250 | fixed 58282 | since_id 10506139009297
  Rate limited, waiting 10s...
  Rate limited, waiting 10s...
Fixed 58300 | last: Radium RB25DET 10AN Male Press-In Valve  -> Radium Engineering Exhaust | BullStrap
  Rate limited, waiting 10s...
  Rate limited, waiting 10s...
  Rate limited, waiting 10s...
  Rate limited, waiting 10s...
  Rate limited, waiting 10s...
  Rate limited, waiting 10s...
  Rate limited, waiting 10s...
Fixed 58350 | last: Rally Armor Universal Fit (No Hardware)  -> Rally Armor Rally Armor Universal Fit (No Hardwa | BullStrap
  Rate limited, waiting 10s...
  Rate limited, waiting 10s...
  Rate limited, waiting 10s...
  Rate limited, waiting 10s...
  Rate limited, waiting 10s...
  Rate limited, waiting 10s...
Fixed 58400 | last: Rally Armor 22-26 Subaru WRX Black UR Mu -> Rally Armor Rally Armor Subaru WRX Black UR Mud  | BullStrap
  Rate limited, waiting 10s...
  Rate limited, waiting 10s...
  Rate limited, waiting 10s...
  Rate limited, waiting 10s...
  Rate limited, waiting 10s...
  Rate limited, waiting 10s...
Fixed 58450 | last: aFe Power Sprint Booster Power Converter -> aFe aFe Power Sprint Booster Power Converter 06. | BullStrap
  Rate limited, waiting 10s...
  Rate limited, waiting 10s...
  Rate limited, waiting 10s...
  Rate limited, waiting 10s...
  Rate limited, waiting 10s...
  Rate limited, waiting 10s...
Fixed 58500 | last: AVS 14-18 Mitsubishi Mirage Ventvisor Ou -> AVS AVS Mitsubishi Mirage Ventvisor Outside Moun | BullStrap
  Rate limited, waiting 10s...
  Rate limited, waiting 10s...
  Rate limited, waiting 10s...
Batch done: processed 63500 | fixed 58519 | since_id 10506803675409
  Rate limited, waiting 10s...
  Rate limited, waiting 10s...
  Rate limited, waiting 10s...
Fixed 58550 | last: AVS 2018 Chevy Equinox Ventvisor Outside -> AVS AVS 2018 Chevy Equinox Ventvisor Outside Mou | BullStrap
  Rate limited, waiting 10s...
  Rate limited, waiting 10s...
  Rate limited, waiting 10s...
  Rate limited, waiting 10s...
  Rate limited, waiting 10s...
  Rate limited, waiting 10s...
Fixed 58600 | last: AVS 00-04 Subaru Legacy Wagon Ventvisor  -> AVS AVS Subaru Legacy Wagon Ventvisor Outside Mo | BullStrap
  Rate limited, waiting 10s...
  Rate limited, waiting 10s...
  Rate limited, waiting 10s...
  Rate limited, waiting 10s...
  Rate limited, waiting 10s...
  Rate limited, waiting 10s...
Fixed 58650 | last: Baja Designs 2023+ Toyota Sequoia S2 SAE -> Baja Designs Baja Designs Toyota Sequoia S2 SAE  | BullStrap
  Rate limited, waiting 10s...
  Rate limited, waiting 10s...
  Rate limited, waiting 10s...
  Rate limited, waiting 10s...
  Rate limited, waiting 10s...
  Rate limited, waiting 10s...
Fixed 58700 | last: BBK 91-03 Jeep 4.0 62mm Throttle Body BB -> BBK BBK Jeep 4.0 62mm Throttle Body BBK Power Pl | BullStrap
  Rate limited, waiting 10s...
  Rate limited, waiting 10s...
  Rate limited, waiting 10s...
  Rate limited, waiting 10s...
  Rate limited, waiting 10s...
  Rate limited, waiting 10s...
  Rate limited, waiting 10s...
Fixed 58750 | last: BD Diesel X-Flow Power Intake Elbow (Bla -> BD Diesel BD Diesel X-Flow Power Intake Elbow (B | BullStrap
Batch done: processed 63750 | fixed 58755 | since_id 10506843848977
  Rate limited, waiting 10s...
  Rate limited, waiting 10s...
  Rate limited, waiting 10s...
  Rate limited, waiting 10s...
  Rate limited, waiting 10s...
  Rate limited, waiting 10s...
Fixed 58800 | last: Belltech 02-08 Chevrolet Trailblazer Rea -> Belltech Shocks 02-08 | BullStrap
  Rate limited, waiting 10s...
  Rate limited, waiting 10s...
  Rate limited, waiting 10s...
  Rate limited, waiting 10s...
  Rate limited, waiting 10s...
  Rate limited, waiting 10s...
Fixed 58850 | last: BikeMaster Spiral Grip - Black -> BikeMaster BikeMaster Spiral Grip - Black | BullStrap
  Rate limited, waiting 10s...
  Rate limited, waiting 10s...
  Rate limited, waiting 10s...
  Rate limited, waiting 10s...
  Rate limited, waiting 10s...
  Rate limited, waiting 10s...
Fixed 58900 | last: BikeMaster Incandescent Bulb 1157 -> BikeMaster BikeMaster Incandescent Bulb 1157 | BullStrap
  Rate limited, waiting 10s...
  Rate limited, waiting 10s...
  Rate limited, waiting 10s...
  Rate limited, waiting 10s...
  Rate limited, waiting 10s...
  Rate limited, waiting 10s...
Fixed 58950 | last: BikeMaster 420x78 Chain -> BikeMaster BikeMaster 420x78 Chain | BullStrap
  Rate limited, waiting 10s...
  Rate limited, waiting 10s...
  Rate limited, waiting 10s...
  Rate limited, waiting 10s...
  Rate limited, waiting 10s...
Batch done: processed 64000 | fixed 58984 | since_id 10506854957329
  Rate limited, waiting 10s...
  Rate limited, waiting 10s...
Fixed 59000 | last: BikeMaster 530Hx130 Chain -> BikeMaster BikeMaster 530Hx130 Chain | BullStrap
  Rate limited, waiting 10s...
  Rate limited, waiting 10s...
  Rate limited, waiting 10s...
  Rate limited, waiting 10s...
  Rate limited, waiting 10s...
  Rate limited, waiting 10s...
Fixed 59050 | last: BikeMaster BMW K1200 K1300 Air Filter -> BikeMaster Air Filter | BullStrap
  Rate limited, waiting 10s...
  Rate limited, waiting 10s...
  Rate limited, waiting 10s...
  Rate limited, waiting 10s...
  Rate limited, waiting 10s...
  Rate limited, waiting 10s...
Fixed 59100 | last: BikeMaster Lithium Ion 2.0 Battery - BMP -> BikeMaster Battery | BullStrap
  Rate limited, waiting 10s...
  Rate limited, waiting 10s...
  Rate limited, waiting 10s...
  Rate limited, waiting 10s...
  Rate limited, waiting 10s...
  Rate limited, waiting 10s...
Fixed 59150 | last: BikeMaster Kawasaki Suzuki Triumph Front -> BikeMaster BikeMaster Kawasaki Suzuki Triumph Fr | BullStrap
  Rate limited, waiting 10s...
  Rate limited, waiting 10s...
  Rate limited, waiting 10s...
  Rate limited, waiting 10s...
  Rate limited, waiting 10s...
  Rate limited, waiting 10s...
Fixed 59200 | last: Bilstein B8 6100 04-15 Nissan Titan Fron -> Bilstein Shocks 04-15 | BullStrap
  Rate limited, waiting 10s...
  Rate limited, waiting 10s...
  Rate limited, waiting 10s...
Batch done: processed 64250 | fixed 59221 | since_id 10506864591121
  Rate limited, waiting 10s...
  Rate limited, waiting 10s...
  Rate limited, waiting 10s...
Fixed 59250 | last: Bilstein B16 13-22 Subaru BRZ Front and  -> Bilstein Suspension 13-22 | BullStrap
  Rate limited, waiting 10s...
  Rate limited, waiting 10s...
  Rate limited, waiting 10s...
  Rate limited, waiting 10s...
  Rate limited, waiting 10s...
  Rate limited, waiting 10s...
Fixed 59300 | last: BLOX Racing Replacement sliding ball joi -> BLOX Racing BLOX Racing Replacement sliding ball | BullStrap
  Rate limited, waiting 10s...
  Rate limited, waiting 10s...
  Rate limited, waiting 10s...
  Rate limited, waiting 10s...
  Rate limited, waiting 10s...
  Rate limited, waiting 10s...
  Rate limited, waiting 10s...
Fixed 59350 | last: EBC S10 Brake Pad and Rotor Kit -> EBC Brake Pads | BullStrap
  Rate limited, waiting 10s...
  Rate limited, waiting 10s...
  Rate limited, waiting 10s...
  Rate limited, waiting 10s...
  Rate limited, waiting 10s...
Fixed 59400 | last: EBC S5 Brake Pad and Rotor Kit -> EBC Brake Pads | BullStrap
  Rate limited, waiting 10s...
  Rate limited, waiting 10s...
  Rate limited, waiting 10s...
  Rate limited, waiting 10s...
  Rate limited, waiting 10s...
  Rate limited, waiting 10s...
  Rate limited, waiting 10s...
Fixed 59450 | last: EBC S5 Brake Pad and Rotor Kit -> EBC Brake Pads | BullStrap
  Rate limited, waiting 10s...
Batch done: processed 64500 | fixed 59460 | since_id 10507620024593
  Rate limited, waiting 10s...
  Rate limited, waiting 10s...
  Rate limited, waiting 10s...
  Rate limited, waiting 10s...
  Rate limited, waiting 10s...
Fixed 59500 | last: EBC S5 Brake Pad and Rotor Kit -> EBC Brake Pads | BullStrap
  Rate limited, waiting 10s...
  Rate limited, waiting 10s...
  Rate limited, waiting 10s...
  Rate limited, waiting 10s...
  Rate limited, waiting 10s...
  Rate limited, waiting 10s...
Fixed 59550 | last: EBC S6 Brake Pad and Rotor Kit -> EBC Brake Pads | BullStrap
  Rate limited, waiting 10s...
  Rate limited, waiting 10s...
  Rate limited, waiting 10s...
  Rate limited, waiting 10s...
  Rate limited, waiting 10s...
  Rate limited, waiting 10s...
Fixed 59600 | last: EBC S9 Brake Pad and Rotor Kit -> EBC Brake Pads | BullStrap
  Rate limited, waiting 10s...
  Rate limited, waiting 10s...
  Rate limited, waiting 10s...
  Rate limited, waiting 10s...
  Rate limited, waiting 10s...
  Rate limited, waiting 10s...
Fixed 59650 | last: EBC S9 Brake Pad and Rotor Kit -> EBC Brake Pads | BullStrap
  Rate limited, waiting 10s...
  Rate limited, waiting 10s...
  Rate limited, waiting 10s...
  Rate limited, waiting 10s...
  Rate limited, waiting 10s...
  Rate limited, waiting 10s...
Batch done: processed 64750 | fixed 59696 | since_id 10507628609809
Fixed 59700 | last: EBC S9 Brake Pad and Rotor Kit -> EBC Brake Pads | BullStrap
  Rate limited, waiting 10s...
  Rate limited, waiting 10s...
  Rate limited, waiting 10s...
  Rate limited, waiting 10s...
  Rate limited, waiting 10s...
  Rate limited, waiting 10s...
  Rate limited, waiting 10s...
Fixed 59750 | last: EBC 06-09 Chrysler Aspen 4.7 USR Slotted -> EBC Rotors 06-09 | BullStrap
  Rate limited, waiting 10s...
  Rate limited, waiting 10s...
  Rate limited, waiting 10s...
  Rate limited, waiting 10s...
  Rate limited, waiting 10s...
  Rate limited, waiting 10s...
Fixed 59800 | last: Energy Suspension 90-01 Acura Integra /  -> Energy Suspension Suspension 90-01 | BullStrap
  Rate limited, waiting 10s...
  Rate limited, waiting 10s...
  Rate limited, waiting 10s...
  Rate limited, waiting 10s...
  Rate limited, waiting 10s...
  Rate limited, waiting 10s...
Fixed 59850 | last: Firestone 14-24 RAM 2500 2WD/4WD AIO Wir -> Firestone Firestone RAM 2500 2WD/4WD AIO Wireles | BullStrap
  Rate limited, waiting 10s...
  Rate limited, waiting 10s...
  Rate limited, waiting 10s...
  Rate limited, waiting 10s...
  Rate limited, waiting 10s...
  Rate limited, waiting 10s...
  Rate limited, waiting 10s...
Fixed 59900 | last: Fox 2.0 Performance Series 14.1in. Smoot -> FOX Shocks | BullStrap
  Rate limited, waiting 10s...
  Rate limited, waiting 10s...
  Rate limited, waiting 10s...
  Rate limited, waiting 10s...
Batch done: processed 65000 | fixed 59932 | since_id 10507656724753
  Rate limited, waiting 10s...
  Rate limited, waiting 10s...
Fixed 59950 | last: Fox 97-06 Jeep TJ 2.0 Perf Sries 9.6in S -> FOX Shocks 97-06 | BullStrap
  Rate limited, waiting 10s...
  Rate limited, waiting 10s...
  Rate limited, waiting 10s...
  Rate limited, waiting 10s...
  Rate limited, waiting 10s...
  Rate limited, waiting 10s...
Fixed 60000 | last: Fragola -10AN (7/8-14) Socket Hex Port P -> Fragola Fragola -10AN (7/8-14) Socket Hex Port P | BullStrap
  Rate limited, waiting 10s...
  Rate limited, waiting 10s...
  Rate limited, waiting 10s...
  Rate limited, waiting 10s...
  Rate limited, waiting 10s...
  Rate limited, waiting 10s...
Fixed 60050 | last: Fuelab 6 Micron Micro-Fiberglass Replace -> Fuelab Fuelab 6 Micron Micro-Fiberglass Replacem | BullStrap
  Rate limited, waiting 10s...
  Rate limited, waiting 10s...
  Rate limited, waiting 10s...
  Rate limited, waiting 10s...
  Rate limited, waiting 10s...
  Rate limited, waiting 10s...
Fixed 60100 | last: Garrett PowerMax 2017+ Ford F-150/Raptor -> Garrett Turbo 2017+ | BullStrap
  Rate limited, waiting 10s...
  Rate limited, waiting 10s...
  Rate limited, waiting 10s...
  Rate limited, waiting 10s...
  Rate limited, waiting 10s...
  Rate limited, waiting 10s...
Fixed 60150 | last: GFB ATOMIC Manual Boost Controller -> Go Fast Bits GFB ATOMIC Manual Boost Controller | BullStrap
  Rate limited, waiting 10s...
  Rate limited, waiting 10s...
  Rate limited, waiting 10s...
Batch done: processed 65250 | fixed 60169 | since_id 10507673469201
  Rate limited, waiting 10s...
  Rate limited, waiting 10s...
  Rate limited, waiting 10s...
  Rate limited, waiting 10s...
Fixed 60200 | last: Go Rhino RB10 Running Boards - Tex Black -> Go Rhino Go Rhino RB10 Running Boards - Tex Blac | BullStrap
  Rate limited, waiting 10s...
  Rate limited, waiting 10s...
  Rate limited, waiting 10s...
  Rate limited, waiting 10s...
  Rate limited, waiting 10s...
  Rate limited, waiting 10s...
Fixed 60250 | last: Go Rhino 99-16 Ford F-250/F-350 RB20 Com -> Go Rhino Go Rhino Ford F-250/F-350 RB20 Complete | BullStrap
  Rate limited, waiting 10s...
  Rate limited, waiting 10s...
  Rate limited, waiting 10s...
  Rate limited, waiting 10s...
  Rate limited, waiting 10s...
  Rate limited, waiting 10s...
Fixed 60300 | last: Momo Eagle Steering Wheel 350 mm - Black -> MOMO Momo Eagle Steering Wheel 350 mm - Black Le | BullStrap
  Rate limited, waiting 10s...
  Rate limited, waiting 10s...
  Rate limited, waiting 10s...
  Rate limited, waiting 10s...
  Rate limited, waiting 10s...
  Rate limited, waiting 10s...
  Rate limited, waiting 10s...
Fixed 60350 | last: Motul 1L Synthetic Engine Oil 8100 10W60 -> Motul Motul 1L Synthetic Engine Oil 8100 10W60 X | BullStrap
  Rate limited, waiting 10s...
  Rate limited, waiting 10s...
  Rate limited, waiting 10s...
  Rate limited, waiting 10s...
  Rate limited, waiting 10s...
  Rate limited, waiting 10s...
Fixed 60400 | last: N-Fab Nerf Step 2018 Jeep Wrangler JL SU -> N-Fab N-Fab Nerf Step 2018 Jeep Wrangler JL SUV  | BullStrap
  Rate limited, waiting 10s...
Batch done: processed 65500 | fixed 60407 | since_id 10508242780433
  Rate limited, waiting 10s...
  Rate limited, waiting 10s...
  Rate limited, waiting 10s...
  Rate limited, waiting 10s...
  Rate limited, waiting 10s...
Fixed 60450 | last: NGK Copper Core Spark Plug Box of 4 (LZK -> NGK NGK Copper Core Spark Plug Box of 4 (LZKAR7A | BullStrap
  Rate limited, waiting 10s...
  Rate limited, waiting 10s...
  Rate limited, waiting 10s...
  Rate limited, waiting 10s...
  Rate limited, waiting 10s...
  Rate limited, waiting 10s...
Fixed 60500 | last: Nitrous Express Heavy Duty Fully Automat -> Nitrous Express Nitrous Express Heavy Duty Fully | BullStrap
  Rate limited, waiting 10s...
  Rate limited, waiting 10s...
  Rate limited, waiting 10s...
  Rate limited, waiting 10s...
  Rate limited, waiting 10s...
  Rate limited, waiting 10s...
Fixed 60550 | last: NRG Reinforced Steering Wheel (320mm) Bl -> NRG NRG Reinforced Steering Wheel (320mm) Black  | BullStrap
  Rate limited, waiting 10s...
  Rate limited, waiting 10s...
  Rate limited, waiting 10s...
  Rate limited, waiting 10s...
  Rate limited, waiting 10s...
  Rate limited, waiting 10s...
Fixed 60600 | last: NRG Short Hub Adapter 2010+ Chevy Camaro -> NRG NRG Short Hub Adapter Chevy Camaro | BullStrap
  Rate limited, waiting 10s...
  Rate limited, waiting 10s...
  Rate limited, waiting 10s...
  Rate limited, waiting 10s...
  Rate limited, waiting 10s...
  Rate limited, waiting 10s...
Batch done: processed 65750 | fixed 60648 | since_id 10508254282001
Fixed 60650 | last: ARB / OME Coil Spring Front Jeep KJ -> Old Man Emu ARB / OME Coil Spring Front Jeep KJ | BullStrap
  Rate limited, waiting 10s...
  Rate limited, waiting 10s...
  Rate limited, waiting 10s...
  Rate limited, waiting 10s...
  Rate limited, waiting 10s...
  Rate limited, waiting 10s...
Fixed 60700 | last: ARB / OME Leaf Spring Navara D40 -Mdr -> Old Man Emu ARB / OME Leaf Spring Navara D40 -Md | BullStrap
  Rate limited, waiting 10s...
  Rate limited, waiting 10s...
  Rate limited, waiting 10s...
  Rate limited, waiting 10s...
  Rate limited, waiting 10s...
  Rate limited, waiting 10s...
Fixed 60750 | last: Omix Turn Signal Parking Light Assembly  -> OMIX Omix Turn Signal Parking Light Assembly CJ  | BullStrap
  Rate limited, waiting 10s...
  Rate limited, waiting 10s...
  Rate limited, waiting 10s...
  Rate limited, waiting 10s...
  Rate limited, waiting 10s...
  Rate limited, waiting 10s...
  Rate limited, waiting 10s...
Fixed 60800 | last: Omix Steering Wheel Kit Vinyl 76-95 CJ & -> OMIX Omix Steering Wheel Kit Vinyl CJ & Wrangler | BullStrap
  Rate limited, waiting 10s...
  Rate limited, waiting 10s...
  Rate limited, waiting 10s...
  Rate limited, waiting 10s...
  Rate limited, waiting 10s...
  Rate limited, waiting 10s...
Fixed 60850 | last: Oracle H4 4000 Lumen LED Headlight Bulbs -> ORACLE Lighting Oracle H4 4000 Lumen LED Headlig | BullStrap
  Rate limited, waiting 10s...
  Rate limited, waiting 10s...
  Rate limited, waiting 10s...
  Rate limited, waiting 10s...
  Rate limited, waiting 10s...
Batch done: processed 66000 | fixed 60885 | since_id 10508264767761
  Rate limited, waiting 10s...
Fixed 60900 | last: Pedders 2004-2006 Pontiac GTO Front and  -> Pedders Sway Bar 2004-2006 | BullStrap
  Rate limited, waiting 10s...
  Rate limited, waiting 10s...
  Rate limited, waiting 10s...
  Rate limited, waiting 10s...
  Rate limited, waiting 10s...
  Rate limited, waiting 10s...
Fixed 60950 | last: PERRIN Keychain Bottle Opener -> Perrin Performance PERRIN Keychain Bottle Opener | BullStrap
  Rate limited, waiting 10s...
  Rate limited, waiting 10s...
  Rate limited, waiting 10s...
  Rate limited, waiting 10s...
  Rate limited, waiting 10s...
  Rate limited, waiting 10s...
  Rate limited, waiting 10s...
Fixed 61000 | last: PERRIN 02-07 Subaru WRX/STi Radiator Shr -> Perrin Performance Radiator 02-07 | BullStrap
  Rate limited, waiting 10s...
  Rate limited, waiting 10s...
  Rate limited, waiting 10s...
  Rate limited, waiting 10s...
  Rate limited, waiting 10s...
  Rate limited, waiting 10s...
Fixed 61050 | last: PERRIN 08-21 Subaru STI Top Mount Interc -> Perrin Performance Intercooler 08-21 | BullStrap
  Rate limited, waiting 10s...
  Rate limited, waiting 10s...
  Rate limited, waiting 10s...
  Rate limited, waiting 10s...
  Rate limited, waiting 10s...
  Rate limited, waiting 10s...
Fixed 61100 | last: Rampage 1976-1983 Jeep CJ5 Padded Consol -> Rampage Rampage Jeep CJ5 Padded Console Floor Mo | BullStrap
  Rate limited, waiting 10s...
  Rate limited, waiting 10s...
  Rate limited, waiting 10s...
Batch done: processed 66250 | fixed 61126 | since_id 10508282888465
  Rate limited, waiting 10s...
  Rate limited, waiting 10s...
  Rate limited, waiting 10s...
Fixed 61150 | last: Rancho 2007 Chevrolet Avalanche Front RS -> Rancho Rancho 2007 Chevrolet Avalanche Front RS5 | BullStrap
  Rate limited, waiting 10s...
  Rate limited, waiting 10s...
  Rate limited, waiting 10s...
  Rate limited, waiting 10s...
  Rate limited, waiting 10s...
  Rate limited, waiting 10s...
Fixed 61200 | last: Rancho 97-04 Ford Pickup / F100 RS5000X  -> Rancho Shocks 97-04 | BullStrap
  Rate limited, waiting 10s...
  Rate limited, waiting 10s...
  Rate limited, waiting 10s...
  Rate limited, waiting 10s...
  Rate limited, waiting 10s...
  Rate limited, waiting 10s...
  Rate limited, waiting 10s...
Fixed 61250 | last: Chemical Guys Heavy Duty Water Spot Remo -> Chemical Guys Chemical Guys Heavy Duty Water Spo | BullStrap
  Rate limited, waiting 10s...
  Rate limited, waiting 10s...
  Rate limited, waiting 10s...
  Rate limited, waiting 10s...
  Rate limited, waiting 10s...
  Rate limited, waiting 10s...
Fixed 61300 | last: DeatschWerks 6AN ORB Male To 6AN Male Fl -> DeatschWerks DeatschWerks 6AN ORB Male To 6AN Ma | BullStrap
  Rate limited, waiting 10s...
  Rate limited, waiting 10s...
  Rate limited, waiting 10s...
  Rate limited, waiting 10s...
  Rate limited, waiting 10s...
  Rate limited, waiting 10s...
Fixed 61350 | last: DeatschWerks 85-97 Ford Mustang DW300 32 -> DeatschWerks Fuel Pump 85-97 | BullStrap
  Rate limited, waiting 10s...
  Rate limited, waiting 10s...
Batch done: processed 66500 | fixed 61364 | since_id 10508509380881
  Rate limited, waiting 10s...
  Rate limited, waiting 10s...
  Rate limited, waiting 10s...
  Rate limited, waiting 10s...
Fixed 61400 | last: DEI Fire Wrap 3000 5/8in I.D. x 2ft -> DEI DEI Fire Wrap 3000 5/8in I.D. x 2ft | BullStrap
  Rate limited, waiting 10s...
  Rate limited, waiting 10s...
  Rate limited, waiting 10s...
  Rate limited, waiting 10s...
  Rate limited, waiting 10s...
  Rate limited, waiting 10s...
Fixed 61450 | last: Go Rhino Bed Rails - 36in Long - w/o Bas -> Go Rhino Go Rhino Bed Rails - 36in Long - w/o Ba | BullStrap
  Rate limited, waiting 10s...
  Rate limited, waiting 10s...
  Rate limited, waiting 10s...
  Rate limited, waiting 10s...
  Rate limited, waiting 10s...
  Rate limited, waiting 10s...
  Rate limited, waiting 10s...
Fixed 61500 | last: Goodridge 06-19 Mazda MX-5 Miata NC/ND S -> Goodridge Goodridge Mazda MX-5 Miata NC/ND Stain | BullStrap
  Rate limited, waiting 10s...
  Rate limited, waiting 10s...
  Rate limited, waiting 10s...
  Rate limited, waiting 10s...
  Rate limited, waiting 10s...
  Rate limited, waiting 10s...
Fixed 61550 | last: Gram Lights 57DR 18x9.5 +22 5x114.3 Eter -> Gram Lights Gram Lights 57DR 18x9.5 +22 5x114.3  | BullStrap
  Rate limited, waiting 10s...
  Rate limited, waiting 10s...
  Rate limited, waiting 10s...
  Rate limited, waiting 10s...
  Rate limited, waiting 10s...
  Rate limited, waiting 10s...
Fixed 61600 | last: GrimmSpeed 2015+ Subaru WRX/STI Bumper B -> GrimmSpeed Bumper 2015+ | BullStrap
Batch done: processed 66750 | fixed 61600 | since_id 10508635603217
  Rate limited, waiting 10s...
  Rate limited, waiting 10s...
  Rate limited, waiting 10s...
  Rate limited, waiting 10s...
  Rate limited, waiting 10s...
  Rate limited, waiting 10s...
Fixed 61650 | last: GSC P-D Honda D16 1.872in L x .2360in ID -> GSC Power Division Exhaust | BullStrap
  Rate limited, waiting 10s...
  Rate limited, waiting 10s...
  Rate limited, waiting 10s...
  Rate limited, waiting 10s...
  Rate limited, waiting 10s...
  Rate limited, waiting 10s...
Fixed 61700 | last: Hawk 94-05 Miata / 01-05 Normal Suspensi -> Hawk Performance Brake Pads 94-05 | BullStrap
  Rate limited, waiting 10s...
  Rate limited, waiting 10s...
  Rate limited, waiting 10s...
  Rate limited, waiting 10s...
  Rate limited, waiting 10s...
  Rate limited, waiting 10s...
  Rate limited, waiting 10s...
Fixed 61750 | last: Hawk Super Duty Street Brake Pads -> Hawk Performance Brake Pads | BullStrap
  Rate limited, waiting 10s...
  Rate limited, waiting 10s...
  Rate limited, waiting 10s...
  Rate limited, waiting 10s...
  Rate limited, waiting 10s...
  Rate limited, waiting 10s...
Fixed 61800 | last: Hawk 08 WRX Rear HPS Street Brake Pads -> Hawk Performance Brake Pads | BullStrap
  Rate limited, waiting 10s...
  Rate limited, waiting 10s...
  Rate limited, waiting 10s...
  Rate limited, waiting 10s...
Batch done: processed 67000 | fixed 61836 | since_id 10508645892369
  Rate limited, waiting 10s...
Fixed 61850 | last: Hawk 13 Subaru BRZ / 13 Scion FR-S HP Pl -> Hawk Performance Brake Pads | BullStrap
  Rate limited, waiting 10s...
  Rate limited, waiting 10s...
  Rate limited, waiting 10s...
  Rate limited, waiting 10s...
  Rate limited, waiting 10s...
  Rate limited, waiting 10s...
Fixed 61900 | last: Hawk 19-20 BMW Z4 Toyota Supra Performan -> Hawk Performance Brake Pads 19-20 | BullStrap
  Rate limited, waiting 10s...
  Rate limited, waiting 10s...
  Rate limited, waiting 10s...
  Rate limited, waiting 10s...
  Rate limited, waiting 10s...
  Rate limited, waiting 10s...
Fixed 61950 | last: Hellwig 99-04 Ford F-250 Solid Heat Trea -> Hellwig Sway Bar 99-04 | BullStrap
  Rate limited, waiting 10s...
  Rate limited, waiting 10s...
  Rate limited, waiting 10s...
  Rate limited, waiting 10s...
  Rate limited, waiting 10s...
  Rate limited, waiting 10s...
Fixed 62000 | last: HKS Tone Fitting Wrench -> HKS HKS Tone Fitting Wrench | BullStrap
  Rate limited, waiting 10s...
  Rate limited, waiting 10s...
  Rate limited, waiting 10s...
  Rate limited, waiting 10s...
  Rate limited, waiting 10s...
  Rate limited, waiting 10s...
  Rate limited, waiting 10s...
Fixed 62050 | last: HKS 03-06 350z Dual Hi-Power Ti Tip Catb -> HKS Exhaust 03-06 | BullStrap
  Rate limited, waiting 10s...
  Rate limited, waiting 10s...
  Rate limited, waiting 10s...
Batch done: processed 67250 | fixed 62072 | since_id 10508665061649
  Rate limited, waiting 10s...
  Rate limited, waiting 10s...
  Rate limited, waiting 10s...
Fixed 62100 | last: HKS FLOOR MATS BNR34 FULL SET OCT RHD -> HKS Floor Mats | BullStrap
  Rate limited, waiting 10s...
  Rate limited, waiting 10s...
  Rate limited, waiting 10s...
  Rate limited, waiting 10s...
  Rate limited, waiting 10s...
  Rate limited, waiting 10s...
Fixed 62150 | last: Hotchkis Black Sport Front Sway Bar -> Hotchkis Sway Bar | BullStrap
  Rate limited, waiting 10s...
  Rate limited, waiting 10s...
  Rate limited, waiting 10s...
  Rate limited, waiting 10s...
  Rate limited, waiting 10s...
  Rate limited, waiting 10s...
  Rate limited, waiting 10s...
Fixed 62200 | last: Husky Liners 18-22 Ford Expedition / 201 -> Husky Liners Husky Liners Ford Expedition / 2018 | BullStrap
  Rate limited, waiting 10s...
  Rate limited, waiting 10s...
  Rate limited, waiting 10s...
  Rate limited, waiting 10s...
  Rate limited, waiting 10s...
  Rate limited, waiting 10s...
Fixed 62250 | last: King Shocks Can-Am X3 Rear Sway Bar Link -> King Shocks Shocks | BullStrap
  Rate limited, waiting 10s...
  Rate limited, waiting 10s...
  Rate limited, waiting 10s...
  Rate limited, waiting 10s...
  Rate limited, waiting 10s...
  Rate limited, waiting 10s...
Fixed 62300 | last: Kuryakyn Leather By River Road Hollister -> Kuryakyn Kuryakyn Leather By River Road Holliste | BullStrap
  Rate limited, waiting 10s...
Batch done: processed 67500 | fixed 62311 | since_id 10509212778769
  Rate limited, waiting 10s...
  Rate limited, waiting 10s...
  Rate limited, waiting 10s...
  Rate limited, waiting 10s...
  Rate limited, waiting 10s...
Fixed 62350 | last: KYB Shocks & Struts Excel-G Rear TOYOTA  -> KYB Shocks 2003-10 | BullStrap
  Rate limited, waiting 10s...
  Rate limited, waiting 10s...
  Rate limited, waiting 10s...
  Rate limited, waiting 10s...
  Rate limited, waiting 10s...
  Rate limited, waiting 10s...
Fixed 62400 | last: KYB Shocks & Struts Strut Plus Rear 13-1 -> KYB Shocks 13-15 | BullStrap
  Rate limited, waiting 10s...
  Rate limited, waiting 10s...
  Rate limited, waiting 10s...
  Rate limited, waiting 10s...
  Rate limited, waiting 10s...
  Rate limited, waiting 10s...
  Rate limited, waiting 10s...
Fixed 62450 | last: Maxima SXS Engine 4T Full Synthetic 5W50 -> Maxima Maxima SXS Engine 4T Full Synthetic 5W50  | BullStrap
  Rate limited, waiting 10s...
  Rate limited, waiting 10s...
  Rate limited, waiting 10s...
  Rate limited, waiting 10s...
  Rate limited, waiting 10s...
  Rate limited, waiting 10s...
Fixed 62500 | last: Maxima SXS Can-Am Maverick X3 Oil Change -> Maxima Maxima SXS Can-Am Maverick X3 Oil Change  | BullStrap
  Rate limited, waiting 10s...
  Rate limited, waiting 10s...
  Rate limited, waiting 10s...
  Rate limited, waiting 10s...
  Rate limited, waiting 10s...
Batch done: processed 67750 | fixed 62546 | since_id 10509234503953
  Rate limited, waiting 10s...
Fixed 62550 | last: McLeod Steel Flywheel 96-15 Ford 4.6/5.4 -> McLeod Racing McLeod Steel Flywheel Ford 4.6/5.4 | BullStrap
  Rate limited, waiting 10s...
  Rate limited, waiting 10s...
  Rate limited, waiting 10s...
  Rate limited, waiting 10s...
  Rate limited, waiting 10s...
  Rate limited, waiting 10s...
Fixed 62600 | last: Method Cap 1922 - 110mm - Black - Push T -> Method Wheels Method Cap 1922 - 110mm - Black -  | BullStrap
  Rate limited, waiting 10s...
  Rate limited, waiting 10s...
  Rate limited, waiting 10s...
  Rate limited, waiting 10s...
  Rate limited, waiting 10s...
  Rate limited, waiting 10s...
Fixed 62650 | last: Method MR305 NV 18x9 +18mm Offset 8x6.5  -> Method Wheels Method MR305 NV 18x9 +18mm Offset  | BullStrap
  Rate limited, waiting 10s...
  Rate limited, waiting 10s...
  Rate limited, waiting 10s...
  Rate limited, waiting 10s...
  Rate limited, waiting 10s...
  Rate limited, waiting 10s...
Fixed 62700 | last: Method MR701 16x8 0mm Offset 6x5.5 106.2 -> Method Wheels Method MR701 16x8 0mm Offset 6x5.5 | BullStrap
  Rate limited, waiting 10s...
  Rate limited, waiting 10s...
  Rate limited, waiting 10s...
  Rate limited, waiting 10s...
  Rate limited, waiting 10s...
  Rate limited, waiting 10s...
Fixed 62750 | last: MGP 4 Caliper Covers Engraved Front & Re -> MGP MGP 4 Caliper Covers Engraved Front & Rear C | BullStrap
  Rate limited, waiting 10s...
  Rate limited, waiting 10s...
  Rate limited, waiting 10s...
  Rate limited, waiting 10s...
  Rate limited, waiting 10s...
Batch done: processed 68000 | fixed 62788 | since_id 10509249216785
  Rate limited, waiting 10s...
Fixed 62800 | last: Mickey Thompson Baja Legend EXP Tire 35X -> Mickey Thompson Mickey Thompson Baja Legend EXP  | BullStrap
  Rate limited, waiting 10s...
  Rate limited, waiting 10s...
  Rate limited, waiting 10s...
  Rate limited, waiting 10s...
  Rate limited, waiting 10s...
  Rate limited, waiting 10s...
  Rate limited, waiting 10s...
Fixed 62850 | last: Mishimoto 15 Subaru WRX Airbox -> Mishimoto Mishimoto 15 Subaru WRX Airbox | BullStrap
  Rate limited, waiting 10s...
  Rate limited, waiting 10s...
  Rate limited, waiting 10s...
  Rate limited, waiting 10s...
  Rate limited, waiting 10s...
  Rate limited, waiting 10s...
Fixed 62900 | last: Mishimoto 3 Inch Stainless Steel Constan -> Mishimoto Mishimoto 3 Inch Stainless Steel Const | BullStrap
  Rate limited, waiting 10s...
  Rate limited, waiting 10s...
  Rate limited, waiting 10s...
  Rate limited, waiting 10s...
  Rate limited, waiting 10s...
  Rate limited, waiting 10s...
  Rate limited, waiting 10s...
Fixed 62950 | last: Mishimoto 2003-2006 Nissan 350Z Replacem -> Mishimoto Mishimoto Nissan 350Z Replacement Hose | BullStrap
  Rate limited, waiting 10s...
  Rate limited, waiting 10s...
  Rate limited, waiting 10s...
  Rate limited, waiting 10s...
  Rate limited, waiting 10s...
  Rate limited, waiting 10s...
Fixed 63000 | last: Mishimoto 11-15 Ford 6.7L Powerstroke Co -> Mishimoto Intercooler 11-15 | BullStrap
  Rate limited, waiting 10s...
  Rate limited, waiting 10s...
Batch done: processed 68250 | fixed 63020 | since_id 10509260390673
  Rate limited, waiting 10s...
  Rate limited, waiting 10s...
  Rate limited, waiting 10s...
  Rate limited, waiting 10s...
Fixed 63050 | last: Mishimoto 08+ Mitsubishi Evolution X Bla -> Mishimoto Mishimoto 08+ Mitsubishi Evolution X B | BullStrap
  Rate limited, waiting 10s...
  Rate limited, waiting 10s...
  Rate limited, waiting 10s...
  Rate limited, waiting 10s...
  Rate limited, waiting 10s...
  Rate limited, waiting 10s...
Fixed 63100 | last: Mishimoto 00-09 Honda S2000 Manual Alumi -> Mishimoto Radiator 00-09 | BullStrap
  Rate limited, waiting 10s...
  Rate limited, waiting 10s...
  Rate limited, waiting 10s...
  Rate limited, waiting 10s...
  Rate limited, waiting 10s...
  Rate limited, waiting 10s...
Fixed 63150 | last: Forced Performance Subaru STi/WRX Blue T -> Forced Performance Turbo | BullStrap
  Rate limited, waiting 10s...
  Rate limited, waiting 10s...
  Rate limited, waiting 10s...
  Rate limited, waiting 10s...
  Rate limited, waiting 10s...
  Rate limited, waiting 10s...
  Rate limited, waiting 10s...
  Rate limited, waiting 10s...
  Rate limited, waiting 10s...
  Rate limited, waiting 10s...
Fixed 63200 | last: Hellwig 97-21 Ford E-40/E-450 Solid Heat -> Hellwig Sway Bar 97-21 | BullStrap
  Rate limited, waiting 10s...
  Rate limited, waiting 10s...
  Rate limited, waiting 10s...
  Rate limited, waiting 10s...
  Rate limited, waiting 10s...
  Rate limited, waiting 10s...
Fixed 63250 | last: Husky Liners 14-17 Chevrolet Silverado 1 -> Husky Liners Floor Mats 14-17 | BullStrap
  Rate limited, waiting 10s...
Batch done: processed 68500 | fixed 63258 | since_id 10509621788945
  Rate limited, waiting 10s...
  Rate limited, waiting 10s...
  Rate limited, waiting 10s...
  Rate limited, waiting 10s...
  Rate limited, waiting 10s...
Fixed 63300 | last: Husky Liners Universal Mud Guards (Small -> Husky Liners Husky Liners Universal Mud Guards ( | BullStrap
  Rate limited, waiting 10s...
  Rate limited, waiting 10s...
  Rate limited, waiting 10s...
  Rate limited, waiting 10s...
  Rate limited, waiting 10s...
  Rate limited, waiting 10s...
Fixed 63350 | last: Husky Liners 20-21 Hyundai Sonata / 2021 -> Husky Liners Floor Mats 20-21 | BullStrap
  Rate limited, waiting 10s...
  Rate limited, waiting 10s...
  Rate limited, waiting 10s...
  Rate limited, waiting 10s...
  Rate limited, waiting 10s...
  Rate limited, waiting 10s...
  Rate limited, waiting 10s...
Fixed 63400 | last: Husky Liners 13 Nissan Altima Weatherbea -> Husky Liners Floor Mats | BullStrap
  Rate limited, waiting 10s...
  Rate limited, waiting 10s...
  Rate limited, waiting 10s...
  Rate limited, waiting 10s...
  Rate limited, waiting 10s...
  Rate limited, waiting 10s...
Fixed 63450 | last: ICON 2020+ Jeep Gladiator JT 2.5in Rear  -> ICON Shocks 2020+ | BullStrap
  Rate limited, waiting 10s...
  Rate limited, waiting 10s...
  Rate limited, waiting 10s...
  Rate limited, waiting 10s...
  Rate limited, waiting 10s...
Batch done: processed 68750 | fixed 63495 | since_id 10509638402321
  Rate limited, waiting 10s...
Fixed 63500 | last: ICON IVD Uniball Upper Control Arm Servi -> ICON Control Arms | BullStrap
  Rate limited, waiting 10s...
  Rate limited, waiting 10s...
  Rate limited, waiting 10s...
  Rate limited, waiting 10s...
  Rate limited, waiting 10s...
  Rate limited, waiting 10s...
Fixed 63550 | last: ICON 2020+ Jeep Gladiator JT 2.5in Stage -> ICON Suspension 2020+ | BullStrap
  Rate limited, waiting 10s...
  Rate limited, waiting 10s...
  Rate limited, waiting 10s...
  Rate limited, waiting 10s...
  Rate limited, waiting 10s...
  Rate limited, waiting 10s...
Fixed 63600 | last: ICON 2010+ Toyota FJ/4Runner 0-3.5in Sta -> ICON Suspension 2010+ | BullStrap
  Rate limited, waiting 10s...
  Rate limited, waiting 10s...
  Rate limited, waiting 10s...
  Rate limited, waiting 10s...
  Rate limited, waiting 10s...
  Rate limited, waiting 10s...
  Rate limited, waiting 10s...
Fixed 63650 | last: Injector Dynamics ID1050X 12-15 Honda Ci -> Injector Dynamics Injector Dynamics ID1050X Hond | BullStrap
  Rate limited, waiting 10s...
  Rate limited, waiting 10s...
  Rate limited, waiting 10s...
  Rate limited, waiting 10s...
  Rate limited, waiting 10s...
  Rate limited, waiting 10s...
Fixed 63700 | last: Injen 12-17 Jeep Wrangler JK 3.6L Evolut -> Injen Injen Jeep Wrangler JK 3.6L Evolution Inta | BullStrap
  Rate limited, waiting 10s...
  Rate limited, waiting 10s...
  Rate limited, waiting 10s...
  Rate limited, waiting 10s...
Batch done: processed 69000 | fixed 63735 | since_id 10509649674513
  Rate limited, waiting 10s...
  Rate limited, waiting 10s...
Fixed 63750 | last: Injen 00-03 Celica GTS Polished Short Ra -> Injen Injen Celica GTS Polished Short Ram Intake | BullStrap
  Rate limited, waiting 10s...
  Rate limited, waiting 10s...
  Rate limited, waiting 10s...
  Rate limited, waiting 10s...
  Rate limited, waiting 10s...
  Rate limited, waiting 10s...
Fixed 63800 | last: Injen 2009-11 Lancer Ralliart 2.0L Turbo -> Injen Intercooler 2009-11 | BullStrap
  Rate limited, waiting 10s...
  Rate limited, waiting 10s...
  Rate limited, waiting 10s...
  Rate limited, waiting 10s...
  Rate limited, waiting 10s...
  Rate limited, waiting 10s...
Fixed 63850 | last: Injen 04-06 TSX Polished Cold Air Intake -> Injen Air Intake 04-06 | BullStrap
  Rate limited, waiting 10s...
  Rate limited, waiting 10s...
  Rate limited, waiting 10s...
  Rate limited, waiting 10s...
  Rate limited, waiting 10s...
  Rate limited, waiting 10s...
  Rate limited, waiting 10s...
Fixed 63900 | last: Injen 18-20 Toyota Camry V6 3.5L Polishe -> Injen Air Intake 18-20 | BullStrap
  Rate limited, waiting 10s...
  Rate limited, waiting 10s...
  Rate limited, waiting 10s...
  Rate limited, waiting 10s...
  Rate limited, waiting 10s...
  Rate limited, waiting 10s...
Fixed 63950 | last: Innovate USB-to-Serial Adapter -> Innovate Motorsports Innovate USB-to-Serial Adap | BullStrap
  Rate limited, waiting 10s...
  Rate limited, waiting 10s...
Batch done: processed 69250 | fixed 63961 | since_id 10509660127505
  Rate limited, waiting 10s...
  Rate limited, waiting 10s...
  Rate limited, waiting 10s...
  Rate limited, waiting 10s...
Fixed 64000 | last: Invidia 2015+ Subaru WRX / STI Gemini/R4 -> Invidia Exhaust 2015+ | BullStrap
  Rate limited, waiting 10s...
  Rate limited, waiting 10s...
  Rate limited, waiting 10s...
  Rate limited, waiting 10s...
  Rate limited, waiting 10s...
  Rate limited, waiting 10s...
Fixed 64050 | last: ISR Performance Radiator Fan Shroud Kit  -> ISR Performance Radiator | BullStrap
  Rate limited, waiting 10s...
  Rate limited, waiting 10s...
  Rate limited, waiting 10s...
  Rate limited, waiting 10s...
  Rate limited, waiting 10s...
  Rate limited, waiting 10s...
Fixed 64100 | last: QuadBoss 2016 Polaris ACE 900 SP Valve C -> QuadBoss QuadBoss 2016 Polaris ACE 900 SP Valve  | BullStrap
  Rate limited, waiting 10s...
  Rate limited, waiting 10s...
  Rate limited, waiting 10s...
  Rate limited, waiting 10s...
  Rate limited, waiting 10s...
  Rate limited, waiting 10s...
  Rate limited, waiting 10s...
  Rate limited, waiting 10s...
  Rate limited, waiting 10s...
  Rate limited, waiting 10s...
  Rate limited, waiting 10s...
  Rate limited, waiting 10s...
  Rate limited, waiting 10s...
  Rate limited, waiting 10s...
  Rate limited, waiting 10s...
  Rate limited, waiting 10s...
  Rate limited, waiting 10s...
  Rate limited, waiting 10s...
  Rate limited, waiting 10s...
Fixed 64150 | last: Rancho 01-10 Chevrolet Pickup / Silverad -> Rancho Shocks 01-10 | BullStrap
  Rate limited, waiting 10s...
  Rate limited, waiting 10s...
  Rate limited, waiting 10s...
  Rate limited, waiting 10s...
  Rate limited, waiting 10s...
  Rate limited, waiting 10s...
  Rate limited, waiting 10s...
  Rate limited, waiting 10s...
  Rate limited, waiting 10s...
  Rate limited, waiting 10s...
  Rate limited, waiting 10s...
  Rate limited, waiting 10s...
Batch done: processed 69500 | fixed 64187 | since_id 10510194704657
  Rate limited, waiting 10s...
Fixed 64200 | last: Remark 22+ Subaru WRX (VB) Sports Tourin -> Remark Remark 22+ Subaru WRX (VB) Sports Touring | BullStrap
  Rate limited, waiting 10s...
  Rate limited, waiting 10s...
  Rate limited, waiting 10s...
  Rate limited, waiting 10s...
  Rate limited, waiting 10s...
  Rate limited, waiting 10s...
  Rate limited, waiting 10s...
Fixed 64250 | last: RockJock Antirock Sway Bar Kit Universal -> RockJock Sway Bar | BullStrap
  Rate limited, waiting 10s...
  Rate limited, waiting 10s...
  Rate limited, waiting 10s...
  Rate limited, waiting 10s...
  Rate limited, waiting 10s...
  Rate limited, waiting 10s...
Fixed 64300 | last: Skyjacker 1987-1991 GMC R1500 Suburban S -> Skyjacker Skyjacker GMC R1500 Suburban Steering  | BullStrap
  Rate limited, waiting 10s...
  Rate limited, waiting 10s...
  Rate limited, waiting 10s...
  Rate limited, waiting 10s...
  Rate limited, waiting 10s...
  Rate limited, waiting 10s...
Fixed 64350 | last: Speed and Strength Call to Arms Moto Shi -> Speed and Strength Speed and Strength Call to Ar | BullStrap
  Rate limited, waiting 10s...
  Rate limited, waiting 10s...
  Rate limited, waiting 10s...
  Rate limited, waiting 10s...
  Rate limited, waiting 10s...
  Rate limited, waiting 10s...
Fixed 64400 | last: StopTech 95-99 BMW M3 / 01-07 M3 E46 / 8 -> Stoptech Brake Pads 95-99 | BullStrap
  Rate limited, waiting 10s...
  Rate limited, waiting 10s...
  Rate limited, waiting 10s...
  Rate limited, waiting 10s...
Batch done: processed 69750 | fixed 64424 | since_id 10510230159633
  Rate limited, waiting 10s...
  Rate limited, waiting 10s...
  Rate limited, waiting 10s...
  Rate limited, waiting 10s...
  Rate limited, waiting 10s...
  Rate limited, waiting 10s...
  Rate limited, waiting 10s...
  Rate limited, waiting 10s...
Fixed 64450 | last: SuperPro 2006 Subaru B9 Tribeca Limited  -> Superpro Sway Bar | BullStrap
  Rate limited, waiting 10s...
  Rate limited, waiting 10s...
  Rate limited, waiting 10s...
  Rate limited, waiting 10s...
  Rate limited, waiting 10s...
  Rate limited, waiting 10s...
  Rate limited, waiting 10s...
Fixed 64500 | last: SuperPro 2015 Audi A3 Quattro Premium Re -> Superpro SuperPro 2015 Audi A3 Quattro Premium R | BullStrap
  Rate limited, waiting 10s...
  Rate limited, waiting 10s...
  Rate limited, waiting 10s...
  Rate limited, waiting 10s...
  Rate limited, waiting 10s...
  Rate limited, waiting 10s...
Fixed 64550 | last: Supertech 1997+ Mazda Miata 1.6L/1.8L 6m -> Supertech Supertech Mazda Miata 1.6L/1.8L 6mm Va | BullStrap
  Rate limited, waiting 10s...
  Rate limited, waiting 10s...
  Rate limited, waiting 10s...
  Rate limited, waiting 10s...
  Rate limited, waiting 10s...
  Rate limited, waiting 10s...
Fixed 64600 | last: Supertech Hyundai 2.0L Turbo Theta L4 Du -> Supertech Turbo | BullStrap
  Rate limited, waiting 10s...
  Rate limited, waiting 10s...
  Rate limited, waiting 10s...
  Rate limited, waiting 10s...
  Rate limited, waiting 10s...
Batch done: processed 70000 | fixed 64635 | since_id 10510240579857
  Rate limited, waiting 10s...
  Rate limited, waiting 10s...
Fixed 64650 | last: Synergy 94-02 Dodge Ram Front Track Bar  -> Synergy Mfg Synergy Dodge Ram Front Track Bar Co | BullStrap
  Rate limited, waiting 10s...
  Rate limited, waiting 10s...
  Rate limited, waiting 10s...
  Rate limited, waiting 10s...
  Rate limited, waiting 10s...
  Rate limited, waiting 10s...
Fixed 64700 | last: Tonno Pro 07-13 Chevy Silverado 1500 5.8 -> Tonno Pro Tonneau Cover 07-13 | BullStrap
  Rate limited, waiting 10s...
  Rate limited, waiting 10s...
  Rate limited, waiting 10s...
  Rate limited, waiting 10s...
  Rate limited, waiting 10s...
  Rate limited, waiting 10s...
Fixed 64750 | last: Torque Solution Adapter Fitting -8AN Str -> Torque Solution Torque Solution Adapter Fitting  | BullStrap
  Rate limited, waiting 10s...
  Rate limited, waiting 10s...
  Rate limited, waiting 10s...
  Rate limited, waiting 10s...
  Rate limited, waiting 10s...
  Rate limited, waiting 10s...
Fixed 64800 | last: Torque Solution Billet Battery Tie Down: -> Torque Solution Battery | BullStrap
  Rate limited, waiting 10s...
  Rate limited, waiting 10s...
  Rate limited, waiting 10s...
  Rate limited, waiting 10s...
  Rate limited, waiting 10s...
  Rate limited, waiting 10s...
  Rate limited, waiting 10s...
Fixed 64850 | last: Torque Solution T-Bolt Hose Clamp - 2.5i -> Torque Solution Torque Solution T-Bolt Hose Clam | BullStrap
  Rate limited, waiting 10s...
  Rate limited, waiting 10s...
Batch done: processed 70250 | fixed 64874 | since_id 10510251360529
  Rate limited, waiting 10s...
  Rate limited, waiting 10s...
  Rate limited, waiting 10s...
  Rate limited, waiting 10s...
Fixed 64900 | last: Toyo Proxes ST III Tire - 275/45R20 110V -> TOYO Toyo Proxes ST III Tire - 275/45R20 110V | BullStrap
  Rate limited, waiting 10s...
  Rate limited, waiting 10s...
  Rate limited, waiting 10s...
  Rate limited, waiting 10s...
  Rate limited, waiting 10s...
  Rate limited, waiting 10s...
Fixed 64950 | last: Twin Power 76-80 Big Twin Voltage Regula -> TwinPower Twin Power Big Twin Voltage Regulator  | BullStrap
  Rate limited, waiting 10s...
  Rate limited, waiting 10s...
  Rate limited, waiting 10s...
  Rate limited, waiting 10s...
  Rate limited, waiting 10s...
  Rate limited, waiting 10s...
Fixed 65000 | last: Vibrant -4AN Male Banjo Fitting 12mm x 1 -> Vibrant Vibrant -4AN Male Banjo Fitting 12mm x 1 | BullStrap
  Rate limited, waiting 10s...
  Rate limited, waiting 10s...
  Rate limited, waiting 10s...
  Rate limited, waiting 10s...
  Rate limited, waiting 10s...
  Rate limited, waiting 10s...
Fixed 65050 | last: Whiteline 09+ Lancer Ralliart Front adju -> Whiteline Shocks | BullStrap
  Rate limited, waiting 10s...
  Rate limited, waiting 10s...
  Rate limited, waiting 10s...
  Rate limited, waiting 10s...
  Rate limited, waiting 10s...
  Rate limited, waiting 10s...
  Rate limited, waiting 10s...
Fixed 65100 | last: AMP Research 2022 Ford F-250/350/450 (25 -> AMP Research AMP Research 2022 Ford F-250/350/45 | BullStrap
  Rate limited, waiting 10s...
Batch done: processed 70500 | fixed 65110 | since_id 10510316437777
  Rate limited, waiting 10s...
  Rate limited, waiting 10s...
  Rate limited, waiting 10s...
  Rate limited, waiting 10s...
  Rate limited, waiting 10s...
Fixed 65150 | last: Bilstein B4 13-14 BMW 335xi / 320xi / 32 -> Bilstein Shocks 13-14 | BullStrap
  Rate limited, waiting 10s...
  Rate limited, waiting 10s...
  Rate limited, waiting 10s...
  Rate limited, waiting 10s...
  Rate limited, waiting 10s...
  Rate limited, waiting 10s...
Fixed 65200 | last: BMC 16 + Yamaha MT-10 1000 /Sp /Tourer R -> BMC Air Filter | BullStrap
  Rate limited, waiting 10s...
  Rate limited, waiting 10s...
  Rate limited, waiting 10s...
  Rate limited, waiting 10s...
  Rate limited, waiting 10s...
  Rate limited, waiting 10s...
Fixed 65250 | last: BMR 15-17 S550 Mustang Motor Mount Kit ( -> BMR Suspension BMR S550 Mustang Motor Mount Kit  | BullStrap
  Rate limited, waiting 10s...
  Rate limited, waiting 10s...
  Rate limited, waiting 10s...
  Rate limited, waiting 10s...
  Rate limited, waiting 10s...
  Rate limited, waiting 10s...
  Rate limited, waiting 10s...
Fixed 65300 | last: BMR 82-02 3rd Gen F-Body Non-Adj. Lower  -> BMR Suspension Control Arms 82-02 | BullStrap
  Rate limited, waiting 10s...
  Rate limited, waiting 10s...
  Rate limited, waiting 10s...
  Rate limited, waiting 10s...
  Rate limited, waiting 10s...
  Rate limited, waiting 10s...
Fixed 65350 | last: Cali Raised Tall Style Toyota Oem Style  -> Cali Raised LED Bumper | BullStrap
Batch done: processed 70750 | fixed 65350 | since_id 10510779285777
  Rate limited, waiting 10s...
  Rate limited, waiting 10s...
  Rate limited, waiting 10s...
  Rate limited, waiting 10s...
  Rate limited, waiting 10s...
  Rate limited, waiting 10s...
Fixed 65400 | last: DBA 08+ EVO X Front Slotted 4000 Series  -> DBA Rotors | BullStrap
  Rate limited, waiting 10s...
  Rate limited, waiting 10s...
  Rate limited, waiting 10s...
  Rate limited, waiting 10s...
  Rate limited, waiting 10s...
  Rate limited, waiting 10s...
Fixed 65450 | last: DBA 97-04 Corvette C5/C6 Front Slotted 4 -> DBA Rotors 97-04 | BullStrap
  Rate limited, waiting 10s...
  Rate limited, waiting 10s...
  Rate limited, waiting 10s...
  Rate limited, waiting 10s...
  Rate limited, waiting 10s...
  Rate limited, waiting 10s...
Fixed 65500 | last: DBA 12+ Nissan GT-R 5000 Series Brembo O -> DBA Rotors | BullStrap
  Rate limited, waiting 10s...
  Rate limited, waiting 10s...
  Rate limited, waiting 10s...
  Rate limited, waiting 10s...
  Rate limited, waiting 10s...
  Rate limited, waiting 10s...
Fixed 65550 | last: EBC 2017+ Volkswagen Atlas 2.0L Turbo Ye -> EBC Brake Pads 2017+ | BullStrap
  Rate limited, waiting 10s...
  Rate limited, waiting 10s...
  Rate limited, waiting 10s...
  Rate limited, waiting 10s...
  Rate limited, waiting 10s...
Batch done: processed 71000 | fixed 65589 | since_id 10510799733009
  Rate limited, waiting 10s...
  Rate limited, waiting 10s...
Fixed 65600 | last: EBC S8 Brake Pad and Rotor Kit -> EBC Brake Pads | BullStrap
  Rate limited, waiting 10s...
  Rate limited, waiting 10s...
  Rate limited, waiting 10s...
  Rate limited, waiting 10s...
  Rate limited, waiting 10s...
  Rate limited, waiting 10s...
  Rate limited, waiting 10s...
Fixed 65650 | last: Injen High Performance Air Filter - 3 Bl -> Injen Air Filter | BullStrap
  Rate limited, waiting 10s...
  Rate limited, waiting 10s...
  Rate limited, waiting 10s...
  Rate limited, waiting 10s...
  Rate limited, waiting 10s...
Fixed 65700 | last: J&L 11-17 Ford Mustang GT (w/Roush/VMP S -> J&L J&L Ford Mustang GT (w/Roush/VMP Supercharge | BullStrap
  Rate limited, waiting 10s...
  Rate limited, waiting 10s...
  Rate limited, waiting 10s...
  Rate limited, waiting 10s...
  Rate limited, waiting 10s...
  Rate limited, waiting 10s...
Fixed 65750 | last: Kenda K299 Bear Claw Front Tire - 24x9-1 -> Kenda Kenda K299 Bear Claw Front Tire - 24x9-11  | BullStrap
  Rate limited, waiting 10s...
  Rate limited, waiting 10s...
  Rate limited, waiting 10s...
  Rate limited, waiting 10s...
  Rate limited, waiting 10s...
  Rate limited, waiting 10s...
  Rate limited, waiting 10s...
  Rate limited, waiting 10s...
Fixed 65800 | last: Mishimoto Dodge 5.9L/6.7L Cummins Low-Te -> Mishimoto Mishimoto Dodge 5.9L/6.7L Cummins Low- | BullStrap
Batch done: processed 71250 | fixed 65808 | since_id 10510871200017
  Rate limited, waiting 10s...
  Rate limited, waiting 10s...
  Rate limited, waiting 10s...
  Rate limited, waiting 10s...
  Rate limited, waiting 10s...
  Rate limited, waiting 10s...
Fixed 65850 | last: Red Line Medium 10WT Suspension Fluid -  -> Red Line Suspension | BullStrap
  Rate limited, waiting 10s...
  Rate limited, waiting 10s...
  Rate limited, waiting 10s...
  Rate limited, waiting 10s...
  Rate limited, waiting 10s...
  Rate limited, waiting 10s...
Fixed 65900 | last: Retrax 19-21 Ram 1500 RetraxPRO XR -> Retrax Retrax Ram 1500 RetraxPRO XR | BullStrap
  Rate limited, waiting 10s...
  Rate limited, waiting 10s...
  Rate limited, waiting 10s...
  Rate limited, waiting 10s...
  Rate limited, waiting 10s...
Fixed 65950 | last: AlphaRex 15-20 Ford F150 Luxx-Series LED -> AlphaRex AlphaRex Ford F150 Luxx-Series LED Tail | BullStrap
  Rate limited, waiting 10s...
  Rate limited, waiting 10s...
  Rate limited, waiting 10s...
  Rate limited, waiting 10s...
  Rate limited, waiting 10s...
Fixed 66000 | last: AlphaRex 15-19 Chevy Silverado 2500/3500 -> AlphaRex AlphaRex Chevy Silverado 2500/3500 LUXX | BullStrap
  Rate limited, waiting 10s...
  Rate limited, waiting 10s...
  Rate limited, waiting 10s...
  Rate limited, waiting 10s...
  Rate limited, waiting 10s...
  Rate limited, waiting 10s...
Batch done: processed 71500 | fixed 66049 | since_id 10511106244881
Fixed 66050 | last: AlphaRex 07-13 Toyota Tundra / 08-17 Seq -> AlphaRex AlphaRex Toyota Tundra / Sequoia LUXX L | BullStrap
  Rate limited, waiting 10s...
  Rate limited, waiting 10s...
  Rate limited, waiting 10s...
  Rate limited, waiting 10s...
  Rate limited, waiting 10s...
  Rate limited, waiting 10s...
Fixed 66100 | last: Prothane 93-98 Jeep Grand Cherokee Motor -> Prothane Prothane Jeep Grand Cherokee Motor Moun | BullStrap
  Rate limited, waiting 10s...
  Rate limited, waiting 10s...
  Rate limited, waiting 10s...
  Rate limited, waiting 10s...
  Rate limited, waiting 10s...
  Rate limited, waiting 10s...
  Rate limited, waiting 10s...
Fixed 66150 | last: Ford Racing 63-01 289/302/351W Hi-Perfor -> Ford Racing Ford Racing 289/302/351W Hi-Performa | BullStrap
  Rate limited, waiting 10s...
  Rate limited, waiting 10s...
  Rate limited, waiting 10s...
  Rate limited, waiting 10s...
  Rate limited, waiting 10s...
  Rate limited, waiting 10s...
Fixed 66200 | last: SHW 20-22 Audi S6 Premium Plus Front Smo -> SHW Performance Rotors 20-22 | BullStrap
  Rate limited, waiting 10s...
  Rate limited, waiting 10s...
  Rate limited, waiting 10s...
  Rate limited, waiting 10s...
  Rate limited, waiting 10s...
  Rate limited, waiting 10s...
Fixed 66250 | last: Advan TC4 18x9.5 +35 5x114.3 Racing Gunm -> Advan Advan TC4 18x9.5 +35 5x114.3 Racing Gunmet | BullStrap
  Rate limited, waiting 10s...
  Rate limited, waiting 10s...
  Rate limited, waiting 10s...
  Rate limited, waiting 10s...
  Rate limited, waiting 10s...
Batch done: processed 71750 | fixed 66289 | since_id 10512722886929
  Rate limited, waiting 10s...
Fixed 66300 | last: Goodridge 20 Deg Banjo for 3/8 or M10 Bo -> Goodridge Goodridge 20 Deg Banjo for 3/8 or M10  | BullStrap
  Rate limited, waiting 10s...
  Rate limited, waiting 10s...
  Rate limited, waiting 10s...
  Rate limited, waiting 10s...
  Rate limited, waiting 10s...
  Rate limited, waiting 10s...
Fixed 66350 | last: ProTaper 1/3 Waffle Grips - White -> ProTaper ProTaper 1/3 Waffle Grips - White | BullStrap
  Rate limited, waiting 10s...
  Rate limited, waiting 10s...
  Rate limited, waiting 10s...
  Rate limited, waiting 10s...
  Rate limited, waiting 10s...
  Rate limited, waiting 10s...
Fixed 66400 | last: Timbren 2015+ Chevrolet Colorado Rear Ac -> Timbren Timbren Chevrolet Colorado Rear Active O | BullStrap
  Rate limited, waiting 10s...
  Rate limited, waiting 10s...
  Rate limited, waiting 10s...
  Rate limited, waiting 10s...
  Rate limited, waiting 10s...
  Rate limited, waiting 10s...
  Rate limited, waiting 10s...
Fixed 66450 | last: Energy Suspension 90-97 Mazda Miata Red  -> Energy Suspension Suspension 90-97 | BullStrap
  Rate limited, waiting 10s...
  Rate limited, waiting 10s...
  Rate limited, waiting 10s...
  Rate limited, waiting 10s...
  Rate limited, waiting 10s...
  Rate limited, waiting 10s...
Fixed 66500 | last: Maxima V-Twin Oil Change Kit Synthetic w -> Maxima Maxima V-Twin Oil Change Kit Synthetic w/ | BullStrap
  Rate limited, waiting 10s...
  Rate limited, waiting 10s...
  Rate limited, waiting 10s...
Batch done: processed 72000 | fixed 66526 | since_id 10514199544081
  Rate limited, waiting 10s...
  Rate limited, waiting 10s...
  Rate limited, waiting 10s...
Fixed 66550 | last: Skyjacker 4" KIT,87-96 YJ W/4 HYDROS -> Skyjacker Skyjacker 4" KIT, YJ W/4 HYDROS | BullStrap
  Rate limited, waiting 10s...
  Rate limited, waiting 10s...
  Rate limited, waiting 10s...
  Rate limited, waiting 10s...
  Rate limited, waiting 10s...
  Rate limited, waiting 10s...
Fixed 66600 | last: Brembo OE 13-16 Ford Escape/14-18 Transi -> Brembo OE Brembo OE Ford Escape/ Transit Connect | BullStrap
  Rate limited, waiting 10s...
  Rate limited, waiting 10s...
  Rate limited, waiting 10s...
  Rate limited, waiting 10s...
  Rate limited, waiting 10s...
  Rate limited, waiting 10s...
Fixed 66650 | last: K&N 93-09 Honda XR650L Air Filter -> K&N Engineering Air Filter 93-09 | BullStrap
  Rate limited, waiting 10s...
  Rate limited, waiting 10s...
  Rate limited, waiting 10s...
  Rate limited, waiting 10s...
  Rate limited, waiting 10s...
  Rate limited, waiting 10s...
  Rate limited, waiting 10s...
Fixed 66700 | last: Walbro BULK PUMP -> Walbro Walbro BULK PUMP | BullStrap
  Rate limited, waiting 10s...
  Rate limited, waiting 10s...
  Rate limited, waiting 10s...
  Rate limited, waiting 10s...
  Rate limited, waiting 10s...
  Rate limited, waiting 10s...
  Rate limited, waiting 10s...
Batch done: processed 72250 | fixed 66743 | since_id 10515471073553
Fixed 66750 | last: RockJock TJ/LJ/XJ/MJ Johnny Joint Trac B -> RockJock RockJock TJ/LJ/XJ/MJ Johnny Joint Trac  | BullStrap
  Rate limited, waiting 10s...
  Rate limited, waiting 10s...
  Rate limited, waiting 10s...
  Rate limited, waiting 10s...
  Rate limited, waiting 10s...
  Rate limited, waiting 10s...
  Rate limited, waiting 10s...
Fixed 66800 | last: K&N 2018 Harley-Davidson FXLR Low Rider  -> K&N Engineering Air Filter | BullStrap
  Rate limited, waiting 10s...
  Rate limited, waiting 10s...
  Rate limited, waiting 10s...
  Rate limited, waiting 10s...
  Rate limited, waiting 10s...
  Rate limited, waiting 10s...
Fixed 66850 | last: Renthal Revo-F Flat Pedal - Black -> Renthal Renthal Revo-F Flat Pedal - Black | BullStrap
  Rate limited, waiting 10s...
  Rate limited, waiting 10s...
  Rate limited, waiting 10s...
  Rate limited, waiting 10s...
  Rate limited, waiting 10s...
  Rate limited, waiting 10s...
Fixed 66900 | last: Cusco Rear Differential Rigid Mount Coll -> Cusco Cusco Rear Differential Rigid Mount Collar | BullStrap
  Rate limited, waiting 10s...
  Rate limited, waiting 10s...
  Rate limited, waiting 10s...
  Rate limited, waiting 10s...
  Rate limited, waiting 10s...
  Rate limited, waiting 10s...
Fixed 66950 | last: LIQUI MOLY 4L Marine 4T Motor Oil SAE 10 -> LIQUI MOLY LIQUI MOLY 4L Marine 4T Motor Oil SAE | BullStrap
  Rate limited, waiting 10s...
  Rate limited, waiting 10s...
  Rate limited, waiting 10s...
  Rate limited, waiting 10s...
Batch done: processed 72500 | fixed 66983 | since_id 10517386461457
  Rate limited, waiting 10s...
  Rate limited, waiting 10s...
Fixed 67000 | last: SHW 20-21 Porsche Macan GTS 2.9L Right F -> SHW Performance Rotors 20-21 | BullStrap
  Rate limited, waiting 10s...
  Rate limited, waiting 10s...
  Rate limited, waiting 10s...
  Rate limited, waiting 10s...
  Rate limited, waiting 10s...
  Rate limited, waiting 10s...
  Rate limited, waiting 10s...
Fixed 67050 | last: Burly Brand M8 Softail Slammer Shock 12. -> Burly Brand Shocks | BullStrap
  Rate limited, waiting 10s...
  Rate limited, waiting 10s...
  Rate limited, waiting 10s...
  Rate limited, waiting 10s...
  Rate limited, waiting 10s...
  Rate limited, waiting 10s...
Fixed 67100 | last: Prothane 76-86 Jeep CJ5/CJ7 Rear Spring  -> Prothane Prothane Jeep CJ5/CJ7 Rear Spring & Sha | BullStrap
  Rate limited, waiting 10s...
  Rate limited, waiting 10s...
  Rate limited, waiting 10s...
  Rate limited, waiting 10s...
  Rate limited, waiting 10s...
  Rate limited, waiting 10s...
Fixed 67150 | last: Bilstein 20-24 Jeep Gladiator Rear B8 81 -> Bilstein Shocks 20-24 | BullStrap
  Rate limited, waiting 10s...
  Rate limited, waiting 10s...
  Rate limited, waiting 10s...
  Rate limited, waiting 10s...
  Rate limited, waiting 10s...
  Rate limited, waiting 10s...
Fixed 67200 | last: Gaerne SG22 Boot Anthracite/ Black/Red S -> Gaerne Gaerne SG22 Boot Anthracite/ Black/Red Si | BullStrap
  Rate limited, waiting 10s...
  Rate limited, waiting 10s...
  Rate limited, waiting 10s...
Batch done: processed 72750 | fixed 67220 | since_id 10518675357969
  Rate limited, waiting 10s...
  Rate limited, waiting 10s...
  Rate limited, waiting 10s...
Fixed 67250 | last: Rugged Ridge 87-02 Jeep YJ/TJ Black Door -> Rugged Ridge Rugged Ridge Jeep YJ/TJ Black Door  | BullStrap
  Rate limited, waiting 10s...
  Rate limited, waiting 10s...
  Rate limited, waiting 10s...
  Rate limited, waiting 10s...
  Rate limited, waiting 10s...
  Rate limited, waiting 10s...
  Rate limited, waiting 10s...
Fixed 67300 | last: aFe Takeda Momentum Pro 5R Cold Air Inta -> aFe Air Intake | BullStrap
  Rate limited, waiting 10s...
  Rate limited, waiting 10s...
  Rate limited, waiting 10s...
  Rate limited, waiting 10s...
  Rate limited, waiting 10s...
  Rate limited, waiting 10s...
Fixed 67350 | last: Firestone Ride-Rite All-In-One Analog Ki -> Firestone Firestone Ride-Rite All-In-One Analog  | BullStrap
  Rate limited, waiting 10s...
  Rate limited, waiting 10s...
  Rate limited, waiting 10s...
  Rate limited, waiting 10s...
  Rate limited, waiting 10s...
  Rate limited, waiting 10s...
Fixed 67400 | last: ORACLE Lighting LED Illuminated Wheel Ri -> ORACLE Lighting ORACLE Lighting LED Illuminated  | BullStrap
  Rate limited, waiting 10s...
  Rate limited, waiting 10s...
  Rate limited, waiting 10s...
  Rate limited, waiting 10s...
  Rate limited, waiting 10s...
  Rate limited, waiting 10s...
Fixed 67450 | last: Vibrant 1.5in O.D. T304 SS 60 deg Mandre -> Vibrant Vibrant 1.5in O.D. T304 SS 60 deg Mandre | BullStrap
  Rate limited, waiting 10s...
Batch done: processed 73000 | fixed 67459 | since_id 10520043094289
  Rate limited, waiting 10s...
  Rate limited, waiting 10s...
  Rate limited, waiting 10s...
  Rate limited, waiting 10s...
  Rate limited, waiting 10s...
Fixed 67500 | last: Hawk Performance 2025 BMW M4/M8 HPS 5.0  -> Hawk Performance Brake Pads | BullStrap
  Rate limited, waiting 10s...
  Rate limited, waiting 10s...
  Rate limited, waiting 10s...
  Rate limited, waiting 10s...
  Rate limited, waiting 10s...
  Rate limited, waiting 10s...
Fixed 67550 | last: Koni Sport (Yellow) Shock 11+ Fiat 500/A -> KONI Shocks | BullStrap
  Rate limited, waiting 10s...
  Rate limited, waiting 10s...
  Rate limited, waiting 10s...
  Rate limited, waiting 10s...
  Rate limited, waiting 10s...
  Rate limited, waiting 10s...
  Rate limited, waiting 10s...
Fixed 67600 | last: S&S Cycle .0310in Series 94 Intermediate -> S&S Cycle S&S Cycle .0310in Series 94 Intermedia | BullStrap
  Rate limited, waiting 10s...
  Rate limited, waiting 10s...
  Rate limited, waiting 10s...
  Rate limited, waiting 10s...
  Rate limited, waiting 10s...
  Rate limited, waiting 10s...
Fixed 67650 | last: Eibach ERS 7.00 in. Length x 2.50 in. ID -> Eibach Eibach ERS 7.00 in. Length x 2.50 in. ID  | BullStrap
  Rate limited, waiting 10s...
  Rate limited, waiting 10s...
  Rate limited, waiting 10s...
  Rate limited, waiting 10s...
  Rate limited, waiting 10s...
  Rate limited, waiting 10s...
Batch done: processed 73250 | fixed 67697 | since_id 10520918688017
Fixed 67700 | last: ProTaper Full Diamond Clamp-On Grips - N -> ProTaper ProTaper Full Diamond Clamp-On Grips -  | BullStrap
  Rate limited, waiting 10s...
  Rate limited, waiting 10s...
  Rate limited, waiting 10s...
  Rate limited, waiting 10s...
  Rate limited, waiting 10s...
  Rate limited, waiting 10s...
Fixed 67750 | last: Volant 12-14 Toyota Tacoma 4.0L Pro5 Air -> Volant Air Intake 12-14 | BullStrap
  Rate limited, waiting 10s...
  Rate limited, waiting 10s...
  Rate limited, waiting 10s...
  Rate limited, waiting 10s...
  Rate limited, waiting 10s...
  Rate limited, waiting 10s...
Fixed 67800 | last: Cognito 01-13 Chevy/GMC Silv/Sierra 2500 -> Cognito Lift Kit 01-13 | BullStrap
  Rate limited, waiting 10s...
  Rate limited, waiting 10s...
  Rate limited, waiting 10s...
  Rate limited, waiting 10s...
  Rate limited, waiting 10s...
  Rate limited, waiting 10s...
  Rate limited, waiting 10s...
Fixed 67850 | last: Race Ramps Scale Ramps - 8.7 Degree Appr -> Race Ramps Race Ramps Scale Ramps - 8.7 Degree A | BullStrap
  Rate limited, waiting 10s...
  Rate limited, waiting 10s...
  Rate limited, waiting 10s...
  Rate limited, waiting 10s...
  Rate limited, waiting 10s...
  Rate limited, waiting 10s...
Fixed 67900 | last: Bilstein B4 1979 Saab 900 EMS Front Twin -> Bilstein Shocks | BullStrap
  Rate limited, waiting 10s...
  Rate limited, waiting 10s...
  Rate limited, waiting 10s...
  Rate limited, waiting 10s...
Batch done: processed 73500 | fixed 67933 | since_id 10522231669009
  Rate limited, waiting 10s...
  Rate limited, waiting 10s...
Fixed 67950 | last: MGP 4 Caliper Covers Engraved Front & Re -> MGP MGP 4 Caliper Covers Engraved Front & Rear H | BullStrap
  Rate limited, waiting 10s...
  Rate limited, waiting 10s...
  Rate limited, waiting 10s...
  Rate limited, waiting 10s...
  Rate limited, waiting 10s...
  Rate limited, waiting 10s...
Fixed 68000 | last: Vibrant -3AN 30 Degree High Flow Hose En -> Vibrant Vibrant -3AN 30 Degree High Flow Hose En | BullStrap
  Rate limited, waiting 10s...
  Rate limited, waiting 10s...
  Rate limited, waiting 10s...
  Rate limited, waiting 10s...
  Rate limited, waiting 10s...
  Rate limited, waiting 10s...
  Rate limited, waiting 10s...
Fixed 68050 | last: King Engine Bearings Mini W10B16A/W11B16 -> King Engine Bearings King Engine Bearings Mini W | BullStrap
  Rate limited, waiting 10s...
  Rate limited, waiting 10s...
  Rate limited, waiting 10s...
  Rate limited, waiting 10s...
  Rate limited, waiting 10s...
  Rate limited, waiting 10s...
Fixed 68100 | last: DBA 05-12 Corvette C6 w/Z06 pkg Front Dr -> DBA Rotors 05-12 | BullStrap
  Rate limited, waiting 10s...
  Rate limited, waiting 10s...
  Rate limited, waiting 10s...
  Rate limited, waiting 10s...
  Rate limited, waiting 10s...
  Rate limited, waiting 10s...
Fixed 68150 | last: SuperPro Rover-Sw/Bar To Chas Mt -> Superpro SuperPro Rover-Sw/Bar To Chas Mt | BullStrap
  Rate limited, waiting 10s...
  Rate limited, waiting 10s...
Batch done: processed 73750 | fixed 68164 | since_id 10524387836177
  Rate limited, waiting 10s...
  Rate limited, waiting 10s...
  Rate limited, waiting 10s...
  Rate limited, waiting 10s...
Fixed 68200 | last: SuperPro Diff Mount Bushing Kit -> Superpro SuperPro Diff Mount Bushing Kit | BullStrap
  Rate limited, waiting 10s...
  Rate limited, waiting 10s...
  Rate limited, waiting 10s...
  Rate limited, waiting 10s...
  Rate limited, waiting 10s...
  Rate limited, waiting 10s...
  Rate limited, waiting 10s...
Fixed 68250 | last: Forgestar F14 19x12 / 5x120.65 BP / ET50 -> Forgestar Forgestar F14 19x12 / 5x120.65 BP / ET | BullStrap
  Rate limited, waiting 10s...
  Rate limited, waiting 10s...
  Rate limited, waiting 10s...
  Rate limited, waiting 10s...
  Rate limited, waiting 10s...
Fixed 68300 | last: Koyo 86-88 Mazda RX-7 FC NA/Turbo (MT) R -> Koyo Turbo 86-88 | BullStrap
  Rate limited, waiting 10s...
  Rate limited, waiting 10s...
  Rate limited, waiting 10s...
  Rate limited, waiting 10s...
  Rate limited, waiting 10s...
Fixed 68350 | last: Koyo 19 Row Oil Cooler 11.25in x 5.75in  -> Koyo Koyo 19 Row Oil Cooler 11.25in x 5.75in x 2 | BullStrap
  Rate limited, waiting 10s...
  Rate limited, waiting 10s...
Batch done: processed 74000 | fixed 68373 | since_id 10526859231505
  Rate limited, waiting 10s...
  Rate limited, waiting 10s...
Fixed 68400 | last: All Balls Racing 17-23 Honda Pioneer 500 -> All Balls Racing All Balls Racing Honda Pioneer  | BullStrap
  Rate limited, waiting 10s...
  Rate limited, waiting 10s...
  Rate limited, waiting 10s...
  Rate limited, waiting 10s...
Fixed 68450 | last: Mustang 23-25 Harley CVO Rd Glide Std, S -> Mustang Motorcycle Mustang Harley CVO Rd Glide S | BullStrap
  Rate limited, waiting 10s...
  Rate limited, waiting 10s...
  Rate limited, waiting 10s...
  Rate limited, waiting 10s...
  Rate limited, waiting 10s...
Fixed 68500 | last: Bilstein B8 5100 Series 02-12 Jeep Liber -> Bilstein Shocks 02-12 | BullStrap
  Rate limited, waiting 10s...
  Rate limited, waiting 10s...
  Rate limited, waiting 10s...
  Rate limited, waiting 10s...
Fixed 68550 | last: RK Chain CC525ZXW-120L XW-Ring - Chrome -> RK Chain RK Chain CC525ZXW-120L XW-Ring - Chrome | BullStrap
  Rate limited, waiting 10s...
  Rate limited, waiting 10s...
  Rate limited, waiting 10s...
Batch done: processed 74250 | fixed 68593 | since_id 10531438002449
  Rate limited, waiting 10s...
  Rate limited, waiting 10s...
Fixed 68600 | last: Performance Machine 08-23 FL,18-24 M8 So -> Performance Machine Performance Machine FL, M8 S | BullStrap
  Rate limited, waiting 10s...
  Rate limited, waiting 10s...
  Rate limited, waiting 10s...
  Rate limited, waiting 10s...
  Rate limited, waiting 10s...
  Rate limited, waiting 10s...
Fixed 68650 | last: BAK 14-19 GM Silverado/Sierra 1500 & 15- -> BAK BAK GM Silverado/Sierra 1500 & 2500/3500 6.7 | BullStrap
  Rate limited, waiting 10s...
  Rate limited, waiting 10s...
  Rate limited, waiting 10s...
  Rate limited, waiting 10s...
Fixed 68700 | last: BMR 24-25 Ford Mustang S650 Chassis Brac -> BMR Suspension BMR Ford Mustang S650 Chassis Bra | BullStrap
  Rate limited, waiting 10s...
  Rate limited, waiting 10s...
  Rate limited, waiting 10s...
  Rate limited, waiting 10s...
  Rate limited, waiting 10s...
Fixed 68750 | last: DBA 13-20 Subaru BRZ (w/Vented Rear Roto -> DBA Rotors 13-20 | BullStrap
  Rate limited, waiting 10s...
  Rate limited, waiting 10s...
Batch done: processed 74500 | fixed 68769 | since_id 10532002365713
  Rate limited, waiting 10s...
  Rate limited, waiting 10s...
  Rate limited, waiting 10s...
  Rate limited, waiting 10s...
  Rate limited, waiting 10s...
  Rate limited, waiting 10s...
Fixed 68800 | last: EPI 05+ Polaris 300-800 Ranger/Sportsman -> EPI EPI 05+ Polaris Ranger/Sportsman Wheel Beari | BullStrap
  Rate limited, waiting 10s...
  Rate limited, waiting 10s...
  Rate limited, waiting 10s...
  Rate limited, waiting 10s...
Fixed 68850 | last: Ferrea 84-98 Harley-Davidson Evolution 2 -> Ferrea Ferrea Harley-Davidson Evolution 2in Head | BullStrap
  Rate limited, waiting 10s...
  Rate limited, waiting 10s...
  Rate limited, waiting 10s...
  Rate limited, waiting 10s...
  Rate limited, waiting 10s...
  Rate limited, waiting 10s...
  Rate limited, waiting 10s...
  Rate limited, waiting 10s...
Fixed 68900 | last: KC HiLiTES Platform One Rooftop Tent Mou -> KC HiLiTES KC HiLiTES Platform One Rooftop Tent  | BullStrap
  Rate limited, waiting 10s...
  Rate limited, waiting 10s...
Batch done: processed 74750 | fixed 68930 | since_id 10532058038545
  Rate limited, waiting 10s...
  Rate limited, waiting 10s...
Fixed 68950 | last: Manley Chevrolet Small Block 4.040in Bor -> Manley Performance Manley Chevrolet Small Block  | BullStrap
  Rate limited, waiting 10s...
  Rate limited, waiting 10s...
  Rate limited, waiting 10s...
  Rate limited, waiting 10s...
  Rate limited, waiting 10s...
  Rate limited, waiting 10s...
  Rate limited, waiting 10s...
Fixed 69000 | last: Power Stop 2024+ Ford Mustang Front Z23  -> PowerStop Brake Pads 2024+ | BullStrap
  Rate limited, waiting 10s...
  Rate limited, waiting 10s...
  Rate limited, waiting 10s...
  Rate limited, waiting 10s...
  Rate limited, waiting 10s...
Fixed 69050 | last: Revolution Gear & Axle 07-18 Jeep Wrangl -> Revolution Gear & Axle Revolution Gear & Axle Je | BullStrap
  Rate limited, waiting 10s...
  Rate limited, waiting 10s...
  Rate limited, waiting 10s...
  Rate limited, waiting 10s...
  Rate limited, waiting 10s...
  Rate limited, waiting 10s...
  Rate limited, waiting 10s...
Fixed 69100 | last: aFe 09-17 Chevrolet Traverse 3.6L V6 Mag -> aFe Air Filter 09-17 | BullStrap
  Rate limited, waiting 10s...
Batch done: processed 75000 | fixed 69102 | since_id 10532367827217
  Rate limited, waiting 10s...
  Rate limited, waiting 10s...
  Rate limited, waiting 10s...
  Rate limited, waiting 10s...
  Rate limited, waiting 10s...
  Rate limited, waiting 10s...
  Rate limited, waiting 10s...
  Rate limited, waiting 10s...
  Rate limited, waiting 10s...
  Rate limited, waiting 10s...
Fixed 69150 | last: Diode Dynamics 9005/9011/H10 White SL2 L -> Diode Dynamics Diode Dynamics 9005/9011/H10 Whit | BullStrap
  Rate limited, waiting 10s...
  Rate limited, waiting 10s...
  Rate limited, waiting 10s...
  Rate limited, waiting 10s...
  Rate limited, waiting 10s...
Fixed 69200 | last: Akrapovic 2023 Audi RS6 Avant (C8) Evolu -> Akrapovic Akrapovic 2023 Audi RS6 Avant (C8) Evo | BullStrap
  Rate limited, waiting 10s...
  Rate limited, waiting 10s...
  Rate limited, waiting 10s...
  Rate limited, waiting 10s...
  Rate limited, waiting 10s...
  Rate limited, waiting 10s...
Fixed 69250 | last: NRG Quick Release Kit Gen 2.5 - New Blue -> NRG NRG Quick Release Kit Gen 2.5 - New Blue Bod | BullStrap
  Rate limited, waiting 10s...
  Rate limited, waiting 10s...
  Rate limited, waiting 10s...
  Rate limited, waiting 10s...
Batch done: processed 75250 | fixed 69282 | since_id 10534248055057
  Rate limited, waiting 10s...
  Rate limited, waiting 10s...
Fixed 69300 | last: Hot Rods 20-21 RZR Turbo Pro XP 925cc/20 -> Hot Rods Turbo 20-21 | BullStrap
  Rate limited, waiting 10s...
  Rate limited, waiting 10s...
  Rate limited, waiting 10s...
  Rate limited, waiting 10s...
  Rate limited, waiting 10s...
  Rate limited, waiting 10s...
Fixed 69350 | last: Synergy Jeep JL/JLU Rear Brake Lines -> Synergy Mfg Synergy Jeep JL/JLU Rear Brake Lines | BullStrap
  Rate limited, waiting 10s...
  Rate limited, waiting 10s...
  Rate limited, waiting 10s...
  Rate limited, waiting 10s...
  Rate limited, waiting 10s...
  Rate limited, waiting 10s...
Fixed 69400 | last: Eaton Detroit Truetrac Differential 35 S -> Eaton Eaton Detroit Truetrac Differential 35 Spl | BullStrap
  Rate limited, waiting 10s...
  Rate limited, waiting 10s...
  Rate limited, waiting 10s...
  Rate limited, waiting 10s...
  Rate limited, waiting 10s...
  Rate limited, waiting 10s...
  Rate limited, waiting 10s...
Fixed 69450 | last: Renthal Team Clean Grip - Green/White/Bl -> Renthal Renthal Team Clean Grip - Green/White/Bl | BullStrap
  Rate limited, waiting 10s...
  Rate limited, waiting 10s...
  Rate limited, waiting 10s...
  Rate limited, waiting 10s...
  Rate limited, waiting 10s...
  Rate limited, waiting 10s...
Fixed 69500 | last: Bilstein 18-25 Jeep Wrangler B8 5160 Rea -> Bilstein Shocks 18-25 | BullStrap
  Rate limited, waiting 10s...
  Rate limited, waiting 10s...
Batch done: processed 75500 | fixed 69517 | since_id 10537194225937
  Rate limited, waiting 10s...
  Rate limited, waiting 10s...
  Rate limited, waiting 10s...
  Rate limited, waiting 10s...
Fixed 69550 | last: Kenda K530 Pathfinder Rear Tire - 22x11- -> Kenda Kenda K530 Pathfinder Rear Tire - 22x11-9  | BullStrap
  Rate limited, waiting 10s...
  Rate limited, waiting 10s...
  Rate limited, waiting 10s...
  Rate limited, waiting 10s...
  Rate limited, waiting 10s...
  Rate limited, waiting 10s...
Fixed 69600 | last: Turbo XS 15-16 Subaru WRX/STI Billet Alu -> Turbo XS Turbo 15-16 | BullStrap
  Rate limited, waiting 10s...
  Rate limited, waiting 10s...
  Rate limited, waiting 10s...
  Rate limited, waiting 10s...
  Rate limited, waiting 10s...
  Rate limited, waiting 10s...
  Rate limited, waiting 10s...
Fixed 69650 | last: K&N Oil Filter 08-17 Harley-Davidson VRS -> K&N Engineering K&N Oil Filter Harley-Davidson V | BullStrap
  Rate limited, waiting 10s...
  Rate limited, waiting 10s...
  Rate limited, waiting 10s...
  Rate limited, waiting 10s...
  Rate limited, waiting 10s...
  Rate limited, waiting 10s...
Fixed 69700 | last: DEI Fire Sleeve 5/8in I.D. x 100ft Spool -> DEI DEI Fire Sleeve 5/8in I.D. x 100ft Spool | BullStrap
  Rate limited, waiting 10s...
  Rate limited, waiting 10s...
  Rate limited, waiting 10s...
  Rate limited, waiting 10s...
  Rate limited, waiting 10s...
  Rate limited, waiting 10s...
Fixed 69750 | last: VMP Performance 18+ Intake Mani Gen 2 Co -> VMP Performance VMP Performance 18+ Intake Mani  | BullStrap
  Rate limited, waiting 10s...
Batch done: processed 75750 | fixed 69754 | since_id 10539017208081
  Rate limited, waiting 10s...
  Rate limited, waiting 10s...
  Rate limited, waiting 10s...
  Rate limited, waiting 10s...
  Rate limited, waiting 10s...
Fixed 69800 | last: Mahle OE 10-16 GMC 6.6L Duramax (Set of  -> Mahle OE Mahle OE GMC 6.6L Duramax (Set of 8) | BullStrap
  Rate limited, waiting 10s...
  Rate limited, waiting 10s...
  Rate limited, waiting 10s...
  Rate limited, waiting 10s...
  Rate limited, waiting 10s...
  Rate limited, waiting 10s...
Fixed 69850 | last: Clutch Masters Seal Kit for 4 Post Hydra -> Clutch Masters Clutch Masters Seal Kit for 4 Pos | BullStrap
  Rate limited, waiting 10s...
  Rate limited, waiting 10s...
  Rate limited, waiting 10s...
  Rate limited, waiting 10s...
  Rate limited, waiting 10s...
  Rate limited, waiting 10s...
Fixed 69900 | last: Moroso Racing Radiator Cap - 38-42 PSI -> Moroso Radiator 38-42 | BullStrap
  Rate limited, waiting 10s...
  Rate limited, waiting 10s...
  Rate limited, waiting 10s...
  Rate limited, waiting 10s...
  Rate limited, waiting 10s...
  Rate limited, waiting 10s...
  Rate limited, waiting 10s...
Fixed 69950 | last: Torque Solution Engine Coolant Pipe Kit: -> Torque Solution Turbo | BullStrap
  Rate limited, waiting 10s...
  Rate limited, waiting 10s...
  Rate limited, waiting 10s...
  Rate limited, waiting 10s...
  Rate limited, waiting 10s...
Batch done: processed 76000 | fixed 69993 | since_id 10541374472465
  Rate limited, waiting 10s...
Fixed 70000 | last: DBA 08-10 STi/2017 BRZ w/Perf. Pkg. Dual -> DBA Rotors 08-10 | BullStrap
  Rate limited, waiting 10s...
  Rate limited, waiting 10s...
  Rate limited, waiting 10s...
  Rate limited, waiting 10s...
  Rate limited, waiting 10s...
  Rate limited, waiting 10s...
Fixed 70050 | last: Cusco Rear Differential Cover Blue Incre -> Cusco Cusco Rear Differential Cover Blue Increas | BullStrap
  Rate limited, waiting 10s...
  Rate limited, waiting 10s...
  Rate limited, waiting 10s...
  Rate limited, waiting 10s...
  Rate limited, waiting 10s...
  Rate limited, waiting 10s...
Fixed 70100 | last: Speed and Strength Cat Outa Hell Hoody G -> Speed and Strength Speed and Strength Cat Outa H | BullStrap
  Rate limited, waiting 10s...
  Rate limited, waiting 10s...
  Rate limited, waiting 10s...
  Rate limited, waiting 10s...
  Rate limited, waiting 10s...
  Rate limited, waiting 10s...
  Rate limited, waiting 10s...
Fixed 70150 | last: Wilwood 2021+ Ford Raptor Flexline Kit 3 -> Wilwood Wilwood Ford Raptor Flexline Kit 30in. - | BullStrap
  Rate limited, waiting 10s...
  Rate limited, waiting 10s...
  Rate limited, waiting 10s...
  Rate limited, waiting 10s...
  Rate limited, waiting 10s...
  Rate limited, waiting 10s...
Fixed 70200 | last: ARP Ford 289-302 7/16 inch Hex Head Stud -> ARP ARP Ford 7/16 inch Hex Head Stud Kit | BullStrap
  Rate limited, waiting 10s...
  Rate limited, waiting 10s...
  Rate limited, waiting 10s...
Batch done: processed 76250 | fixed 70224 | since_id 10542652227857
  Rate limited, waiting 10s...
  Rate limited, waiting 10s...
  Rate limited, waiting 10s...
Fixed 70250 | last: ARP Chevy Small Block SLI Cracked Rod Ro -> ARP ARP Chevy Small Block SLI Cracked Rod Rod Bo | BullStrap
  Rate limited, waiting 10s...
  Rate limited, waiting 10s...
  Rate limited, waiting 10s...
  Rate limited, waiting 10s...
  Rate limited, waiting 10s...
  Rate limited, waiting 10s...
  Rate limited, waiting 10s...
Fixed 70300 | last: Mishimoto Wheel Spacers - 5x100 - 56.1 - -> Mishimoto Wheel Spacers | BullStrap
  Rate limited, waiting 10s...
  Rate limited, waiting 10s...
  Rate limited, waiting 10s...
  Rate limited, waiting 10s...
  Rate limited, waiting 10s...
Fixed 70350 | last: Cometic 85-06 Harley-Davidson FLT/FXR .0 -> Cometic Gasket Cometic Harley-Davidson FLT/FXR . | BullStrap
  Rate limited, waiting 10s...
  Rate limited, waiting 10s...
  Rate limited, waiting 10s...
  Rate limited, waiting 10s...
  Rate limited, waiting 10s...
  Rate limited, waiting 10s...
  Rate limited, waiting 10s...
Fixed 70400 | last: Bikers Choice 96-06 Big Twin 96-03 XL Wi -> Bikers Choice Bikers Choice Big Twin XL With 9/1 | BullStrap
  Rate limited, waiting 10s...
  Rate limited, waiting 10s...
  Rate limited, waiting 10s...
  Rate limited, waiting 10s...
  Rate limited, waiting 10s...
  Rate limited, waiting 10s...
Fixed 70450 | last: K&N Replacement Air Filter 10-13 Audi A8 -> K&N Engineering Air Filter 10-13 | BullStrap
  Rate limited, waiting 10s...
Batch done: processed 76500 | fixed 70459 | since_id 10545556914449
  Rate limited, waiting 10s...
  Rate limited, waiting 10s...
  Rate limited, waiting 10s...
  Rate limited, waiting 10s...
Fixed 70500 | last: Renthal 2025 KTM 65 Rear Chain Wheel - O -> Renthal Renthal 2025 KTM 65 Rear Chain Wheel - O | BullStrap
  Rate limited, waiting 10s...
  Rate limited, waiting 10s...
  Rate limited, waiting 10s...
  Rate limited, waiting 10s...
  Rate limited, waiting 10s...
  Rate limited, waiting 10s...
Fixed 70550 | last: Westin 21-23 Ford Bronco 4dr (Excl. Bron -> Westin Westin Ford Bronco 4dr (Excl. Bronco Spor | BullStrap
  Rate limited, waiting 10s...
  Rate limited, waiting 10s...
  Rate limited, waiting 10s...
  Rate limited, waiting 10s...
  Rate limited, waiting 10s...
  Rate limited, waiting 10s...
  Rate limited, waiting 10s...
Fixed 70600 | last: EBC S5 Brake Pad and Rotor Kit -> EBC Brake Pads | BullStrap
  Rate limited, waiting 10s...
  Rate limited, waiting 10s...
  Rate limited, waiting 10s...
  Rate limited, waiting 10s...
  Rate limited, waiting 10s...
  Rate limited, waiting 10s...
Fixed 70650 | last: xTune Toyota Tacoma 12-15 Headlights - L -> SPYDER xTune Toyota Tacoma Headlights - Light Ba | BullStrap
  Rate limited, waiting 10s...
  Rate limited, waiting 10s...
  Rate limited, waiting 10s...
  Rate limited, waiting 10s...
  Rate limited, waiting 10s...
  Rate limited, waiting 10s...
Batch done: processed 76750 | fixed 70696 | since_id 10549622833425
Fixed 70700 | last: Mishimoto Braid Spreader for PTFE -> Mishimoto Mishimoto Braid Spreader for PTFE | BullStrap
  Rate limited, waiting 10s...
  Rate limited, waiting 10s...
  Rate limited, waiting 10s...
  Rate limited, waiting 10s...
  Rate limited, waiting 10s...
  Rate limited, waiting 10s...
Fixed 70750 | last: EBC S6 Kits Bluestuff Pads and GD Rotors -> EBC Rotors | BullStrap
  Rate limited, waiting 10s...
  Rate limited, waiting 10s...
  Rate limited, waiting 10s...
  Rate limited, waiting 10s...
  Rate limited, waiting 10s...
  Rate limited, waiting 10s...
Fixed 70800 | last: Konig Dial In 15x7 4x100 ET35 Matte Grey -> Konig Konig Dial In 15x7 4x100 ET35 Matte Grey | BullStrap
  Rate limited, waiting 10s...
  Rate limited, waiting 10s...
  Rate limited, waiting 10s...
  Rate limited, waiting 10s...
  Rate limited, waiting 10s...
  Rate limited, waiting 10s...
  Rate limited, waiting 10s...
Fixed 70850 | last: All Balls Racing 2018 Sportsman 450 HD 2 -> All Balls Racing All Balls Racing 2018 Sportsman | BullStrap
  Rate limited, waiting 10s...
  Rate limited, waiting 10s...
  Rate limited, waiting 10s...
  Rate limited, waiting 10s...
  Rate limited, waiting 10s...
  Rate limited, waiting 10s...
Fixed 70900 | last: Skyjacker 2022+ Toyota Tundra 3in Lift K -> Skyjacker Lift Kit 2022+ | BullStrap
  Rate limited, waiting 10s...
  Rate limited, waiting 10s...
  Rate limited, waiting 10s...
  Rate limited, waiting 10s...
Batch done: processed 77000 | fixed 70931 | since_id 10557671997713
  Rate limited, waiting 10s...
  Rate limited, waiting 10s...
Fixed 70950 | last: QA1 2-1/2in ID High Travel Spring - 12in -> QA1 QA1 2-1/2in ID High Travel Spring - 12in Len | BullStrap
  Rate limited, waiting 10s...
  Rate limited, waiting 10s...
  Rate limited, waiting 10s...
  Rate limited, waiting 10s...
  Rate limited, waiting 10s...
  Rate limited, waiting 10s...
  Rate limited, waiting 10s...
Fixed 71000 | last: Boundary Honda 1.8L I4 High Flow Billet  -> Boundary Boundary Honda 1.8L I4 High Flow Billet | BullStrap
  Rate limited, waiting 10s...
  Rate limited, waiting 10s...
  Rate limited, waiting 10s...
  Rate limited, waiting 10s...
  Rate limited, waiting 10s...
  Rate limited, waiting 10s...
Fixed 71050 | last: Torque Solution 02-07 Subaru WRX / 04-21 -> Torque Solution Turbo 02-07 | BullStrap
  Rate limited, waiting 10s...
  Rate limited, waiting 10s...
  Rate limited, waiting 10s...
  Rate limited, waiting 10s...
  Rate limited, waiting 10s...
  Rate limited, waiting 10s...
Fixed 71100 | last: Konig Hypergram 18x8.5 5x114.3 ET35 Race -> Konig Konig Hypergram 18x8.5 5x114.3 ET35 Race B | BullStrap
  Rate limited, waiting 10s...
  Rate limited, waiting 10s...
  Rate limited, waiting 10s...
  Rate limited, waiting 10s...
  Rate limited, waiting 10s...
  Rate limited, waiting 10s...
Fixed 71150 | last: Atturo AZ 610 Tire - 275/55R20 117V XL -> Atturo Tire Atturo AZ 610 Tire - 275/55R20 117V  | BullStrap
  Rate limited, waiting 10s...
  Rate limited, waiting 10s...
Batch done: processed 77250 | fixed 71166 | since_id 10569911140625
  Rate limited, waiting 10s...
  Rate limited, waiting 10s...
  Rate limited, waiting 10s...
  Rate limited, waiting 10s...
Fixed 71200 | last: SPC Performance Control Arm Hardware -> SPC Performance Control Arms | BullStrap
  Rate limited, waiting 10s...
  Rate limited, waiting 10s...
  Rate limited, waiting 10s...
  Rate limited, waiting 10s...
  Rate limited, waiting 10s...
  Rate limited, waiting 10s...
Fixed 71250 | last: Nankang CR-S Tire V2 - 245/40ZR15 92W XL -> Nankang Nankang CR-S Tire V2 - 245/40ZR15 92W XL | BullStrap
  Rate limited, waiting 10s...
  Rate limited, waiting 10s...
  Rate limited, waiting 10s...
  Rate limited, waiting 10s...
  Rate limited, waiting 10s...
  Rate limited, waiting 10s...
  Rate limited, waiting 10s...
Fixed 71300 | last: Wilwood Narrow Superlite 4R Front Kit 12 -> Wilwood Wilwood Narrow Superlite 4R Front Kit 12 | BullStrap
  Rate limited, waiting 10s...
  Rate limited, waiting 10s...
  Rate limited, waiting 10s...
  Rate limited, waiting 10s...
  Rate limited, waiting 10s...
  Rate limited, waiting 10s...
Fixed 71350 | last: Raceline Conical Lug Nuts - 3/8in-24 - 1 -> Raceline Raceline Conical Lug Nuts - 3/8in-24 -  | BullStrap
  Rate limited, waiting 10s...
  Rate limited, waiting 10s...
  Rate limited, waiting 10s...
  Rate limited, waiting 10s...
  Rate limited, waiting 10s...
  Rate limited, waiting 10s...
Fixed 71400 | last: QuadBoss 11-13 Can-Am Commander 1000 DPS -> QuadBoss QuadBoss Can-Am Commander 1000 DPS (02) | BullStrap
  Rate limited, waiting 10s...
Batch done: processed 77500 | fixed 71404 | since_id 10577419895057
  Rate limited, waiting 10s...
  Rate limited, waiting 10s...
  Rate limited, waiting 10s...
  Rate limited, waiting 10s...
  Rate limited, waiting 10s...
Fixed 71450 | last: EBC S5 Brake Pad and Rotor Kit -> EBC Brake Pads | BullStrap
  Rate limited, waiting 10s...
  Rate limited, waiting 10s...
  Rate limited, waiting 10s...
  Rate limited, waiting 10s...
  Rate limited, waiting 10s...
  Rate limited, waiting 10s...
  Rate limited, waiting 10s...
Fixed 71500 | last: SuperPro Nissan 200Sx- F Sway Bar Chassi -> Superpro Sway Bar | BullStrap
  Rate limited, waiting 10s...
  Rate limited, waiting 10s...
  Rate limited, waiting 10s...
  Rate limited, waiting 10s...
  Rate limited, waiting 10s...
  Rate limited, waiting 10s...
Fixed 71550 | last: Westin 07-18 Chevy Silverado 1500 (Exl.  -> Westin Westin Chevy Silverado 1500 (Exl. Classic | BullStrap
  Rate limited, waiting 10s...
  Rate limited, waiting 10s...
  Rate limited, waiting 10s...
  Rate limited, waiting 10s...
  Rate limited, waiting 10s...
  Rate limited, waiting 10s...
Fixed 71600 | last: DeatschWerks 10AN ORB Male to 5/16in Mal -> DeatschWerks DeatschWerks 10AN ORB Male to 5/16i | BullStrap
  Rate limited, waiting 10s...
  Rate limited, waiting 10s...
  Rate limited, waiting 10s...
  Rate limited, waiting 10s...
  Rate limited, waiting 10s...
Batch done: processed 77750 | fixed 71639 | since_id 10584757141777
  Rate limited, waiting 10s...
Fixed 71650 | last: Borne Off-Road Wheel Spacers 8x180 124.1 -> Borne Off-Road Wheel Spacers | BullStrap
  Rate limited, waiting 10s...
  Rate limited, waiting 10s...
  Rate limited, waiting 10s...
  Rate limited, waiting 10s...
  Rate limited, waiting 10s...
  Rate limited, waiting 10s...
Fixed 71700 | last: StopTech Performance 99-08 VW Jetta / 5/ -> Stoptech Brake Pads 99-08 | BullStrap
  Rate limited, waiting 10s...
  Rate limited, waiting 10s...
  Rate limited, waiting 10s...
  Rate limited, waiting 10s...
  Rate limited, waiting 10s...
  Rate limited, waiting 10s...
  Rate limited, waiting 10s...
Fixed 71750 | last: Hella Bulb 5007 12V 5W Ba15S B6 (2) -> Hella Hella Bulb 5007 12V 5W Ba15S B6 (2) | BullStrap
  Rate limited, waiting 10s...
  Rate limited, waiting 10s...
  Rate limited, waiting 10s...
  Rate limited, waiting 10s...
  Rate limited, waiting 10s...
  Rate limited, waiting 10s...
Fixed 71800 | last: Burly Brand Voyager Sissy Bar Backpack - -> Burly Brand Burly Brand Voyager Sissy Bar Backpa | BullStrap
  Rate limited, waiting 10s...
  Rate limited, waiting 10s...
  Rate limited, waiting 10s...
  Rate limited, waiting 10s...
  Rate limited, waiting 10s...
  Rate limited, waiting 10s...
Fixed 71850 | last: ACT 93-95 Mazda RX-7 FD Mod-Twin 225 HD  -> ACT ACT Mazda RX-7 FD Mod-Twin 225 HD Sprung Str | BullStrap
  Rate limited, waiting 10s...
  Rate limited, waiting 10s...
  Rate limited, waiting 10s...
Batch done: processed 78000 | fixed 71878 | since_id 10594724905233
  Rate limited, waiting 10s...
  Rate limited, waiting 10s...
  Rate limited, waiting 10s...
Fixed 71900 | last: Turbosmart IWG75 2016+ Ford Focus RS 2.3 -> Turbosmart Turbo 2016+ | BullStrap
  Rate limited, waiting 10s...
  Rate limited, waiting 10s...
  Rate limited, waiting 10s...
  Rate limited, waiting 10s...
  Rate limited, waiting 10s...
  Rate limited, waiting 10s...
Fixed 71950 | last: AlphaRex 23-25 Nissan Z Nova-Series Quad -> AlphaRex AlphaRex Nissan Z Nova-Series Quad-Loop | BullStrap
  Rate limited, waiting 10s...
  Rate limited, waiting 10s...
  Rate limited, waiting 10s...
  Rate limited, waiting 10s...
  Rate limited, waiting 10s...
  Rate limited, waiting 10s...
Fixed 72000 | last: aFe 23-25 BMW M2 (G87) CONTROL Front / R -> aFe aFe BMW M2 (G87) CONTROL Front / Rear Tow Ho | BullStrap
  Rate limited, waiting 10s...
  Rate limited, waiting 10s...
  Rate limited, waiting 10s...
  Rate limited, waiting 10s...
  Rate limited, waiting 10s...
  Rate limited, waiting 10s...
  Rate limited, waiting 10s...
Fixed 72050 | last: xTune Dodge Ram 1500 94-01 Tail Lights - -> SPYDER xTune Dodge Ram 1500 Tail Lights - Light  | BullStrap
  Rate limited, waiting 10s...
  Rate limited, waiting 10s...
  Rate limited, waiting 10s...
  Rate limited, waiting 10s...
  Rate limited, waiting 10s...
  Rate limited, waiting 10s...
Fixed 72100 | last: EBC Highly Refined Dot 4 Racing Brake Fl -> EBC EBC Highly Refined Dot 4 Racing Brake Fluid  | BullStrap
  Rate limited, waiting 10s...
  Rate limited, waiting 10s...
Batch done: processed 78250 | fixed 72115 | since_id 10614473687313
  Rate limited, waiting 10s...
  Rate limited, waiting 10s...
  Rate limited, waiting 10s...
  Rate limited, waiting 10s...
Fixed 72150 | last: Maxxis Ceros Tire - 26X11R14 6PR -> Maxxis Maxxis Ceros Tire - 26X11R14 6PR | BullStrap
  Rate limited, waiting 10s...
  Rate limited, waiting 10s...
  Rate limited, waiting 10s...
  Rate limited, waiting 10s...
  Rate limited, waiting 10s...
  Rate limited, waiting 10s...
Fixed 72200 | last: Method MR703 17x9 / -12mm Offset / 106.2 -> Method Wheels Method MR703 17x9 / -12mm Offset / | BullStrap
  Rate limited, waiting 10s...
  Rate limited, waiting 10s...
  Rate limited, waiting 10s...
  Rate limited, waiting 10s...
  Rate limited, waiting 10s...
  Rate limited, waiting 10s...
  Rate limited, waiting 10s...
Fixed 72250 | last: SuperPro Chrysler Sway Bar Mount Bushing -> Superpro Sway Bar | BullStrap
  Rate limited, waiting 10s...
  Rate limited, waiting 10s...
  Rate limited, waiting 10s...
  Rate limited, waiting 10s...
  Rate limited, waiting 10s...
  Rate limited, waiting 10s...
Fixed 72300 | last: Konig Hexaform 15x8 4x100 ET25 Matte Bro -> Konig Konig Hexaform 15x8 4x100 ET25 Matte Bronz | BullStrap
  Rate limited, waiting 10s...
  Rate limited, waiting 10s...
  Rate limited, waiting 10s...
  Rate limited, waiting 10s...
  Rate limited, waiting 10s...
  Rate limited, waiting 10s...
Batch done: processed 78500 | fixed 72347 | since_id 10617799442705
Fixed 72350 | last: ANZO 2009-2018 Dodge Ram 1500 Projector  -> ANZO ANZO Dodge Ram 1500 Projector Headlights Pl | BullStrap
  Rate limited, waiting 10s...
  Rate limited, waiting 10s...
  Rate limited, waiting 10s...
  Rate limited, waiting 10s...
  Rate limited, waiting 10s...
  Rate limited, waiting 10s...
Fixed 72400 | last: Skyjacker Jeep TJ/LJ 4in Dual Rate Long  -> Skyjacker Shocks | BullStrap
  Rate limited, waiting 10s...
  Rate limited, waiting 10s...
  Rate limited, waiting 10s...
  Rate limited, waiting 10s...
  Rate limited, waiting 10s...
  Rate limited, waiting 10s...
Fixed 72450 | last: GiroDisc 10-13 Audi TT RS (8J) Slotted R -> GiroDisc GiroDisc Audi TT RS (8J) Slotted Rear R | BullStrap
  Rate limited, waiting 10s...
  Rate limited, waiting 10s...
  Rate limited, waiting 10s...
  Rate limited, waiting 10s...
  Rate limited, waiting 10s...
  Rate limited, waiting 10s...
  Rate limited, waiting 10s...
Fixed 72500 | last: Twin Power 14-Up XL Organic Brake Pads R -> TwinPower Brake Pads | BullStrap
  Rate limited, waiting 10s...
  Rate limited, waiting 10s...
  Rate limited, waiting 10s...
  Rate limited, waiting 10s...
  Rate limited, waiting 10s...
  Rate limited, waiting 10s...
Fixed 72550 | last: Renthal V3 Fatbar 30 mm. - Black -> Renthal Renthal V3 Fatbar 30 mm. - Black | BullStrap
  Rate limited, waiting 10s...
  Rate limited, waiting 10s...
  Rate limited, waiting 10s...
  Rate limited, waiting 10s...
  Rate limited, waiting 10s...
Batch done: processed 78750 | fixed 72586 | since_id 10627267625233
  Rate limited, waiting 10s...
  Rate limited, waiting 10s...
  Rate limited, waiting 10s...
Fixed 72600 | last: Revel Medallion Touring-S Catback Exhaus -> Revel Exhaust 03-07 | BullStrap
  Rate limited, waiting 10s...
  Rate limited, waiting 10s...
  Rate limited, waiting 10s...
  Rate limited, waiting 10s...
  Rate limited, waiting 10s...
  Rate limited, waiting 10s...
  Rate limited, waiting 10s...
Fixed 72650 | last: Koni GTS Coilovers 15-23 Ford Mustang S5 -> KONI Coilovers 15-23 | BullStrap
  Rate limited, waiting 10s...
  Rate limited, waiting 10s...
  Rate limited, waiting 10s...
  Rate limited, waiting 10s...
  Rate limited, waiting 10s...
  Rate limited, waiting 10s...
Fixed 72700 | last: S&S Cycle 1/2-13 x 1-1/2in Backplate Ven -> S&S Cycle S&S Cycle 1/2-13 x 1-1/2in Backplate V | BullStrap
  Rate limited, waiting 10s...
  Rate limited, waiting 10s...
  Rate limited, waiting 10s...
  Rate limited, waiting 10s...
  Rate limited, waiting 10s...
  Rate limited, waiting 10s...
Fixed 72750 | last: EBC 2019+ Hyundai Veloster Turbo N (2nd  -> EBC Brake Pads 2019+ | BullStrap
  Rate limited, waiting 10s...
  Rate limited, waiting 10s...
  Rate limited, waiting 10s...
  Rate limited, waiting 10s...
  Rate limited, waiting 10s...
  Rate limited, waiting 10s...
Fixed 72800 | last: ProFilter 01-13 Yamaha YZ250F Ready-To-U -> ProFilter Air Filter 01-13 | BullStrap
  Rate limited, waiting 10s...
Batch done: processed 79000 | fixed 72808 | since_id 10634505715985
  Rate limited, waiting 10s...
  Rate limited, waiting 10s...
  Rate limited, waiting 10s...
  Rate limited, waiting 10s...
  Rate limited, waiting 10s...
Fixed 72850 | last: Mustang 23-25 HD Dble Diamond Low Square -> Mustang Motorcycle Mustang HD Dble Diamond Low S | BullStrap
  Rate limited, waiting 10s...
  Rate limited, waiting 10s...
  Rate limited, waiting 10s...
  Rate limited, waiting 10s...
  Rate limited, waiting 10s...
  Rate limited, waiting 10s...
Fixed 72900 | last: Revolution Gear & Axle Dana 30 Short Pin -> Revolution Gear & Axle Revolution Gear & Axle Da | BullStrap
  Rate limited, waiting 10s...
  Rate limited, waiting 10s...
  Rate limited, waiting 10s...
  Rate limited, waiting 10s...
  Rate limited, waiting 10s...
  Rate limited, waiting 10s...
Fixed 72950 | last: SuperPro 2024+ Ford Ranger Fixed Offset  -> Superpro Control Arms 2024+ | BullStrap
  Rate limited, waiting 10s...
  Rate limited, waiting 10s...
  Rate limited, waiting 10s...
  Rate limited, waiting 10s...
  Rate limited, waiting 10s...
  Rate limited, waiting 10s...
  Rate limited, waiting 10s...
Fixed 73000 | last: Husky Liners 21-23 Ford F-150 Raptor Bla -> Husky Liners Husky Liners Ford F-150 Raptor Blac | BullStrap
  Rate limited, waiting 10s...
  Rate limited, waiting 10s...
  Rate limited, waiting 10s...
  Rate limited, waiting 10s...
  Rate limited, waiting 10s...
  Rate limited, waiting 10s...
Batch done: processed 79250 | fixed 73047 | since_id 10646124986641
  Rate limited, waiting 10s...
  Rate limited, waiting 10s...
Fixed 73050 | last: Borla 22-24 Honda Civic Sport 2.25in S-T -> Borla Borla Honda Civic Sport 2.25in S-Type Cat  | BullStrap
  Rate limited, waiting 10s...
  Rate limited, waiting 10s...
  Rate limited, waiting 10s...
  Rate limited, waiting 10s...
  Rate limited, waiting 10s...
  Rate limited, waiting 10s...
Fixed 73100 | last: Wehrli 06-23 Cummins 5.9L/6.7L Brake Mas -> Wehrli Wehrli Cummins 5.9L/6.7L Brake Master Cyl | BullStrap
  Rate limited, waiting 10s...
  Rate limited, waiting 10s...
  Rate limited, waiting 10s...
  Rate limited, waiting 10s...
  Rate limited, waiting 10s...
  Rate limited, waiting 10s...
  Rate limited, waiting 10s...
Fixed 73150 | last: Cycra 25+ KTM KX250/KX250X Full Armor Sk -> Cycra Skid Plate | BullStrap
  Rate limited, waiting 10s...
  Rate limited, waiting 10s...
  Rate limited, waiting 10s...
  Rate limited, waiting 10s...
  Rate limited, waiting 10s...
  Rate limited, waiting 10s...
Fixed 73200 | last: MagnaFlow BRE Exhaust Kit 03-05 Honda Ac -> Magnaflow Exhaust 03-05 | BullStrap
  Rate limited, waiting 10s...
  Rate limited, waiting 10s...
  Rate limited, waiting 10s...
  Rate limited, waiting 10s...
  Rate limited, waiting 10s...
  Rate limited, waiting 10s...
Fixed 73250 | last: Revolution Gear & Axle Dana 60 Reverse R -> Revolution Gear & Axle Revolution Gear & Axle Da | BullStrap
  Rate limited, waiting 10s...
  Rate limited, waiting 10s...
Batch done: processed 79500 | fixed 73267 | since_id 10654913069329
  Rate limited, waiting 10s...
  Rate limited, waiting 10s...
  Rate limited, waiting 10s...
  Rate limited, waiting 10s...
Fixed 73300 | last: GrimmSpeed Subaru BRZ / Scion FR-S Maste -> GrimmSpeed GrimmSpeed Subaru BRZ / Scion FR-S Ma | BullStrap
  Rate limited, waiting 10s...
  Rate limited, waiting 10s...
  Rate limited, waiting 10s...
  Rate limited, waiting 10s...
  Rate limited, waiting 10s...
  Rate limited, waiting 10s...
Fixed 73350 | last: PERRIN 04-21 Subaru STI 6 Spd Shifter Bu -> Perrin Performance PERRIN Subaru STI 6 Spd Shift | BullStrap
  Rate limited, waiting 10s...
  Rate limited, waiting 10s...
  Rate limited, waiting 10s...
  Rate limited, waiting 10s...
  Rate limited, waiting 10s...
  Rate limited, waiting 10s...
  Rate limited, waiting 10s...
Fixed 73400 | last: BBK 94-04 Mustang Caster Camber Plate Ki -> BBK BBK Mustang Caster Camber Plate Kit - Silver | BullStrap
  Rate limited, waiting 10s...
  Rate limited, waiting 10s...
  Rate limited, waiting 10s...
  Rate limited, waiting 10s...
  Rate limited, waiting 10s...
  Rate limited, waiting 10s...
Fixed 73450 | last: PERRIN 08-14 Subaru WRX/STI & 09-14 Fore -> Perrin Performance PERRIN Subaru WRX/STI & Fores | BullStrap
  Rate limited, waiting 10s...
  Rate limited, waiting 10s...
  Rate limited, waiting 10s...
  Rate limited, waiting 10s...
  Rate limited, waiting 10s...
  Rate limited, waiting 10s...
Fixed 73500 | last: Spec 06-08 VW GTi MK V 02Q Stage 2+ Spru -> SPEC Spec VW GTi MK V 02Q Stage 2+ Sprung Disc C | BullStrap
  Rate limited, waiting 10s...
Batch done: processed 79750 | fixed 73503 | since_id 10656394772753
  Rate limited, waiting 10s...
  Rate limited, waiting 10s...
  Rate limited, waiting 10s...
  Rate limited, waiting 10s...
  Rate limited, waiting 10s...
Fixed 73550 | last: Yuasa Small Battery Rack (Holds 8-12 Bat -> Yuasa Battery Battery | BullStrap
  Rate limited, waiting 10s...
  Rate limited, waiting 10s...
  Rate limited, waiting 10s...
  Rate limited, waiting 10s...
  Rate limited, waiting 10s...
  Rate limited, waiting 10s...
  Rate limited, waiting 10s...
Fixed 73600 | last: ARP pre 92 Mitsubishi 4G63 Flywheel Bolt -> ARP ARP pre 92 Mitsubishi 4G63 Flywheel Bolt Kit | BullStrap
  Rate limited, waiting 10s...
  Rate limited, waiting 10s...
  Rate limited, waiting 10s...
  Rate limited, waiting 10s...
  Rate limited, waiting 10s...
  Rate limited, waiting 10s...
Fixed 73650 | last: ARP Nissan 2.4L KA24DE 12pt. Head Stud K -> ARP ARP Nissan 2.4L KA24DE 12pt. Head Stud Kit | BullStrap
  Rate limited, waiting 10s...
  Rate limited, waiting 10s...
  Rate limited, waiting 10s...
  Rate limited, waiting 10s...
  Rate limited, waiting 10s...
  Rate limited, waiting 10s...
Fixed 73700 | last: ARP Mitsubishi / Dodge 6G72 DOHC Head St -> ARP ARP Mitsubishi / Dodge 6G72 DOHC Head Stud K | BullStrap
  Rate limited, waiting 10s...
  Rate limited, waiting 10s...
  Rate limited, waiting 10s...
  Rate limited, waiting 10s...
  Rate limited, waiting 10s...
Batch done: processed 80000 | fixed 73742 | since_id 10656773636369
  Rate limited, waiting 10s...
Fixed 73750 | last: ARP 3/8 Inch -24 12pt Nut Kit -> ARP ARP 3/8 Inch -24 12pt Nut Kit | BullStrap
  Rate limited, waiting 10s...
  Rate limited, waiting 10s...
  Rate limited, waiting 10s...
  Rate limited, waiting 10s...
  Rate limited, waiting 10s...
  Rate limited, waiting 10s...
Fixed 73800 | last: ARP M6 X 1.00 X 30 Hex Black Oxide Bolts -> ARP ARP M6 X 1.00 X 30 Hex Black Oxide Bolts | BullStrap
  Rate limited, waiting 10s...
  Rate limited, waiting 10s...
  Rate limited, waiting 10s...
  Rate limited, waiting 10s...
  Rate limited, waiting 10s...
  Rate limited, waiting 10s...
Fixed 73850 | last: Autometer Jeep TJ Direct Fit 4 Gauge Das -> AutoMeter Autometer Jeep TJ Direct Fit 4 Gauge D | BullStrap
  Rate limited, waiting 10s...
  Rate limited, waiting 10s...
  Rate limited, waiting 10s...
  Rate limited, waiting 10s...
  Rate limited, waiting 10s...
  Rate limited, waiting 10s...
  Rate limited, waiting 10s...
Fixed 73900 | last: Diode Dynamics SS3 Sport Type MR Kit ABL -> Diode Dynamics Diode Dynamics SS3 Sport Type MR  | BullStrap
  Rate limited, waiting 10s...
  Rate limited, waiting 10s...
  Rate limited, waiting 10s...
  Rate limited, waiting 10s...
  Rate limited, waiting 10s...
  Rate limited, waiting 10s...
Fixed 73950 | last: PERRIN 15-21 Subaru WRX/STI Front Mount  -> Perrin Performance Intercooler 15-21 | BullStrap
  Rate limited, waiting 10s...
  Rate limited, waiting 10s...
  Rate limited, waiting 10s...
  Rate limited, waiting 10s...
Batch done: processed 80250 | fixed 73980 | since_id 10657247527185
  Rate limited, waiting 10s...
  Rate limited, waiting 10s...
Fixed 74000 | last: Volant 96-05 Chevrolet Astro 4.3 V6 Pro5 -> Volant Air Intake 96-05 | BullStrap
  Rate limited, waiting 10s...
  Rate limited, waiting 10s...
  Rate limited, waiting 10s...
  Rate limited, waiting 10s...
  Rate limited, waiting 10s...
  Rate limited, waiting 10s...
Fixed 74050 | last: DSS Subaru 2004-2007 WRX STi 6-Speed (R1 -> Driveshaft Shop DSS Subaru WRX STi 6-Speed (R180 | BullStrap
  Rate limited, waiting 10s...
  Rate limited, waiting 10s...
  Rate limited, waiting 10s...
  Rate limited, waiting 10s...
  Rate limited, waiting 10s...
  Rate limited, waiting 10s...
  Rate limited, waiting 10s...
Fixed 74100 | last: RS-R 15+ Lexus RC350 RWD (GSC10) Down Su -> RS-R RS-R 15+ Lexus RC350 RWD (GSC10) Down Sus S | BullStrap
  Rate limited, waiting 10s...
  Rate limited, waiting 10s...
  Rate limited, waiting 10s...
  Rate limited, waiting 10s...
  Rate limited, waiting 10s...
  Rate limited, waiting 10s...
Fixed 74150 | last: Torque Solution Rear Upper Camber Arms f -> Torque Solution Torque Solution Rear Upper Cambe | BullStrap
  Rate limited, waiting 10s...
  Rate limited, waiting 10s...
  Rate limited, waiting 10s...
  Rate limited, waiting 10s...
  Rate limited, waiting 10s...
  Rate limited, waiting 10s...
Fixed 74200 | last: Tanabe Sustec Front Strut Tower Bar 06-0 -> Tanabe Shocks 06-09 | BullStrap
  Rate limited, waiting 10s...
  Rate limited, waiting 10s...
Batch done: processed 80500 | fixed 74215 | since_id 10661217599761
  Rate limited, waiting 10s...
  Rate limited, waiting 10s...
  Rate limited, waiting 10s...
  Rate limited, waiting 10s...
Fixed 74250 | last: H&R 11-17 BMW X3 F25 Sport Spring -> H&R H&R BMW X3 F25 Sport Spring | BullStrap
  Rate limited, waiting 10s...
  Rate limited, waiting 10s...
  Rate limited, waiting 10s...
  Rate limited, waiting 10s...
  Rate limited, waiting 10s...
  Rate limited, waiting 10s...
  Rate limited, waiting 10s...
Fixed 74300 | last: New Rage Cycles 09-20 Aprilia RSV4 Mirro -> New Rage Cycles New Rage Cycles Aprilia RSV4 Mir | BullStrap
  Rate limited, waiting 10s...
  Rate limited, waiting 10s...
  Rate limited, waiting 10s...
  Rate limited, waiting 10s...
  Rate limited, waiting 10s...
  Rate limited, waiting 10s...
Fixed 74350 | last: Wiseco 75.5mm Black Anodized Piston Ring -> Wiseco Wiseco 75.5mm Black Anodized Piston Ring  | BullStrap
  Rate limited, waiting 10s...
  Rate limited, waiting 10s...
  Rate limited, waiting 10s...
  Rate limited, waiting 10s...
  Rate limited, waiting 10s...
  Rate limited, waiting 10s...
Fixed 74400 | last: ARP Chevy/GM 6.6L Duramax Diesel Rod Bol -> ARP ARP Chevy/GM 6.6L Duramax Diesel Rod Bolt Ki | BullStrap
  Rate limited, waiting 10s...
  Rate limited, waiting 10s...
  Rate limited, waiting 10s...
  Rate limited, waiting 10s...
  Rate limited, waiting 10s...
  Rate limited, waiting 10s...
Batch done: processed 80750 | fixed 74449 | since_id 10662823756049
  Rate limited, waiting 10s...
  Rate limited, waiting 10s...
  Rate limited, waiting 10s...
Fixed 74450 | last: H&R Wheel Bolts Type 12 X 1.5 Length 55m -> H&R H&R Wheel Bolts Type 12 X 1.5 Length 55mm Ty | BullStrap
  Rate limited, waiting 10s...
  Rate limited, waiting 10s...
  Rate limited, waiting 10s...
  Rate limited, waiting 10s...
  Rate limited, waiting 10s...
  Rate limited, waiting 10s...
Fixed 74500 | last: H&R Trak+ 12mm DR Wheel Adaptor Bolt 5/1 -> H&R H&R Trak+ 12mm DR Wheel Adaptor Bolt 5/112 C | BullStrap
  Rate limited, waiting 10s...
  Rate limited, waiting 10s...
  Rate limited, waiting 10s...
  Rate limited, waiting 10s...
  Rate limited, waiting 10s...
  Rate limited, waiting 10s...
Fixed 74550 | last: H&R 14-16 BMW M235i Coupe F22 Sport Spri -> H&R H&R BMW M235i Coupe F22 Sport Spring | BullStrap
  Rate limited, waiting 10s...
  Rate limited, waiting 10s...
  Rate limited, waiting 10s...
  Rate limited, waiting 10s...
  Rate limited, waiting 10s...
  Rate limited, waiting 10s...
Fixed 74600 | last: H&R 00-04 Porsche 911/996 Turbo (AWD) Sp -> H&R Turbo 00-04 | BullStrap
  Rate limited, waiting 10s...
  Rate limited, waiting 10s...
  Rate limited, waiting 10s...
  Rate limited, waiting 10s...
  Rate limited, waiting 10s...
  Rate limited, waiting 10s...
  Rate limited, waiting 10s...
Fixed 74650 | last: H&R Trak+ 15mm DR Wheel Adaptor Bolt 5/1 -> H&R H&R Trak+ 15mm DR Wheel Adaptor Bolt 5/112 C | BullStrap
  Rate limited, waiting 10s...
  Rate limited, waiting 10s...
Batch done: processed 81000 | fixed 74668 | since_id 10662832111889
  Rate limited, waiting 10s...
  Rate limited, waiting 10s...
  Rate limited, waiting 10s...
  Rate limited, waiting 10s...
Fixed 74700 | last: H&R Trak+ 25mm DRM Wheel Adaptor Bolt 5/ -> H&R H&R Trak+ 25mm DRM Wheel Adaptor Bolt 5/115  | BullStrap
  Rate limited, waiting 10s...
  Rate limited, waiting 10s...
  Rate limited, waiting 10s...
  Rate limited, waiting 10s...
  Rate limited, waiting 10s...
  Rate limited, waiting 10s...
Fixed 74750 | last: H&R Trak+ 25mm DRM Wheel Adaptor Bolt 5/ -> H&R H&R Trak+ 25mm DRM Wheel Adaptor Bolt 5/114. | BullStrap
  Rate limited, waiting 10s...
  Rate limited, waiting 10s...
  Rate limited, waiting 10s...
  Rate limited, waiting 10s...
  Rate limited, waiting 10s...
  Rate limited, waiting 10s...
Fixed 74800 | last: H&R 10-17 Mercedes-Benz E350 Cabriolet/E -> H&R H&R Mercedes-Benz E350 Cabriolet/E350 Coupe/ | BullStrap
  Rate limited, waiting 10s...
  Rate limited, waiting 10s...
  Rate limited, waiting 10s...
  Rate limited, waiting 10s...
  Rate limited, waiting 10s...
  Rate limited, waiting 10s...
Fixed 74850 | last: H&R 85-91 BMW 325e/325i/325is E30 22mm A -> H&R Sway Bar 85-91 | BullStrap
  Rate limited, waiting 10s...
  Rate limited, waiting 10s...
  Rate limited, waiting 10s...
  Rate limited, waiting 10s...
  Rate limited, waiting 10s...
  Rate limited, waiting 10s...
  Rate limited, waiting 10s...
Fixed 74900 | last: Wiseco 94.0mm Black Anodized Piston Ring -> Wiseco Wiseco 94.0mm Black Anodized Piston Ring  | BullStrap
  Rate limited, waiting 10s...
Batch done: processed 81250 | fixed 74909 | since_id 10663205011729
  Rate limited, waiting 10s...
  Rate limited, waiting 10s...
  Rate limited, waiting 10s...
  Rate limited, waiting 10s...
  Rate limited, waiting 10s...
Fixed 74950 | last: Invidia 00+ S2000 Q300 Dual Tip Cat-back -> Invidia Exhaust | BullStrap
  Rate limited, waiting 10s...
  Rate limited, waiting 10s...
  Rate limited, waiting 10s...
  Rate limited, waiting 10s...
  Rate limited, waiting 10s...
  Rate limited, waiting 10s...
Fixed 75000 | last: Invidia 92-96 Honda Prelude BB1/BB4 60mm -> Invidia Exhaust 92-96 | BullStrap
  Rate limited, waiting 10s...
  Rate limited, waiting 10s...
  Rate limited, waiting 10s...
  Rate limited, waiting 10s...
  Rate limited, waiting 10s...
  Rate limited, waiting 10s...
Fixed 75050 | last: Twin Power 07-08 XL Voltage Regulator Bl -> TwinPower Twin Power XL Voltage Regulator Black  | BullStrap
  Rate limited, waiting 10s...
  Rate limited, waiting 10s...
  Rate limited, waiting 10s...
  Rate limited, waiting 10s...
  Rate limited, waiting 10s...
  Rate limited, waiting 10s...
  Rate limited, waiting 10s...
Fixed 75100 | last: ARP 5/16 in.-18 RH Thread, 1.500 in Hex  -> ARP ARP 5/16 in.-18 RH Thread, 1.500 in Hex Head | BullStrap
  Rate limited, waiting 10s...
  Rate limited, waiting 10s...
  Rate limited, waiting 10s...
  Rate limited, waiting 10s...
  Rate limited, waiting 10s...
Batch done: processed 81500 | fixed 75143 | since_id 10664608137489
  Rate limited, waiting 10s...
Fixed 75150 | last: BLOX Racing Quick Connectors - EV6/EV14  -> BLOX Racing BLOX Racing Quick Connectors - EV6/E | BullStrap
  Rate limited, waiting 10s...
  Rate limited, waiting 10s...
  Rate limited, waiting 10s...
  Rate limited, waiting 10s...
  Rate limited, waiting 10s...
  Rate limited, waiting 10s...
Fixed 75200 | last: H&R Trak+ 8mm DR Wheel Adaptor Bolt 5/11 -> H&R H&R Trak+ 8mm DR Wheel Adaptor Bolt 5/112 Ce | BullStrap
  Rate limited, waiting 10s...
  Rate limited, waiting 10s...
  Rate limited, waiting 10s...
  Rate limited, waiting 10s...
  Rate limited, waiting 10s...
  Rate limited, waiting 10s...
Fixed 75250 | last: H&R 01-07 Jeep Liberty KJ Sport Spring -> H&R H&R Jeep Liberty KJ Sport Spring | BullStrap
  Rate limited, waiting 10s...
  Rate limited, waiting 10s...
  Rate limited, waiting 10s...
  Rate limited, waiting 10s...
  Rate limited, waiting 10s...
  Rate limited, waiting 10s...
  Rate limited, waiting 10s...
Fixed 75300 | last: H&R Trak+ 15mm DRS Wheel Adaptor Bolt 5/ -> H&R H&R Trak+ 15mm DRS Wheel Adaptor Bolt 5/114. | BullStrap
  Rate limited, waiting 10s...
  Rate limited, waiting 10s...
  Rate limited, waiting 10s...
  Rate limited, waiting 10s...
  Rate limited, waiting 10s...
  Rate limited, waiting 10s...
Fixed 75350 | last: H&R 08-12 Chevrolet Malibu 4 Cyl Sport S -> H&R H&R Chevrolet Malibu 4 Cyl Sport Spring | BullStrap
  Rate limited, waiting 10s...
  Rate limited, waiting 10s...
  Rate limited, waiting 10s...
Batch done: processed 81750 | fixed 75379 | since_id 10665482092817
  Rate limited, waiting 10s...
  Rate limited, waiting 10s...
Fixed 75400 | last: H&R Trak+ 30mm DRA Wheel Adaptor Bolt 5/ -> H&R H&R Trak+ 30mm DRA Wheel Adaptor Bolt 5/114. | BullStrap
  Rate limited, waiting 10s...
  Rate limited, waiting 10s...
  Rate limited, waiting 10s...
  Rate limited, waiting 10s...
  Rate limited, waiting 10s...
  Rate limited, waiting 10s...
Fixed 75450 | last: ITP Mud Lite Sport Tire - 20x11-9 6PR -> ITP ITP Mud Lite Sport Tire - 20x11-9 6PR | BullStrap
  Rate limited, waiting 10s...
  Rate limited, waiting 10s...
  Rate limited, waiting 10s...
  Rate limited, waiting 10s...
  Rate limited, waiting 10s...
  Rate limited, waiting 10s...
Fixed 75500 | last: OS Giken Toyota Supra JZA80 (5MT/AT/6MT/ -> OS Giken OS Giken Toyota Supra JZA80 (5MT/AT/6MT | BullStrap
  Rate limited, waiting 10s...
  Rate limited, waiting 10s...
  Rate limited, waiting 10s...
  Rate limited, waiting 10s...
  Rate limited, waiting 10s...
  Rate limited, waiting 10s...
  Rate limited, waiting 10s...
Fixed 75550 | last: Yokohama Advan A052 Tire - 255/35ZR19 96 -> Yokohama Tire Yokohama Advan A052 Tire - 255/35Z | BullStrap
  Rate limited, waiting 10s...
  Rate limited, waiting 10s...
  Rate limited, waiting 10s...
  Rate limited, waiting 10s...
  Rate limited, waiting 10s...
  Rate limited, waiting 10s...
Fixed 75600 | last: DSS BMW 1986-92 E30 700HP Level 5 Direct -> Driveshaft Shop DSS BMW E30 700HP Level 5 Direct | BullStrap
  Rate limited, waiting 10s...
  Rate limited, waiting 10s...
Batch done: processed 82000 | fixed 75611 | since_id 10667327193361
  Rate limited, waiting 10s...
  Rate limited, waiting 10s...
  Rate limited, waiting 10s...
  Rate limited, waiting 10s...
Fixed 75650 | last: Rock Slide Engineering 21-23 Ford Bronco -> Rock Slide Engineering Rock Slide Engineering Fo | BullStrap
  Rate limited, waiting 10s...
  Rate limited, waiting 10s...
  Rate limited, waiting 10s...
  Rate limited, waiting 10s...
  Rate limited, waiting 10s...
  Rate limited, waiting 10s...
Fixed 75700 | last: 3D MAXpider 22-25 Jeep Grand Cherokee L  -> 3D MAXpider 3D MAXpider Jeep Grand Cherokee L 6- | BullStrap
  Rate limited, waiting 10s...
  Rate limited, waiting 10s...
  Rate limited, waiting 10s...
  Rate limited, waiting 10s...
  Rate limited, waiting 10s...
  Rate limited, waiting 10s...
Fixed 75750 | last: Brian Crower Honda H22-Race & Limited St -> Brian Crower Brian Crower Honda H22-Race & Limit | BullStrap
  Rate limited, waiting 10s...
  Rate limited, waiting 10s...
  Rate limited, waiting 10s...
  Rate limited, waiting 10s...
  Rate limited, waiting 10s...
  Rate limited, waiting 10s...
  Rate limited, waiting 10s...
Fixed 75800 | last: Fleece Performance GM LTR Freedom Series -> Fleece Performance Fleece Performance GM LTR Fre | BullStrap
  Rate limited, waiting 10s...
  Rate limited, waiting 10s...
  Rate limited, waiting 10s...
  Rate limited, waiting 10s...
  Rate limited, waiting 10s...
  Rate limited, waiting 10s...
Fixed 75850 | last: Gates 95-99 Eclipse / DSM 4G63 2.0L Wate -> Gates Gates Eclipse / DSM 4G63 2.0L Water Pump | BullStrap
Batch done: processed 82250 | fixed 75850 | since_id 10673507860753
  Rate limited, waiting 10s...
  Rate limited, waiting 10s...
  Rate limited, waiting 10s...
  Rate limited, waiting 10s...
  Rate limited, waiting 10s...
  Rate limited, waiting 10s...
Fixed 75900 | last: Gates VW 93-99 Jetta 2.0L / 93-00 Golf 2 -> Gates Gates VW Jetta 2.0L / Golf 2.0L Racing Per | BullStrap
  Rate limited, waiting 10s...
  Rate limited, waiting 10s...
  Rate limited, waiting 10s...
  Rate limited, waiting 10s...
  Rate limited, waiting 10s...
  Rate limited, waiting 10s...
Fixed 75950 | last: H&R 12-15 BMW 320i Sedan/328i Sedan/335i -> H&R Sway Bar 12-15 | BullStrap
  Rate limited, waiting 10s...
  Rate limited, waiting 10s...
  Rate limited, waiting 10s...
  Rate limited, waiting 10s...
  Rate limited, waiting 10s...
  Rate limited, waiting 10s...
  Rate limited, waiting 10s...
Fixed 76000 | last: Invidia 07+ R56 Mini Cooper S Q300 Stain -> Invidia Exhaust | BullStrap
  Rate limited, waiting 10s...
  Rate limited, waiting 10s...
  Rate limited, waiting 10s...
  Rate limited, waiting 10s...
  Rate limited, waiting 10s...
  Rate limited, waiting 10s...
Fixed 76050 | last: Kenda K353 Load Star Utility Bias Traile -> Kenda Kenda K353 Load Star Utility Bias Trailer  | BullStrap
  Rate limited, waiting 10s...
  Rate limited, waiting 10s...
  Rate limited, waiting 10s...
  Rate limited, waiting 10s...
Batch done: processed 82500 | fixed 76086 | since_id 10676338983185
  Rate limited, waiting 10s...
  Rate limited, waiting 10s...
Fixed 76100 | last: MaxTrac 15-18 Ford F-150 2WD 0-2.5in Fro -> Maxtrac Coilovers 15-18 | BullStrap
  Rate limited, waiting 10s...
  Rate limited, waiting 10s...
  Rate limited, waiting 10s...
  Rate limited, waiting 10s...
  Rate limited, waiting 10s...
  Rate limited, waiting 10s...
Fixed 76150 | last: MaxTrac 2020+ Jeep Gladiator JT 4.5in Li -> Maxtrac Lift Kit 2020+ | BullStrap
  Rate limited, waiting 10s...
  Rate limited, waiting 10s...
  Rate limited, waiting 10s...
  Rate limited, waiting 10s...
  Rate limited, waiting 10s...
  Rate limited, waiting 10s...
Fixed 76200 | last: ProTaper Pro Series Clamp On Pillow Top  -> ProTaper ProTaper Pro Series Clamp On Pillow Top | BullStrap
  Rate limited, waiting 10s...
  Rate limited, waiting 10s...
  Rate limited, waiting 10s...
  Rate limited, waiting 10s...
  Rate limited, waiting 10s...
  Rate limited, waiting 10s...
  Rate limited, waiting 10s...
Fixed 76250 | last: H&R 18-21 Volkswagen Atlas S/SE/SEL 4Mot -> H&R H&R Volkswagen Atlas S/SE/SEL 4Motion (AWD)  | BullStrap
  Rate limited, waiting 10s...
  Rate limited, waiting 10s...
  Rate limited, waiting 10s...
  Rate limited, waiting 10s...
  Rate limited, waiting 10s...
  Rate limited, waiting 10s...
Fixed 76300 | last: Brian Crower Mitsubishi 4B11T Evo X / Hy -> Brian Crower Brian Crower Mitsubishi 4B11T Evo X | BullStrap
  Rate limited, waiting 10s...
  Rate limited, waiting 10s...
  Rate limited, waiting 10s...
Batch done: processed 82750 | fixed 76322 | since_id 10683930116369
  Rate limited, waiting 10s...
  Rate limited, waiting 10s...
  Rate limited, waiting 10s...
Fixed 76350 | last: Brian Crower Adjustable Cam Gear (Toyota -> Brian Crower Brian Crower Adjustable Cam Gear (T | BullStrap
  Rate limited, waiting 10s...
  Rate limited, waiting 10s...
  Rate limited, waiting 10s...
  Rate limited, waiting 10s...
  Rate limited, waiting 10s...
  Rate limited, waiting 10s...
Fixed 76400 | last: Bilstein B6 16-17 Volvo XC90 T5/T6/T8 Re -> Bilstein Shocks 16-17 | BullStrap
  Rate limited, waiting 10s...
  Rate limited, waiting 10s...
  Rate limited, waiting 10s...
  Rate limited, waiting 10s...
  Rate limited, waiting 10s...
  Rate limited, waiting 10s...
Fixed 76450 | last: Gates Fleet Runner Micro-V Belt 60.43in  -> Gates Gates Fleet Runner Micro-V Belt 60.43in Le | BullStrap
  Rate limited, waiting 10s...
  Rate limited, waiting 10s...
  Rate limited, waiting 10s...
  Rate limited, waiting 10s...
  Rate limited, waiting 10s...
  Rate limited, waiting 10s...
  Rate limited, waiting 10s...
Fixed 76500 | last: Autometer Z Series 52mm 240 Empty / 33 F -> AutoMeter Autometer Z Series 52mm 240 Empty / 33 | BullStrap
  Rate limited, waiting 10s...
  Rate limited, waiting 10s...
  Rate limited, waiting 10s...
  Rate limited, waiting 10s...
  Rate limited, waiting 10s...
  Rate limited, waiting 10s...
Fixed 76550 | last: ARP Audi 5cyl Main Stud Kit -> ARP ARP Audi 5cyl Main Stud Kit | BullStrap
  Rate limited, waiting 10s...
Batch done: processed 83000 | fixed 76555 | since_id 10685398941969
  Rate limited, waiting 10s...
  Rate limited, waiting 10s...
  Rate limited, waiting 10s...
  Rate limited, waiting 10s...
  Rate limited, waiting 10s...
Fixed 76600 | last: Gates 86-89 Acura Integra / 90-93 Mazda  -> Gates Gates Acura Integra / Mazda MX-5 Miata / T | BullStrap
  Rate limited, waiting 10s...
  Rate limited, waiting 10s...
  Rate limited, waiting 10s...
  Rate limited, waiting 10s...
  Rate limited, waiting 10s...
  Rate limited, waiting 10s...
Fixed 76650 | last: Cusco Strut Bar OS-Type Front Strut Bar  -> Cusco Shocks | BullStrap
  Rate limited, waiting 10s...
  Rate limited, waiting 10s...
  Rate limited, waiting 10s...
  Rate limited, waiting 10s...
  Rate limited, waiting 10s...
  Rate limited, waiting 10s...
  Rate limited, waiting 10s...
Fixed 76700 | last: Skyjacker 3" KIT, 01-08 GM 2500HD 4X4 -> Skyjacker Skyjacker 3" KIT, GM 2500HD 4X4 | BullStrap
  Rate limited, waiting 10s...
  Rate limited, waiting 10s...
  Rate limited, waiting 10s...
  Rate limited, waiting 10s...
  Rate limited, waiting 10s...
  Rate limited, waiting 10s...
Fixed 76750 | last: Autometer Ultra-Lite 2-5/8in Blower Pres -> AutoMeter Autometer Ultra-Lite 2-5/8in Blower Pr | BullStrap
  Rate limited, waiting 10s...
  Rate limited, waiting 10s...
  Rate limited, waiting 10s...
  Rate limited, waiting 10s...
  Rate limited, waiting 10s...
Batch done: processed 83250 | fixed 76791 | since_id 10688758022417
  Rate limited, waiting 10s...
Fixed 76800 | last: Cusco Lower Bar Type II Front SXE10 IS30 -> Cusco Cusco Lower Bar Type II Front SXE10 IS300  | BullStrap
  Rate limited, waiting 10s...
  Rate limited, waiting 10s...
  Rate limited, waiting 10s...
  Rate limited, waiting 10s...
  Rate limited, waiting 10s...
  Rate limited, waiting 10s...
Fixed 76850 | last: Cusco Power Brace UnderSide center work  -> Cusco Cusco Power Brace UnderSide center work w/ | BullStrap
  Rate limited, waiting 10s...
  Rate limited, waiting 10s...
  Rate limited, waiting 10s...
  Rate limited, waiting 10s...
  Rate limited, waiting 10s...
  Rate limited, waiting 10s...
Fixed 76900 | last: HKS 03-6 Evo 8 & 9 Adjustable Cam Gear -> HKS HKS 03-6 Evo 8 & 9 Adjustable Cam Gear | BullStrap
  Rate limited, waiting 10s...
  Rate limited, waiting 10s...
  Rate limited, waiting 10s...
  Rate limited, waiting 10s...
  Rate limited, waiting 10s...
  Rate limited, waiting 10s...
  Rate limited, waiting 10s...
Fixed 76950 | last: Innovative 90-93 Integra B-Series Black  -> Innovative Mounts Innovative Integra B-Series Bl | BullStrap
  Rate limited, waiting 10s...
  Rate limited, waiting 10s...
  Rate limited, waiting 10s...
  Rate limited, waiting 10s...
  Rate limited, waiting 10s...
  Rate limited, waiting 10s...
Fixed 77000 | last: Mishimoto 18+ Jeep JL / 20+ JT (2.0L/3.6 -> Mishimoto Mishimoto 18+ Jeep JL / 20+ JT (2.0L/3 | BullStrap
  Rate limited, waiting 10s...
  Rate limited, waiting 10s...
  Rate limited, waiting 10s...
Batch done: processed 83500 | fixed 77024 | since_id 10689203699985
  Rate limited, waiting 10s...
  Rate limited, waiting 10s...
  Rate limited, waiting 10s...
Fixed 77050 | last: Weapon R Dragon Filter Mesh Foam Replace -> Weapon R Weapon R Dragon Filter Mesh Foam Replac | BullStrap
  Rate limited, waiting 10s...
  Rate limited, waiting 10s...
  Rate limited, waiting 10s...
  Rate limited, waiting 10s...
  Rate limited, waiting 10s...
  Rate limited, waiting 10s...
Fixed 77100 | last: Clutch Masters 14 Acura ILX FX250 High R -> Clutch Masters Clutch Masters 14 Acura ILX FX250 | BullStrap
  Rate limited, waiting 10s...
  Rate limited, waiting 10s...
  Rate limited, waiting 10s...
  Rate limited, waiting 10s...
  Rate limited, waiting 10s...
  Rate limited, waiting 10s...
  Rate limited, waiting 10s...
Fixed 77150 | last: BD Diesel 03-07 Ford 6.0L Power Stroke T -> BD Diesel Turbo 03-07 | BullStrap
  Rate limited, waiting 10s...
  Rate limited, waiting 10s...
  Rate limited, waiting 10s...
  Rate limited, waiting 10s...
  Rate limited, waiting 10s...
  Rate limited, waiting 10s...
Fixed 77200 | last: Clutch Masters 2015 VW GTI 2.0T MK7 6spd -> Clutch Masters Clutch Masters 2015 VW GTI 2.0T M | BullStrap
  Rate limited, waiting 10s...
  Rate limited, waiting 10s...
  Rate limited, waiting 10s...
  Rate limited, waiting 10s...
  Rate limited, waiting 10s...
  Rate limited, waiting 10s...
Fixed 77250 | last: Gates 86-93 Toyota Celica / 91-95 MR2 Ra -> Gates Gates Toyota Celica / MR2 Racing Performan | BullStrap
Batch done: processed 83750 | fixed 77253 | since_id 10691837329681
  Rate limited, waiting 10s...
  Rate limited, waiting 10s...
  Rate limited, waiting 10s...
  Rate limited, waiting 10s...
  Rate limited, waiting 10s...
  Rate limited, waiting 10s...
Fixed 77300 | last: Rhino-Rack RTC Tracks w/Hardware & End C -> Rhino-Rack Rhino-Rack RTC Tracks w/Hardware & En | BullStrap
  Rate limited, waiting 10s...
  Rate limited, waiting 10s...
  Rate limited, waiting 10s...
  Rate limited, waiting 10s...
  Rate limited, waiting 10s...
  Rate limited, waiting 10s...
Fixed 77350 | last: Sparco Glove Meca 3 Lrg Black -> SPARCO Sparco Glove Meca 3 Lrg Black | BullStrap
  Rate limited, waiting 10s...
  Rate limited, waiting 10s...
  Rate limited, waiting 10s...
  Rate limited, waiting 10s...
  Rate limited, waiting 10s...
  Rate limited, waiting 10s...
  Rate limited, waiting 10s...
Fixed 77400 | last: Sparco Steering Wheel Spacer Alum Silver -> SPARCO Wheel Spacers | BullStrap
  Rate limited, waiting 10s...
  Rate limited, waiting 10s...
  Rate limited, waiting 10s...
  Rate limited, waiting 10s...
  Rate limited, waiting 10s...
  Rate limited, waiting 10s...
Fixed 77450 | last: Sparco Base BMW E46 Coupe 99-05 Lft -> SPARCO Sparco Base BMW E46 Coupe Lft | BullStrap
  Rate limited, waiting 10s...
  Rate limited, waiting 10s...
  Rate limited, waiting 10s...
  Rate limited, waiting 10s...
Batch done: processed 84000 | fixed 77488 | since_id 10692048322833
  Rate limited, waiting 10s...
  Rate limited, waiting 10s...
Fixed 77500 | last: Sparco Base Mazda RX7 86-91 Lft -> SPARCO Sparco Base Mazda RX7 Lft | BullStrap
  Rate limited, waiting 10s...
  Rate limited, waiting 10s...
  Rate limited, waiting 10s...
  Rate limited, waiting 10s...
  Rate limited, waiting 10s...
  Rate limited, waiting 10s...
Fixed 77550 | last: Torque Solution Short Shifter: 16+ Honda -> Torque Solution Torque Solution Short Shifter: 1 | BullStrap
  Rate limited, waiting 10s...
  Rate limited, waiting 10s...
  Rate limited, waiting 10s...
  Rate limited, waiting 10s...
  Rate limited, waiting 10s...
  Rate limited, waiting 10s...
Fixed 77600 | last: PERRIN 15-21 Subaru WRX Pulley Cover - H -> Perrin Performance PERRIN Subaru WRX Pulley Cove | BullStrap
  Rate limited, waiting 10s...
  Rate limited, waiting 10s...
  Rate limited, waiting 10s...
  Rate limited, waiting 10s...
  Rate limited, waiting 10s...
  Rate limited, waiting 10s...
Fixed 77650 | last: H&R Wheel Bolts Type 12 X 1.5 Length 38m -> H&R H&R Wheel Bolts Type 12 X 1.5 Length 38mm Ty | BullStrap
  Rate limited, waiting 10s...
  Rate limited, waiting 10s...
  Rate limited, waiting 10s...
  Rate limited, waiting 10s...
  Rate limited, waiting 10s...
  Rate limited, waiting 10s...
Fixed 77700 | last: H&R 11-16 BMW 528i/535i/550i F10 Sway Ba -> H&R Sway Bar 11-16 | BullStrap
  Rate limited, waiting 10s...
  Rate limited, waiting 10s...
Batch done: processed 84250 | fixed 77720 | since_id 10694683033873
  Rate limited, waiting 10s...
  Rate limited, waiting 10s...
  Rate limited, waiting 10s...
  Rate limited, waiting 10s...
Fixed 77750 | last: Wheel Mate Muteki SR48 Open End Lug Nuts -> Wheel Mate Wheel Mate Muteki SR48 Open End Lug N | BullStrap
  Rate limited, waiting 10s...
  Rate limited, waiting 10s...
  Rate limited, waiting 10s...
  Rate limited, waiting 10s...
  Rate limited, waiting 10s...
  Rate limited, waiting 10s...
Fixed 77800 | last: NRG Heart Shape Drift Button Toyota 86/S -> NRG NRG Heart Shape Drift Button Toyota 86/Subar | BullStrap
  Rate limited, waiting 10s...
  Rate limited, waiting 10s...
  Rate limited, waiting 10s...
  Rate limited, waiting 10s...
  Rate limited, waiting 10s...
  Rate limited, waiting 10s...
Fixed 77850 | last: GReddy M18 Warning Oil Temp Sensor Fitti -> GReddy GReddy M18 Warning Oil Temp Sensor Fittin | BullStrap
  Rate limited, waiting 10s...
  Rate limited, waiting 10s...
  Rate limited, waiting 10s...
  Rate limited, waiting 10s...
  Rate limited, waiting 10s...
  Rate limited, waiting 10s...
Fixed 77900 | last: Spec 95-99 VW Golf III / 99-02 Golf IV/J -> SPEC Spec VW Golf III / Golf IV/Jetta IV / Jetta | BullStrap
  Rate limited, waiting 10s...
  Rate limited, waiting 10s...
  Rate limited, waiting 10s...
  Rate limited, waiting 10s...
  Rate limited, waiting 10s...
  Rate limited, waiting 10s...
  Rate limited, waiting 10s...
Fixed 77950 | last: Seibon 2023+ Nissan Z Carbon fiber Front -> Seibon Shocks 2023+ | BullStrap
Batch done: processed 84500 | fixed 77953 | since_id 10704868606225
  Rate limited, waiting 10s...
  Rate limited, waiting 10s...
  Rate limited, waiting 10s...
  Rate limited, waiting 10s...
  Rate limited, waiting 10s...
Fixed 78000 | last: Bilstein B6 08-13 Toyota Highlander Mono -> Bilstein Shocks 08-13 | BullStrap
  Rate limited, waiting 10s...
  Rate limited, waiting 10s...
  Rate limited, waiting 10s...
  Rate limited, waiting 10s...
  Rate limited, waiting 10s...
  Rate limited, waiting 10s...
Fixed 78050 | last: GReddy FD3S Pulley Kit -> GReddy GReddy FD3S Pulley Kit | BullStrap
  Rate limited, waiting 10s...
  Rate limited, waiting 10s...
  Rate limited, waiting 10s...
  Rate limited, waiting 10s...
  Rate limited, waiting 10s...
  Rate limited, waiting 10s...
  Rate limited, waiting 10s...
Fixed 78100 | last: GSC P-D Honda B-Series Vtec Dual Spring  -> GSC Power Division GSC P-D Honda B-Series Vtec D | BullStrap
  Rate limited, waiting 10s...
  Rate limited, waiting 10s...
  Rate limited, waiting 10s...
  Rate limited, waiting 10s...
  Rate limited, waiting 10s...
  Rate limited, waiting 10s...
Fixed 78150 | last: Borne Off-Road Winch Hook - 3/8in Rope - -> Borne Off-Road Winch | BullStrap
  Rate limited, waiting 10s...
  Rate limited, waiting 10s...
  Rate limited, waiting 10s...
  Rate limited, waiting 10s...
  Rate limited, waiting 10s...
Batch done: processed 84750 | fixed 78192 | since_id 10707793150225
  Rate limited, waiting 10s...
Fixed 78200 | last: Clutch Masters 04-08 Subaru WRX Sti 2.5L -> Clutch Masters Clutch Masters Subaru WRX Sti 2.5 | BullStrap
  Rate limited, waiting 10s...
  Rate limited, waiting 10s...
  Rate limited, waiting 10s...
  Rate limited, waiting 10s...
  Rate limited, waiting 10s...
  Rate limited, waiting 10s...
Fixed 78250 | last: Mishimoto Wheel Spacers - 5x120 - 67.1 - -> Mishimoto Wheel Spacers | BullStrap
  Rate limited, waiting 10s...
  Rate limited, waiting 10s...
  Rate limited, waiting 10s...
  Rate limited, waiting 10s...
  Rate limited, waiting 10s...
  Rate limited, waiting 10s...
Fixed 78300 | last: Ford Racing 2024 F-150 3.5L EcoBoost Cal -> Ford Racing Ford Racing 2024 F-150 3.5L EcoBoost | BullStrap
  Rate limited, waiting 10s...
  Rate limited, waiting 10s...
  Rate limited, waiting 10s...
  Rate limited, waiting 10s...
  Rate limited, waiting 10s...
  Rate limited, waiting 10s...
  Rate limited, waiting 10s...
Fixed 78350 | last: ANZO 2009-2014 Ford F-150 Projector Ligh -> ANZO ANZO Ford F-150 Projector Light Bar G4 H.L. | BullStrap
  Rate limited, waiting 10s...
  Rate limited, waiting 10s...
  Rate limited, waiting 10s...
  Rate limited, waiting 10s...
  Rate limited, waiting 10s...
  Rate limited, waiting 10s...
Fixed 78400 | last: ARP M12 X 1.50 X 40 12pt SS Bolts -> ARP ARP M12 X 1.50 X 40 12pt SS Bolts | BullStrap
  Rate limited, waiting 10s...
  Rate limited, waiting 10s...
  Rate limited, waiting 10s...
Batch done: processed 85000 | fixed 78427 | since_id 10715512799505
  Rate limited, waiting 10s...
  Rate limited, waiting 10s...
  Rate limited, waiting 10s...
Fixed 78450 | last: MaxTrac 14-18 GM K1500 4WD w/Stamped Ste -> Maxtrac Lift Kit 14-18 | BullStrap
  Rate limited, waiting 10s...
  Rate limited, waiting 10s...
  Rate limited, waiting 10s...
  Rate limited, waiting 10s...
  Rate limited, waiting 10s...
  Rate limited, waiting 10s...
Fixed 78500 | last: KYB Shocks & Struts Strut Mount Front Ri -> KYB Shocks 2011-2007 | BullStrap
  Rate limited, waiting 10s...
  Rate limited, waiting 10s...
  Rate limited, waiting 10s...
  Rate limited, waiting 10s...
  Rate limited, waiting 10s...
  Rate limited, waiting 10s...
Fixed 78550 | last: Borla 2018 Jeep Wrangler JL/JLU 3.6L 2DR -> Borla Exhaust | BullStrap
  Rate limited, waiting 10s...
  Rate limited, waiting 10s...
  Rate limited, waiting 10s...
  Rate limited, waiting 10s...
  Rate limited, waiting 10s...
  Rate limited, waiting 10s...
Fixed 78600 | last: Cobb 08-21 Subaru STI Fuel Rail Line Kit -> COBB Cobb Subaru STI Fuel Rail Line Kit | BullStrap
  Rate limited, waiting 10s...
  Rate limited, waiting 10s...
  Rate limited, waiting 10s...
  Rate limited, waiting 10s...
  Rate limited, waiting 10s...
  Rate limited, waiting 10s...
  Rate limited, waiting 10s...
Fixed 78650 | last: Cobb Subaru SF Intake System Hardware Ki -> COBB Cobb Subaru SF Intake System Hardware Kit | BullStrap
  Rate limited, waiting 10s...
  Rate limited, waiting 10s...
Batch done: processed 85250 | fixed 78664 | since_id 10719421137169
  Rate limited, waiting 10s...
  Rate limited, waiting 10s...
  Rate limited, waiting 10s...
  Rate limited, waiting 10s...
Fixed 78700 | last: Cobb 22-23 Volkswagen Golf GTI MK8 Redli -> COBB Cobb Volkswagen Golf GTI MK8 Redline Carbon | BullStrap
  Rate limited, waiting 10s...
  Rate limited, waiting 10s...
  Rate limited, waiting 10s...
  Rate limited, waiting 10s...
  Rate limited, waiting 10s...
  Rate limited, waiting 10s...
Fixed 78750 | last: Cobb 2014-2019 Ford Fiesta ST Rear Motor -> COBB Cobb Ford Fiesta ST Rear Motor Mount | BullStrap
  Rate limited, waiting 10s...
  Rate limited, waiting 10s...
  Rate limited, waiting 10s...
  Rate limited, waiting 10s...
  Rate limited, waiting 10s...
  Rate limited, waiting 10s...
  Rate limited, waiting 10s...
  Rate limited, waiting 10s...
Fixed 78800 | last: Cobb 08-21 Subaru WRX & STI/2018 Type RA -> COBB Cobb Subaru WRX & STI/2018 Type RA/2019 S20 | BullStrap
  Rate limited, waiting 10s...
  Rate limited, waiting 10s...
  Rate limited, waiting 10s...
  Rate limited, waiting 10s...
  Rate limited, waiting 10s...
  Rate limited, waiting 10s...
  Rate limited, waiting 10s...
  Rate limited, waiting 10s...
Batch done: processed 85500 | fixed 78844 | since_id 10719967510801
  Rate limited, waiting 10s...
Fixed 78850 | last: All Balls Racing 21-23 Polaris Ranger 10 -> All Balls Racing All Balls Racing Polaris Ranger | BullStrap
  Rate limited, waiting 10s...
  Rate limited, waiting 10s...
  Rate limited, waiting 10s...
  Rate limited, waiting 10s...
  Rate limited, waiting 10s...
  Rate limited, waiting 10s...
  Rate limited, waiting 10s...
Fixed 78900 | last: Westin 2016-2018 Toyota Tacoma E-Series  -> Westin Westin Toyota Tacoma E-Series Bull Bar -  | BullStrap
  Rate limited, waiting 10s...
  Rate limited, waiting 10s...
  Rate limited, waiting 10s...
  Rate limited, waiting 10s...
  Rate limited, waiting 10s...
  Rate limited, waiting 10s...
Fixed 78950 | last: Spec SR20DET Stage 2+ Clutch Kit -> SPEC Spec SR20DET Stage 2+ Clutch Kit | BullStrap
  Rate limited, waiting 10s...
  Rate limited, waiting 10s...
  Rate limited, waiting 10s...
  Rate limited, waiting 10s...
  Rate limited, waiting 10s...
  Rate limited, waiting 10s...
Fixed 79000 | last: Carli 13-23 Ram 2500/3500 Dominator Isol -> Carli Carli Ram 2500/3500 Dominator Isolator Sup | BullStrap
  Rate limited, waiting 10s...
  Rate limited, waiting 10s...
  Rate limited, waiting 10s...
  Rate limited, waiting 10s...
  Rate limited, waiting 10s...
  Rate limited, waiting 10s...
  Rate limited, waiting 10s...
Fixed 79050 | last: EBC 83-93 Ford Mustang 2.3 (Rear Rotors) -> EBC Brake Pads 83-93 | BullStrap
  Rate limited, waiting 10s...
Batch done: processed 85750 | fixed 79058 | since_id 10724878254353
  Rate limited, waiting 10s...
  Rate limited, waiting 10s...
  Rate limited, waiting 10s...
  Rate limited, waiting 10s...
  Rate limited, waiting 10s...
Fixed 79100 | last: Mustang 08-25 Harley FL Touring Rd King  -> Mustang Motorcycle Mustang Harley FL Touring Rd  | BullStrap
  Rate limited, waiting 10s...
  Rate limited, waiting 10s...
  Rate limited, waiting 10s...
  Rate limited, waiting 10s...
  Rate limited, waiting 10s...
  Rate limited, waiting 10s...
Fixed 79150 | last: HKS HKS STICKER tuned by BLACK -> HKS HKS HKS STICKER tuned by BLACK | BullStrap
  Rate limited, waiting 10s...
  Rate limited, waiting 10s...
  Rate limited, waiting 10s...
  Rate limited, waiting 10s...
  Rate limited, waiting 10s...
  Rate limited, waiting 10s...
Fixed 79200 | last: AMP Terrain Attack M/T Tire - 38x13.50R2 -> AMP Tires AMP Terrain Attack M/T Tire - 38x13.50 | BullStrap
  Rate limited, waiting 10s...
  Rate limited, waiting 10s...
  Rate limited, waiting 10s...
  Rate limited, waiting 10s...
  Rate limited, waiting 10s...
  Rate limited, waiting 10s...
Fixed 79250 | last: Vossen HFX-2 24x10 - 6x139.7 - ET25 - De -> Vossen Vossen HFX-2 24x10 - 6x139.7 - ET25 - Dee | BullStrap
  Rate limited, waiting 10s...
  Rate limited, waiting 10s...
  Rate limited, waiting 10s...
  Rate limited, waiting 10s...
  Rate limited, waiting 10s...
  Rate limited, waiting 10s...
Batch done: processed 86000 | fixed 79296 | since_id 10732933316881
Fixed 79300 | last: Baja Designs LP4 Series Single Rock Guar -> Baja Designs Baja Designs LP4 Series Single Rock | BullStrap
  Rate limited, waiting 10s...
  Rate limited, waiting 10s...
  Rate limited, waiting 10s...
  Rate limited, waiting 10s...
  Rate limited, waiting 10s...
  Rate limited, waiting 10s...
Fixed 79350 | last: Eibach Pro-Kit for 2015-2017 Audi A3 2.0 -> Eibach Eibach Pro-Kit for Audi A3 2.0T | BullStrap
  Rate limited, waiting 10s...
  Rate limited, waiting 10s...
  Rate limited, waiting 10s...
  Rate limited, waiting 10s...
  Rate limited, waiting 10s...
  Rate limited, waiting 10s...
  Rate limited, waiting 10s...
Fixed 79400 | last: Vibrant 2.25in OD T304 SS 45 Deg Mandrel -> Vibrant Vibrant 2.25in OD T304 SS 45 Deg Mandrel | BullStrap
  Rate limited, waiting 10s...
  Rate limited, waiting 10s...
  Rate limited, waiting 10s...
  Rate limited, waiting 10s...
  Rate limited, waiting 10s...
  Rate limited, waiting 10s...
Fixed 79450 | last: Baja Designs 2021+ Ford Raptor OnX6 Behi -> Baja Designs Baja Designs Ford Raptor OnX6 Behin | BullStrap
  Rate limited, waiting 10s...
  Rate limited, waiting 10s...
  Rate limited, waiting 10s...
  Rate limited, waiting 10s...
  Rate limited, waiting 10s...
  Rate limited, waiting 10s...
Fixed 79500 | last: Renthal V3 Fatbar 35 20 mm. - Aluminum G -> Renthal Renthal V3 Fatbar 35 20 mm. - Aluminum G | BullStrap
  Rate limited, waiting 10s...
  Rate limited, waiting 10s...
  Rate limited, waiting 10s...
  Rate limited, waiting 10s...
Batch done: processed 86250 | fixed 79531 | since_id 10739167559953
  Rate limited, waiting 10s...
  Rate limited, waiting 10s...
Fixed 79550 | last: aFe 24-25 Ford Ranger Raptor Vulcan Seri -> aFe Exhaust 24-25 | BullStrap
  Rate limited, waiting 10s...
  Rate limited, waiting 10s...
  Rate limited, waiting 10s...
  Rate limited, waiting 10s...
  Rate limited, waiting 10s...
  Rate limited, waiting 10s...
Fixed 79600 | last: EBC 12+ Mazda CX-5 2 Greenstuff Front Br -> EBC Brake Pads | BullStrap
  Rate limited, waiting 10s...
  Rate limited, waiting 10s...
  Rate limited, waiting 10s...
  Rate limited, waiting 10s...
  Rate limited, waiting 10s...
  Rate limited, waiting 10s...
Fixed 79650 | last: Vibrant -4AN Bulkhead Adapter Tee on Run -> Vibrant Vibrant -4AN Bulkhead Adapter Tee on Run | BullStrap
  Rate limited, waiting 10s...
  Rate limited, waiting 10s...
  Rate limited, waiting 10s...
  Rate limited, waiting 10s...
  Rate limited, waiting 10s...
  Rate limited, waiting 10s...
Fixed 79700 | last: Vibrant Titanium Outlet Flange for Tial  -> Vibrant Vibrant Titanium Outlet Flange for Tial  | BullStrap
  Rate limited, waiting 10s...
  Rate limited, waiting 10s...
  Rate limited, waiting 10s...
  Rate limited, waiting 10s...
  Rate limited, waiting 10s...
  Rate limited, waiting 10s...
Fixed 79750 | last: Vibrant Replacement Oil Filter Bolt Thre -> Vibrant Vibrant Replacement Oil Filter Bolt Thre | BullStrap
  Rate limited, waiting 10s...
  Rate limited, waiting 10s...
  Rate limited, waiting 10s...
Batch done: processed 86500 | fixed 79772 | since_id 10743237640465
  Rate limited, waiting 10s...
  Rate limited, waiting 10s...
  Rate limited, waiting 10s...
Fixed 79800 | last: Vibrant Silicone  Hump Hose Coupler 3.75 -> Vibrant Vibrant Silicone Hump Hose Coupler 3.75i | BullStrap
  Rate limited, waiting 10s...
  Rate limited, waiting 10s...
  Rate limited, waiting 10s...
  Rate limited, waiting 10s...
  Rate limited, waiting 10s...
  Rate limited, waiting 10s...
Fixed 79850 | last: Vibrant -16AN Hose End Socket - Black -> Vibrant Vibrant -16AN Hose End Socket - Black | BullStrap
  Rate limited, waiting 10s...
  Rate limited, waiting 10s...
  Rate limited, waiting 10s...
  Rate limited, waiting 10s...
  Rate limited, waiting 10s...
  Rate limited, waiting 10s...
  Rate limited, waiting 10s...
Fixed 79900 | last: Vibrant 4 Ply Hump Hose 1in ID x 3in L - -> Vibrant Vibrant 4 Ply Hump Hose 1in ID x 3in L - | BullStrap
  Rate limited, waiting 10s...
  Rate limited, waiting 10s...
  Rate limited, waiting 10s...
  Rate limited, waiting 10s...
  Rate limited, waiting 10s...
  Rate limited, waiting 10s...
Fixed 79950 | last: Wheel Mate Muteki SR48 Open End Lug Nuts -> Wheel Mate Wheel Mate Muteki SR48 Open End Lug N | BullStrap
  Rate limited, waiting 10s...
  Rate limited, waiting 10s...
  Rate limited, waiting 10s...
  Rate limited, waiting 10s...
  Rate limited, waiting 10s...
  Rate limited, waiting 10s...
Fixed 80000 | last: Yukon Gear Hardcore Nodular Iron Cover f -> Yukon Gear & Axle Yukon Gear Hardcore Nodular Ir | BullStrap
  Rate limited, waiting 10s...
Batch done: processed 86750 | fixed 80009 | since_id 10743667261713
  Rate limited, waiting 10s...
  Rate limited, waiting 10s...
  Rate limited, waiting 10s...
  Rate limited, waiting 10s...
  Rate limited, waiting 10s...
Fixed 80050 | last: Baja Designs 2020+ GMC 2500 / 3500 Rever -> Baja Designs Baja Designs GMC 2500 / 3500 Revers | BullStrap
  Rate limited, waiting 10s...
  Rate limited, waiting 10s...
  Rate limited, waiting 10s...
  Rate limited, waiting 10s...
  Rate limited, waiting 10s...
  Rate limited, waiting 10s...
Fixed 80100 | last: Vibrant Male 14mm x 1.5 Metric to 5/16in -> Vibrant Vibrant Male 14mm x 1.5 Metric to 5/16in | BullStrap
  Rate limited, waiting 10s...
  Rate limited, waiting 10s...
  Rate limited, waiting 10s...
  Rate limited, waiting 10s...
  Rate limited, waiting 10s...
  Rate limited, waiting 10s...
Fixed 80150 | last: Vibrant 7/16in. x 11/16in. ID Aluminum S -> Vibrant Vibrant 7/16in. x 11/16in. ID Aluminum S | BullStrap
  Rate limited, waiting 10s...
  Rate limited, waiting 10s...
  Rate limited, waiting 10s...
  Rate limited, waiting 10s...
  Rate limited, waiting 10s...
  Rate limited, waiting 10s...
Fixed 80200 | last: Fragola -4AN Hose Assembly Straight x St -> Fragola Fragola -4AN Hose Assembly Straight x St | BullStrap
  Rate limited, waiting 10s...
  Rate limited, waiting 10s...
  Rate limited, waiting 10s...
  Rate limited, waiting 10s...
  Rate limited, waiting 10s...
  Rate limited, waiting 10s...
Batch done: processed 87000 | fixed 80248 | since_id 10747251032337
Fixed 80250 | last: BMR 10-15 5th Gen Camaro V8 Rear Lowerin -> BMR Suspension BMR 5th Gen Camaro V8 Rear Loweri | BullStrap
  Rate limited, waiting 10s...
  Rate limited, waiting 10s...
  Rate limited, waiting 10s...
  Rate limited, waiting 10s...
  Rate limited, waiting 10s...
  Rate limited, waiting 10s...
  Rate limited, waiting 10s...
Fixed 80300 | last: Vibrant -8AN Male to 3/8in NPT Male Unio -> Vibrant Vibrant -8AN Male to 3/8in NPT Male Unio | BullStrap
  Rate limited, waiting 10s...
  Rate limited, waiting 10s...
  Rate limited, waiting 10s...
  Rate limited, waiting 10s...
  Rate limited, waiting 10s...
  Rate limited, waiting 10s...
Fixed 80350 | last: Borla 21-23 Hyundai Sonata N Line 2.5L i -> Borla Exhaust 21-23 | BullStrap
  Rate limited, waiting 10s...
  Rate limited, waiting 10s...
  Rate limited, waiting 10s...
  Rate limited, waiting 10s...
  Rate limited, waiting 10s...
  Rate limited, waiting 10s...
Fixed 80400 | last: Renthal 2025 KTM 65 Rear Chain Wheel - S -> Renthal Renthal 2025 KTM 65 Rear Chain Wheel - S | BullStrap
  Rate limited, waiting 10s...
  Rate limited, waiting 10s...
  Rate limited, waiting 10s...
  Rate limited, waiting 10s...
  Rate limited, waiting 10s...
  Rate limited, waiting 10s...
Fixed 80450 | last: Cali Raised 2016-2023 Toyota Tacoma Low  -> Cali Raised LED Cali Raised Toyota Tacoma Low Pr | BullStrap
  Rate limited, waiting 10s...
  Rate limited, waiting 10s...
  Rate limited, waiting 10s...
  Rate limited, waiting 10s...
Batch done: processed 87250 | fixed 80483 | since_id 10749459005713
  Rate limited, waiting 10s...
  Rate limited, waiting 10s...
Fixed 80500 | last: Stainless Works 2016-18 Ford Focus RS 3i -> Stainless Works Downpipe 2016-18 | BullStrap
  Rate limited, waiting 10s...
  Rate limited, waiting 10s...
  Rate limited, waiting 10s...
  Rate limited, waiting 10s...
  Rate limited, waiting 10s...
  Rate limited, waiting 10s...
Fixed 80550 | last: Eibach Pro-Kit for 2017 Audi A4 -> Eibach Eibach Pro-Kit for 2017 Audi A4 | BullStrap
  Rate limited, waiting 10s...
  Rate limited, waiting 10s...
  Rate limited, waiting 10s...
  Rate limited, waiting 10s...
  Rate limited, waiting 10s...
  Rate limited, waiting 10s...
  Rate limited, waiting 10s...
Fixed 80600 | last: Fox 17-22 Ford Super Duty ATS Stabilizer -> FOX Fox Ford Super Duty ATS Stabilizer w/ Bracke | BullStrap
  Rate limited, waiting 10s...
  Rate limited, waiting 10s...
  Rate limited, waiting 10s...
  Rate limited, waiting 10s...
  Rate limited, waiting 10s...
  Rate limited, waiting 10s...
Fixed 80650 | last: Vibrant -8AN to -10AN Barbed Transition  -> Vibrant Vibrant -8AN to -10AN Barbed Transition  | BullStrap
  Rate limited, waiting 10s...
  Rate limited, waiting 10s...
  Rate limited, waiting 10s...
  Rate limited, waiting 10s...
  Rate limited, waiting 10s...
  Rate limited, waiting 10s...
Fixed 80700 | last: Gates 5/16in x 50 ft SS Heater Hose -> Gates Gates 5/16in x 50 ft SS Heater Hose | BullStrap
  Rate limited, waiting 10s...
Batch done: processed 87500 | fixed 80709 | since_id 10755445915921
  Rate limited, waiting 10s...
  Rate limited, waiting 10s...
  Rate limited, waiting 10s...
  Rate limited, waiting 10s...
  Rate limited, waiting 10s...
Fixed 80750 | last: Cobb Subaru 5MT Shifter Bushing Pack -> COBB Cobb Subaru 5MT Shifter Bushing Pack | BullStrap
  Rate limited, waiting 10s...
  Rate limited, waiting 10s...
  Rate limited, waiting 10s...
  Rate limited, waiting 10s...
  Rate limited, waiting 10s...
  Rate limited, waiting 10s...
Fixed 80800 | last: ISR Performance Series II - GT Single Ex -> ISR Performance Exhaust 89-94 | BullStrap
  Rate limited, waiting 10s...
  Rate limited, waiting 10s...
  Rate limited, waiting 10s...
  Rate limited, waiting 10s...
  Rate limited, waiting 10s...
  Rate limited, waiting 10s...
Fixed 80850 | last: Clutch Masters 13-17 Cadillac ATS 2.0L 6 -> Clutch Masters Clutch Masters Cadillac ATS 2.0L  | BullStrap
  Rate limited, waiting 10s...
  Rate limited, waiting 10s...
  Rate limited, waiting 10s...
  Rate limited, waiting 10s...
  Rate limited, waiting 10s...
  Rate limited, waiting 10s...
Fixed 80900 | last: Kenda K6342 Trakmaster DTR Rear Tire - 1 -> Kenda Kenda K6342 Trakmaster DTR Rear Tire - 140 | BullStrap
  Rate limited, waiting 10s...
  Rate limited, waiting 10s...
  Rate limited, waiting 10s...
  Rate limited, waiting 10s...
  Rate limited, waiting 10s...
  Rate limited, waiting 10s...
Batch done: processed 87750 | fixed 80946 | since_id 10763134861585
Fixed 80950 | last: Weapon R 00-04 Toyota MR2 Spyder 1.8L Dr -> Weapon R Weapon R Toyota MR2 Spyder 1.8L Dragon  | BullStrap
  Rate limited, waiting 10s...
  Rate limited, waiting 10s...
  Rate limited, waiting 10s...
  Rate limited, waiting 10s...
  Rate limited, waiting 10s...
  Rate limited, waiting 10s...
  Rate limited, waiting 10s...
Fixed 81000 | last: Brembo 15-18 Porsche Macan Front Grooved -> Brembo OE Rotors 15-18 | BullStrap
  Rate limited, waiting 10s...
  Rate limited, waiting 10s...
  Rate limited, waiting 10s...
  Rate limited, waiting 10s...
  Rate limited, waiting 10s...
  Rate limited, waiting 10s...
Fixed 81050 | last: Stainless Bros 3in x 12.0in OAL Lightwei -> Stainless Bros Exhaust | BullStrap
  Rate limited, waiting 10s...
  Rate limited, waiting 10s...
  Rate limited, waiting 10s...
  Rate limited, waiting 10s...
  Rate limited, waiting 10s...
  Rate limited, waiting 10s...
Fixed 81100 | last: Kenda K3213 Cross Trail Front/Rear Tire  -> Kenda Kenda K3213 Cross Trail Front/Rear Tire -  | BullStrap
  Rate limited, waiting 10s...
  Rate limited, waiting 10s...
  Rate limited, waiting 10s...
  Rate limited, waiting 10s...
  Rate limited, waiting 10s...
  Rate limited, waiting 10s...
Fixed 81150 | last: EVS F2 Roost Deflector Black - Medium -> EVS EVS F2 Roost Deflector Black - Medium | BullStrap
  Rate limited, waiting 10s...
  Rate limited, waiting 10s...
  Rate limited, waiting 10s...
Batch done: processed 88000 | fixed 81174 | since_id 10768501014801
  Rate limited, waiting 10s...
  Rate limited, waiting 10s...
  Rate limited, waiting 10s...
Fixed 81200 | last: Matrix Concepts M64 Stand Wedge Kit -> Matrix Concepts Matrix Concepts M64 Stand Wedge  | BullStrap
  Rate limited, waiting 10s...
  Rate limited, waiting 10s...
  Rate limited, waiting 10s...
  Rate limited, waiting 10s...
  Rate limited, waiting 10s...
  Rate limited, waiting 10s...
Fixed 81250 | last: Vossen HFX-4 22x10.5 - 5x130 - ET20 - De -> Vossen Vossen HFX-4 22x10.5 - 5x130 - ET20 - Dee | BullStrap
  Rate limited, waiting 10s...
  Rate limited, waiting 10s...
  Rate limited, waiting 10s...
  Rate limited, waiting 10s...
  Rate limited, waiting 10s...
  Rate limited, waiting 10s...
  Rate limited, waiting 10s...
Fixed 81300 | last: Timbren 2002 Chevrolet Avalanche 2500 Re -> Timbren Suspension | BullStrap
  Rate limited, waiting 10s...
  Rate limited, waiting 10s...
  Rate limited, waiting 10s...
  Rate limited, waiting 10s...
  Rate limited, waiting 10s...
  Rate limited, waiting 10s...
  Rate limited, waiting 10s...
Fixed 81350 | last: EPI 21+ Kawasaki KRX1000 Teryx CV Boot H -> EPI EPI 21+ Kawasaki KRX1000 Teryx CV Boot Heavy | BullStrap
  Rate limited, waiting 10s...
  Rate limited, waiting 10s...
  Rate limited, waiting 10s...
  Rate limited, waiting 10s...
  Rate limited, waiting 10s...
Batch done: processed 88250 | fixed 81389 | since_id 10774222504209
  Rate limited, waiting 10s...
Fixed 81400 | last: Giant Loop MoJavi Saddlebag Zip - Black -> Giant Loop Giant Loop MoJavi Saddlebag Zip - Bla | BullStrap
  Rate limited, waiting 10s...
  Rate limited, waiting 10s...
  Rate limited, waiting 10s...
  Rate limited, waiting 10s...
  Rate limited, waiting 10s...
  Rate limited, waiting 10s...
Fixed 81450 | last: Fidanza 04-06 Dodge Ram SRT-10 8.3L/92-0 -> Fidanza Fidanza Dodge Ram SRT-10 8.3L/ Viper 8.0 | BullStrap
  Rate limited, waiting 10s...
  Rate limited, waiting 10s...
  Rate limited, waiting 10s...
  Rate limited, waiting 10s...
  Rate limited, waiting 10s...
  Rate limited, waiting 10s...
Fixed 81500 | last: Eaton ELocker Service Kit For Various Da -> Eaton Eaton ELocker Service Kit For Various Dana | BullStrap
  Rate limited, waiting 10s...
  Rate limited, waiting 10s...
  Rate limited, waiting 10s...
  Rate limited, waiting 10s...
  Rate limited, waiting 10s...
  Rate limited, waiting 10s...
  Rate limited, waiting 10s...
Fixed 81550 | last: Diode Dynamics Jeep 2018 SS30 Bumper LED -> Diode Dynamics Bumper | BullStrap
  Rate limited, waiting 10s...
  Rate limited, waiting 10s...
  Rate limited, waiting 10s...
  Rate limited, waiting 10s...
  Rate limited, waiting 10s...
  Rate limited, waiting 10s...
Fixed 81600 | last: AFE 19-22 Hyundai Veloster N BladeRunner -> aFe AFE Hyundai Veloster N BladeRunner Aluminum  | BullStrap
  Rate limited, waiting 10s...
  Rate limited, waiting 10s...
  Rate limited, waiting 10s...
Batch done: processed 88500 | fixed 81627 | since_id 10795751309585
  Rate limited, waiting 10s...
  Rate limited, waiting 10s...
  Rate limited, waiting 10s...
Fixed 81650 | last: Vibrant 1/4in NPT Female to 1/2in NPT Ma -> Vibrant Vibrant 1/4in NPT Female to 1/2in NPT Ma | BullStrap
  Rate limited, waiting 10s...
  Rate limited, waiting 10s...
  Rate limited, waiting 10s...
  Rate limited, waiting 10s...
  Rate limited, waiting 10s...
  Rate limited, waiting 10s...
Fixed 81700 | last: NGK Laser Iridium Spark Plug Box of 4 (Z -> NGK NGK Laser Iridium Spark Plug Box of 4 (ZGR7G | BullStrap
  Rate limited, waiting 10s...
  Rate limited, waiting 10s...
  Rate limited, waiting 10s...
  Rate limited, waiting 10s...
  Rate limited, waiting 10s...
  Rate limited, waiting 10s...
Fixed 81750 | last: KYB 19-23 Yamaha YZ65/93-01 YZ80/ 02-23  -> KYB Powersports KYB Yamaha YZ65/ YZ80/ YZ 85 Bus | BullStrap
  Rate limited, waiting 10s...
  Rate limited, waiting 10s...
  Rate limited, waiting 10s...
  Rate limited, waiting 10s...
  Rate limited, waiting 10s...
  Rate limited, waiting 10s...
Fixed 81800 | last: ANZO 2002-2004 Honda Civic Projector Hea -> ANZO ANZO Honda Civic Projector Headlights w/ Ha | BullStrap
  Rate limited, waiting 10s...
  Rate limited, waiting 10s...
  Rate limited, waiting 10s...
  Rate limited, waiting 10s...
  Rate limited, waiting 10s...
  Rate limited, waiting 10s...
Fixed 81850 | last: Spyder Toyota 4 Runner 96-02 Euro Style  -> SPYDER Spyder Toyota 4 Runner Euro Style Tail Li | BullStrap
  Rate limited, waiting 10s...
  Rate limited, waiting 10s...
Batch done: processed 88750 | fixed 81863 | since_id 10933975875857
  Rate limited, waiting 10s...
  Rate limited, waiting 10s...
  Rate limited, waiting 10s...
  Rate limited, waiting 10s...
Fixed 81900 | last: DEI Universal Boom Mat Acoustic Tiles -  -> DEI DEI Universal Boom Mat Acoustic Tiles - 4.25 | BullStrap
  Rate limited, waiting 10s...
  Rate limited, waiting 10s...
  Rate limited, waiting 10s...
  Rate limited, waiting 10s...
  Rate limited, waiting 10s...
  Rate limited, waiting 10s...
  Rate limited, waiting 10s...
Fixed 81950 | last: Wiseco 73.40mm Bore Ring Compressor Slee -> Wiseco Wiseco 73.40mm Bore Ring Compressor Sleev | BullStrap
  Rate limited, waiting 10s...
  Rate limited, waiting 10s...
  Rate limited, waiting 10s...
  Rate limited, waiting 10s...
  Rate limited, waiting 10s...
  Rate limited, waiting 10s...
Fixed 82000 | last: QA1 A Series Endura Rod End - Male/Left  -> QA1 QA1 A Series Endura Rod End - Male/Left Hand | BullStrap
  Rate limited, waiting 10s...
  Rate limited, waiting 10s...
  Rate limited, waiting 10s...
  Rate limited, waiting 10s...
  Rate limited, waiting 10s...
Fixed 82050 | last: QA1 Stocker Star Series Front Shock Abso -> QA1 Shocks | BullStrap
  Rate limited, waiting 10s...
  Rate limited, waiting 10s...
  Rate limited, waiting 10s...
  Rate limited, waiting 10s...
  Rate limited, waiting 10s...
  Rate limited, waiting 10s...
  Rate limited, waiting 10s...
Batch done: processed 89000 | fixed 82097 | since_id 10940322906385
  Rate limited, waiting 10s...
Fixed 82100 | last: QA1 1.625in Components Ball Joint Kit -> QA1 QA1 1.625in Components Ball Joint Kit | BullStrap
  Rate limited, waiting 10s...
  Rate limited, waiting 10s...
Fatal: getaddrinfo EAI_AGAIN bull-strap-78.myshopify.com
Fixed 82300 | processed 89000 | latest: aFe 2025+ Toyota Camry L4 2.5L Takeda SS -> aFe Exhaust 2025+ | BullStrap
  Rate limited, waiting 10s...
Fixed 82400 | processed 89000 | latest: Radium Engineering Quick Fill Dump Can,  -> Radium Engineering Radium Engineering Quick Fill D | Bull...
  Rate limited, waiting 10s...
Fixed 82500 | processed 89250 | latest: Invidia 22+ Toyota GR Corolla Full Titan -> Invidia Exhaust | BullStrap
  Rate limited, waiting 10s...
  Rate limited, waiting 10s...
Fixed 82600 | processed 89250 | latest: Torque Solution V2 HD Oil Pan (Street) S -> Torque Solution Torque Solution V2 HD Oil Pan (Str | Bull...
  Rate limited, waiting 10s...
  Rate limited, waiting 10s...
Fixed 82700 | processed 89250 | latest: HKS SUPER SQV 4 GT-R BNR32 RB26DETT -> HKS HKS SUPER SQV 4 GT-R BNR32 RB26DETT | BullStrap
  Rate limited, waiting 10s...
  Rate limited, waiting 10s...
Fixed 82800 | processed 89500 | latest: Sparco Circuit Seat Pad Black -> SPARCO Sparco Circuit Seat Pad Black | BullStrap
  Rate limited, waiting 10s...
Fixed 82900 | processed 89500 | latest: SPL Parts 2016+ Chevrolet Camaro (Gen 6) -> SPL Parts Control Arms 2016+ | BullStrap
  Rate limited, waiting 10s...
Fixed 83000 | processed 89750 | latest: DeatschWerks 6AN Male Flare Quick Discon -> DeatschWerks DeatschWerks 6AN Male Flare Quick Dis | Bull...
  Rate limited, waiting 10s...
  Rate limited, waiting 10s...
Fixed 83100 | processed 89750 | latest: Performance Machine Vision Derby Cover ( -> Performance Machine Performance Machine Vision Der | Bull...
  Rate limited, waiting 10s...
  Rate limited, waiting 10s...
Fixed 83200 | processed 89750 | latest: DBA 05-12 Corvette C6 w/Z06 pkg Front Sl -> DBA Rotors 05-12 | BullStrap
  Rate limited, waiting 10s...
Progress: 90000 processed, 83237 fixed
Starting from since_id: 10962246861073 | fixed so far: 83237
  Rate limited, waiting 10s...
  Rate limited, waiting 10s...
  Rate limited, waiting 10s...
  Rate limited, waiting 10s...
Fixed 83250 | last: Big Gun 00-23 Honda XR/CRF 50 Evo M Seri -> Big Gun Exhaust 00-23 | BullStrap
  Rate limited, waiting 10s...
  Rate limited, waiting 10s...
  Rate limited, waiting 10s...
  Rate limited, waiting 10s...
  Rate limited, waiting 10s...
  Rate limited, waiting 10s...
  Rate limited, waiting 10s...
  Rate limited, waiting 10s...
  Rate limited, waiting 10s...
  Rate limited, waiting 10s...
  Rate limited, waiting 10s...
  Rate limited, waiting 10s...
Fixed 83300 | processed 90000 | latest: Progress Tech 08-14 Scion xD/07-14 Toyot -> Progress Technology Sway Bar 08-14 | BullStrap
Fixed 83300 | last: Rays M12x1.25 5 holes 16pcs nut, 4pcs Lo -> Rays Rays M12x1.25 5 holes 16pcs nut, 4pcs Lock  | BullStrap
  Rate limited, waiting 10s...
  Rate limited, waiting 10s...
  Rate limited, waiting 10s...
  Rate limited, waiting 10s...
  Rate limited, waiting 10s...
  Rate limited, waiting 10s...
  Rate limited, waiting 10s...
  Rate limited, waiting 10s...
  Rate limited, waiting 10s...
  Rate limited, waiting 10s...
  Rate limited, waiting 10s...
  Rate limited, waiting 10s...
Fixed 83350 | last: Omix Front Leaf Spring 4 Leaf 87-95 Jeep -> OMIX Omix Front Leaf Spring 4 Leaf Jeep Wrangler | BullStrap
  Rate limited, waiting 10s...
  Rate limited, waiting 10s...
  Rate limited, waiting 10s...
  Rate limited, waiting 10s...
  Rate limited, waiting 10s...
  Rate limited, waiting 10s...
  Rate limited, waiting 10s...
  Rate limited, waiting 10s...
  Rate limited, waiting 10s...
  Rate limited, waiting 10s...
  Rate limited, waiting 10s...
  Rate limited, waiting 10s...
Fixed 83400 | last: Brembo 13-18 Cadillac ATS Front Premium  -> Brembo OE Rotors 13-18 | BullStrap
Fixed 83400 | processed 90000 | latest: Brembo 12-13 VW Golf R/15-20 GTI/2008 R3 -> Brembo OE Brembo VW Golf R/ GTI/2008 R32 Rear Prem | Bull...
  Rate limited, waiting 10s...
  Rate limited, waiting 10s...
  Rate limited, waiting 10s...
  Rate limited, waiting 10s...
  Rate limited, waiting 10s...
  Rate limited, waiting 10s...
  Rate limited, waiting 10s...
  Rate limited, waiting 10s...
  Rate limited, waiting 10s...
  Rate limited, waiting 10s...
  Rate limited, waiting 10s...
  Rate limited, waiting 10s...
Fixed 83450 | last: Mishimoto 2018+ Jeep Wrangler JL / Gladi -> Mishimoto Radiator 2018+ | BullStrap
  Rate limited, waiting 10s...
  Rate limited, waiting 10s...
  Rate limited, waiting 10s...
  Rate limited, waiting 10s...
  Rate limited, waiting 10s...
  Rate limited, waiting 10s...
Batch done: processed 90250 | fixed 83476 | since_id 10968774967569
  Rate limited, waiting 10s...
  Rate limited, waiting 10s...
  Rate limited, waiting 10s...
  Rate limited, waiting 10s...
  Rate limited, waiting 10s...
  Rate limited, waiting 10s...
Fixed 83500 | last: Mickey Thompson Classic Baja Lock Center -> Mickey Thompson Mickey Thompson Classic Baja Loc | BullStrap
Fixed 83500 | processed 90250 | latest: Mickey Thompson Sidebiter II Center Cap  -> Mickey Thompson Mickey Thompson Sidebiter II Cente | Bull...
  Rate limited, waiting 10s...
  Rate limited, waiting 10s...
  Rate limited, waiting 10s...
  Rate limited, waiting 10s...
  Rate limited, waiting 10s...
  Rate limited, waiting 10s...
  Rate limited, waiting 10s...
  Rate limited, waiting 10s...
  Rate limited, waiting 10s...
  Rate limited, waiting 10s...
Fixed 83550 | last: Mickey Thompson Pro Bracket Radial Tire  -> Mickey Thompson Mickey Thompson Pro Bracket Radi | BullStrap
  Rate limited, waiting 10s...
  Rate limited, waiting 10s...
  Rate limited, waiting 10s...
  Rate limited, waiting 10s...
  Rate limited, waiting 10s...
  Rate limited, waiting 10s...
  Rate limited, waiting 10s...
  Rate limited, waiting 10s...
  Rate limited, waiting 10s...
  Rate limited, waiting 10s...
  Rate limited, waiting 10s...
  Rate limited, waiting 10s...
  Rate limited, waiting 10s...
  Rate limited, waiting 10s...
Fixed 83600 | last: Mickey Thompson Baja Boss A/T Tire - LT2 -> Mickey Thompson Mickey Thompson Baja Boss A/T Ti | BullStrap
  Rate limited, waiting 10s...
Fixed 83600 | processed 90250 | latest: Mickey Thompson Baja Boss A/T Tire - LT2 -> Mickey Thompson Mickey Thompson Baja Boss A/T Tire | Bull...
  Rate limited, waiting 10s...
  Rate limited, waiting 10s...
  Rate limited, waiting 10s...
  Rate limited, waiting 10s...
  Rate limited, waiting 10s...
  Rate limited, waiting 10s...
  Rate limited, waiting 10s...
  Rate limited, waiting 10s...
  Rate limited, waiting 10s...
Fixed 83650 | last: Mickey Thompson Baja Pro XS Tire - 40X13 -> Mickey Thompson Mickey Thompson Baja Pro XS Tire | BullStrap
  Rate limited, waiting 10s...
  Rate limited, waiting 10s...
  Rate limited, waiting 10s...
  Rate limited, waiting 10s...
  Rate limited, waiting 10s...
  Rate limited, waiting 10s...
  Rate limited, waiting 10s...
  Rate limited, waiting 10s...
  Rate limited, waiting 10s...
  Rate limited, waiting 10s...
  Rate limited, waiting 10s...
  Rate limited, waiting 10s...
  Rate limited, waiting 10s...
  Rate limited, waiting 10s...
Fixed 83700 | last: Omix Dash Pad Gray 72-86 Jeep CJ Models -> OMIX Omix Dash Pad Gray Jeep CJ Models | BullStrap
  Rate limited, waiting 10s...
  Rate limited, waiting 10s...
  Rate limited, waiting 10s...
  Rate limited, waiting 10s...
Fixed 83700 | processed 90250 | latest: Vibrant 4 Ply Reinforced Silicone Hump H -> Vibrant Vibrant 4 Ply Reinforced Silicone Hump Hos | Bull...
Batch done: processed 90500 | fixed 83715 | since_id 10970780074257
  Rate limited, waiting 10s...
  Rate limited, waiting 10s...
  Rate limited, waiting 10s...
  Rate limited, waiting 10s...
  Rate limited, waiting 10s...
  Rate limited, waiting 10s...
  Rate limited, waiting 10s...
  Rate limited, waiting 10s...
  Rate limited, waiting 10s...
  Rate limited, waiting 10s...
Fixed 83750 | last: Vibrant 10AN Hose End Socket for PTFE Ho -> Vibrant Vibrant 10AN Hose End Socket for PTFE Ho | BullStrap
  Rate limited, waiting 10s...
  Rate limited, waiting 10s...
  Rate limited, waiting 10s...
  Rate limited, waiting 10s...
  Rate limited, waiting 10s...
  Rate limited, waiting 10s...
  Rate limited, waiting 10s...
  Rate limited, waiting 10s...
  Rate limited, waiting 10s...
  Rate limited, waiting 10s...
  Rate limited, waiting 10s...
  Rate limited, waiting 10s...
Fixed 83800 | last: Cycra 21-24 Honda CRF250R Replica Radiat -> Cycra Radiator 21-24 | BullStrap
  Rate limited, waiting 10s...
  Rate limited, waiting 10s...
  Rate limited, waiting 10s...
  Rate limited, waiting 10s...
Fixed 83800 | processed 90500 | latest: Cycra 10-13 Yamaha YZ250F Mud Flap - Bla -> Cycra Cycra Yamaha YZ250F Mud Flap - Black | BullStrap
  Rate limited, waiting 10s...
  Rate limited, waiting 10s...
  Rate limited, waiting 10s...
  Rate limited, waiting 10s...
  Rate limited, waiting 10s...
  Rate limited, waiting 10s...
  Rate limited, waiting 10s...
  Rate limited, waiting 10s...
Fixed 83850 | last: Cycra 21-23 Kawasaki KX250F 5-pc Replica -> Cycra Cycra Kawasaki KX250F 5-pc Replica Body Ki | BullStrap
  Rate limited, waiting 10s...
  Rate limited, waiting 10s...
  Rate limited, waiting 10s...
  Rate limited, waiting 10s...
  Rate limited, waiting 10s...
  Rate limited, waiting 10s...
  Rate limited, waiting 10s...
  Rate limited, waiting 10s...
  Rate limited, waiting 10s...
  Rate limited, waiting 10s...
  Rate limited, waiting 10s...
  Rate limited, waiting 10s...
  Rate limited, waiting 10s...
Fixed 83900 | last: QuadBoss 17-19 Polaris ACE 500 Top End G -> QuadBoss QuadBoss Polaris ACE 500 Top End Gasket | BullStrap
  Rate limited, waiting 10s...
  Rate limited, waiting 10s...
  Rate limited, waiting 10s...
  Rate limited, waiting 10s...
Fixed 83900 | processed 90500 | latest: ARP 1/4-20 x 0.515 12pt SS Bolts -> ARP ARP 1/4-20 x 0.515 12pt SS Bolts | BullStrap
  Rate limited, waiting 10s...
  Rate limited, waiting 10s...
  Rate limited, waiting 10s...
  Rate limited, waiting 10s...
  Rate limited, waiting 10s...
  Rate limited, waiting 10s...
  Rate limited, waiting 10s...
  Rate limited, waiting 10s...
  Rate limited, waiting 10s...
Fixed 83950 | last: GReddy Shift Knob A02 - Low Type w/ Reve -> GReddy GReddy Shift Knob A02 - Low Type w/ Rever | BullStrap
Batch done: processed 90750 | fixed 83951 | since_id 10974061822225
  Rate limited, waiting 10s...
  Rate limited, waiting 10s...
  Rate limited, waiting 10s...
  Rate limited, waiting 10s...
  Rate limited, waiting 10s...
  Rate limited, waiting 10s...
  Rate limited, waiting 10s...
  Rate limited, waiting 10s...
  Rate limited, waiting 10s...
  Rate limited, waiting 10s...
  Rate limited, waiting 10s...
  Rate limited, waiting 10s...
Fixed 84000 | last: Weld S71 15x11.33 / 5x115 Conical Lug /  -> Weld Weld S71 15x11.33 / 5x115 Conical Lug / 6.5 | BullStrap
  Rate limited, waiting 10s...
  Rate limited, waiting 10s...
  Rate limited, waiting 10s...
  Rate limited, waiting 10s...
Fixed 84000 | processed 90750 | latest: Forced Performance Subaru WRX/STi XR ZER -> Forced Performance Turbo | BullStrap
  Rate limited, waiting 10s...
  Rate limited, waiting 10s...
  Rate limited, waiting 10s...
  Rate limited, waiting 10s...
  Rate limited, waiting 10s...
  Rate limited, waiting 10s...
  Rate limited, waiting 10s...
Fixed 84050 | last: QuadBoss 01-08 Kawasaki KAF620E Mule 301 -> QuadBoss QuadBoss Kawasaki KAF620E Mule 3010 Car | BullStrap
  Rate limited, waiting 10s...
  Rate limited, waiting 10s...
  Rate limited, waiting 10s...
  Rate limited, waiting 10s...
  Rate limited, waiting 10s...
  Rate limited, waiting 10s...
  Rate limited, waiting 10s...
  Rate limited, waiting 10s...
  Rate limited, waiting 10s...
  Rate limited, waiting 10s...
  Rate limited, waiting 10s...
  Rate limited, waiting 10s...
  Rate limited, waiting 10s...
Fixed 84100 | last: Michelin Pilot Sport Cup 2 Connect 245/3 -> Michelin Michelin Pilot Sport Cup 2 Connect 245/ | BullStrap
  Rate limited, waiting 10s...
  Rate limited, waiting 10s...
  Rate limited, waiting 10s...
  Rate limited, waiting 10s...
Fixed 84100 | processed 90750 | latest: Rancho 04-15 Nissan Titan Rear RS9000XL  -> Rancho Shocks 04-15 | BullStrap
  Rate limited, waiting 10s...
  Rate limited, waiting 10s...
  Rate limited, waiting 10s...
  Rate limited, waiting 10s...
  Rate limited, waiting 10s...
  Rate limited, waiting 10s...
  Rate limited, waiting 10s...
  Rate limited, waiting 10s...
Fixed 84150 | last: Whiteline 93-01 Subaru Impreza L / 98-01 -> Whiteline Sway Bar 93-01 | BullStrap
  Rate limited, waiting 10s...
  Rate limited, waiting 10s...
  Rate limited, waiting 10s...
  Rate limited, waiting 10s...
  Rate limited, waiting 10s...
  Rate limited, waiting 10s...
  Rate limited, waiting 10s...
  Rate limited, waiting 10s...
  Rate limited, waiting 10s...
  Rate limited, waiting 10s...
Batch done: processed 91000 | fixed 84194 | since_id 10977527595281
  Rate limited, waiting 10s...
  Rate limited, waiting 10s...
Fixed 84200 | last: Bilstein B8 8112 Series 10-24 Toyota 4Ru -> Bilstein Shocks 10-24 | BullStrap
  Rate limited, waiting 10s...
  Rate limited, waiting 10s...
  Rate limited, waiting 10s...
  Rate limited, waiting 10s...
Fixed 84200 | processed 91000 | latest: Fragola -6AN Race-Rite Crimp-On Hose End -> Fragola Fragola -6AN Race-Rite Crimp-On Hose End S | Bull...
  Rate limited, waiting 10s...
  Rate limited, waiting 10s...
  Rate limited, waiting 10s...
  Rate limited, waiting 10s...
  Rate limited, waiting 10s...
  Rate limited, waiting 10s...
  Rate limited, waiting 10s...
  Rate limited, waiting 10s...
Fixed 84250 | last: Michelin Pilot Sport 4 S 255/35ZR19 (96Y -> Michelin Michelin Pilot Sport 4 S 255/35ZR19 (96 | BullStrap
  Rate limited, waiting 10s...
  Rate limited, waiting 10s...
  Rate limited, waiting 10s...
  Rate limited, waiting 10s...
  Rate limited, waiting 10s...
  Rate limited, waiting 10s...
  Rate limited, waiting 10s...
  Rate limited, waiting 10s...
  Rate limited, waiting 10s...
  Rate limited, waiting 10s...
  Rate limited, waiting 10s...
  Rate limited, waiting 10s...
  Rate limited, waiting 10s...
  Rate limited, waiting 10s...
Fixed 84300 | last: Michelin Pilot Alpin 5 235/45R18 98V -> Michelin Michelin Pilot Alpin 5 235/45R18 98V | BullStrap
  Rate limited, waiting 10s...
  Rate limited, waiting 10s...
  Rate limited, waiting 10s...
  Rate limited, waiting 10s...
Fixed 84300 | processed 91000 | latest: Power Stop 11-21 GMC Sierra 3500 HD Fron -> PowerStop Rotors 11-21 | BullStrap
  Rate limited, waiting 10s...
  Rate limited, waiting 10s...
  Rate limited, waiting 10s...
  Rate limited, waiting 10s...
  Rate limited, waiting 10s...
  Rate limited, waiting 10s...
  Rate limited, waiting 10s...
  Rate limited, waiting 10s...
  Rate limited, waiting 10s...
Fixed 84350 | last: Power Stop 15-20 GMC Yukon XL Front Z36  -> PowerStop Power Stop GMC Yukon XL Front Z36 Truc | BullStrap
  Rate limited, waiting 10s...
  Rate limited, waiting 10s...
  Rate limited, waiting 10s...
  Rate limited, waiting 10s...
  Rate limited, waiting 10s...
  Rate limited, waiting 10s...
  Rate limited, waiting 10s...
  Rate limited, waiting 10s...
  Rate limited, waiting 10s...
  Rate limited, waiting 10s...
  Rate limited, waiting 10s...
  Rate limited, waiting 10s...
  Rate limited, waiting 10s...
Batch done: processed 91250 | fixed 84399 | since_id 10980248387857
Fixed 84400 | last: Cognito 21-24 Chevy/GMC Yukon/XL/Tahoe/S -> Cognito Lift Kit 21-24 | BullStrap
  Rate limited, waiting 10s...
  Rate limited, waiting 10s...
  Rate limited, waiting 10s...
  Rate limited, waiting 10s...
  Rate limited, waiting 10s...
  Rate limited, waiting 10s...
Fixed 84400 | processed 91250 | latest: Go Rhino 19-22 Ram 1500 CC 4DR (Not Clas -> Go Rhino Go Rhino Ram 1500 CC 4DR (Not Classic) RB | Bull...
  Rate limited, waiting 10s...
  Rate limited, waiting 10s...
  Rate limited, waiting 10s...
  Rate limited, waiting 10s...
  Rate limited, waiting 10s...
  Rate limited, waiting 10s...
  Rate limited, waiting 10s...
  Rate limited, waiting 10s...
Fixed 84450 | last: ICO 2.5 Series Coilover Kits -> ICON Coilovers | BullStrap
  Rate limited, waiting 10s...
  Rate limited, waiting 10s...
  Rate limited, waiting 10s...
  Rate limited, waiting 10s...
  Rate limited, waiting 10s...
  Rate limited, waiting 10s...
  Rate limited, waiting 10s...
  Rate limited, waiting 10s...
  Rate limited, waiting 10s...
  Rate limited, waiting 10s...
  Rate limited, waiting 10s...
  Rate limited, waiting 10s...
  Rate limited, waiting 10s...
  Rate limited, waiting 10s...
Fixed 84500 | last: Remus Stainless Steel 84mm Black Chrome  -> Remus Remus Stainless Steel 84mm Black Chrome St | BullStrap
  Rate limited, waiting 10s...
  Rate limited, waiting 10s...
  Rate limited, waiting 10s...
  Rate limited, waiting 10s...
Fixed 84500 | processed 91250 | latest: Renthal Team Clean Grip - Black/Red/Whit -> Renthal Renthal Team Clean Grip - Black/Red/White | BullS...
  Rate limited, waiting 10s...
  Rate limited, waiting 10s...
  Rate limited, waiting 10s...
  Rate limited, waiting 10s...
  Rate limited, waiting 10s...
  Rate limited, waiting 10s...
  Rate limited, waiting 10s...
  Rate limited, waiting 10s...
  Rate limited, waiting 10s...
  Rate limited, waiting 10s...
Fixed 84550 | last: Vibrant Submersible PTFE Fuel Tank Tubin -> Vibrant Vibrant Submersible PTFE Fuel Tank Tubin | BullStrap
  Rate limited, waiting 10s...
  Rate limited, waiting 10s...
  Rate limited, waiting 10s...
  Rate limited, waiting 10s...
  Rate limited, waiting 10s...
  Rate limited, waiting 10s...
  Rate limited, waiting 10s...
  Rate limited, waiting 10s...
  Rate limited, waiting 10s...
  Rate limited, waiting 10s...
  Rate limited, waiting 10s...
  Rate limited, waiting 10s...
Batch done: processed 91500 | fixed 84597 | since_id 10982962462993
  Rate limited, waiting 10s...
Fixed 84600 | last: BRE Exhaust 05-11 9-3 2.0L Front Pipe Ki -> Magnaflow Exhaust 05-11 | BullStrap
  Rate limited, waiting 10s...
  Rate limited, waiting 10s...
  Rate limited, waiting 10s...
  Rate limited, waiting 10s...
  Rate limited, waiting 10s...
Fixed 84600 | processed 91500 | latest: Diode Dynamics 9006/9012 Yellow SL2 LED  -> Diode Dynamics Diode Dynamics 9006/9012 Yellow SL2 | Bull...
  Rate limited, waiting 10s...
  Rate limited, waiting 10s...
  Rate limited, waiting 10s...
  Rate limited, waiting 10s...
  Rate limited, waiting 10s...
  Rate limited, waiting 10s...
  Rate limited, waiting 10s...
  Rate limited, waiting 10s...
  Rate limited, waiting 10s...
  Rate limited, waiting 10s...
  Rate limited, waiting 10s...
  Rate limited, waiting 10s...
  Rate limited, waiting 10s...
  Rate limited, waiting 10s...
  Rate limited, waiting 10s...
  Rate limited, waiting 10s...
  Rate limited, waiting 10s...
  Rate limited, waiting 10s...
  Rate limited, waiting 10s...
  Rate limited, waiting 10s...
  Rate limited, waiting 10s...
  Rate limited, waiting 10s...
  Rate limited, waiting 10s...
  Rate limited, waiting 10s...
  Rate limited, waiting 10s...
  Rate limited, waiting 10s...
  Rate limited, waiting 10s...
  Rate limited, waiting 10s...
Fixed 84650 | last: EVS Axis Patella Cup Replacement(Strap/L -> EVS EVS Axis Patella Cup Replacement(Strap/Liner | BullStrap
  Rate limited, waiting 10s...
  Rate limited, waiting 10s...
  Rate limited, waiting 10s...
  Rate limited, waiting 10s...
  Rate limited, waiting 10s...
  Rate limited, waiting 10s...
  Rate limited, waiting 10s...
  Rate limited, waiting 10s...
  Rate limited, waiting 10s...
  Rate limited, waiting 10s...
  Rate limited, waiting 10s...
  Rate limited, waiting 10s...
  Rate limited, waiting 10s...
  Rate limited, waiting 10s...
  Rate limited, waiting 10s...
  Rate limited, waiting 10s...
  Rate limited, waiting 10s...
  Rate limited, waiting 10s...
  Rate limited, waiting 10s...
  Rate limited, waiting 10s...
  Rate limited, waiting 10s...
  Rate limited, waiting 10s...
  Rate limited, waiting 10s...
  Rate limited, waiting 10s...
  Rate limited, waiting 10s...
  Rate limited, waiting 10s...
  Rate limited, waiting 10s...
  Rate limited, waiting 10s...
  Rate limited, waiting 10s...
  Rate limited, waiting 10s...
  Rate limited, waiting 10s...
  Rate limited, waiting 10s...
  Rate limited, waiting 10s...
  Rate limited, waiting 10s...
  Rate limited, waiting 10s...
  Rate limited, waiting 10s...
  Rate limited, waiting 10s...
  Rate limited, waiting 10s...
  Rate limited, waiting 10s...
  Rate limited, waiting 10s...
  Rate limited, waiting 10s...
  Rate limited, waiting 10s...
  Rate limited, waiting 10s...
  Rate limited, waiting 10s...
  Rate limited, waiting 10s...
  Rate limited, waiting 10s...
  Rate limited, waiting 10s...
  Rate limited, waiting 10s...
  Rate limited, waiting 10s...
  Rate limited, waiting 10s...
  Rate limited, waiting 10s...
  Rate limited, waiting 10s...
  Rate limited, waiting 10s...
  Rate limited, waiting 10s...
  Rate limited, waiting 10s...
  Rate limited, waiting 10s...
  Rate limited, waiting 10s...
  Rate limited, waiting 10s...
  Rate limited, waiting 10s...
  Rate limited, waiting 10s...
  Rate limited, waiting 10s...
  Rate limited, waiting 10s...
  Rate limited, waiting 10s...
  Rate limited, waiting 10s...
Fixed 84700 | last: Brembo OE 12-13 Volkswagen Golf R/10-21  -> Brembo OE Brembo OE Volkswagen Golf R/ GTI Rear  | BullStrap
  Rate limited, waiting 10s...
  Rate limited, waiting 10s...
  Rate limited, waiting 10s...
  Rate limited, waiting 10s...
  Rate limited, waiting 10s...
  Rate limited, waiting 10s...
  Rate limited, waiting 10s...
  Rate limited, waiting 10s...
  Rate limited, waiting 10s...
  Rate limited, waiting 10s...
  Rate limited, waiting 10s...
  Rate limited, waiting 10s...
  Rate limited, waiting 10s...
  Rate limited, waiting 10s...
  Rate limited, waiting 10s...
  Rate limited, waiting 10s...
  Rate limited, waiting 10s...
  Rate limited, waiting 10s...
  Rate limited, waiting 10s...
  Rate limited, waiting 10s...
  Rate limited, waiting 10s...
  Rate limited, waiting 10s...
  Rate limited, waiting 10s...
  Rate limited, waiting 10s...
  Rate limited, waiting 10s...
  Rate limited, waiting 10s...
Fixed 84700 | processed 91500 | latest: Michelin Pilot Sport 4 S 285/30ZR18 (97Y -> Michelin Michelin Pilot Sport 4 S 285/30ZR18 (97Y) | Bull...
  Rate limited, waiting 10s...
  Rate limited, waiting 10s...
  Rate limited, waiting 10s...
  Rate limited, waiting 10s...
  Rate limited, waiting 10s...
  Rate limited, waiting 10s...
  Rate limited, waiting 10s...
  Rate limited, waiting 10s...
  Rate limited, waiting 10s...
  Rate limited, waiting 10s...
  Rate limited, waiting 10s...
  Rate limited, waiting 10s...
  Rate limited, waiting 10s...
  Rate limited, waiting 10s...
  Rate limited, waiting 10s...
  Rate limited, waiting 10s...
  Rate limited, waiting 10s...
  Rate limited, waiting 10s...
  Rate limited, waiting 10s...
  Rate limited, waiting 10s...
  Rate limited, waiting 10s...
  Rate limited, waiting 10s...
  Rate limited, waiting 10s...
  Rate limited, waiting 10s...
  Rate limited, waiting 10s...
  Rate limited, waiting 10s...
  Rate limited, waiting 10s...
  Rate limited, waiting 10s...
  Rate limited, waiting 10s...
  Rate limited, waiting 10s...
  Rate limited, waiting 10s...
  Rate limited, waiting 10s...
  Rate limited, waiting 10s...
  Rate limited, waiting 10s...
Fixed 84750 | last: SuperPro Toyota Camry 18-21 Front Lower  -> Superpro Control Arms 18-21 | BullStrap
  Rate limited, waiting 10s...
  Rate limited, waiting 10s...
  Rate limited, waiting 10s...
  Rate limited, waiting 10s...
  Rate limited, waiting 10s...
  Rate limited, waiting 10s...
  Rate limited, waiting 10s...
  Rate limited, waiting 10s...
  Rate limited, waiting 10s...
  Rate limited, waiting 10s...
  Rate limited, waiting 10s...
  Rate limited, waiting 10s...
  Rate limited, waiting 10s...
  Rate limited, waiting 10s...
  Rate limited, waiting 10s...
  Rate limited, waiting 10s...
  Rate limited, waiting 10s...
  Rate limited, waiting 10s...
  Rate limited, waiting 10s...
  Rate limited, waiting 10s...
  Rate limited, waiting 10s...
  Rate limited, waiting 10s...
  Rate limited, waiting 10s...
  Rate limited, waiting 10s...
  Rate limited, waiting 10s...
  Rate limited, waiting 10s...
  Rate limited, waiting 10s...
  Rate limited, waiting 10s...
  Rate limited, waiting 10s...
  Rate limited, waiting 10s...
  Rate limited, waiting 10s...
  Rate limited, waiting 10s...
  Rate limited, waiting 10s...
  Rate limited, waiting 10s...
  Rate limited, waiting 10s...
  Rate limited, waiting 10s...
  Rate limited, waiting 10s...
  Rate limited, waiting 10s...
  Rate limited, waiting 10s...
  Rate limited, waiting 10s...
  Rate limited, waiting 10s...
  Rate limited, waiting 10s...
  Rate limited, waiting 10s...
  Rate limited, waiting 10s...
  Rate limited, waiting 10s...
  Rate limited, waiting 10s...
  Rate limited, waiting 10s...
  Rate limited, waiting 10s...
  Rate limited, waiting 10s...
  Rate limited, waiting 10s...
  Rate limited, waiting 10s...
  Rate limited, waiting 10s...
  Rate limited, waiting 10s...
  Rate limited, waiting 10s...
  Rate limited, waiting 10s...
  Rate limited, waiting 10s...
  Rate limited, waiting 10s...
  Rate limited, waiting 10s...
  Rate limited, waiting 10s...
  Rate limited, waiting 10s...
  Rate limited, waiting 10s...
  Rate limited, waiting 10s...
  Rate limited, waiting 10s...
  Rate limited, waiting 10s...
  Rate limited, waiting 10s...
  Rate limited, waiting 10s...
  Rate limited, waiting 10s...
  Rate limited, waiting 10s...
  Rate limited, waiting 10s...
  Rate limited, waiting 10s...
Batch done: processed 91750 | fixed 84794 | since_id 10994106269969
  Rate limited, waiting 10s...
  Rate limited, waiting 10s...
  Rate limited, waiting 10s...
  Rate limited, waiting 10s...
  Rate limited, waiting 10s...
  Rate limited, waiting 10s...
  Rate limited, waiting 10s...
  Rate limited, waiting 10s...
Fixed 84800 | last: HKS LOGO Sticker a la carte WHITE -> HKS HKS LOGO Sticker a la carte WHITE | BullStrap
  Rate limited, waiting 10s...
  Rate limited, waiting 10s...
  Rate limited, waiting 10s...
  Rate limited, waiting 10s...
  Rate limited, waiting 10s...
  Rate limited, waiting 10s...
  Rate limited, waiting 10s...
  Rate limited, waiting 10s...
  Rate limited, waiting 10s...
  Rate limited, waiting 10s...
  Rate limited, waiting 10s...
  Rate limited, waiting 10s...
  Rate limited, waiting 10s...
  Rate limited, waiting 10s...
  Rate limited, waiting 10s...
  Rate limited, waiting 10s...
  Rate limited, waiting 10s...
  Rate limited, waiting 10s...
  Rate limited, waiting 10s...
  Rate limited, waiting 10s...
  Rate limited, waiting 10s...
  Rate limited, waiting 10s...
  Rate limited, waiting 10s...
  Rate limited, waiting 10s...
  Rate limited, waiting 10s...
Fixed 84800 | processed 91750 | latest: AlphaRex 07-13 Toyota Tundra / 08-17 Seq -> AlphaRex AlphaRex Toyota Tundra / Sequoia LUXX-Ser | Bull...
  Rate limited, waiting 10s...
  Rate limited, waiting 10s...
  Rate limited, waiting 10s...
  Rate limited, waiting 10s...
  Rate limited, waiting 10s...
  Rate limited, waiting 10s...
  Rate limited, waiting 10s...
  Rate limited, waiting 10s...
  Rate limited, waiting 10s...
  Rate limited, waiting 10s...
  Rate limited, waiting 10s...
  Rate limited, waiting 10s...
  Rate limited, waiting 10s...
  Rate limited, waiting 10s...
  Rate limited, waiting 10s...
  Rate limited, waiting 10s...
  Rate limited, waiting 10s...
  Rate limited, waiting 10s...
  Rate limited, waiting 10s...
  Rate limited, waiting 10s...
  Rate limited, waiting 10s...
  Rate limited, waiting 10s...
  Rate limited, waiting 10s...
  Rate limited, waiting 10s...
  Rate limited, waiting 10s...
  Rate limited, waiting 10s...
  Rate limited, waiting 10s...
  Rate limited, waiting 10s...
  Rate limited, waiting 10s...
  Rate limited, waiting 10s...
  Rate limited, waiting 10s...
  Rate limited, waiting 10s...
  Rate limited, waiting 10s...
Fixed 84850 | last: Cycra CRM Ultra 7/8 in. Clamp w/White Sh -> Cycra Cycra CRM Ultra 7/8 in. Clamp w/White Shie | BullStrap
  Rate limited, waiting 10s...
  Rate limited, waiting 10s...
  Rate limited, waiting 10s...
  Rate limited, waiting 10s...
  Rate limited, waiting 10s...
  Rate limited, waiting 10s...
  Rate limited, waiting 10s...
  Rate limited, waiting 10s...
  Rate limited, waiting 10s...
  Rate limited, waiting 10s...
  Rate limited, waiting 10s...
  Rate limited, waiting 10s...
  Rate limited, waiting 10s...
  Rate limited, waiting 10s...
  Rate limited, waiting 10s...
  Rate limited, waiting 10s...
  Rate limited, waiting 10s...
  Rate limited, waiting 10s...
  Rate limited, waiting 10s...
  Rate limited, waiting 10s...
  Rate limited, waiting 10s...
  Rate limited, waiting 10s...
  Rate limited, waiting 10s...
  Rate limited, waiting 10s...
  Rate limited, waiting 10s...
  Rate limited, waiting 10s...
  Rate limited, waiting 10s...
  Rate limited, waiting 10s...
  Rate limited, waiting 10s...
  Rate limited, waiting 10s...
  Rate limited, waiting 10s...
  Rate limited, waiting 10s...
  Rate limited, waiting 10s...
  Rate limited, waiting 10s...
  Rate limited, waiting 10s...
  Rate limited, waiting 10s...
  Rate limited, waiting 10s...
  Rate limited, waiting 10s...
  Rate limited, waiting 10s...
  Rate limited, waiting 10s...
  Rate limited, waiting 10s...
  Rate limited, waiting 10s...
  Rate limited, waiting 10s...
  Rate limited, waiting 10s...
  Rate limited, waiting 10s...
  Rate limited, waiting 10s...
  Rate limited, waiting 10s...
  Rate limited, waiting 10s...
  Rate limited, waiting 10s...
  Rate limited, waiting 10s...
  Rate limited, waiting 10s...
  Rate limited, waiting 10s...
  Rate limited, waiting 10s...
  Rate limited, waiting 10s...
  Rate limited, waiting 10s...
  Rate limited, waiting 10s...
  Rate limited, waiting 10s...
  Rate limited, waiting 10s...
  Rate limited, waiting 10s...
  Rate limited, waiting 10s...
  Rate limited, waiting 10s...
  Rate limited, waiting 10s...
  Rate limited, waiting 10s...
  Rate limited, waiting 10s...
  Rate limited, waiting 10s...
  Rate limited, waiting 10s...
  Rate limited, waiting 10s...
  Rate limited, waiting 10s...
  Rate limited, waiting 10s...
  Rate limited, waiting 10s...
  Rate limited, waiting 10s...
  Rate limited, waiting 10s...
  Rate limited, waiting 10s...
  Rate limited, waiting 10s...
  Rate limited, waiting 10s...
  Rate limited, waiting 10s...
  Rate limited, waiting 10s...
  Rate limited, waiting 10s...
  Rate limited, waiting 10s...
  Rate limited, waiting 10s...
  Rate limited, waiting 10s...
  Rate limited, waiting 10s...
  Rate limited, waiting 10s...
  Rate limited, waiting 10s...
  Rate limited, waiting 10s...
  Rate limited, waiting 10s...
  Rate limited, waiting 10s...
  Rate limited, waiting 10s...
  Rate limited, waiting 10s...
  Rate limited, waiting 10s...
  Rate limited, waiting 10s...
  Rate limited, waiting 10s...
  Rate limited, waiting 10s...
  Rate limited, waiting 10s...
  Rate limited, waiting 10s...
  Rate limited, waiting 10s...
  Rate limited, waiting 10s...
  Rate limited, waiting 10s...
  Rate limited, waiting 10s...
  Rate limited, waiting 10s...
  Rate limited, waiting 10s...
  Rate limited, waiting 10s...
  Rate limited, waiting 10s...
  Rate limited, waiting 10s...
  Rate limited, waiting 10s...
  Rate limited, waiting 10s...
Fixed 84900 | last: EPI 18+ Polaris 570 Ranger/ RZR XP Turbo -> EPI Turbo 02-05 | BullStrap
  Rate limited, waiting 10s...
  Rate limited, waiting 10s...
  Rate limited, waiting 10s...
Fixed 84900 | processed 91750 | latest: EPI 06-08 Arctic Cat 700 Super Duty Belt -> EPI EPI Arctic Cat 700 Super Duty Belt | BullStrap
  Rate limited, waiting 10s...
  Rate limited, waiting 10s...
  Rate limited, waiting 10s...
  Rate limited, waiting 10s...
  Rate limited, waiting 10s...
  Rate limited, waiting 10s...
  Rate limited, waiting 10s...
  Rate limited, waiting 10s...
  Rate limited, waiting 10s...
  Rate limited, waiting 10s...
  Rate limited, waiting 10s...
  Rate limited, waiting 10s...
  Rate limited, waiting 10s...
  Rate limited, waiting 10s...
  Rate limited, waiting 10s...
  Rate limited, waiting 10s...
  Rate limited, waiting 10s...
  Rate limited, waiting 10s...
  Rate limited, waiting 10s...
  Rate limited, waiting 10s...
  Rate limited, waiting 10s...
  Rate limited, waiting 10s...
  Rate limited, waiting 10s...
  Rate limited, waiting 10s...
  Rate limited, waiting 10s...
  Rate limited, waiting 10s...
  Rate limited, waiting 10s...
  Rate limited, waiting 10s...
  Rate limited, waiting 10s...
  Rate limited, waiting 10s...
  Rate limited, waiting 10s...
  Rate limited, waiting 10s...
  Rate limited, waiting 10s...
  Rate limited, waiting 10s...
  Rate limited, waiting 10s...
  Rate limited, waiting 10s...
  Rate limited, waiting 10s...
  Rate limited, waiting 10s...
  Rate limited, waiting 10s...
  Rate limited, waiting 10s...
  Rate limited, waiting 10s...
  Rate limited, waiting 10s...
  Rate limited, waiting 10s...
  Rate limited, waiting 10s...
  Rate limited, waiting 10s...
  Rate limited, waiting 10s...
  Rate limited, waiting 10s...
  Rate limited, waiting 10s...
  Rate limited, waiting 10s...
  Rate limited, waiting 10s...
  Rate limited, waiting 10s...
  Rate limited, waiting 10s...
  Rate limited, waiting 10s...
  Rate limited, waiting 10s...
  Rate limited, waiting 10s...
  Rate limited, waiting 10s...
  Rate limited, waiting 10s...
  Rate limited, waiting 10s...
  Rate limited, waiting 10s...
  Rate limited, waiting 10s...
  Rate limited, waiting 10s...
  Rate limited, waiting 10s...
  Rate limited, waiting 10s...
  Rate limited, waiting 10s...
  Rate limited, waiting 10s...
  Rate limited, waiting 10s...
  Rate limited, waiting 10s...
  Rate limited, waiting 10s...
  Rate limited, waiting 10s...
Batch done: processed 92000 | fixed 84942 | since_id 11000921063697
  Rate limited, waiting 10s...
  Rate limited, waiting 10s...
  Rate limited, waiting 10s...
  Rate limited, waiting 10s...
  Rate limited, waiting 10s...
  Rate limited, waiting 10s...
  Rate limited, waiting 10s...
  Rate limited, waiting 10s...
  Rate limited, waiting 10s...
  Rate limited, waiting 10s...
  Rate limited, waiting 10s...
Fixed 84950 | last: aFe POWER Momentum GT Pro Dry S Cold Air -> aFe Air Intake 12-17 | BullStrap
  Rate limited, waiting 10s...
  Rate limited, waiting 10s...
  Rate limited, waiting 10s...
  Rate limited, waiting 10s...
  Rate limited, waiting 10s...
  Rate limited, waiting 10s...
  Rate limited, waiting 10s...
  Rate limited, waiting 10s...
  Rate limited, waiting 10s...
  Rate limited, waiting 10s...
  Rate limited, waiting 10s...
  Rate limited, waiting 10s...
  Rate limited, waiting 10s...
  Rate limited, waiting 10s...
  Rate limited, waiting 10s...
  Rate limited, waiting 10s...
  Rate limited, waiting 10s...
  Rate limited, waiting 10s...
  Rate limited, waiting 10s...
  Rate limited, waiting 10s...
  Rate limited, waiting 10s...
  Rate limited, waiting 10s...
  Rate limited, waiting 10s...
  Rate limited, waiting 10s...
  Rate limited, waiting 10s...
  Rate limited, waiting 10s...
  Rate limited, waiting 10s...
  Rate limited, waiting 10s...
  Rate limited, waiting 10s...
  Rate limited, waiting 10s...
  Rate limited, waiting 10s...
  Rate limited, waiting 10s...
  Rate limited, waiting 10s...
  Rate limited, waiting 10s...
  Rate limited, waiting 10s...
  Rate limited, waiting 10s...
  Rate limited, waiting 10s...
  Rate limited, waiting 10s...
  Rate limited, waiting 10s...
  Rate limited, waiting 10s...
  Rate limited, waiting 10s...
  Rate limited, waiting 10s...
  Rate limited, waiting 10s...
  Rate limited, waiting 10s...
  Rate limited, waiting 10s...
  Rate limited, waiting 10s...
  Rate limited, waiting 10s...
Fixed 85000 | processed 92000 | latest: Borla 2016-2018 Chevrolet Camaro SS AT/M -> Borla Exhaust 2016-2018 | BullStrap
  Rate limited, waiting 10s...
  Rate limited, waiting 10s...
  Rate limited, waiting 10s...
  Rate limited, waiting 10s...
  Rate limited, waiting 10s...
  Rate limited, waiting 10s...
  Rate limited, waiting 10s...
  Rate limited, waiting 10s...
  Rate limited, waiting 10s...
Fixed 85000 | last: GSC P-D Nissan Skyline R32/R33 RB26DETT  -> GSC Power Division GSC P-D Nissan Skyline R32/R3 | BullStrap
  Rate limited, waiting 10s...
  Rate limited, waiting 10s...
  Rate limited, waiting 10s...
  Rate limited, waiting 10s...
  Rate limited, waiting 10s...
  Rate limited, waiting 10s...
  Rate limited, waiting 10s...
  Rate limited, waiting 10s...
  Rate limited, waiting 10s...
  Rate limited, waiting 10s...
  Rate limited, waiting 10s...
  Rate limited, waiting 10s...
  Rate limited, waiting 10s...
  Rate limited, waiting 10s...
  Rate limited, waiting 10s...
  Rate limited, waiting 10s...
  Rate limited, waiting 10s...
  Rate limited, waiting 10s...
  Rate limited, waiting 10s...
  Rate limited, waiting 10s...
  Rate limited, waiting 10s...
  Rate limited, waiting 10s...
  Rate limited, waiting 10s...
  Rate limited, waiting 10s...
  Rate limited, waiting 10s...
  Rate limited, waiting 10s...
  Rate limited, waiting 10s...
  Rate limited, waiting 10s...
  Rate limited, waiting 10s...
  Rate limited, waiting 10s...
  Rate limited, waiting 10s...
  Rate limited, waiting 10s...
  Rate limited, waiting 10s...
  Rate limited, waiting 10s...
  Rate limited, waiting 10s...
  Rate limited, waiting 10s...
  Rate limited, waiting 10s...
  Rate limited, waiting 10s...
  Rate limited, waiting 10s...
  Rate limited, waiting 10s...
  Rate limited, waiting 10s...
  Rate limited, waiting 10s...
  Rate limited, waiting 10s...
  Rate limited, waiting 10s...
  Rate limited, waiting 10s...
  Rate limited, waiting 10s...
  Rate limited, waiting 10s...
  Rate limited, waiting 10s...
  Rate limited, waiting 10s...
  Rate limited, waiting 10s...
  Rate limited, waiting 10s...
  Rate limited, waiting 10s...
  Rate limited, waiting 10s...
  Rate limited, waiting 10s...
  Rate limited, waiting 10s...
  Rate limited, waiting 10s...
  Rate limited, waiting 10s...
  Rate limited, waiting 10s...
  Rate limited, waiting 10s...
  Rate limited, waiting 10s...
  Rate limited, waiting 10s...
  Rate limited, waiting 10s...
  Rate limited, waiting 10s...
  Rate limited, waiting 10s...
  Rate limited, waiting 10s...
  Rate limited, waiting 10s...
Fixed 85050 | last: Mishimoto 2022+ Honda Civic 1.5T Interco -> Mishimoto Intercooler 2022+ | BullStrap
  Rate limited, waiting 10s...
  Rate limited, waiting 10s...
  Rate limited, waiting 10s...
  Rate limited, waiting 10s...
  Rate limited, waiting 10s...
  Rate limited, waiting 10s...
  Rate limited, waiting 10s...
  Rate limited, waiting 10s...
  Rate limited, waiting 10s...
  Rate limited, waiting 10s...
  Rate limited, waiting 10s...
  Rate limited, waiting 10s...
  Rate limited, waiting 10s...
  Rate limited, waiting 10s...
  Rate limited, waiting 10s...
  Rate limited, waiting 10s...
  Rate limited, waiting 10s...
  Rate limited, waiting 10s...
  Rate limited, waiting 10s...
  Rate limited, waiting 10s...
  Rate limited, waiting 10s...
  Rate limited, waiting 10s...
  Rate limited, waiting 10s...
  Rate limited, waiting 10s...
  Rate limited, waiting 10s...
  Rate limited, waiting 10s...
  Rate limited, waiting 10s...
  Rate limited, waiting 10s...
  Rate limited, waiting 10s...
  Rate limited, waiting 10s...
  Rate limited, waiting 10s...
  Rate limited, waiting 10s...
  Rate limited, waiting 10s...
  Rate limited, waiting 10s...
  Rate limited, waiting 10s...
  Rate limited, waiting 10s...
  Rate limited, waiting 10s...
  Rate limited, waiting 10s...
  Rate limited, waiting 10s...
  Rate limited, waiting 10s...
  Rate limited, waiting 10s...
  Rate limited, waiting 10s...
  Rate limited, waiting 10s...
  Rate limited, waiting 10s...
  Rate limited, waiting 10s...
  Rate limited, waiting 10s...
  Rate limited, waiting 10s...
  Rate limited, waiting 10s...
  Rate limited, waiting 10s...
  Rate limited, waiting 10s...
  Rate limited, waiting 10s...
  Rate limited, waiting 10s...
  Rate limited, waiting 10s...
  Rate limited, waiting 10s...
  Rate limited, waiting 10s...
  Rate limited, waiting 10s...
  Rate limited, waiting 10s...
  Rate limited, waiting 10s...
  Rate limited, waiting 10s...
  Rate limited, waiting 10s...
  Rate limited, waiting 10s...
  Rate limited, waiting 10s...
  Rate limited, waiting 10s...
  Rate limited, waiting 10s...
  Rate limited, waiting 10s...
  Rate limited, waiting 10s...
  Rate limited, waiting 10s...
  Rate limited, waiting 10s...
  Rate limited, waiting 10s...
  Rate limited, waiting 10s...
  Rate limited, waiting 10s...
  Rate limited, waiting 10s...
  Rate limited, waiting 10s...
  Rate limited, waiting 10s...
Batch done: processed 92250 | fixed 85089 | since_id 11005083287825
  Rate limited, waiting 10s...
Fixed 85100 | processed 92250 | latest: Advan GT Beyond-R 18X10.0 / +35 Offset / -> Advan Advan GT Beyond-R 18X10.0 / +35 Offset / 5x1 | Bull...
  Rate limited, waiting 10s...
  Rate limited, waiting 10s...
  Rate limited, waiting 10s...
  Rate limited, waiting 10s...
  Rate limited, waiting 10s...
  Rate limited, waiting 10s...
  Rate limited, waiting 10s...
  Rate limited, waiting 10s...
  Rate limited, waiting 10s...
  Rate limited, waiting 10s...
  Rate limited, waiting 10s...
Fixed 85100 | last: EBC 99-01 BMW 323 2.5 (E46) Premium Rear -> EBC Rotors 99-01 | BullStrap
  Rate limited, waiting 10s...
  Rate limited, waiting 10s...
  Rate limited, waiting 10s...
  Rate limited, waiting 10s...
  Rate limited, waiting 10s...
  Rate limited, waiting 10s...
  Rate limited, waiting 10s...
  Rate limited, waiting 10s...
  Rate limited, waiting 10s...
  Rate limited, waiting 10s...
  Rate limited, waiting 10s...
  Rate limited, waiting 10s...
  Rate limited, waiting 10s...
  Rate limited, waiting 10s...
  Rate limited, waiting 10s...
  Rate limited, waiting 10s...
  Rate limited, waiting 10s...
  Rate limited, waiting 10s...
  Rate limited, waiting 10s...
  Rate limited, waiting 10s...
  Rate limited, waiting 10s...
  Rate limited, waiting 10s...
  Rate limited, waiting 10s...
  Rate limited, waiting 10s...
  Rate limited, waiting 10s...
  Rate limited, waiting 10s...
  Rate limited, waiting 10s...
  Rate limited, waiting 10s...
  Rate limited, waiting 10s...
  Rate limited, waiting 10s...
  Rate limited, waiting 10s...
  Rate limited, waiting 10s...
  Rate limited, waiting 10s...
  Rate limited, waiting 10s...
  Rate limited, waiting 10s...
  Rate limited, waiting 10s...
  Rate limited, waiting 10s...
  Rate limited, waiting 10s...
  Rate limited, waiting 10s...
  Rate limited, waiting 10s...
  Rate limited, waiting 10s...
  Rate limited, waiting 10s...
  Rate limited, waiting 10s...
  Rate limited, waiting 10s...
  Rate limited, waiting 10s...
  Rate limited, waiting 10s...
  Rate limited, waiting 10s...
  Rate limited, waiting 10s...
  Rate limited, waiting 10s...
  Rate limited, waiting 10s...
  Rate limited, waiting 10s...
  Rate limited, waiting 10s...
  Rate limited, waiting 10s...
  Rate limited, waiting 10s...
  Rate limited, waiting 10s...
  Rate limited, waiting 10s...
  Rate limited, waiting 10s...
  Rate limited, waiting 10s...
Fixed 85150 | last: Injen 10 Camaro 6.2L V8 Polished Power-F -> Injen Air Intake | BullStrap
  Rate limited, waiting 10s...
  Rate limited, waiting 10s...
  Rate limited, waiting 10s...
  Rate limited, waiting 10s...
  Rate limited, waiting 10s...
  Rate limited, waiting 10s...
  Rate limited, waiting 10s...
  Rate limited, waiting 10s...
  Rate limited, waiting 10s...
  Rate limited, waiting 10s...
  Rate limited, waiting 10s...
  Rate limited, waiting 10s...
  Rate limited, waiting 10s...
  Rate limited, waiting 10s...
  Rate limited, waiting 10s...
  Rate limited, waiting 10s...
  Rate limited, waiting 10s...
  Rate limited, waiting 10s...
  Rate limited, waiting 10s...
  Rate limited, waiting 10s...
  Rate limited, waiting 10s...
  Rate limited, waiting 10s...
  Rate limited, waiting 10s...
  Rate limited, waiting 10s...
  Rate limited, waiting 10s...
  Rate limited, waiting 10s...
  Rate limited, waiting 10s...
  Rate limited, waiting 10s...
  Rate limited, waiting 10s...
  Rate limited, waiting 10s...
  Rate limited, waiting 10s...
  Rate limited, waiting 10s...
  Rate limited, waiting 10s...
  Rate limited, waiting 10s...
  Rate limited, waiting 10s...
  Rate limited, waiting 10s...
  Rate limited, waiting 10s...
  Rate limited, waiting 10s...
  Rate limited, waiting 10s...
  Rate limited, waiting 10s...
  Rate limited, waiting 10s...
  Rate limited, waiting 10s...
  Rate limited, waiting 10s...
  Rate limited, waiting 10s...
  Rate limited, waiting 10s...
  Rate limited, waiting 10s...
  Rate limited, waiting 10s...
  Rate limited, waiting 10s...
  Rate limited, waiting 10s...
  Rate limited, waiting 10s...
Fixed 85200 | processed 92250 | latest: Answer 26 AR1 Mototown Helmet Matte Pink -> Answer Answer 26 AR1 Mototown Helmet Matte Pink/Hy | Bull...
  Rate limited, waiting 10s...
  Rate limited, waiting 10s...
  Rate limited, waiting 10s...
  Rate limited, waiting 10s...
  Rate limited, waiting 10s...
  Rate limited, waiting 10s...
Fixed 85200 | last: Answer Moto Socks Black/Red - Large/XL -> Answer Answer Moto Socks Black/Red - Large/XL | BullStrap
  Rate limited, waiting 10s...
  Rate limited, waiting 10s...
  Rate limited, waiting 10s...
  Rate limited, waiting 10s...
  Rate limited, waiting 10s...
  Rate limited, waiting 10s...
  Rate limited, waiting 10s...
  Rate limited, waiting 10s...
  Rate limited, waiting 10s...
  Rate limited, waiting 10s...
  Rate limited, waiting 10s...
  Rate limited, waiting 10s...
  Rate limited, waiting 10s...
  Rate limited, waiting 10s...
  Rate limited, waiting 10s...
  Rate limited, waiting 10s...
  Rate limited, waiting 10s...
  Rate limited, waiting 10s...
  Rate limited, waiting 10s...
  Rate limited, waiting 10s...
  Rate limited, waiting 10s...
  Rate limited, waiting 10s...
  Rate limited, waiting 10s...
  Rate limited, waiting 10s...
  Rate limited, waiting 10s...
  Rate limited, waiting 10s...
  Rate limited, waiting 10s...
  Rate limited, waiting 10s...
  Rate limited, waiting 10s...
  Rate limited, waiting 10s...
  Rate limited, waiting 10s...
  Rate limited, waiting 10s...
  Rate limited, waiting 10s...
  Rate limited, waiting 10s...
  Rate limited, waiting 10s...
  Rate limited, waiting 10s...
  Rate limited, waiting 10s...
  Rate limited, waiting 10s...
  Rate limited, waiting 10s...
  Rate limited, waiting 10s...
  Rate limited, waiting 10s...
  Rate limited, waiting 10s...
  Rate limited, waiting 10s...
  Rate limited, waiting 10s...
  Rate limited, waiting 10s...
  Rate limited, waiting 10s...
  Rate limited, waiting 10s...
  Rate limited, waiting 10s...
  Rate limited, waiting 10s...
  Rate limited, waiting 10s...
  Rate limited, waiting 10s...
  Rate limited, waiting 10s...
  Rate limited, waiting 10s...
  Rate limited, waiting 10s...
  Rate limited, waiting 10s...
  Rate limited, waiting 10s...
  Rate limited, waiting 10s...
  Rate limited, waiting 10s...
  Rate limited, waiting 10s...
  Rate limited, waiting 10s...
  Rate limited, waiting 10s...
  Rate limited, waiting 10s...
Batch done: processed 92500 | fixed 85249 | since_id 11005268885777
Fixed 85250 | last: Bikers Choice 00-07 Big Twin / 00-03 XL  -> Bikers Choice Bikers Choice Big Twin / XL Front  | BullStrap
  Rate limited, waiting 10s...
  Rate limited, waiting 10s...
  Rate limited, waiting 10s...
  Rate limited, waiting 10s...
  Rate limited, waiting 10s...
  Rate limited, waiting 10s...
  Rate limited, waiting 10s...
  Rate limited, waiting 10s...
  Rate limited, waiting 10s...
  Rate limited, waiting 10s...
  Rate limited, waiting 10s...
  Rate limited, waiting 10s...
  Rate limited, waiting 10s...
  Rate limited, waiting 10s...
  Rate limited, waiting 10s...
  Rate limited, waiting 10s...
  Rate limited, waiting 10s...
  Rate limited, waiting 10s...
  Rate limited, waiting 10s...
  Rate limited, waiting 10s...
  Rate limited, waiting 10s...
  Rate limited, waiting 10s...
  Rate limited, waiting 10s...
  Rate limited, waiting 10s...
  Rate limited, waiting 10s...
  Rate limited, waiting 10s...
  Rate limited, waiting 10s...
  Rate limited, waiting 10s...
  Rate limited, waiting 10s...
  Rate limited, waiting 10s...
  Rate limited, waiting 10s...
  Rate limited, waiting 10s...
  Rate limited, waiting 10s...
  Rate limited, waiting 10s...
  Rate limited, waiting 10s...
  Rate limited, waiting 10s...
  Rate limited, waiting 10s...
  Rate limited, waiting 10s...
  Rate limited, waiting 10s...
  Rate limited, waiting 10s...
  Rate limited, waiting 10s...
  Rate limited, waiting 10s...
  Rate limited, waiting 10s...
Fixed 85300 | processed 92500 | latest: Bikers Choice 98-01 FLTR Blackout Thrott -> Bikers Choice Bikers Choice FLTR Blackout Throttle | Bull...
  Rate limited, waiting 10s...
  Rate limited, waiting 10s...
  Rate limited, waiting 10s...
  Rate limited, waiting 10s...
  Rate limited, waiting 10s...
  Rate limited, waiting 10s...
  Rate limited, waiting 10s...
  Rate limited, waiting 10s...
  Rate limited, waiting 10s...
  Rate limited, waiting 10s...
  Rate limited, waiting 10s...
  Rate limited, waiting 10s...
  Rate limited, waiting 10s...
  Rate limited, waiting 10s...
  Rate limited, waiting 10s...
Fixed 85300 | last: BLOX Racing Competition Front Camber Kit -> BLOX Racing BLOX Racing Competition Front Camber | BullStrap
  Rate limited, waiting 10s...
  Rate limited, waiting 10s...
  Rate limited, waiting 10s...
  Rate limited, waiting 10s...
  Rate limited, waiting 10s...
  Rate limited, waiting 10s...
  Rate limited, waiting 10s...
  Rate limited, waiting 10s...
  Rate limited, waiting 10s...
  Rate limited, waiting 10s...
  Rate limited, waiting 10s...
  Rate limited, waiting 10s...
  Rate limited, waiting 10s...
  Rate limited, waiting 10s...
  Rate limited, waiting 10s...
  Rate limited, waiting 10s...
  Rate limited, waiting 10s...
  Rate limited, waiting 10s...
  Rate limited, waiting 10s...
  Rate limited, waiting 10s...
  Rate limited, waiting 10s...
  Rate limited, waiting 10s...
  Rate limited, waiting 10s...
  Rate limited, waiting 10s...
  Rate limited, waiting 10s...
  Rate limited, waiting 10s...
  Rate limited, waiting 10s...
  Rate limited, waiting 10s...
  Rate limited, waiting 10s...
  Rate limited, waiting 10s...
  Rate limited, waiting 10s...
  Rate limited, waiting 10s...
  Rate limited, waiting 10s...
  Rate limited, waiting 10s...
  Rate limited, waiting 10s...
  Rate limited, waiting 10s...
  Rate limited, waiting 10s...
  Rate limited, waiting 10s...
  Rate limited, waiting 10s...
  Rate limited, waiting 10s...
  Rate limited, waiting 10s...
  Rate limited, waiting 10s...
  Rate limited, waiting 10s...
  Rate limited, waiting 10s...
  Rate limited, waiting 10s...
  Rate limited, waiting 10s...
  Rate limited, waiting 10s...
  Rate limited, waiting 10s...
  Rate limited, waiting 10s...
  Rate limited, waiting 10s...
  Rate limited, waiting 10s...
  Rate limited, waiting 10s...
  Rate limited, waiting 10s...
  Rate limited, waiting 10s...
  Rate limited, waiting 10s...
  Rate limited, waiting 10s...
  Rate limited, waiting 10s...
  Rate limited, waiting 10s...
  Rate limited, waiting 10s...
  Rate limited, waiting 10s...
  Rate limited, waiting 10s...
  Rate limited, waiting 10s...
  Rate limited, waiting 10s...
  Rate limited, waiting 10s...
  Rate limited, waiting 10s...
  Rate limited, waiting 10s...
Fixed 85350 | last: CSF 94-98 Nissan GT-R / GTS R33 High-Per -> CSF Radiator 94-98 | BullStrap
  Rate limited, waiting 10s...
  Rate limited, waiting 10s...
  Rate limited, waiting 10s...
  Rate limited, waiting 10s...
  Rate limited, waiting 10s...
  Rate limited, waiting 10s...
  Rate limited, waiting 10s...
  Rate limited, waiting 10s...
  Rate limited, waiting 10s...
  Rate limited, waiting 10s...
  Rate limited, waiting 10s...
  Rate limited, waiting 10s...
  Rate limited, waiting 10s...
  Rate limited, waiting 10s...
  Rate limited, waiting 10s...
  Rate limited, waiting 10s...
  Rate limited, waiting 10s...
  Rate limited, waiting 10s...
  Rate limited, waiting 10s...
  Rate limited, waiting 10s...
  Rate limited, waiting 10s...
  Rate limited, waiting 10s...
  Rate limited, waiting 10s...
  Rate limited, waiting 10s...
  Rate limited, waiting 10s...
  Rate limited, waiting 10s...
  Rate limited, waiting 10s...
  Rate limited, waiting 10s...
  Rate limited, waiting 10s...
  Rate limited, waiting 10s...
  Rate limited, waiting 10s...
  Rate limited, waiting 10s...
  Rate limited, waiting 10s...
  Rate limited, waiting 10s...
  Rate limited, waiting 10s...
  Rate limited, waiting 10s...
  Rate limited, waiting 10s...
  Rate limited, waiting 10s...
  Rate limited, waiting 10s...
  Rate limited, waiting 10s...
  Rate limited, waiting 10s...
Fixed 85400 | processed 92500 | latest: Dee Zee 87-97 Ford F-Series Tailgate Pro -> Dee Zee Dee Zee Ford F-Series Tailgate Protector C | Bull...
  Rate limited, waiting 10s...
  Rate limited, waiting 10s...
  Rate limited, waiting 10s...
  Rate limited, waiting 10s...
  Rate limited, waiting 10s...
Batch done: processed 92750 | fixed 85389 | since_id 11005372662033
  Rate limited, waiting 10s...
  Rate limited, waiting 10s...
  Rate limited, waiting 10s...
  Rate limited, waiting 10s...
  Rate limited, waiting 10s...
  Rate limited, waiting 10s...
  Rate limited, waiting 10s...
  Rate limited, waiting 10s...
  Rate limited, waiting 10s...
  Rate limited, waiting 10s...
  Rate limited, waiting 10s...
  Rate limited, waiting 10s...
  Rate limited, waiting 10s...
  Rate limited, waiting 10s...
Fixed 85400 | last: Dragonfire Racing Shocks 2020-2022 Polar -> DragonFire Racing Shocks 2020-2022 | BullStrap
  Rate limited, waiting 10s...
  Rate limited, waiting 10s...
  Rate limited, waiting 10s...
  Rate limited, waiting 10s...
  Rate limited, waiting 10s...
  Rate limited, waiting 10s...
  Rate limited, waiting 10s...
  Rate limited, waiting 10s...
  Rate limited, waiting 10s...
  Rate limited, waiting 10s...
  Rate limited, waiting 10s...
  Rate limited, waiting 10s...
  Rate limited, waiting 10s...
  Rate limited, waiting 10s...
  Rate limited, waiting 10s...
  Rate limited, waiting 10s...
  Rate limited, waiting 10s...
  Rate limited, waiting 10s...
  Rate limited, waiting 10s...
  Rate limited, waiting 10s...
  Rate limited, waiting 10s...
  Rate limited, waiting 10s...
  Rate limited, waiting 10s...
  Rate limited, waiting 10s...
  Rate limited, waiting 10s...
  Rate limited, waiting 10s...
  Rate limited, waiting 10s...
  Rate limited, waiting 10s...
  Rate limited, waiting 10s...
  Rate limited, waiting 10s...
  Rate limited, waiting 10s...
  Rate limited, waiting 10s...
  Rate limited, waiting 10s...
  Rate limited, waiting 10s...
  Rate limited, waiting 10s...
  Rate limited, waiting 10s...
  Rate limited, waiting 10s...
  Rate limited, waiting 10s...
  Rate limited, waiting 10s...
  Rate limited, waiting 10s...
  Rate limited, waiting 10s...
  Rate limited, waiting 10s...
  Rate limited, waiting 10s...
  Rate limited, waiting 10s...
  Rate limited, waiting 10s...
  Rate limited, waiting 10s...
  Rate limited, waiting 10s...
  Rate limited, waiting 10s...
  Rate limited, waiting 10s...
  Rate limited, waiting 10s...
  Rate limited, waiting 10s...
  Rate limited, waiting 10s...
Fixed 85450 | last: Fox 21-23 Ford F150 Supercrew 3.2 Factor -> FOX Coilovers 21-23 | BullStrap
  Rate limited, waiting 10s...
  Rate limited, waiting 10s...
  Rate limited, waiting 10s...
  Rate limited, waiting 10s...
  Rate limited, waiting 10s...
  Rate limited, waiting 10s...
  Rate limited, waiting 10s...
  Rate limited, waiting 10s...
  Rate limited, waiting 10s...
  Rate limited, waiting 10s...
  Rate limited, waiting 10s...
  Rate limited, waiting 10s...
  Rate limited, waiting 10s...
  Rate limited, waiting 10s...
  Rate limited, waiting 10s...
  Rate limited, waiting 10s...
  Rate limited, waiting 10s...
  Rate limited, waiting 10s...
  Rate limited, waiting 10s...
  Rate limited, waiting 10s...
  Rate limited, waiting 10s...
  Rate limited, waiting 10s...
  Rate limited, waiting 10s...
  Rate limited, waiting 10s...
  Rate limited, waiting 10s...
  Rate limited, waiting 10s...
  Rate limited, waiting 10s...
  Rate limited, waiting 10s...
  Rate limited, waiting 10s...
  Rate limited, waiting 10s...
  Rate limited, waiting 10s...
  Rate limited, waiting 10s...
  Rate limited, waiting 10s...
  Rate limited, waiting 10s...
  Rate limited, waiting 10s...
  Rate limited, waiting 10s...
  Rate limited, waiting 10s...
  Rate limited, waiting 10s...
  Rate limited, waiting 10s...
  Rate limited, waiting 10s...
  Rate limited, waiting 10s...
  Rate limited, waiting 10s...
  Rate limited, waiting 10s...
Fixed 85500 | processed 92750 | latest: Giant Loop Pannier Mounts - 18mm Round T -> Giant Loop Giant Loop Pannier Mounts - 18mm Round  | Bull...
  Rate limited, waiting 10s...
  Rate limited, waiting 10s...
  Rate limited, waiting 10s...
  Rate limited, waiting 10s...
  Rate limited, waiting 10s...
  Rate limited, waiting 10s...
  Rate limited, waiting 10s...
  Rate limited, waiting 10s...
  Rate limited, waiting 10s...
  Rate limited, waiting 10s...
  Rate limited, waiting 10s...
  Rate limited, waiting 10s...
  Rate limited, waiting 10s...
Fixed 85500 | last: Go Rhino 15-22 GMC Canyon CC 4DR RB20 Sl -> Go Rhino Go Rhino GMC Canyon CC 4DR RB20 Slim Ru | BullStrap
  Rate limited, waiting 10s...
  Rate limited, waiting 10s...
  Rate limited, waiting 10s...
  Rate limited, waiting 10s...
  Rate limited, waiting 10s...
  Rate limited, waiting 10s...
  Rate limited, waiting 10s...
  Rate limited, waiting 10s...
  Rate limited, waiting 10s...
  Rate limited, waiting 10s...
  Rate limited, waiting 10s...
  Rate limited, waiting 10s...
  Rate limited, waiting 10s...
  Rate limited, waiting 10s...
  Rate limited, waiting 10s...
  Rate limited, waiting 10s...
  Rate limited, waiting 10s...
  Rate limited, waiting 10s...
  Rate limited, waiting 10s...
  Rate limited, waiting 10s...
  Rate limited, waiting 10s...
  Rate limited, waiting 10s...
  Rate limited, waiting 10s...
  Rate limited, waiting 10s...
  Rate limited, waiting 10s...
  Rate limited, waiting 10s...
  Rate limited, waiting 10s...
  Rate limited, waiting 10s...
  Rate limited, waiting 10s...
  Rate limited, waiting 10s...
  Rate limited, waiting 10s...
  Rate limited, waiting 10s...
  Rate limited, waiting 10s...
  Rate limited, waiting 10s...
  Rate limited, waiting 10s...
  Rate limited, waiting 10s...
  Rate limited, waiting 10s...
  Rate limited, waiting 10s...
  Rate limited, waiting 10s...
  Rate limited, waiting 10s...
  Rate limited, waiting 10s...
  Rate limited, waiting 10s...
  Rate limited, waiting 10s...
  Rate limited, waiting 10s...
  Rate limited, waiting 10s...
Batch done: processed 93000 | fixed 85542 | since_id 11005432922385
  Rate limited, waiting 10s...
  Rate limited, waiting 10s...
  Rate limited, waiting 10s...
  Rate limited, waiting 10s...
  Rate limited, waiting 10s...
  Rate limited, waiting 10s...
  Rate limited, waiting 10s...
  Rate limited, waiting 10s...
  Rate limited, waiting 10s...
  Rate limited, waiting 10s...
  Rate limited, waiting 10s...
  Rate limited, waiting 10s...
  Rate limited, waiting 10s...
  Rate limited, waiting 10s...
  Rate limited, waiting 10s...
  Rate limited, waiting 10s...
  Rate limited, waiting 10s...
  Rate limited, waiting 10s...
  Rate limited, waiting 10s...
  Rate limited, waiting 10s...
  Rate limited, waiting 10s...
  Rate limited, waiting 10s...
  Rate limited, waiting 10s...
  Rate limited, waiting 10s...
Fixed 85550 | last: HKS Hi-Power 409 ER34 4dr RB25DET -> HKS HKS Hi-Power 409 ER34 4dr RB25DET | BullStrap
  Rate limited, waiting 10s...
  Rate limited, waiting 10s...
  Rate limited, waiting 10s...
  Rate limited, waiting 10s...
  Rate limited, waiting 10s...
  Rate limited, waiting 10s...
  Rate limited, waiting 10s...
  Rate limited, waiting 10s...
  Rate limited, waiting 10s...
  Rate limited, waiting 10s...
  Rate limited, waiting 10s...
  Rate limited, waiting 10s...
  Rate limited, waiting 10s...
  Rate limited, waiting 10s...
  Rate limited, waiting 10s...
  Rate limited, waiting 10s...
  Rate limited, waiting 10s...
  Rate limited, waiting 10s...
  Rate limited, waiting 10s...
  Rate limited, waiting 10s...
  Rate limited, waiting 10s...
  Rate limited, waiting 10s...
  Rate limited, waiting 10s...
  Rate limited, waiting 10s...
  Rate limited, waiting 10s...
  Rate limited, waiting 10s...
  Rate limited, waiting 10s...
  Rate limited, waiting 10s...
  Rate limited, waiting 10s...
  Rate limited, waiting 10s...
  Rate limited, waiting 10s...
Fixed 85600 | processed 93000 | latest: Industrial Injection 13-18 Dodge Ram 250 -> Industrial Injection Radiator 13-18 | BullStrap
  Rate limited, waiting 10s...
  Rate limited, waiting 10s...
  Rate limited, waiting 10s...
  Rate limited, waiting 10s...
  Rate limited, waiting 10s...
  Rate limited, waiting 10s...
  Rate limited, waiting 10s...
  Rate limited, waiting 10s...
  Rate limited, waiting 10s...
  Rate limited, waiting 10s...
  Rate limited, waiting 10s...
  Rate limited, waiting 10s...
  Rate limited, waiting 10s...
  Rate limited, waiting 10s...
  Rate limited, waiting 10s...
  Rate limited, waiting 10s...
  Rate limited, waiting 10s...
  Rate limited, waiting 10s...
  Rate limited, waiting 10s...
  Rate limited, waiting 10s...
  Rate limited, waiting 10s...
  Rate limited, waiting 10s...
  Rate limited, waiting 10s...
  Rate limited, waiting 10s...
  Rate limited, waiting 10s...
  Rate limited, waiting 10s...
  Rate limited, waiting 10s...
  Rate limited, waiting 10s...
  Rate limited, waiting 10s...
  Rate limited, waiting 10s...
  Rate limited, waiting 10s...
  Rate limited, waiting 10s...
  Rate limited, waiting 10s...
  Rate limited, waiting 10s...
  Rate limited, waiting 10s...
  Rate limited, waiting 10s...
  Rate limited, waiting 10s...
  Rate limited, waiting 10s...
  Rate limited, waiting 10s...
  Rate limited, waiting 10s...
  Rate limited, waiting 10s...
  Rate limited, waiting 10s...
  Rate limited, waiting 10s...
  Rate limited, waiting 10s...
  Rate limited, waiting 10s...
  Rate limited, waiting 10s...
  Rate limited, waiting 10s...
Fixed 85600 | last: King Engine Bearings Performance Main Ra -> King Engine Bearings King Engine Bearings Perfor | BullStrap
  Rate limited, waiting 10s...
  Rate limited, waiting 10s...
  Rate limited, waiting 10s...
  Rate limited, waiting 10s...
  Rate limited, waiting 10s...
  Rate limited, waiting 10s...
  Rate limited, waiting 10s...
  Rate limited, waiting 10s...
  Rate limited, waiting 10s...
  Rate limited, waiting 10s...
  Rate limited, waiting 10s...
  Rate limited, waiting 10s...
  Rate limited, waiting 10s...
  Rate limited, waiting 10s...
  Rate limited, waiting 10s...
  Rate limited, waiting 10s...
  Rate limited, waiting 10s...
  Rate limited, waiting 10s...
  Rate limited, waiting 10s...
  Rate limited, waiting 10s...
  Rate limited, waiting 10s...
  Rate limited, waiting 10s...
  Rate limited, waiting 10s...
  Rate limited, waiting 10s...
  Rate limited, waiting 10s...
  Rate limited, waiting 10s...
  Rate limited, waiting 10s...
  Rate limited, waiting 10s...
  Rate limited, waiting 10s...
  Rate limited, waiting 10s...
  Rate limited, waiting 10s...
  Rate limited, waiting 10s...
  Rate limited, waiting 10s...
  Rate limited, waiting 10s...
  Rate limited, waiting 10s...
  Rate limited, waiting 10s...
  Rate limited, waiting 10s...
  Rate limited, waiting 10s...
  Rate limited, waiting 10s...
  Rate limited, waiting 10s...
  Rate limited, waiting 10s...
  Rate limited, waiting 10s...
  Rate limited, waiting 10s...
  Rate limited, waiting 10s...
  Rate limited, waiting 10s...
  Rate limited, waiting 10s...
  Rate limited, waiting 10s...
  Rate limited, waiting 10s...
  Rate limited, waiting 10s...
  Rate limited, waiting 10s...
  Rate limited, waiting 10s...
  Rate limited, waiting 10s...
  Rate limited, waiting 10s...
  Rate limited, waiting 10s...
  Rate limited, waiting 10s...
  Rate limited, waiting 10s...
  Rate limited, waiting 10s...
  Rate limited, waiting 10s...
  Rate limited, waiting 10s...
  Rate limited, waiting 10s...
  Rate limited, waiting 10s...
  Rate limited, waiting 10s...
  Rate limited, waiting 10s...
  Rate limited, waiting 10s...
  Rate limited, waiting 10s...
  Rate limited, waiting 10s...
  Rate limited, waiting 10s...
  Rate limited, waiting 10s...
Fixed 85650 | last: Mahle OE Cummins B 5.9L L6 STD w/ PCR En -> Mahle OE Mahle OE Cummins B 5.9L L6 STD w/ PCR E | BullStrap
  Rate limited, waiting 10s...
  Rate limited, waiting 10s...
  Rate limited, waiting 10s...
  Rate limited, waiting 10s...
  Rate limited, waiting 10s...
  Rate limited, waiting 10s...
  Rate limited, waiting 10s...
  Rate limited, waiting 10s...
  Rate limited, waiting 10s...
  Rate limited, waiting 10s...
  Rate limited, waiting 10s...
  Rate limited, waiting 10s...
  Rate limited, waiting 10s...
  Rate limited, waiting 10s...
  Rate limited, waiting 10s...
  Rate limited, waiting 10s...
  Rate limited, waiting 10s...
Fixed 85700 | processed 93000 | latest: Maxxis ML9 30x10.00R15 Carnivore RT 8PR -> Maxxis Maxxis ML9 30x10.00R15 Carnivore RT 8PR | BullStrap
  Rate limited, waiting 10s...
  Rate limited, waiting 10s...
  Rate limited, waiting 10s...
Batch done: processed 93250 | fixed 85665 | since_id 11005822173457
  Rate limited, waiting 10s...
  Rate limited, waiting 10s...
  Rate limited, waiting 10s...
  Rate limited, waiting 10s...
  Rate limited, waiting 10s...
  Rate limited, waiting 10s...
  Rate limited, waiting 10s...
  Rate limited, waiting 10s...
  Rate limited, waiting 10s...
  Rate limited, waiting 10s...
  Rate limited, waiting 10s...
  Rate limited, waiting 10s...
  Rate limited, waiting 10s...
  Rate limited, waiting 10s...
  Rate limited, waiting 10s...
  Rate limited, waiting 10s...
  Rate limited, waiting 10s...
  Rate limited, waiting 10s...
  Rate limited, waiting 10s...
  Rate limited, waiting 10s...
  Rate limited, waiting 10s...
  Rate limited, waiting 10s...
  Rate limited, waiting 10s...
  Rate limited, waiting 10s...
  Rate limited, waiting 10s...
  Rate limited, waiting 10s...
  Rate limited, waiting 10s...
  Rate limited, waiting 10s...
  Rate limited, waiting 10s...
  Rate limited, waiting 10s...
  Rate limited, waiting 10s...
  Rate limited, waiting 10s...
  Rate limited, waiting 10s...
  Rate limited, waiting 10s...
  Rate limited, waiting 10s...
  Rate limited, waiting 10s...
  Rate limited, waiting 10s...
  Rate limited, waiting 10s...
  Rate limited, waiting 10s...
  Rate limited, waiting 10s...
  Rate limited, waiting 10s...
  Rate limited, waiting 10s...
  Rate limited, waiting 10s...
  Rate limited, waiting 10s...
  Rate limited, waiting 10s...
  Rate limited, waiting 10s...
  Rate limited, waiting 10s...
  Rate limited, waiting 10s...
  Rate limited, waiting 10s...
  Rate limited, waiting 10s...
  Rate limited, waiting 10s...
  Rate limited, waiting 10s...
  Rate limited, waiting 10s...
  Rate limited, waiting 10s...
  Rate limited, waiting 10s...
  Rate limited, waiting 10s...
  Rate limited, waiting 10s...
  Rate limited, waiting 10s...
  Rate limited, waiting 10s...
  Rate limited, waiting 10s...
  Rate limited, waiting 10s...
  Rate limited, waiting 10s...
  Rate limited, waiting 10s...
  Rate limited, waiting 10s...
  Rate limited, waiting 10s...
  Rate limited, waiting 10s...
  Rate limited, waiting 10s...
Fixed 85700 | last: Mustang 15-21 Indian Scout Standard Tour -> Mustang Motorcycle Mustang Indian Scout Standard | BullStrap
  Rate limited, waiting 10s...
  Rate limited, waiting 10s...
  Rate limited, waiting 10s...
  Rate limited, waiting 10s...
  Rate limited, waiting 10s...
  Rate limited, waiting 10s...
  Rate limited, waiting 10s...
  Rate limited, waiting 10s...
  Rate limited, waiting 10s...
  Rate limited, waiting 10s...
  Rate limited, waiting 10s...
  Rate limited, waiting 10s...
  Rate limited, waiting 10s...
  Rate limited, waiting 10s...
  Rate limited, waiting 10s...
  Rate limited, waiting 10s...
  Rate limited, waiting 10s...
  Rate limited, waiting 10s...
  Rate limited, waiting 10s...
  Rate limited, waiting 10s...
  Rate limited, waiting 10s...
  Rate limited, waiting 10s...
  Rate limited, waiting 10s...
  Rate limited, waiting 10s...
  Rate limited, waiting 10s...
  Rate limited, waiting 10s...
  Rate limited, waiting 10s...
  Rate limited, waiting 10s...
  Rate limited, waiting 10s...
  Rate limited, waiting 10s...
  Rate limited, waiting 10s...
  Rate limited, waiting 10s...
  Rate limited, waiting 10s...
  Rate limited, waiting 10s...
  Rate limited, waiting 10s...
  Rate limited, waiting 10s...
  Rate limited, waiting 10s...
  Rate limited, waiting 10s...
  Rate limited, waiting 10s...
  Rate limited, waiting 10s...
  Rate limited, waiting 10s...
  Rate limited, waiting 10s...
  Rate limited, waiting 10s...
  Rate limited, waiting 10s...
  Rate limited, waiting 10s...
  Rate limited, waiting 10s...
  Rate limited, waiting 10s...
  Rate limited, waiting 10s...
  Rate limited, waiting 10s...
  Rate limited, waiting 10s...
  Rate limited, waiting 10s...
  Rate limited, waiting 10s...
  Rate limited, waiting 10s...
  Rate limited, waiting 10s...
  Rate limited, waiting 10s...
Fixed 85800 | processed 93250 | latest: NRG Bolt-In Tow Strap Camo- Scion FRS 20 -> NRG NRG Bolt-In Tow Strap Camo- Scion FRS / Subaru | Bull...
  Rate limited, waiting 10s...
  Rate limited, waiting 10s...
  Rate limited, waiting 10s...
  Rate limited, waiting 10s...
  Rate limited, waiting 10s...
  Rate limited, waiting 10s...
  Rate limited, waiting 10s...
  Rate limited, waiting 10s...
  Rate limited, waiting 10s...
  Rate limited, waiting 10s...
  Rate limited, waiting 10s...
  Rate limited, waiting 10s...
  Rate limited, waiting 10s...
Fixed 85750 | last: Omix Dana 44 Yoke 98-06 Jeep Wrangler -> OMIX Omix Dana 44 Yoke Jeep Wrangler | BullStrap
  Rate limited, waiting 10s...
  Rate limited, waiting 10s...
  Rate limited, waiting 10s...
  Rate limited, waiting 10s...
  Rate limited, waiting 10s...
  Rate limited, waiting 10s...
  Rate limited, waiting 10s...
  Rate limited, waiting 10s...
  Rate limited, waiting 10s...
  Rate limited, waiting 10s...
  Rate limited, waiting 10s...
  Rate limited, waiting 10s...
  Rate limited, waiting 10s...
  Rate limited, waiting 10s...
  Rate limited, waiting 10s...
  Rate limited, waiting 10s...
  Rate limited, waiting 10s...
  Rate limited, waiting 10s...
  Rate limited, waiting 10s...
  Rate limited, waiting 10s...
  Rate limited, waiting 10s...
  Rate limited, waiting 10s...
  Rate limited, waiting 10s...
  Rate limited, waiting 10s...
  Rate limited, waiting 10s...
  Rate limited, waiting 10s...
  Rate limited, waiting 10s...
  Rate limited, waiting 10s...
  Rate limited, waiting 10s...
  Rate limited, waiting 10s...
  Rate limited, waiting 10s...
  Rate limited, waiting 10s...
  Rate limited, waiting 10s...
  Rate limited, waiting 10s...
  Rate limited, waiting 10s...
  Rate limited, waiting 10s...
  Rate limited, waiting 10s...
  Rate limited, waiting 10s...
  Rate limited, waiting 10s...
  Rate limited, waiting 10s...
  Rate limited, waiting 10s...
  Rate limited, waiting 10s...
  Rate limited, waiting 10s...
  Rate limited, waiting 10s...
  Rate limited, waiting 10s...
  Rate limited, waiting 10s...
  Rate limited, waiting 10s...
  Rate limited, waiting 10s...
  Rate limited, waiting 10s...
  Rate limited, waiting 10s...
  Rate limited, waiting 10s...
  Rate limited, waiting 10s...
  Rate limited, waiting 10s...
  Rate limited, waiting 10s...
  Rate limited, waiting 10s...
  Rate limited, waiting 10s...
  Rate limited, waiting 10s...
  Rate limited, waiting 10s...
  Rate limited, waiting 10s...
Batch done: processed 93500 | fixed 85797 | since_id 11005972283665
  Rate limited, waiting 10s...
  Rate limited, waiting 10s...
  Rate limited, waiting 10s...
Fixed 85800 | last: Prothane GM Motor & Trans Mount Kit - Bl -> Prothane Prothane GM Motor & Trans Mount Kit - B | BullStrap
  Rate limited, waiting 10s...
  Rate limited, waiting 10s...
  Rate limited, waiting 10s...
  Rate limited, waiting 10s...
  Rate limited, waiting 10s...
  Rate limited, waiting 10s...
  Rate limited, waiting 10s...
  Rate limited, waiting 10s...
  Rate limited, waiting 10s...
  Rate limited, waiting 10s...
  Rate limited, waiting 10s...
  Rate limited, waiting 10s...
  Rate limited, waiting 10s...
  Rate limited, waiting 10s...
  Rate limited, waiting 10s...
  Rate limited, waiting 10s...
  Rate limited, waiting 10s...
  Rate limited, waiting 10s...
  Rate limited, waiting 10s...
  Rate limited, waiting 10s...
  Rate limited, waiting 10s...
  Rate limited, waiting 10s...
  Rate limited, waiting 10s...
  Rate limited, waiting 10s...
  Rate limited, waiting 10s...
  Rate limited, waiting 10s...
  Rate limited, waiting 10s...
  Rate limited, waiting 10s...
  Rate limited, waiting 10s...
  Rate limited, waiting 10s...
  Rate limited, waiting 10s...
  Rate limited, waiting 10s...
  Rate limited, waiting 10s...
  Rate limited, waiting 10s...
  Rate limited, waiting 10s...
  Rate limited, waiting 10s...
  Rate limited, waiting 10s...
  Rate limited, waiting 10s...
  Rate limited, waiting 10s...
  Rate limited, waiting 10s...
  Rate limited, waiting 10s...
  Rate limited, waiting 10s...
  Rate limited, waiting 10s...
  Rate limited, waiting 10s...
  Rate limited, waiting 10s...
  Rate limited, waiting 10s...
  Rate limited, waiting 10s...
  Rate limited, waiting 10s...
  Rate limited, waiting 10s...
  Rate limited, waiting 10s...
  Rate limited, waiting 10s...
  Rate limited, waiting 10s...
  Rate limited, waiting 10s...
  Rate limited, waiting 10s...
  Rate limited, waiting 10s...
Fixed 85900 | processed 93500 | latest: Rancho 05-19 Nissan Frontier Rear RS9000 -> Rancho Shocks 05-19 | BullStrap
  Rate limited, waiting 10s...
  Rate limited, waiting 10s...
  Rate limited, waiting 10s...
  Rate limited, waiting 10s...
  Rate limited, waiting 10s...
Fixed 85850 | last: Raxiom 15-23 Ford Mustang Axial Series L -> Raxiom Raxiom Ford Mustang Axial Series LED Side | BullStrap
  Rate limited, waiting 10s...
  Rate limited, waiting 10s...
  Rate limited, waiting 10s...
  Rate limited, waiting 10s...
  Rate limited, waiting 10s...
  Rate limited, waiting 10s...
  Rate limited, waiting 10s...
  Rate limited, waiting 10s...
  Rate limited, waiting 10s...
  Rate limited, waiting 10s...
  Rate limited, waiting 10s...
  Rate limited, waiting 10s...
  Rate limited, waiting 10s...
  Rate limited, waiting 10s...
  Rate limited, waiting 10s...
  Rate limited, waiting 10s...
  Rate limited, waiting 10s...
  Rate limited, waiting 10s...
  Rate limited, waiting 10s...
  Rate limited, waiting 10s...
  Rate limited, waiting 10s...
  Rate limited, waiting 10s...
  Rate limited, waiting 10s...
  Rate limited, waiting 10s...
  Rate limited, waiting 10s...
  Rate limited, waiting 10s...
  Rate limited, waiting 10s...
  Rate limited, waiting 10s...
  Rate limited, waiting 10s...
  Rate limited, waiting 10s...
  Rate limited, waiting 10s...
  Rate limited, waiting 10s...
  Rate limited, waiting 10s...
  Rate limited, waiting 10s...
  Rate limited, waiting 10s...
  Rate limited, waiting 10s...
  Rate limited, waiting 10s...
  Rate limited, waiting 10s...
  Rate limited, waiting 10s...
  Rate limited, waiting 10s...
  Rate limited, waiting 10s...
  Rate limited, waiting 10s...
  Rate limited, waiting 10s...
  Rate limited, waiting 10s...
  Rate limited, waiting 10s...
  Rate limited, waiting 10s...
  Rate limited, waiting 10s...
  Rate limited, waiting 10s...
  Rate limited, waiting 10s...
  Rate limited, waiting 10s...
  Rate limited, waiting 10s...
  Rate limited, waiting 10s...
  Rate limited, waiting 10s...
  Rate limited, waiting 10s...
  Rate limited, waiting 10s...
  Rate limited, waiting 10s...
  Rate limited, waiting 10s...
  Rate limited, waiting 10s...
  Rate limited, waiting 10s...
  Rate limited, waiting 10s...
Fixed 85900 | last: RS-R 2015-2020 Acura TLX Sports-i Coilov -> RS-R Coilovers 2015-2020 | BullStrap
  Rate limited, waiting 10s...
  Rate limited, waiting 10s...
  Rate limited, waiting 10s...
  Rate limited, waiting 10s...
  Rate limited, waiting 10s...
  Rate limited, waiting 10s...
  Rate limited, waiting 10s...
  Rate limited, waiting 10s...
  Rate limited, waiting 10s...
  Rate limited, waiting 10s...
  Rate limited, waiting 10s...
  Rate limited, waiting 10s...
  Rate limited, waiting 10s...
  Rate limited, waiting 10s...
  Rate limited, waiting 10s...
  Rate limited, waiting 10s...
  Rate limited, waiting 10s...
  Rate limited, waiting 10s...
  Rate limited, waiting 10s...
  Rate limited, waiting 10s...
  Rate limited, waiting 10s...
  Rate limited, waiting 10s...
  Rate limited, waiting 10s...
  Rate limited, waiting 10s...
  Rate limited, waiting 10s...
  Rate limited, waiting 10s...
  Rate limited, waiting 10s...
  Rate limited, waiting 10s...
  Rate limited, waiting 10s...
  Rate limited, waiting 10s...
  Rate limited, waiting 10s...
  Rate limited, waiting 10s...
  Rate limited, waiting 10s...
  Rate limited, waiting 10s...
  Rate limited, waiting 10s...
  Rate limited, waiting 10s...
Batch done: processed 93750 | fixed 85930 | since_id 11006237540625
  Rate limited, waiting 10s...
  Rate limited, waiting 10s...
  Rate limited, waiting 10s...
  Rate limited, waiting 10s...
  Rate limited, waiting 10s...
  Rate limited, waiting 10s...
  Rate limited, waiting 10s...
  Rate limited, waiting 10s...
  Rate limited, waiting 10s...
  Rate limited, waiting 10s...
  Rate limited, waiting 10s...
  Rate limited, waiting 10s...
  Rate limited, waiting 10s...
  Rate limited, waiting 10s...
  Rate limited, waiting 10s...
  Rate limited, waiting 10s...
  Rate limited, waiting 10s...
  Rate limited, waiting 10s...
  Rate limited, waiting 10s...
  Rate limited, waiting 10s...
Fixed 85950 | last: Skunk2 MegaPower RR 02-06 Acura RSX Type -> Skunk2 Racing Exhaust 02-06 | BullStrap
  Rate limited, waiting 10s...
  Rate limited, waiting 10s...
  Rate limited, waiting 10s...
  Rate limited, waiting 10s...
  Rate limited, waiting 10s...
  Rate limited, waiting 10s...
  Rate limited, waiting 10s...
  Rate limited, waiting 10s...
  Rate limited, waiting 10s...
  Rate limited, waiting 10s...
  Rate limited, waiting 10s...
  Rate limited, waiting 10s...
Fixed 86000 | processed 93750 | latest: Sparco Base Honda Civic Si 02-05 Rt -> SPARCO Sparco Base Honda Civic Si Rt | BullStrap
  Rate limited, waiting 10s...
  Rate limited, waiting 10s...
  Rate limited, waiting 10s...
  Rate limited, waiting 10s...
  Rate limited, waiting 10s...
  Rate limited, waiting 10s...
  Rate limited, waiting 10s...
  Rate limited, waiting 10s...
  Rate limited, waiting 10s...
  Rate limited, waiting 10s...
  Rate limited, waiting 10s...
  Rate limited, waiting 10s...
  Rate limited, waiting 10s...
  Rate limited, waiting 10s...
  Rate limited, waiting 10s...
  Rate limited, waiting 10s...
  Rate limited, waiting 10s...
  Rate limited, waiting 10s...
  Rate limited, waiting 10s...
  Rate limited, waiting 10s...
  Rate limited, waiting 10s...
  Rate limited, waiting 10s...
  Rate limited, waiting 10s...
  Rate limited, waiting 10s...
  Rate limited, waiting 10s...
  Rate limited, waiting 10s...
  Rate limited, waiting 10s...
  Rate limited, waiting 10s...
  Rate limited, waiting 10s...
  Rate limited, waiting 10s...
  Rate limited, waiting 10s...
  Rate limited, waiting 10s...
  Rate limited, waiting 10s...
  Rate limited, waiting 10s...
  Rate limited, waiting 10s...
  Rate limited, waiting 10s...
  Rate limited, waiting 10s...
  Rate limited, waiting 10s...
  Rate limited, waiting 10s...
  Rate limited, waiting 10s...
  Rate limited, waiting 10s...
  Rate limited, waiting 10s...
  Rate limited, waiting 10s...
  Rate limited, waiting 10s...
  Rate limited, waiting 10s...
  Rate limited, waiting 10s...
  Rate limited, waiting 10s...
  Rate limited, waiting 10s...
  Rate limited, waiting 10s...
  Rate limited, waiting 10s...
  Rate limited, waiting 10s...
  Rate limited, waiting 10s...
  Rate limited, waiting 10s...
  Rate limited, waiting 10s...
  Rate limited, waiting 10s...
  Rate limited, waiting 10s...
  Rate limited, waiting 10s...
  Rate limited, waiting 10s...
  Rate limited, waiting 10s...
  Rate limited, waiting 10s...
  Rate limited, waiting 10s...
  Rate limited, waiting 10s...
  Rate limited, waiting 10s...
  Rate limited, waiting 10s...
  Rate limited, waiting 10s...
  Rate limited, waiting 10s...
  Rate limited, waiting 10s...
  Rate limited, waiting 10s...
  Rate limited, waiting 10s...
  Rate limited, waiting 10s...
  Rate limited, waiting 10s...
  Rate limited, waiting 10s...
  Rate limited, waiting 10s...
  Rate limited, waiting 10s...
  Rate limited, waiting 10s...
  Rate limited, waiting 10s...
  Rate limited, waiting 10s...
  Rate limited, waiting 10s...
  Rate limited, waiting 10s...
  Rate limited, waiting 10s...
  Rate limited, waiting 10s...
  Rate limited, waiting 10s...
  Rate limited, waiting 10s...
  Rate limited, waiting 10s...
  Rate limited, waiting 10s...
  Rate limited, waiting 10s...
  Rate limited, waiting 10s...
  Rate limited, waiting 10s...
  Rate limited, waiting 10s...
  Rate limited, waiting 10s...
  Rate limited, waiting 10s...
  Rate limited, waiting 10s...
  Rate limited, waiting 10s...
  Rate limited, waiting 10s...
  Rate limited, waiting 10s...
  Rate limited, waiting 10s...
  Rate limited, waiting 10s...
  Rate limited, waiting 10s...
  Rate limited, waiting 10s...
  Rate limited, waiting 10s...
  Rate limited, waiting 10s...
  Rate limited, waiting 10s...
  Rate limited, waiting 10s...
  Rate limited, waiting 10s...
  Rate limited, waiting 10s...
  Rate limited, waiting 10s...
  Rate limited, waiting 10s...
  Rate limited, waiting 10s...
  Rate limited, waiting 10s...
  Rate limited, waiting 10s...
  Rate limited, waiting 10s...
  Rate limited, waiting 10s...
  Rate limited, waiting 10s...
  Rate limited, waiting 10s...
  Rate limited, waiting 10s...
  Rate limited, waiting 10s...
  Rate limited, waiting 10s...
  Rate limited, waiting 10s...
  Rate limited, waiting 10s...
  Rate limited, waiting 10s...
Fixed 86000 | last: Twin Power Tube 150/80-16 TR6 Metal Cent -> TwinPower Twin Power Tube 150/ TR6 Metal Center  | BullStrap
  Rate limited, waiting 10s...
  Rate limited, waiting 10s...
  Rate limited, waiting 10s...
  Rate limited, waiting 10s...
  Rate limited, waiting 10s...
  Rate limited, waiting 10s...
  Rate limited, waiting 10s...
  Rate limited, waiting 10s...
  Rate limited, waiting 10s...
  Rate limited, waiting 10s...
  Rate limited, waiting 10s...
  Rate limited, waiting 10s...
  Rate limited, waiting 10s...
  Rate limited, waiting 10s...
  Rate limited, waiting 10s...
  Rate limited, waiting 10s...
  Rate limited, waiting 10s...
  Rate limited, waiting 10s...
  Rate limited, waiting 10s...
  Rate limited, waiting 10s...
  Rate limited, waiting 10s...
  Rate limited, waiting 10s...
  Rate limited, waiting 10s...
  Rate limited, waiting 10s...
  Rate limited, waiting 10s...
  Rate limited, waiting 10s...
  Rate limited, waiting 10s...
  Rate limited, waiting 10s...
  Rate limited, waiting 10s...
  Rate limited, waiting 10s...
  Rate limited, waiting 10s...
  Rate limited, waiting 10s...
  Rate limited, waiting 10s...
  Rate limited, waiting 10s...
  Rate limited, waiting 10s...
  Rate limited, waiting 10s...
  Rate limited, waiting 10s...
  Rate limited, waiting 10s...
  Rate limited, waiting 10s...
  Rate limited, waiting 10s...
  Rate limited, waiting 10s...
  Rate limited, waiting 10s...
  Rate limited, waiting 10s...
  Rate limited, waiting 10s...
  Rate limited, waiting 10s...
  Rate limited, waiting 10s...
  Rate limited, waiting 10s...
  Rate limited, waiting 10s...
  Rate limited, waiting 10s...
  Rate limited, waiting 10s...
  Rate limited, waiting 10s...
  Rate limited, waiting 10s...
  Rate limited, waiting 10s...
Fixed 86100 | processed 93750 | latest: Vibrant 3.5in Round SS Truck/SUV Exhaust -> Vibrant Exhaust | BullStrap
  Rate limited, waiting 10s...
  Rate limited, waiting 10s...
  Rate limited, waiting 10s...
Fixed 86050 | last: Vibrant Brass Olive Inserts 5/16in - Pac -> Vibrant Vibrant Brass Olive Inserts 5/16in - Pac | BullStrap
  Rate limited, waiting 10s...
  Rate limited, waiting 10s...
  Rate limited, waiting 10s...
  Rate limited, waiting 10s...
  Rate limited, waiting 10s...
  Rate limited, waiting 10s...
  Rate limited, waiting 10s...
  Rate limited, waiting 10s...
  Rate limited, waiting 10s...
  Rate limited, waiting 10s...
  Rate limited, waiting 10s...
  Rate limited, waiting 10s...
  Rate limited, waiting 10s...
  Rate limited, waiting 10s...
  Rate limited, waiting 10s...
  Rate limited, waiting 10s...
  Rate limited, waiting 10s...
Batch done: processed 94000 | fixed 86063 | since_id 11007235948817
  Rate limited, waiting 10s...
  Rate limited, waiting 10s...
  Rate limited, waiting 10s...
  Rate limited, waiting 10s...
  Rate limited, waiting 10s...
  Rate limited, waiting 10s...
  Rate limited, waiting 10s...
  Rate limited, waiting 10s...
  Rate limited, waiting 10s...
  Rate limited, waiting 10s...
  Rate limited, waiting 10s...
  Rate limited, waiting 10s...
  Rate limited, waiting 10s...
  Rate limited, waiting 10s...
  Rate limited, waiting 10s...
  Rate limited, waiting 10s...
  Rate limited, waiting 10s...
  Rate limited, waiting 10s...
  Rate limited, waiting 10s...
  Rate limited, waiting 10s...
  Rate limited, waiting 10s...
  Rate limited, waiting 10s...
  Rate limited, waiting 10s...
  Rate limited, waiting 10s...
  Rate limited, waiting 10s...
  Rate limited, waiting 10s...
  Rate limited, waiting 10s...
  Rate limited, waiting 10s...
  Rate limited, waiting 10s...
  Rate limited, waiting 10s...
  Rate limited, waiting 10s...
  Rate limited, waiting 10s...
  Rate limited, waiting 10s...
  Rate limited, waiting 10s...
  Rate limited, waiting 10s...
  Rate limited, waiting 10s...
  Rate limited, waiting 10s...
  Rate limited, waiting 10s...
  Rate limited, waiting 10s...
  Rate limited, waiting 10s...
  Rate limited, waiting 10s...
  Rate limited, waiting 10s...
  Rate limited, waiting 10s...
  Rate limited, waiting 10s...
  Rate limited, waiting 10s...
  Rate limited, waiting 10s...
  Rate limited, waiting 10s...
  Rate limited, waiting 10s...
  Rate limited, waiting 10s...
  Rate limited, waiting 10s...
  Rate limited, waiting 10s...
  Rate limited, waiting 10s...
  Rate limited, waiting 10s...
  Rate limited, waiting 10s...
  Rate limited, waiting 10s...
  Rate limited, waiting 10s...
  Rate limited, waiting 10s...
  Rate limited, waiting 10s...
  Rate limited, waiting 10s...
  Rate limited, waiting 10s...
  Rate limited, waiting 10s...
  Rate limited, waiting 10s...
  Rate limited, waiting 10s...
  Rate limited, waiting 10s...
  Rate limited, waiting 10s...
  Rate limited, waiting 10s...
  Rate limited, waiting 10s...
  Rate limited, waiting 10s...
  Rate limited, waiting 10s...
  Rate limited, waiting 10s...
  Rate limited, waiting 10s...
  Rate limited, waiting 10s...
Fixed 86100 | last: Weapon R 10 Hyundai Genesis 2.0L Turbo ( -> Weapon R Turbo | BullStrap
  Rate limited, waiting 10s...
  Rate limited, waiting 10s...
  Rate limited, waiting 10s...
  Rate limited, waiting 10s...
  Rate limited, waiting 10s...
  Rate limited, waiting 10s...
  Rate limited, waiting 10s...
  Rate limited, waiting 10s...
  Rate limited, waiting 10s...
  Rate limited, waiting 10s...
  Rate limited, waiting 10s...
  Rate limited, waiting 10s...
  Rate limited, waiting 10s...
  Rate limited, waiting 10s...
  Rate limited, waiting 10s...
  Rate limited, waiting 10s...
  Rate limited, waiting 10s...
  Rate limited, waiting 10s...
  Rate limited, waiting 10s...
  Rate limited, waiting 10s...
  Rate limited, waiting 10s...
  Rate limited, waiting 10s...
  Rate limited, waiting 10s...
  Rate limited, waiting 10s...
  Rate limited, waiting 10s...
  Rate limited, waiting 10s...
  Rate limited, waiting 10s...
  Rate limited, waiting 10s...
  Rate limited, waiting 10s...
  Rate limited, waiting 10s...
  Rate limited, waiting 10s...
  Rate limited, waiting 10s...
  Rate limited, waiting 10s...
Fixed 86200 | processed 94000 | latest: Weapon R Dragon Ram Air Kit II (Black on -> Weapon R Weapon R Dragon Ram Air Kit II (Black onl | Bull...
  Rate limited, waiting 10s...
  Rate limited, waiting 10s...
  Rate limited, waiting 10s...
  Rate limited, waiting 10s...
  Rate limited, waiting 10s...
  Rate limited, waiting 10s...
  Rate limited, waiting 10s...
  Rate limited, waiting 10s...
  Rate limited, waiting 10s...
  Rate limited, waiting 10s...
  Rate limited, waiting 10s...
  Rate limited, waiting 10s...
  Rate limited, waiting 10s...
  Rate limited, waiting 10s...
  Rate limited, waiting 10s...
  Rate limited, waiting 10s...
  Rate limited, waiting 10s...
  Rate limited, waiting 10s...
  Rate limited, waiting 10s...
  Rate limited, waiting 10s...
  Rate limited, waiting 10s...
  Rate limited, waiting 10s...
  Rate limited, waiting 10s...
  Rate limited, waiting 10s...
  Rate limited, waiting 10s...
  Rate limited, waiting 10s...
  Rate limited, waiting 10s...
  Rate limited, waiting 10s...
  Rate limited, waiting 10s...
  Rate limited, waiting 10s...
  Rate limited, waiting 10s...
  Rate limited, waiting 10s...
  Rate limited, waiting 10s...
  Rate limited, waiting 10s...
  Rate limited, waiting 10s...
  Rate limited, waiting 10s...
  Rate limited, waiting 10s...
  Rate limited, waiting 10s...
  Rate limited, waiting 10s...
  Rate limited, waiting 10s...
  Rate limited, waiting 10s...
  Rate limited, waiting 10s...
  Rate limited, waiting 10s...
Fixed 86150 | last: Willie & Max Universal Black Jack Compac -> Willie & Max Willie & Max Universal Black Jack C | BullStrap
  Rate limited, waiting 10s...
  Rate limited, waiting 10s...
  Rate limited, waiting 10s...
  Rate limited, waiting 10s...
  Rate limited, waiting 10s...
  Rate limited, waiting 10s...
  Rate limited, waiting 10s...
  Rate limited, waiting 10s...
  Rate limited, waiting 10s...
  Rate limited, waiting 10s...
  Rate limited, waiting 10s...
  Rate limited, waiting 10s...
  Rate limited, waiting 10s...
  Rate limited, waiting 10s...
  Rate limited, waiting 10s...
  Rate limited, waiting 10s...
  Rate limited, waiting 10s...
  Rate limited, waiting 10s...
  Rate limited, waiting 10s...
  Rate limited, waiting 10s...
  Rate limited, waiting 10s...
  Rate limited, waiting 10s...
  Rate limited, waiting 10s...
  Rate limited, waiting 10s...
  Rate limited, waiting 10s...
  Rate limited, waiting 10s...
  Rate limited, waiting 10s...
  Rate limited, waiting 10s...
  Rate limited, waiting 10s...
  Rate limited, waiting 10s...
  Rate limited, waiting 10s...
  Rate limited, waiting 10s...
  Rate limited, waiting 10s...
  Rate limited, waiting 10s...
  Rate limited, waiting 10s...
  Rate limited, waiting 10s...
  Rate limited, waiting 10s...
  Rate limited, waiting 10s...
  Rate limited, waiting 10s...
  Rate limited, waiting 10s...
  Rate limited, waiting 10s...
  Rate limited, waiting 10s...
  Rate limited, waiting 10s...
  Rate limited, waiting 10s...
  Rate limited, waiting 10s...
  Rate limited, waiting 10s...
  Rate limited, waiting 10s...
  Rate limited, waiting 10s...
  Rate limited, waiting 10s...
  Rate limited, waiting 10s...
  Rate limited, waiting 10s...
  Rate limited, waiting 10s...
  Rate limited, waiting 10s...
  Rate limited, waiting 10s...
  Rate limited, waiting 10s...
  Rate limited, waiting 10s...
  Rate limited, waiting 10s...
  Rate limited, waiting 10s...
  Rate limited, waiting 10s...
  Rate limited, waiting 10s...
  Rate limited, waiting 10s...
  Rate limited, waiting 10s...
  Rate limited, waiting 10s...
  Rate limited, waiting 10s...
  Rate limited, waiting 10s...
  Rate limited, waiting 10s...
  Rate limited, waiting 10s...
  Rate limited, waiting 10s...
  Rate limited, waiting 10s...
  Rate limited, waiting 10s...
  Rate limited, waiting 10s...
  Rate limited, waiting 10s...
  Rate limited, waiting 10s...
  Rate limited, waiting 10s...
  Rate limited, waiting 10s...
  Rate limited, waiting 10s...
  Rate limited, waiting 10s...
  Rate limited, waiting 10s...
  Rate limited, waiting 10s...
  Rate limited, waiting 10s...
  Rate limited, waiting 10s...
  Rate limited, waiting 10s...
  Rate limited, waiting 10s...
  Rate limited, waiting 10s...
  Rate limited, waiting 10s...
  Rate limited, waiting 10s...
  Rate limited, waiting 10s...
  Rate limited, waiting 10s...
  Rate limited, waiting 10s...
  Rate limited, waiting 10s...
  Rate limited, waiting 10s...
  Rate limited, waiting 10s...
  Rate limited, waiting 10s...
  Rate limited, waiting 10s...
  Rate limited, waiting 10s...
  Rate limited, waiting 10s...
  Rate limited, waiting 10s...
Fixed 86200 | last: aFe Magnum FORCE Stage-2 Pro 5R Cold Air -> aFe Air Intake 19-20 | BullStrap
  Rate limited, waiting 10s...
  Rate limited, waiting 10s...
  Rate limited, waiting 10s...
  Rate limited, waiting 10s...
  Rate limited, waiting 10s...
  Rate limited, waiting 10s...
  Rate limited, waiting 10s...
  Rate limited, waiting 10s...
  Rate limited, waiting 10s...
  Rate limited, waiting 10s...
  Rate limited, waiting 10s...
  Rate limited, waiting 10s...
Batch done: processed 94250 | fixed 86209 | since_id 11008720830737
  Rate limited, waiting 10s...
  Rate limited, waiting 10s...
  Rate limited, waiting 10s...
  Rate limited, waiting 10s...
  Rate limited, waiting 10s...
  Rate limited, waiting 10s...
  Rate limited, waiting 10s...
  Rate limited, waiting 10s...
  Rate limited, waiting 10s...
  Rate limited, waiting 10s...
  Rate limited, waiting 10s...
  Rate limited, waiting 10s...
  Rate limited, waiting 10s...
  Rate limited, waiting 10s...
  Rate limited, waiting 10s...
  Rate limited, waiting 10s...
  Rate limited, waiting 10s...
  Rate limited, waiting 10s...
  Rate limited, waiting 10s...
  Rate limited, waiting 10s...
  Rate limited, waiting 10s...
  Rate limited, waiting 10s...
  Rate limited, waiting 10s...
  Rate limited, waiting 10s...
  Rate limited, waiting 10s...
  Rate limited, waiting 10s...
Fixed 86300 | processed 94250 | latest: Borla 18-25 Mustang GT / 24-25 Mustang D -> Borla Borla Mustang GT / Mustang Dark Horse Switch | Bull...
  Rate limited, waiting 10s...
  Rate limited, waiting 10s...
  Rate limited, waiting 10s...
  Rate limited, waiting 10s...
  Rate limited, waiting 10s...
  Rate limited, waiting 10s...
  Rate limited, waiting 10s...
  Rate limited, waiting 10s...
  Rate limited, waiting 10s...
  Rate limited, waiting 10s...
  Rate limited, waiting 10s...
  Rate limited, waiting 10s...
  Rate limited, waiting 10s...
  Rate limited, waiting 10s...
  Rate limited, waiting 10s...
  Rate limited, waiting 10s...
  Rate limited, waiting 10s...
Fixed 86250 | last: Renthal 22+ BMW M1000R/ M1000RR/ F900GS  -> Renthal Renthal 22+ BMW M1000R/ M1000RR/ F900GS  | BullStrap
  Rate limited, waiting 10s...
  Rate limited, waiting 10s...
  Rate limited, waiting 10s...
  Rate limited, waiting 10s...
  Rate limited, waiting 10s...
  Rate limited, waiting 10s...
  Rate limited, waiting 10s...
  Rate limited, waiting 10s...
  Rate limited, waiting 10s...
  Rate limited, waiting 10s...
  Rate limited, waiting 10s...
  Rate limited, waiting 10s...
  Rate limited, waiting 10s...
  Rate limited, waiting 10s...
  Rate limited, waiting 10s...
  Rate limited, waiting 10s...
  Rate limited, waiting 10s...
  Rate limited, waiting 10s...
  Rate limited, waiting 10s...
  Rate limited, waiting 10s...
  Rate limited, waiting 10s...
  Rate limited, waiting 10s...
  Rate limited, waiting 10s...
  Rate limited, waiting 10s...
  Rate limited, waiting 10s...
  Rate limited, waiting 10s...
  Rate limited, waiting 10s...
  Rate limited, waiting 10s...
  Rate limited, waiting 10s...
  Rate limited, waiting 10s...
  Rate limited, waiting 10s...
  Rate limited, waiting 10s...
  Rate limited, waiting 10s...
  Rate limited, waiting 10s...
  Rate limited, waiting 10s...
  Rate limited, waiting 10s...
  Rate limited, waiting 10s...
  Rate limited, waiting 10s...
  Rate limited, waiting 10s...
  Rate limited, waiting 10s...
  Rate limited, waiting 10s...
  Rate limited, waiting 10s...
  Rate limited, waiting 10s...
  Rate limited, waiting 10s...
  Rate limited, waiting 10s...
  Rate limited, waiting 10s...
  Rate limited, waiting 10s...
  Rate limited, waiting 10s...
  Rate limited, waiting 10s...
  Rate limited, waiting 10s...
  Rate limited, waiting 10s...
  Rate limited, waiting 10s...
  Rate limited, waiting 10s...
  Rate limited, waiting 10s...
  Rate limited, waiting 10s...
  Rate limited, waiting 10s...
  Rate limited, waiting 10s...
  Rate limited, waiting 10s...
  Rate limited, waiting 10s...
  Rate limited, waiting 10s...
  Rate limited, waiting 10s...
  Rate limited, waiting 10s...
  Rate limited, waiting 10s...
  Rate limited, waiting 10s...
  Rate limited, waiting 10s...
  Rate limited, waiting 10s...
  Rate limited, waiting 10s...
  Rate limited, waiting 10s...
  Rate limited, waiting 10s...
  Rate limited, waiting 10s...
  Rate limited, waiting 10s...
  Rate limited, waiting 10s...
  Rate limited, waiting 10s...
  Rate limited, waiting 10s...
  Rate limited, waiting 10s...
  Rate limited, waiting 10s...
  Rate limited, waiting 10s...
  Rate limited, waiting 10s...
  Rate limited, waiting 10s...
  Rate limited, waiting 10s...
  Rate limited, waiting 10s...
  Rate limited, waiting 10s...
  Rate limited, waiting 10s...
  Rate limited, waiting 10s...
Fixed 86300 | last: Clutch Masters Acura Flywheel Friction L -> Clutch Masters Clutch Masters Acura Flywheel Fri | BullStrap
  Rate limited, waiting 10s...
  Rate limited, waiting 10s...
  Rate limited, waiting 10s...
  Rate limited, waiting 10s...
  Rate limited, waiting 10s...
  Rate limited, waiting 10s...
  Rate limited, waiting 10s...
  Rate limited, waiting 10s...
  Rate limited, waiting 10s...
  Rate limited, waiting 10s...
  Rate limited, waiting 10s...
  Rate limited, waiting 10s...
  Rate limited, waiting 10s...
  Rate limited, waiting 10s...
  Rate limited, waiting 10s...
  Rate limited, waiting 10s...
  Rate limited, waiting 10s...
  Rate limited, waiting 10s...
  Rate limited, waiting 10s...
  Rate limited, waiting 10s...
  Rate limited, waiting 10s...
  Rate limited, waiting 10s...
  Rate limited, waiting 10s...
  Rate limited, waiting 10s...
  Rate limited, waiting 10s...
  Rate limited, waiting 10s...
  Rate limited, waiting 10s...
  Rate limited, waiting 10s...
  Rate limited, waiting 10s...
  Rate limited, waiting 10s...
  Rate limited, waiting 10s...
  Rate limited, waiting 10s...
  Rate limited, waiting 10s...
  Rate limited, waiting 10s...
  Rate limited, waiting 10s...
  Rate limited, waiting 10s...
  Rate limited, waiting 10s...
Fixed 86400 | processed 94250 | latest: Corsa 11-23 Dodge Challenger/Charger 5.7 -> CORSA Performance Air Intake 11-23 | BullStrap
  Rate limited, waiting 10s...
  Rate limited, waiting 10s...
  Rate limited, waiting 10s...
  Rate limited, waiting 10s...
  Rate limited, waiting 10s...
  Rate limited, waiting 10s...
  Rate limited, waiting 10s...
  Rate limited, waiting 10s...
  Rate limited, waiting 10s...
  Rate limited, waiting 10s...
  Rate limited, waiting 10s...
  Rate limited, waiting 10s...
  Rate limited, waiting 10s...
  Rate limited, waiting 10s...
  Rate limited, waiting 10s...
  Rate limited, waiting 10s...
  Rate limited, waiting 10s...
  Rate limited, waiting 10s...
  Rate limited, waiting 10s...
  Rate limited, waiting 10s...
  Rate limited, waiting 10s...
Batch done: processed 94500 | fixed 86349 | since_id 11012526866705
  Rate limited, waiting 10s...
  Rate limited, waiting 10s...
Fixed 86350 | last: Fox 2024+ Ford Ranger 4WD DSC EVO 2.5 Pe -> FOX Coilovers 2024+ | BullStrap
  Rate limited, waiting 10s...
  Rate limited, waiting 10s...
  Rate limited, waiting 10s...
  Rate limited, waiting 10s...
  Rate limited, waiting 10s...
  Rate limited, waiting 10s...
  Rate limited, waiting 10s...
  Rate limited, waiting 10s...
  Rate limited, waiting 10s...
  Rate limited, waiting 10s...
  Rate limited, waiting 10s...
  Rate limited, waiting 10s...
  Rate limited, waiting 10s...
  Rate limited, waiting 10s...
  Rate limited, waiting 10s...
  Rate limited, waiting 10s...
  Rate limited, waiting 10s...
  Rate limited, waiting 10s...
  Rate limited, waiting 10s...
  Rate limited, waiting 10s...
  Rate limited, waiting 10s...
  Rate limited, waiting 10s...
  Rate limited, waiting 10s...
  Rate limited, waiting 10s...
  Rate limited, waiting 10s...
  Rate limited, waiting 10s...
  Rate limited, waiting 10s...
  Rate limited, waiting 10s...
  Rate limited, waiting 10s...
  Rate limited, waiting 10s...
  Rate limited, waiting 10s...
  Rate limited, waiting 10s...
  Rate limited, waiting 10s...
  Rate limited, waiting 10s...
  Rate limited, waiting 10s...
  Rate limited, waiting 10s...
  Rate limited, waiting 10s...
  Rate limited, waiting 10s...
  Rate limited, waiting 10s...
  Rate limited, waiting 10s...
  Rate limited, waiting 10s...
  Rate limited, waiting 10s...
  Rate limited, waiting 10s...
  Rate limited, waiting 10s...
  Rate limited, waiting 10s...
  Rate limited, waiting 10s...
  Rate limited, waiting 10s...
  Rate limited, waiting 10s...
  Rate limited, waiting 10s...
  Rate limited, waiting 10s...
  Rate limited, waiting 10s...
  Rate limited, waiting 10s...
  Rate limited, waiting 10s...
  Rate limited, waiting 10s...
  Rate limited, waiting 10s...
  Rate limited, waiting 10s...
  Rate limited, waiting 10s...
  Rate limited, waiting 10s...
  Rate limited, waiting 10s...
  Rate limited, waiting 10s...
  Rate limited, waiting 10s...
  Rate limited, waiting 10s...
  Rate limited, waiting 10s...
  Rate limited, waiting 10s...
  Rate limited, waiting 10s...
  Rate limited, waiting 10s...
Fixed 86400 | last: EPI 17-21 Polaris Ranger XP/XP Crew Nort -> EPI EPI Polaris Ranger XP/XP Crew NorthStar Serp | BullStrap
  Rate limited, waiting 10s...
  Rate limited, waiting 10s...
  Rate limited, waiting 10s...
  Rate limited, waiting 10s...
  Rate limited, waiting 10s...
  Rate limited, waiting 10s...
  Rate limited, waiting 10s...
  Rate limited, waiting 10s...
  Rate limited, waiting 10s...
  Rate limited, waiting 10s...
  Rate limited, waiting 10s...
  Rate limited, waiting 10s...
  Rate limited, waiting 10s...
  Rate limited, waiting 10s...
  Rate limited, waiting 10s...
  Rate limited, waiting 10s...
  Rate limited, waiting 10s...
  Rate limited, waiting 10s...
  Rate limited, waiting 10s...
  Rate limited, waiting 10s...
  Rate limited, waiting 10s...
  Rate limited, waiting 10s...
  Rate limited, waiting 10s...
  Rate limited, waiting 10s...
  Rate limited, waiting 10s...
  Rate limited, waiting 10s...
  Rate limited, waiting 10s...
  Rate limited, waiting 10s...
  Rate limited, waiting 10s...
  Rate limited, waiting 10s...
  Rate limited, waiting 10s...
  Rate limited, waiting 10s...
  Rate limited, waiting 10s...
  Rate limited, waiting 10s...
  Rate limited, waiting 10s...
  Rate limited, waiting 10s...
  Rate limited, waiting 10s...
  Rate limited, waiting 10s...
  Rate limited, waiting 10s...
  Rate limited, waiting 10s...
  Rate limited, waiting 10s...
  Rate limited, waiting 10s...
  Rate limited, waiting 10s...
  Rate limited, waiting 10s...
  Rate limited, waiting 10s...
  Rate limited, waiting 10s...
  Rate limited, waiting 10s...
  Rate limited, waiting 10s...
  Rate limited, waiting 10s...
  Rate limited, waiting 10s...
  Rate limited, waiting 10s...
  Rate limited, waiting 10s...
  Rate limited, waiting 10s...
  Rate limited, waiting 10s...
  Rate limited, waiting 10s...
  Rate limited, waiting 10s...
  Rate limited, waiting 10s...
  Rate limited, waiting 10s...
  Rate limited, waiting 10s...
  Rate limited, waiting 10s...
  Rate limited, waiting 10s...
  Rate limited, waiting 10s...
  Rate limited, waiting 10s...
  Rate limited, waiting 10s...
  Rate limited, waiting 10s...
  Rate limited, waiting 10s...
  Rate limited, waiting 10s...
  Rate limited, waiting 10s...
  Rate limited, waiting 10s...
  Rate limited, waiting 10s...
  Rate limited, waiting 10s...
  Rate limited, waiting 10s...
  Rate limited, waiting 10s...
  Rate limited, waiting 10s...
  Rate limited, waiting 10s...
  Rate limited, waiting 10s...
Fixed 86500 | processed 94500 | latest: Moroso GM LS 5.7L/6.0L/6.2L/7.0L Ultra 3 -> Moroso Moroso GM LS 5.7L/6.0L/6.2L/7.0L Ultra 350  | Bull...
  Rate limited, waiting 10s...
  Rate limited, waiting 10s...
  Rate limited, waiting 10s...
  Rate limited, waiting 10s...
  Rate limited, waiting 10s...
  Rate limited, waiting 10s...
  Rate limited, waiting 10s...
  Rate limited, waiting 10s...
  Rate limited, waiting 10s...
  Rate limited, waiting 10s...
  Rate limited, waiting 10s...
  Rate limited, waiting 10s...
  Rate limited, waiting 10s...
  Rate limited, waiting 10s...
  Rate limited, waiting 10s...
  Rate limited, waiting 10s...
Fixed 86450 | last: Moroso GM LS 5.7L/6.0L/6.2L/7.0L Ultra40 -> Moroso Moroso GM LS 5.7L/6.0L/6.2L/7.0L Ultra40  | BullStrap
  Rate limited, waiting 10s...
  Rate limited, waiting 10s...
  Rate limited, waiting 10s...
  Rate limited, waiting 10s...
  Rate limited, waiting 10s...
  Rate limited, waiting 10s...
  Rate limited, waiting 10s...
  Rate limited, waiting 10s...
  Rate limited, waiting 10s...
  Rate limited, waiting 10s...
  Rate limited, waiting 10s...
  Rate limited, waiting 10s...
  Rate limited, waiting 10s...
  Rate limited, waiting 10s...
  Rate limited, waiting 10s...
  Rate limited, waiting 10s...
  Rate limited, waiting 10s...
  Rate limited, waiting 10s...
  Rate limited, waiting 10s...
  Rate limited, waiting 10s...
  Rate limited, waiting 10s...
  Rate limited, waiting 10s...
  Rate limited, waiting 10s...
  Rate limited, waiting 10s...
  Rate limited, waiting 10s...
  Rate limited, waiting 10s...
  Rate limited, waiting 10s...
  Rate limited, waiting 10s...
  Rate limited, waiting 10s...
  Rate limited, waiting 10s...
  Rate limited, waiting 10s...
  Rate limited, waiting 10s...
  Rate limited, waiting 10s...
  Rate limited, waiting 10s...
  Rate limited, waiting 10s...
  Rate limited, waiting 10s...
  Rate limited, waiting 10s...
  Rate limited, waiting 10s...
  Rate limited, waiting 10s...
  Rate limited, waiting 10s...
  Rate limited, waiting 10s...
  Rate limited, waiting 10s...
  Rate limited, waiting 10s...
  Rate limited, waiting 10s...
  Rate limited, waiting 10s...
  Rate limited, waiting 10s...
  Rate limited, waiting 10s...
  Rate limited, waiting 10s...
  Rate limited, waiting 10s...
  Rate limited, waiting 10s...
  Rate limited, waiting 10s...
  Rate limited, waiting 10s...
  Rate limited, waiting 10s...
  Rate limited, waiting 10s...
  Rate limited, waiting 10s...
  Rate limited, waiting 10s...
  Rate limited, waiting 10s...
  Rate limited, waiting 10s...
  Rate limited, waiting 10s...
  Rate limited, waiting 10s...
  Rate limited, waiting 10s...
  Rate limited, waiting 10s...
  Rate limited, waiting 10s...
  Rate limited, waiting 10s...
  Rate limited, waiting 10s...
  Rate limited, waiting 10s...
  Rate limited, waiting 10s...
  Rate limited, waiting 10s...
  Rate limited, waiting 10s...
  Rate limited, waiting 10s...
  Rate limited, waiting 10s...
  Rate limited, waiting 10s...
  Rate limited, waiting 10s...
  Rate limited, waiting 10s...
  Rate limited, waiting 10s...
  Rate limited, waiting 10s...
  Rate limited, waiting 10s...
  Rate limited, waiting 10s...
  Rate limited, waiting 10s...
  Rate limited, waiting 10s...
  Rate limited, waiting 10s...
  Rate limited, waiting 10s...
  Rate limited, waiting 10s...
  Rate limited, waiting 10s...
  Rate limited, waiting 10s...
  Rate limited, waiting 10s...
  Rate limited, waiting 10s...
  Rate limited, waiting 10s...
  Rate limited, waiting 10s...
  Rate limited, waiting 10s...
  Rate limited, waiting 10s...
  Rate limited, waiting 10s...
  Rate limited, waiting 10s...
  Rate limited, waiting 10s...
  Rate limited, waiting 10s...
  Rate limited, waiting 10s...
  Rate limited, waiting 10s...
  Rate limited, waiting 10s...
  Rate limited, waiting 10s...
  Rate limited, waiting 10s...
  Rate limited, waiting 10s...
  Rate limited, waiting 10s...
Fixed 86500 | last: Camburg 2024 Ford Ranger Uniball Perform -> Camburg Camburg 2024 Ford Ranger Uniball Perform | BullStrap
  Rate limited, waiting 10s...
  Rate limited, waiting 10s...
  Rate limited, waiting 10s...
  Rate limited, waiting 10s...
  Rate limited, waiting 10s...
  Rate limited, waiting 10s...
  Rate limited, waiting 10s...
  Rate limited, waiting 10s...
  Rate limited, waiting 10s...
  Rate limited, waiting 10s...
  Rate limited, waiting 10s...
  Rate limited, waiting 10s...
  Rate limited, waiting 10s...
  Rate limited, waiting 10s...
  Rate limited, waiting 10s...
  Rate limited, waiting 10s...
  Rate limited, waiting 10s...
  Rate limited, waiting 10s...
  Rate limited, waiting 10s...
  Rate limited, waiting 10s...
  Rate limited, waiting 10s...
  Rate limited, waiting 10s...
  Rate limited, waiting 10s...
  Rate limited, waiting 10s...
  Rate limited, waiting 10s...
  Rate limited, waiting 10s...
  Rate limited, waiting 10s...
  Rate limited, waiting 10s...
  Rate limited, waiting 10s...
  Rate limited, waiting 10s...
  Rate limited, waiting 10s...
  Rate limited, waiting 10s...
  Rate limited, waiting 10s...
  Rate limited, waiting 10s...
  Rate limited, waiting 10s...
  Rate limited, waiting 10s...
Batch done: processed 94750 | fixed 86522 | since_id 11021872726289
  Rate limited, waiting 10s...
  Rate limited, waiting 10s...
  Rate limited, waiting 10s...
  Rate limited, waiting 10s...
  Rate limited, waiting 10s...
  Rate limited, waiting 10s...
  Rate limited, waiting 10s...
  Rate limited, waiting 10s...
  Rate limited, waiting 10s...
  Rate limited, waiting 10s...
  Rate limited, waiting 10s...
Fixed 86600 | processed 94750 | latest: Covercraft 21-24 Ford F-150 Carhartt Sea -> Covercraft Seat Covers 21-24 | BullStrap
  Rate limited, waiting 10s...
  Rate limited, waiting 10s...
  Rate limited, waiting 10s...
  Rate limited, waiting 10s...
  Rate limited, waiting 10s...
  Rate limited, waiting 10s...
  Rate limited, waiting 10s...
  Rate limited, waiting 10s...
  Rate limited, waiting 10s...
  Rate limited, waiting 10s...
  Rate limited, waiting 10s...
  Rate limited, waiting 10s...
  Rate limited, waiting 10s...
  Rate limited, waiting 10s...
  Rate limited, waiting 10s...
  Rate limited, waiting 10s...
  Rate limited, waiting 10s...
  Rate limited, waiting 10s...
  Rate limited, waiting 10s...
  Rate limited, waiting 10s...
  Rate limited, waiting 10s...
  Rate limited, waiting 10s...
  Rate limited, waiting 10s...
Fixed 86550 | last: Eibach 2025 Honda Civic Hybrid Sedan 2.0 -> Eibach Eibach 2025 Honda Civic Hybrid Sedan 2.0L | BullStrap
  Rate limited, waiting 10s...
  Rate limited, waiting 10s...
  Rate limited, waiting 10s...
  Rate limited, waiting 10s...
  Rate limited, waiting 10s...
  Rate limited, waiting 10s...
  Rate limited, waiting 10s...
  Rate limited, waiting 10s...
  Rate limited, waiting 10s...
  Rate limited, waiting 10s...
  Rate limited, waiting 10s...
  Rate limited, waiting 10s...
  Rate limited, waiting 10s...
  Rate limited, waiting 10s...
  Rate limited, waiting 10s...
  Rate limited, waiting 10s...
  Rate limited, waiting 10s...
  Rate limited, waiting 10s...
  Rate limited, waiting 10s...
  Rate limited, waiting 10s...
  Rate limited, waiting 10s...
  Rate limited, waiting 10s...
  Rate limited, waiting 10s...
  Rate limited, waiting 10s...
  Rate limited, waiting 10s...
  Rate limited, waiting 10s...
  Rate limited, waiting 10s...
  Rate limited, waiting 10s...
  Rate limited, waiting 10s...
  Rate limited, waiting 10s...
  Rate limited, waiting 10s...
  Rate limited, waiting 10s...
  Rate limited, waiting 10s...
  Rate limited, waiting 10s...
  Rate limited, waiting 10s...
  Rate limited, waiting 10s...
  Rate limited, waiting 10s...
  Rate limited, waiting 10s...
  Rate limited, waiting 10s...
  Rate limited, waiting 10s...
  Rate limited, waiting 10s...
  Rate limited, waiting 10s...
  Rate limited, waiting 10s...
  Rate limited, waiting 10s...
  Rate limited, waiting 10s...
  Rate limited, waiting 10s...
  Rate limited, waiting 10s...
  Rate limited, waiting 10s...
  Rate limited, waiting 10s...
  Rate limited, waiting 10s...
  Rate limited, waiting 10s...
  Rate limited, waiting 10s...
  Rate limited, waiting 10s...
  Rate limited, waiting 10s...
  Rate limited, waiting 10s...
  Rate limited, waiting 10s...
  Rate limited, waiting 10s...
  Rate limited, waiting 10s...
  Rate limited, waiting 10s...
  Rate limited, waiting 10s...
  Rate limited, waiting 10s...
  Rate limited, waiting 10s...
  Rate limited, waiting 10s...
  Rate limited, waiting 10s...
  Rate limited, waiting 10s...
  Rate limited, waiting 10s...
  Rate limited, waiting 10s...
  Rate limited, waiting 10s...
  Rate limited, waiting 10s...
  Rate limited, waiting 10s...
Fixed 86600 | last: ATS Diesel 2003+ Dodge 5.9L Cummins Elec -> ATS Diesel ATS Diesel Dodge 5.9L Cummins Electro | BullStrap
  Rate limited, waiting 10s...
  Rate limited, waiting 10s...
  Rate limited, waiting 10s...
  Rate limited, waiting 10s...
  Rate limited, waiting 10s...
  Rate limited, waiting 10s...
  Rate limited, waiting 10s...
  Rate limited, waiting 10s...
  Rate limited, waiting 10s...
  Rate limited, waiting 10s...
  Rate limited, waiting 10s...
  Rate limited, waiting 10s...
  Rate limited, waiting 10s...
  Rate limited, waiting 10s...
  Rate limited, waiting 10s...
  Rate limited, waiting 10s...
  Rate limited, waiting 10s...
  Rate limited, waiting 10s...
  Rate limited, waiting 10s...
  Rate limited, waiting 10s...
  Rate limited, waiting 10s...
  Rate limited, waiting 10s...
  Rate limited, waiting 10s...
  Rate limited, waiting 10s...
  Rate limited, waiting 10s...
  Rate limited, waiting 10s...
  Rate limited, waiting 10s...
  Rate limited, waiting 10s...
  Rate limited, waiting 10s...
  Rate limited, waiting 10s...
  Rate limited, waiting 10s...
  Rate limited, waiting 10s...
  Rate limited, waiting 10s...
  Rate limited, waiting 10s...
  Rate limited, waiting 10s...
  Rate limited, waiting 10s...
  Rate limited, waiting 10s...
  Rate limited, waiting 10s...
  Rate limited, waiting 10s...
  Rate limited, waiting 10s...
  Rate limited, waiting 10s...
  Rate limited, waiting 10s...
  Rate limited, waiting 10s...
  Rate limited, waiting 10s...
  Rate limited, waiting 10s...
  Rate limited, waiting 10s...
  Rate limited, waiting 10s...
  Rate limited, waiting 10s...
  Rate limited, waiting 10s...
  Rate limited, waiting 10s...
  Rate limited, waiting 10s...
  Rate limited, waiting 10s...
  Rate limited, waiting 10s...
  Rate limited, waiting 10s...
  Rate limited, waiting 10s...
  Rate limited, waiting 10s...
  Rate limited, waiting 10s...
  Rate limited, waiting 10s...
  Rate limited, waiting 10s...
  Rate limited, waiting 10s...
Fixed 86700 | processed 94750 | latest: Brembo 15-16 Mercedes-Benz SL400/17-18 S -> Brembo OE Rotors 15-16 | BullStrap
  Rate limited, waiting 10s...
  Rate limited, waiting 10s...
  Rate limited, waiting 10s...
  Rate limited, waiting 10s...
  Rate limited, waiting 10s...
  Rate limited, waiting 10s...
  Rate limited, waiting 10s...
  Rate limited, waiting 10s...
  Rate limited, waiting 10s...
  Rate limited, waiting 10s...
  Rate limited, waiting 10s...
  Rate limited, waiting 10s...
Fixed 86650 | last: Brembo 00-06 Audi TT Premium NAO Ceramic -> Brembo OE Brembo Audi TT Premium NAO Ceramic OE  | BullStrap
  Rate limited, waiting 10s...
  Rate limited, waiting 10s...
  Rate limited, waiting 10s...
  Rate limited, waiting 10s...
  Rate limited, waiting 10s...
  Rate limited, waiting 10s...
  Rate limited, waiting 10s...
  Rate limited, waiting 10s...
  Rate limited, waiting 10s...
  Rate limited, waiting 10s...
  Rate limited, waiting 10s...
  Rate limited, waiting 10s...
  Rate limited, waiting 10s...
  Rate limited, waiting 10s...
  Rate limited, waiting 10s...
  Rate limited, waiting 10s...
  Rate limited, waiting 10s...
  Rate limited, waiting 10s...
  Rate limited, waiting 10s...
  Rate limited, waiting 10s...
  Rate limited, waiting 10s...
  Rate limited, waiting 10s...
  Rate limited, waiting 10s...
  Rate limited, waiting 10s...
  Rate limited, waiting 10s...
  Rate limited, waiting 10s...
  Rate limited, waiting 10s...
  Rate limited, waiting 10s...
  Rate limited, waiting 10s...
  Rate limited, waiting 10s...
  Rate limited, waiting 10s...
  Rate limited, waiting 10s...
  Rate limited, waiting 10s...
  Rate limited, waiting 10s...
  Rate limited, waiting 10s...
Batch done: processed 95000 | fixed 86680 | since_id 11025979113745
Progress: 95000 processed, 86727 fixed
  Rate limited, waiting 10s...
  Rate limited, waiting 10s...
  Rate limited, waiting 10s...
  Rate limited, waiting 10s...
  Rate limited, waiting 10s...
  Rate limited, waiting 10s...
  Rate limited, waiting 10s...
  Rate limited, waiting 10s...
  Rate limited, waiting 10s...
  Rate limited, waiting 10s...
  Rate limited, waiting 10s...
  Rate limited, waiting 10s...
  Rate limited, waiting 10s...
  Rate limited, waiting 10s...
  Rate limited, waiting 10s...
  Rate limited, waiting 10s...
  Rate limited, waiting 10s...
  Rate limited, waiting 10s...
  Rate limited, waiting 10s...
  Rate limited, waiting 10s...
  Rate limited, waiting 10s...
  Rate limited, waiting 10s...
  Rate limited, waiting 10s...
  Rate limited, waiting 10s...
  Rate limited, waiting 10s...
  Rate limited, waiting 10s...
  Rate limited, waiting 10s...
  Rate limited, waiting 10s...
  Rate limited, waiting 10s...
  Rate limited, waiting 10s...
  Rate limited, waiting 10s...
  Rate limited, waiting 10s...
  Rate limited, waiting 10s...
Fixed 86700 | last: Vance & Hines Harley-Davidson M8 Touring -> Vance and Hines Vance & Hines Harley-Davidson M8 | BullStrap
  Rate limited, waiting 10s...
  Rate limited, waiting 10s...
  Rate limited, waiting 10s...
  Rate limited, waiting 10s...
  Rate limited, waiting 10s...
  Rate limited, waiting 10s...
  Rate limited, waiting 10s...
  Rate limited, waiting 10s...
  Rate limited, waiting 10s...
  Rate limited, waiting 10s...
  Rate limited, waiting 10s...
  Rate limited, waiting 10s...
  Rate limited, waiting 10s...
  Rate limited, waiting 10s...
  Rate limited, waiting 10s...
  Rate limited, waiting 10s...
  Rate limited, waiting 10s...
  Rate limited, waiting 10s...
  Rate limited, waiting 10s...
  Rate limited, waiting 10s...
  Rate limited, waiting 10s...
  Rate limited, waiting 10s...
  Rate limited, waiting 10s...
  Rate limited, waiting 10s...
  Rate limited, waiting 10s...
  Rate limited, waiting 10s...
  Rate limited, waiting 10s...
  Rate limited, waiting 10s...
  Rate limited, waiting 10s...
  Rate limited, waiting 10s...
  Rate limited, waiting 10s...
  Rate limited, waiting 10s...
  Rate limited, waiting 10s...
  Rate limited, waiting 10s...
  Rate limited, waiting 10s...
  Rate limited, waiting 10s...
  Rate limited, waiting 10s...
  Rate limited, waiting 10s...
  Rate limited, waiting 10s...
  Rate limited, waiting 10s...
  Rate limited, waiting 10s...
  Rate limited, waiting 10s...
  Rate limited, waiting 10s...
  Rate limited, waiting 10s...
  Rate limited, waiting 10s...
  Rate limited, waiting 10s...
  Rate limited, waiting 10s...
  Rate limited, waiting 10s...
  Rate limited, waiting 10s...
  Rate limited, waiting 10s...
  Rate limited, waiting 10s...
  Rate limited, waiting 10s...
  Rate limited, waiting 10s...
  Rate limited, waiting 10s...
  Rate limited, waiting 10s...
  Rate limited, waiting 10s...
  Rate limited, waiting 10s...
  Rate limited, waiting 10s...
  Rate limited, waiting 10s...
  Rate limited, waiting 10s...
Fixed 86750 | last: Bilstein B12 2001 BMW 740iL Base Front a -> Bilstein Suspension | BullStrap
  Rate limited, waiting 10s...
  Rate limited, waiting 10s...
  Rate limited, waiting 10s...
  Rate limited, waiting 10s...
  Rate limited, waiting 10s...
  Rate limited, waiting 10s...
  Rate limited, waiting 10s...
  Rate limited, waiting 10s...
  Rate limited, waiting 10s...
  Rate limited, waiting 10s...
  Rate limited, waiting 10s...
  Rate limited, waiting 10s...
  Rate limited, waiting 10s...
  Rate limited, waiting 10s...
  Rate limited, waiting 10s...
  Rate limited, waiting 10s...
  Rate limited, waiting 10s...
  Rate limited, waiting 10s...
  Rate limited, waiting 10s...
  Rate limited, waiting 10s...
  Rate limited, waiting 10s...
  Rate limited, waiting 10s...
  Rate limited, waiting 10s...
  Rate limited, waiting 10s...
  Rate limited, waiting 10s...
  Rate limited, waiting 10s...
  Rate limited, waiting 10s...
Fixed 86800 | processed 95000 | latest: GSC P-D Nissan VR38DETT 21-4N Chrome Pol -> GSC Power Division GSC P-D Nissan VR38DETT 21-4N C | Bull...
  Rate limited, waiting 10s...
  Rate limited, waiting 10s...
  Rate limited, waiting 10s...
  Rate limited, waiting 10s...
  Rate limited, waiting 10s...
  Rate limited, waiting 10s...
  Rate limited, waiting 10s...
  Rate limited, waiting 10s...
  Rate limited, waiting 10s...
  Rate limited, waiting 10s...
  Rate limited, waiting 10s...
  Rate limited, waiting 10s...
  Rate limited, waiting 10s...
  Rate limited, waiting 10s...
  Rate limited, waiting 10s...
  Rate limited, waiting 10s...
  Rate limited, waiting 10s...
  Rate limited, waiting 10s...
  Rate limited, waiting 10s...
  Rate limited, waiting 10s...
  Rate limited, waiting 10s...
  Rate limited, waiting 10s...
  Rate limited, waiting 10s...
  Rate limited, waiting 10s...
  Rate limited, waiting 10s...
  Rate limited, waiting 10s...
  Rate limited, waiting 10s...
  Rate limited, waiting 10s...
  Rate limited, waiting 10s...
  Rate limited, waiting 10s...
  Rate limited, waiting 10s...
  Rate limited, waiting 10s...
  Rate limited, waiting 10s...
  Rate limited, waiting 10s...
  Rate limited, waiting 10s...
Fixed 86800 | last: XK Glow RGBW 4pc Addressable LED Rock Li -> XKGLOW XK Glow RGBW 4pc Addressable LED Rock Lig | BullStrap
  Rate limited, waiting 10s...
  Rate limited, waiting 10s...
  Rate limited, waiting 10s...
  Rate limited, waiting 10s...
  Rate limited, waiting 10s...
  Rate limited, waiting 10s...
  Rate limited, waiting 10s...
  Rate limited, waiting 10s...
  Rate limited, waiting 10s...
  Rate limited, waiting 10s...
  Rate limited, waiting 10s...
  Rate limited, waiting 10s...
  Rate limited, waiting 10s...
  Rate limited, waiting 10s...
  Rate limited, waiting 10s...
  Rate limited, waiting 10s...
  Rate limited, waiting 10s...
  Rate limited, waiting 10s...
  Rate limited, waiting 10s...
  Rate limited, waiting 10s...
  Rate limited, waiting 10s...
  Rate limited, waiting 10s...
  Rate limited, waiting 10s...
  Rate limited, waiting 10s...
  Rate limited, waiting 10s...
  Rate limited, waiting 10s...
  Rate limited, waiting 10s...
  Rate limited, waiting 10s...
  Rate limited, waiting 10s...
  Rate limited, waiting 10s...
  Rate limited, waiting 10s...
  Rate limited, waiting 10s...
  Rate limited, waiting 10s...
  Rate limited, waiting 10s...
  Rate limited, waiting 10s...
  Rate limited, waiting 10s...
  Rate limited, waiting 10s...
  Rate limited, waiting 10s...
  Rate limited, waiting 10s...
  Rate limited, waiting 10s...
  Rate limited, waiting 10s...
  Rate limited, waiting 10s...
  Rate limited, waiting 10s...
  Rate limited, waiting 10s...
  Rate limited, waiting 10s...
Batch done: processed 95250 | fixed 86833 | since_id 11033779962129
  Rate limited, waiting 10s...
  Rate limited, waiting 10s...
  Rate limited, waiting 10s...
  Rate limited, waiting 10s...
  Rate limited, waiting 10s...
  Rate limited, waiting 10s...
  Rate limited, waiting 10s...
  Rate limited, waiting 10s...
  Rate limited, waiting 10s...
  Rate limited, waiting 10s...
  Rate limited, waiting 10s...
  Rate limited, waiting 10s...
  Rate limited, waiting 10s...
  Rate limited, waiting 10s...
  Rate limited, waiting 10s...
  Rate limited, waiting 10s...
  Rate limited, waiting 10s...
  Rate limited, waiting 10s...
  Rate limited, waiting 10s...
  Rate limited, waiting 10s...
  Rate limited, waiting 10s...
  Rate limited, waiting 10s...
  Rate limited, waiting 10s...
  Rate limited, waiting 10s...
  Rate limited, waiting 10s...
  Rate limited, waiting 10s...
  Rate limited, waiting 10s...
  Rate limited, waiting 10s...
  Rate limited, waiting 10s...
  Rate limited, waiting 10s...
  Rate limited, waiting 10s...
  Rate limited, waiting 10s...
  Rate limited, waiting 10s...
  Rate limited, waiting 10s...
Fixed 86850 | last: Baja Designs Squadron 2.0 Pro (Pair) LED -> Baja Designs Baja Designs Squadron 2.0 Pro (Pair | BullStrap
  Rate limited, waiting 10s...
  Rate limited, waiting 10s...
  Rate limited, waiting 10s...
  Rate limited, waiting 10s...
  Rate limited, waiting 10s...
  Rate limited, waiting 10s...
  Rate limited, waiting 10s...
  Rate limited, waiting 10s...
  Rate limited, waiting 10s...
  Rate limited, waiting 10s...
  Rate limited, waiting 10s...
  Rate limited, waiting 10s...
  Rate limited, waiting 10s...
Fixed 86900 | processed 95250 | latest: Baja Designs Squadron 2.0 Sport (Pair) L -> Baja Designs Baja Designs Squadron 2.0 Sport (Pair | Bull...
  Rate limited, waiting 10s...
  Rate limited, waiting 10s...
  Rate limited, waiting 10s...
  Rate limited, waiting 10s...
  Rate limited, waiting 10s...
  Rate limited, waiting 10s...
  Rate limited, waiting 10s...
  Rate limited, waiting 10s...
  Rate limited, waiting 10s...
  Rate limited, waiting 10s...
  Rate limited, waiting 10s...
  Rate limited, waiting 10s...
  Rate limited, waiting 10s...
  Rate limited, waiting 10s...
  Rate limited, waiting 10s...
  Rate limited, waiting 10s...
  Rate limited, waiting 10s...
  Rate limited, waiting 10s...
  Rate limited, waiting 10s...
  Rate limited, waiting 10s...
  Rate limited, waiting 10s...
  Rate limited, waiting 10s...
  Rate limited, waiting 10s...
  Rate limited, waiting 10s...
  Rate limited, waiting 10s...
  Rate limited, waiting 10s...
  Rate limited, waiting 10s...
  Rate limited, waiting 10s...
  Rate limited, waiting 10s...
  Rate limited, waiting 10s...
  Rate limited, waiting 10s...
  Rate limited, waiting 10s...
  Rate limited, waiting 10s...
  Rate limited, waiting 10s...
  Rate limited, waiting 10s...
  Rate limited, waiting 10s...
  Rate limited, waiting 10s...
Fixed 86900 | last: Tuff Country 19-23 Dodge Ram 1500 2in Fr -> Tuff Country Lift Kit 19-23 | BullStrap
  Rate limited, waiting 10s...
  Rate limited, waiting 10s...
  Rate limited, waiting 10s...
  Rate limited, waiting 10s...
  Rate limited, waiting 10s...
  Rate limited, waiting 10s...
  Rate limited, waiting 10s...
  Rate limited, waiting 10s...
  Rate limited, waiting 10s...
  Rate limited, waiting 10s...
  Rate limited, waiting 10s...
  Rate limited, waiting 10s...
  Rate limited, waiting 10s...
  Rate limited, waiting 10s...
  Rate limited, waiting 10s...
  Rate limited, waiting 10s...
  Rate limited, waiting 10s...
  Rate limited, waiting 10s...
  Rate limited, waiting 10s...
  Rate limited, waiting 10s...
  Rate limited, waiting 10s...
  Rate limited, waiting 10s...
  Rate limited, waiting 10s...
  Rate limited, waiting 10s...
  Rate limited, waiting 10s...
  Rate limited, waiting 10s...
  Rate limited, waiting 10s...
  Rate limited, waiting 10s...
  Rate limited, waiting 10s...
  Rate limited, waiting 10s...
  Rate limited, waiting 10s...
  Rate limited, waiting 10s...
  Rate limited, waiting 10s...
  Rate limited, waiting 10s...
  Rate limited, waiting 10s...
  Rate limited, waiting 10s...
  Rate limited, waiting 10s...
  Rate limited, waiting 10s...
  Rate limited, waiting 10s...
  Rate limited, waiting 10s...
  Rate limited, waiting 10s...
  Rate limited, waiting 10s...
  Rate limited, waiting 10s...
  Rate limited, waiting 10s...
  Rate limited, waiting 10s...
  Rate limited, waiting 10s...
  Rate limited, waiting 10s...
  Rate limited, waiting 10s...
  Rate limited, waiting 10s...
  Rate limited, waiting 10s...
  Rate limited, waiting 10s...
  Rate limited, waiting 10s...
  Rate limited, waiting 10s...
  Rate limited, waiting 10s...
  Rate limited, waiting 10s...
  Rate limited, waiting 10s...
  Rate limited, waiting 10s...
  Rate limited, waiting 10s...
Fixed 86950 | last: Corsa 25-26 Ram 2.5in Stainless Steel Sp -> CORSA Performance Exhaust 25-26 | BullStrap
  Rate limited, waiting 10s...
  Rate limited, waiting 10s...
  Rate limited, waiting 10s...
  Rate limited, waiting 10s...
  Rate limited, waiting 10s...
  Rate limited, waiting 10s...
  Rate limited, waiting 10s...
  Rate limited, waiting 10s...
  Rate limited, waiting 10s...
  Rate limited, waiting 10s...
  Rate limited, waiting 10s...
  Rate limited, waiting 10s...
  Rate limited, waiting 10s...
  Rate limited, waiting 10s...
  Rate limited, waiting 10s...
  Rate limited, waiting 10s...
  Rate limited, waiting 10s...
  Rate limited, waiting 10s...
  Rate limited, waiting 10s...
  Rate limited, waiting 10s...
  Rate limited, waiting 10s...
  Rate limited, waiting 10s...
  Rate limited, waiting 10s...
  Rate limited, waiting 10s...
  Rate limited, waiting 10s...
  Rate limited, waiting 10s...
  Rate limited, waiting 10s...
  Rate limited, waiting 10s...
  Rate limited, waiting 10s...
  Rate limited, waiting 10s...
  Rate limited, waiting 10s...
  Rate limited, waiting 10s...
Batch done: processed 95500 | fixed 86969 | since_id 11039636259089
  Rate limited, waiting 10s...
  Rate limited, waiting 10s...
  Rate limited, waiting 10s...
  Rate limited, waiting 10s...
  Rate limited, waiting 10s...
  Rate limited, waiting 10s...
  Rate limited, waiting 10s...
  Rate limited, waiting 10s...
  Rate limited, waiting 10s...
  Rate limited, waiting 10s...
  Rate limited, waiting 10s...
  Rate limited, waiting 10s...
  Rate limited, waiting 10s...
  Rate limited, waiting 10s...
  Rate limited, waiting 10s...
  Rate limited, waiting 10s...
  Rate limited, waiting 10s...
  Rate limited, waiting 10s...
Fixed 87000 | processed 95500 | latest: Mustang 04 Suzuki VZ1600 Marauder, 04-05 -> Mustang Motorcycle Mustang 04 Suzuki VZ1600 Maraud | Bull...
  Rate limited, waiting 10s...
  Rate limited, waiting 10s...
  Rate limited, waiting 10s...
  Rate limited, waiting 10s...
  Rate limited, waiting 10s...
  Rate limited, waiting 10s...
  Rate limited, waiting 10s...
  Rate limited, waiting 10s...
  Rate limited, waiting 10s...
  Rate limited, waiting 10s...
  Rate limited, waiting 10s...
  Rate limited, waiting 10s...
  Rate limited, waiting 10s...
  Rate limited, waiting 10s...
  Rate limited, waiting 10s...
  Rate limited, waiting 10s...
  Rate limited, waiting 10s...
Fixed 87000 | last: Wiseco Honda B-Series -10cc Dish 1.181 x -> Wiseco Wiseco Honda B-Series -10cc Dish 1.181 x  | BullStrap
  Rate limited, waiting 10s...
  Rate limited, waiting 10s...
  Rate limited, waiting 10s...
  Rate limited, waiting 10s...
  Rate limited, waiting 10s...
  Rate limited, waiting 10s...
  Rate limited, waiting 10s...
  Rate limited, waiting 10s...
  Rate limited, waiting 10s...
  Rate limited, waiting 10s...
  Rate limited, waiting 10s...
  Rate limited, waiting 10s...
  Rate limited, waiting 10s...
  Rate limited, waiting 10s...
  Rate limited, waiting 10s...
  Rate limited, waiting 10s...
  Rate limited, waiting 10s...
  Rate limited, waiting 10s...
  Rate limited, waiting 10s...
  Rate limited, waiting 10s...
  Rate limited, waiting 10s...
  Rate limited, waiting 10s...
  Rate limited, waiting 10s...
  Rate limited, waiting 10s...
  Rate limited, waiting 10s...
  Rate limited, waiting 10s...
  Rate limited, waiting 10s...
  Rate limited, waiting 10s...
  Rate limited, waiting 10s...
  Rate limited, waiting 10s...
  Rate limited, waiting 10s...
  Rate limited, waiting 10s...
  Rate limited, waiting 10s...
  Rate limited, waiting 10s...
  Rate limited, waiting 10s...
  Rate limited, waiting 10s...
  Rate limited, waiting 10s...
  Rate limited, waiting 10s...
  Rate limited, waiting 10s...
  Rate limited, waiting 10s...
  Rate limited, waiting 10s...
  Rate limited, waiting 10s...
  Rate limited, waiting 10s...
  Rate limited, waiting 10s...
  Rate limited, waiting 10s...
  Rate limited, waiting 10s...
  Rate limited, waiting 10s...
  Rate limited, waiting 10s...
  Rate limited, waiting 10s...
  Rate limited, waiting 10s...
  Rate limited, waiting 10s...
  Rate limited, waiting 10s...
  Rate limited, waiting 10s...
  Rate limited, waiting 10s...
  Rate limited, waiting 10s...
  Rate limited, waiting 10s...
  Rate limited, waiting 10s...
  Rate limited, waiting 10s...
Fixed 87050 | last: Westin 2015-2018 Ford F-150 Reg/SuperCab -> Westin Westin Ford F-150 Reg/SuperCab Running Bo | BullStrap
  Rate limited, waiting 10s...
  Rate limited, waiting 10s...
  Rate limited, waiting 10s...
  Rate limited, waiting 10s...
  Rate limited, waiting 10s...
  Rate limited, waiting 10s...
  Rate limited, waiting 10s...
  Rate limited, waiting 10s...
  Rate limited, waiting 10s...
  Rate limited, waiting 10s...
  Rate limited, waiting 10s...
  Rate limited, waiting 10s...
  Rate limited, waiting 10s...
  Rate limited, waiting 10s...
  Rate limited, waiting 10s...
  Rate limited, waiting 10s...
  Rate limited, waiting 10s...
  Rate limited, waiting 10s...
  Rate limited, waiting 10s...
  Rate limited, waiting 10s...
  Rate limited, waiting 10s...
  Rate limited, waiting 10s...
  Rate limited, waiting 10s...
  Rate limited, waiting 10s...
  Rate limited, waiting 10s...
  Rate limited, waiting 10s...
  Rate limited, waiting 10s...
  Rate limited, waiting 10s...
  Rate limited, waiting 10s...
  Rate limited, waiting 10s...
  Rate limited, waiting 10s...
  Rate limited, waiting 10s...
  Rate limited, waiting 10s...
  Rate limited, waiting 10s...
  Rate limited, waiting 10s...
  Rate limited, waiting 10s...
  Rate limited, waiting 10s...
  Rate limited, waiting 10s...
  Rate limited, waiting 10s...
  Rate limited, waiting 10s...
  Rate limited, waiting 10s...
  Rate limited, waiting 10s...
  Rate limited, waiting 10s...
  Rate limited, waiting 10s...
  Rate limited, waiting 10s...
  Rate limited, waiting 10s...
  Rate limited, waiting 10s...
  Rate limited, waiting 10s...
  Rate limited, waiting 10s...
  Rate limited, waiting 10s...
  Rate limited, waiting 10s...
  Rate limited, waiting 10s...
  Rate limited, waiting 10s...
  Rate limited, waiting 10s...
  Rate limited, waiting 10s...
  Rate limited, waiting 10s...
  Rate limited, waiting 10s...
  Rate limited, waiting 10s...
  Rate limited, waiting 10s...
  Rate limited, waiting 10s...
  Rate limited, waiting 10s...
  Rate limited, waiting 10s...
  Rate limited, waiting 10s...
  Rate limited, waiting 10s...
  Rate limited, waiting 10s...
Fixed 87100 | processed 95500 | latest: NAMZ 71-95 V-Twin AMP OEM Stamped Male P -> NAMZ NAMZ V-Twin AMP OEM Stamped Male Pins (Used w | Bull...
  Rate limited, waiting 10s...
  Rate limited, waiting 10s...
  Rate limited, waiting 10s...
  Rate limited, waiting 10s...
  Rate limited, waiting 10s...
  Rate limited, waiting 10s...
  Rate limited, waiting 10s...
Fixed 87100 | last: NAMZ Delphi-Packard Weatherpack 2-Positi -> NAMZ NAMZ Delphi-Packard Weatherpack 2-Position  | BullStrap
  Rate limited, waiting 10s...
Batch done: processed 95750 | fixed 87101 | since_id 11045121589521
  Rate limited, waiting 10s...
  Rate limited, waiting 10s...
  Rate limited, waiting 10s...
  Rate limited, waiting 10s...
  Rate limited, waiting 10s...
  Rate limited, waiting 10s...
  Rate limited, waiting 10s...
  Rate limited, waiting 10s...
  Rate limited, waiting 10s...
  Rate limited, waiting 10s...
  Rate limited, waiting 10s...
  Rate limited, waiting 10s...
  Rate limited, waiting 10s...
  Rate limited, waiting 10s...
  Rate limited, waiting 10s...
  Rate limited, waiting 10s...
  Rate limited, waiting 10s...
  Rate limited, waiting 10s...
  Rate limited, waiting 10s...
  Rate limited, waiting 10s...
  Rate limited, waiting 10s...
  Rate limited, waiting 10s...
  Rate limited, waiting 10s...
  Rate limited, waiting 10s...
  Rate limited, waiting 10s...
  Rate limited, waiting 10s...
  Rate limited, waiting 10s...
  Rate limited, waiting 10s...
  Rate limited, waiting 10s...
  Rate limited, waiting 10s...
  Rate limited, waiting 10s...
  Rate limited, waiting 10s...
  Rate limited, waiting 10s...
  Rate limited, waiting 10s...
  Rate limited, waiting 10s...
  Rate limited, waiting 10s...
  Rate limited, waiting 10s...
  Rate limited, waiting 10s...
  Rate limited, waiting 10s...
  Rate limited, waiting 10s...
  Rate limited, waiting 10s...
Fixed 87150 | last: NAMZ Deutsch DT Series Stamped Male Term -> NAMZ NAMZ Deutsch DT Series Stamped Male Termina | BullStrap
  Rate limited, waiting 10s...
  Rate limited, waiting 10s...
  Rate limited, waiting 10s...
  Rate limited, waiting 10s...
  Rate limited, waiting 10s...
  Rate limited, waiting 10s...
  Rate limited, waiting 10s...
  Rate limited, waiting 10s...
  Rate limited, waiting 10s...
  Rate limited, waiting 10s...
  Rate limited, waiting 10s...
  Rate limited, waiting 10s...
  Rate limited, waiting 10s...
  Rate limited, waiting 10s...
  Rate limited, waiting 10s...
  Rate limited, waiting 10s...
  Rate limited, waiting 10s...
  Rate limited, waiting 10s...
  Rate limited, waiting 10s...
  Rate limited, waiting 10s...
  Rate limited, waiting 10s...
  Rate limited, waiting 10s...
  Rate limited, waiting 10s...
  Rate limited, waiting 10s...
  Rate limited, waiting 10s...
  Rate limited, waiting 10s...
  Rate limited, waiting 10s...
  Rate limited, waiting 10s...
  Rate limited, waiting 10s...
  Rate limited, waiting 10s...
  Rate limited, waiting 10s...
  Rate limited, waiting 10s...
  Rate limited, waiting 10s...
  Rate limited, waiting 10s...
  Rate limited, waiting 10s...
  Rate limited, waiting 10s...
  Rate limited, waiting 10s...
  Rate limited, waiting 10s...
  Rate limited, waiting 10s...
  Rate limited, waiting 10s...
  Rate limited, waiting 10s...
  Rate limited, waiting 10s...
  Rate limited, waiting 10s...
  Rate limited, waiting 10s...
  Rate limited, waiting 10s...
  Rate limited, waiting 10s...
  Rate limited, waiting 10s...
  Rate limited, waiting 10s...
  Rate limited, waiting 10s...
  Rate limited, waiting 10s...
  Rate limited, waiting 10s...
  Rate limited, waiting 10s...
  Rate limited, waiting 10s...
  Rate limited, waiting 10s...
  Rate limited, waiting 10s...
  Rate limited, waiting 10s...
  Rate limited, waiting 10s...
  Rate limited, waiting 10s...
  Rate limited, waiting 10s...
  Rate limited, waiting 10s...
  Rate limited, waiting 10s...
  Rate limited, waiting 10s...
  Rate limited, waiting 10s...
  Rate limited, waiting 10s...
  Rate limited, waiting 10s...
  Rate limited, waiting 10s...
  Rate limited, waiting 10s...
  Rate limited, waiting 10s...
  Rate limited, waiting 10s...
  Rate limited, waiting 10s...
  Rate limited, waiting 10s...
  Rate limited, waiting 10s...
  Rate limited, waiting 10s...
  Rate limited, waiting 10s...
Fixed 87200 | last: Zone Offroad 19-24 GMC Denali 1500 4WD 4 -> Zone Offroad Lift Kit 19-24 | BullStrap
  Rate limited, waiting 10s...
  Rate limited, waiting 10s...
  Rate limited, waiting 10s...
  Rate limited, waiting 10s...
  Rate limited, waiting 10s...
  Rate limited, waiting 10s...
  Rate limited, waiting 10s...
  Rate limited, waiting 10s...
Fixed 87200 | processed 95750 | latest: Zone Offroad 19-21 Ram 1500 4WD 6in Fron -> Zone Offroad Shocks 19-21 | BullStrap
  Rate limited, waiting 10s...
  Rate limited, waiting 10s...
  Rate limited, waiting 10s...
  Rate limited, waiting 10s...
  Rate limited, waiting 10s...
  Rate limited, waiting 10s...
  Rate limited, waiting 10s...
  Rate limited, waiting 10s...
  Rate limited, waiting 10s...
  Rate limited, waiting 10s...
  Rate limited, waiting 10s...
  Rate limited, waiting 10s...
  Rate limited, waiting 10s...
  Rate limited, waiting 10s...
  Rate limited, waiting 10s...
  Rate limited, waiting 10s...
  Rate limited, waiting 10s...
  Rate limited, waiting 10s...
  Rate limited, waiting 10s...
  Rate limited, waiting 10s...
  Rate limited, waiting 10s...
  Rate limited, waiting 10s...
  Rate limited, waiting 10s...
  Rate limited, waiting 10s...
  Rate limited, waiting 10s...
  Rate limited, waiting 10s...
  Rate limited, waiting 10s...
  Rate limited, waiting 10s...
  Rate limited, waiting 10s...
  Rate limited, waiting 10s...
  Rate limited, waiting 10s...
  Rate limited, waiting 10s...
Batch done: processed 96000 | fixed 87227 | since_id 11046343803153
  Rate limited, waiting 10s...
  Rate limited, waiting 10s...
  Rate limited, waiting 10s...
  Rate limited, waiting 10s...
  Rate limited, waiting 10s...
  Rate limited, waiting 10s...
  Rate limited, waiting 10s...
  Rate limited, waiting 10s...
  Rate limited, waiting 10s...
  Rate limited, waiting 10s...
  Rate limited, waiting 10s...
  Rate limited, waiting 10s...
  Rate limited, waiting 10s...
  Rate limited, waiting 10s...
  Rate limited, waiting 10s...
  Rate limited, waiting 10s...
  Rate limited, waiting 10s...
  Rate limited, waiting 10s...
  Rate limited, waiting 10s...
  Rate limited, waiting 10s...
  Rate limited, waiting 10s...
  Rate limited, waiting 10s...
  Rate limited, waiting 10s...
  Rate limited, waiting 10s...
  Rate limited, waiting 10s...
  Rate limited, waiting 10s...
Fixed 87250 | last: DV8 Offroad 07-18 Jeep Wrangler JK Spare -> DV8 Offroad DV8 Offroad Jeep Wrangler JK Spare T | BullStrap
  Rate limited, waiting 10s...
  Rate limited, waiting 10s...
  Rate limited, waiting 10s...
  Rate limited, waiting 10s...
  Rate limited, waiting 10s...
  Rate limited, waiting 10s...
  Rate limited, waiting 10s...
  Rate limited, waiting 10s...
  Rate limited, waiting 10s...
  Rate limited, waiting 10s...
  Rate limited, waiting 10s...
  Rate limited, waiting 10s...
  Rate limited, waiting 10s...
  Rate limited, waiting 10s...
  Rate limited, waiting 10s...
  Rate limited, waiting 10s...
  Rate limited, waiting 10s...
  Rate limited, waiting 10s...
  Rate limited, waiting 10s...
  Rate limited, waiting 10s...
  Rate limited, waiting 10s...
  Rate limited, waiting 10s...
  Rate limited, waiting 10s...
  Rate limited, waiting 10s...
  Rate limited, waiting 10s...
  Rate limited, waiting 10s...
  Rate limited, waiting 10s...
  Rate limited, waiting 10s...
  Rate limited, waiting 10s...
  Rate limited, waiting 10s...
  Rate limited, waiting 10s...
  Rate limited, waiting 10s...
  Rate limited, waiting 10s...
  Rate limited, waiting 10s...
  Rate limited, waiting 10s...
  Rate limited, waiting 10s...
  Rate limited, waiting 10s...
  Rate limited, waiting 10s...
  Rate limited, waiting 10s...
Fixed 87300 | processed 96000 | latest: Letric Lighting 7in Led W/Full Halo Blk -> Letric Lighting Letric Lighting 7in Led W/Full Hal | Bull...
  Rate limited, waiting 10s...
  Rate limited, waiting 10s...
  Rate limited, waiting 10s...
  Rate limited, waiting 10s...
  Rate limited, waiting 10s...
  Rate limited, waiting 10s...
  Rate limited, waiting 10s...
  Rate limited, waiting 10s...
  Rate limited, waiting 10s...
  Rate limited, waiting 10s...
  Rate limited, waiting 10s...
  Rate limited, waiting 10s...
  Rate limited, waiting 10s...
  Rate limited, waiting 10s...
  Rate limited, waiting 10s...
  Rate limited, waiting 10s...
  Rate limited, waiting 10s...
  Rate limited, waiting 10s...
  Rate limited, waiting 10s...
  Rate limited, waiting 10s...
  Rate limited, waiting 10s...
  Rate limited, waiting 10s...
  Rate limited, waiting 10s...
  Rate limited, waiting 10s...
  Rate limited, waiting 10s...
  Rate limited, waiting 10s...
  Rate limited, waiting 10s...
  Rate limited, waiting 10s...
  Rate limited, waiting 10s...
  Rate limited, waiting 10s...
  Rate limited, waiting 10s...
  Rate limited, waiting 10s...
  Rate limited, waiting 10s...
  Rate limited, waiting 10s...
  Rate limited, waiting 10s...
  Rate limited, waiting 10s...
Fixed 87300 | last: Yuasa 22mm Nut & Bolt Set - 2 Sets -> Yuasa Battery Yuasa 22mm Nut & Bolt Set - 2 Sets | BullStrap
  Rate limited, waiting 10s...
  Rate limited, waiting 10s...
  Rate limited, waiting 10s...
  Rate limited, waiting 10s...
  Rate limited, waiting 10s...
  Rate limited, waiting 10s...
  Rate limited, waiting 10s...
  Rate limited, waiting 10s...
  Rate limited, waiting 10s...
  Rate limited, waiting 10s...
  Rate limited, waiting 10s...
  Rate limited, waiting 10s...
  Rate limited, waiting 10s...
  Rate limited, waiting 10s...
  Rate limited, waiting 10s...
  Rate limited, waiting 10s...
  Rate limited, waiting 10s...
  Rate limited, waiting 10s...
  Rate limited, waiting 10s...
  Rate limited, waiting 10s...
  Rate limited, waiting 10s...
  Rate limited, waiting 10s...
  Rate limited, waiting 10s...
  Rate limited, waiting 10s...
  Rate limited, waiting 10s...
  Rate limited, waiting 10s...
  Rate limited, waiting 10s...
  Rate limited, waiting 10s...
  Rate limited, waiting 10s...
  Rate limited, waiting 10s...
  Rate limited, waiting 10s...
  Rate limited, waiting 10s...
  Rate limited, waiting 10s...
  Rate limited, waiting 10s...
  Rate limited, waiting 10s...
  Rate limited, waiting 10s...
  Rate limited, waiting 10s...
  Rate limited, waiting 10s...
  Rate limited, waiting 10s...
  Rate limited, waiting 10s...
Batch done: processed 96250 | fixed 87339 | since_id 11047555924241
  Rate limited, waiting 10s...
  Rate limited, waiting 10s...
  Rate limited, waiting 10s...
  Rate limited, waiting 10s...
  Rate limited, waiting 10s...
  Rate limited, waiting 10s...
  Rate limited, waiting 10s...
  Rate limited, waiting 10s...
  Rate limited, waiting 10s...
  Rate limited, waiting 10s...
Fixed 87350 | last: Magnaflow Conv DF 10-14 Volvo S80 3.2L -> Magnaflow Magnaflow Conv DF Volvo S80 3.2L | BullStrap
  Rate limited, waiting 10s...
  Rate limited, waiting 10s...
  Rate limited, waiting 10s...
  Rate limited, waiting 10s...
  Rate limited, waiting 10s...
  Rate limited, waiting 10s...
  Rate limited, waiting 10s...
  Rate limited, waiting 10s...
  Rate limited, waiting 10s...
  Rate limited, waiting 10s...
  Rate limited, waiting 10s...
  Rate limited, waiting 10s...
  Rate limited, waiting 10s...
  Rate limited, waiting 10s...
  Rate limited, waiting 10s...
  Rate limited, waiting 10s...
  Rate limited, waiting 10s...
  Rate limited, waiting 10s...
  Rate limited, waiting 10s...
Fixed 87400 | processed 96250 | latest: Letric Lighting Tour Pack Rpl Led Kit Bl -> Letric Lighting Letric Lighting Tour Pack Rpl Led  | Bull...
  Rate limited, waiting 10s...
  Rate limited, waiting 10s...
  Rate limited, waiting 10s...
  Rate limited, waiting 10s...
  Rate limited, waiting 10s...
  Rate limited, waiting 10s...
  Rate limited, waiting 10s...
  Rate limited, waiting 10s...
  Rate limited, waiting 10s...
  Rate limited, waiting 10s...
  Rate limited, waiting 10s...
  Rate limited, waiting 10s...
  Rate limited, waiting 10s...
  Rate limited, waiting 10s...
  Rate limited, waiting 10s...
  Rate limited, waiting 10s...
  Rate limited, waiting 10s...
  Rate limited, waiting 10s...
  Rate limited, waiting 10s...
  Rate limited, waiting 10s...
  Rate limited, waiting 10s...
  Rate limited, waiting 10s...
  Rate limited, waiting 10s...
  Rate limited, waiting 10s...
  Rate limited, waiting 10s...
  Rate limited, waiting 10s...
  Rate limited, waiting 10s...
  Rate limited, waiting 10s...
  Rate limited, waiting 10s...
  Rate limited, waiting 10s...
  Rate limited, waiting 10s...
  Rate limited, waiting 10s...
  Rate limited, waiting 10s...
  Rate limited, waiting 10s...
  Rate limited, waiting 10s...
  Rate limited, waiting 10s...
  Rate limited, waiting 10s...
  Rate limited, waiting 10s...
  Rate limited, waiting 10s...
  Rate limited, waiting 10s...
  Rate limited, waiting 10s...
  Rate limited, waiting 10s...
  Rate limited, waiting 10s...
Fixed 87400 | last: PRP 4.3 Harness- Orange -> PRP Seats PRP 4.3 Harness- Orange | BullStrap
  Rate limited, waiting 10s...
  Rate limited, waiting 10s...
  Rate limited, waiting 10s...
  Rate limited, waiting 10s...
  Rate limited, waiting 10s...
  Rate limited, waiting 10s...
  Rate limited, waiting 10s...
  Rate limited, waiting 10s...
  Rate limited, waiting 10s...
  Rate limited, waiting 10s...
  Rate limited, waiting 10s...
  Rate limited, waiting 10s...
  Rate limited, waiting 10s...
  Rate limited, waiting 10s...
  Rate limited, waiting 10s...
  Rate limited, waiting 10s...
  Rate limited, waiting 10s...
  Rate limited, waiting 10s...
  Rate limited, waiting 10s...
  Rate limited, waiting 10s...
  Rate limited, waiting 10s...
  Rate limited, waiting 10s...
  Rate limited, waiting 10s...
  Rate limited, waiting 10s...
  Rate limited, waiting 10s...
  Rate limited, waiting 10s...
  Rate limited, waiting 10s...
  Rate limited, waiting 10s...
  Rate limited, waiting 10s...
  Rate limited, waiting 10s...
  Rate limited, waiting 10s...
  Rate limited, waiting 10s...
  Rate limited, waiting 10s...
  Rate limited, waiting 10s...
  Rate limited, waiting 10s...
  Rate limited, waiting 10s...
  Rate limited, waiting 10s...
  Rate limited, waiting 10s...
  Rate limited, waiting 10s...
  Rate limited, waiting 10s...
  Rate limited, waiting 10s...
  Rate limited, waiting 10s...
  Rate limited, waiting 10s...
  Rate limited, waiting 10s...
  Rate limited, waiting 10s...
  Rate limited, waiting 10s...
  Rate limited, waiting 10s...
  Rate limited, waiting 10s...
  Rate limited, waiting 10s...
  Rate limited, waiting 10s...
  Rate limited, waiting 10s...
  Rate limited, waiting 10s...
  Rate limited, waiting 10s...
  Rate limited, waiting 10s...
  Rate limited, waiting 10s...
  Rate limited, waiting 10s...
  Rate limited, waiting 10s...
  Rate limited, waiting 10s...
  Rate limited, waiting 10s...
  Rate limited, waiting 10s...
  Rate limited, waiting 10s...
  Rate limited, waiting 10s...
  Rate limited, waiting 10s...
  Rate limited, waiting 10s...
  Rate limited, waiting 10s...
  Rate limited, waiting 10s...
Fixed 87450 | last: All Balls Racing 10-12 Polaris LSV Elect -> All Balls Racing All Balls Racing Polaris LSV El | BullStrap
  Rate limited, waiting 10s...
  Rate limited, waiting 10s...
  Rate limited, waiting 10s...
  Rate limited, waiting 10s...
  Rate limited, waiting 10s...
  Rate limited, waiting 10s...
  Rate limited, waiting 10s...
  Rate limited, waiting 10s...
  Rate limited, waiting 10s...
  Rate limited, waiting 10s...
  Rate limited, waiting 10s...
  Rate limited, waiting 10s...
  Rate limited, waiting 10s...
  Rate limited, waiting 10s...
  Rate limited, waiting 10s...
  Rate limited, waiting 10s...
  Rate limited, waiting 10s...
  Rate limited, waiting 10s...
  Rate limited, waiting 10s...
  Rate limited, waiting 10s...
  Rate limited, waiting 10s...
  Rate limited, waiting 10s...
  Rate limited, waiting 10s...
  Rate limited, waiting 10s...
  Rate limited, waiting 10s...
  Rate limited, waiting 10s...
  Rate limited, waiting 10s...
  Rate limited, waiting 10s...
  Rate limited, waiting 10s...
  Rate limited, waiting 10s...
  Rate limited, waiting 10s...
  Rate limited, waiting 10s...
  Rate limited, waiting 10s...
  Rate limited, waiting 10s...
  Rate limited, waiting 10s...
  Rate limited, waiting 10s...
  Rate limited, waiting 10s...
  Rate limited, waiting 10s...
  Rate limited, waiting 10s...
  Rate limited, waiting 10s...
  Rate limited, waiting 10s...
  Rate limited, waiting 10s...
  Rate limited, waiting 10s...
  Rate limited, waiting 10s...
  Rate limited, waiting 10s...
  Rate limited, waiting 10s...
  Rate limited, waiting 10s...
  Rate limited, waiting 10s...
  Rate limited, waiting 10s...
  Rate limited, waiting 10s...
  Rate limited, waiting 10s...
  Rate limited, waiting 10s...
  Rate limited, waiting 10s...
  Rate limited, waiting 10s...
  Rate limited, waiting 10s...
  Rate limited, waiting 10s...
Fixed 87500 | processed 96250 | latest: All Balls Racing 21-23 Gas-Gas EC250 Fue -> All Balls Racing Fuel Pump 21-23 | BullStrap
  Rate limited, waiting 10s...
  Rate limited, waiting 10s...
  Rate limited, waiting 10s...
  Rate limited, waiting 10s...
  Rate limited, waiting 10s...
  Rate limited, waiting 10s...
  Rate limited, waiting 10s...
  Rate limited, waiting 10s...
  Rate limited, waiting 10s...
  Rate limited, waiting 10s...
  Rate limited, waiting 10s...
  Rate limited, waiting 10s...
  Rate limited, waiting 10s...
  Rate limited, waiting 10s...
  Rate limited, waiting 10s...
  Rate limited, waiting 10s...
  Rate limited, waiting 10s...
  Rate limited, waiting 10s...
  Rate limited, waiting 10s...
  Rate limited, waiting 10s...
  Rate limited, waiting 10s...
  Rate limited, waiting 10s...
  Rate limited, waiting 10s...
  Rate limited, waiting 10s...
  Rate limited, waiting 10s...
  Rate limited, waiting 10s...
  Rate limited, waiting 10s...
  Rate limited, waiting 10s...
  Rate limited, waiting 10s...
  Rate limited, waiting 10s...
  Rate limited, waiting 10s...
  Rate limited, waiting 10s...
  Rate limited, waiting 10s...
  Rate limited, waiting 10s...
  Rate limited, waiting 10s...
  Rate limited, waiting 10s...
  Rate limited, waiting 10s...
  Rate limited, waiting 10s...
  Rate limited, waiting 10s...
  Rate limited, waiting 10s...
  Rate limited, waiting 10s...
  Rate limited, waiting 10s...
  Rate limited, waiting 10s...
  Rate limited, waiting 10s...
  Rate limited, waiting 10s...
  Rate limited, waiting 10s...
  Rate limited, waiting 10s...
  Rate limited, waiting 10s...
Batch done: processed 96500 | fixed 87497 | since_id 11049786573073
  Rate limited, waiting 10s...
  Rate limited, waiting 10s...
  Rate limited, waiting 10s...
  Rate limited, waiting 10s...
  Rate limited, waiting 10s...
Fixed 87500 | last: ANZO 2009-2014 Ford F-150 Euro Taillight -> ANZO ANZO Ford F-150 Euro Taillight Red/Clear (W | BullStrap
  Rate limited, waiting 10s...
  Rate limited, waiting 10s...
  Rate limited, waiting 10s...
  Rate limited, waiting 10s...
  Rate limited, waiting 10s...
  Rate limited, waiting 10s...
  Rate limited, waiting 10s...
  Rate limited, waiting 10s...
  Rate limited, waiting 10s...
  Rate limited, waiting 10s...
  Rate limited, waiting 10s...
  Rate limited, waiting 10s...
  Rate limited, waiting 10s...
  Rate limited, waiting 10s...
  Rate limited, waiting 10s...
  Rate limited, waiting 10s...
  Rate limited, waiting 10s...
  Rate limited, waiting 10s...
  Rate limited, waiting 10s...
  Rate limited, waiting 10s...
  Rate limited, waiting 10s...
  Rate limited, waiting 10s...
  Rate limited, waiting 10s...
  Rate limited, waiting 10s...
  Rate limited, waiting 10s...
  Rate limited, waiting 10s...
  Rate limited, waiting 10s...
  Rate limited, waiting 10s...
  Rate limited, waiting 10s...
  Rate limited, waiting 10s...
  Rate limited, waiting 10s...
  Rate limited, waiting 10s...
  Rate limited, waiting 10s...
  Rate limited, waiting 10s...
  Rate limited, waiting 10s...
  Rate limited, waiting 10s...
  Rate limited, waiting 10s...
  Rate limited, waiting 10s...
  Rate limited, waiting 10s...
  Rate limited, waiting 10s...
  Rate limited, waiting 10s...
  Rate limited, waiting 10s...
  Rate limited, waiting 10s...
  Rate limited, waiting 10s...
  Rate limited, waiting 10s...
  Rate limited, waiting 10s...
  Rate limited, waiting 10s...
  Rate limited, waiting 10s...
  Rate limited, waiting 10s...
  Rate limited, waiting 10s...
  Rate limited, waiting 10s...
  Rate limited, waiting 10s...
  Rate limited, waiting 10s...
  Rate limited, waiting 10s...
  Rate limited, waiting 10s...
  Rate limited, waiting 10s...
  Rate limited, waiting 10s...
  Rate limited, waiting 10s...
  Rate limited, waiting 10s...
  Rate limited, waiting 10s...
  Rate limited, waiting 10s...
  Rate limited, waiting 10s...
  Rate limited, waiting 10s...
  Rate limited, waiting 10s...
  Rate limited, waiting 10s...
  Rate limited, waiting 10s...
  Rate limited, waiting 10s...
  Rate limited, waiting 10s...
  Rate limited, waiting 10s...
  Rate limited, waiting 10s...
  Rate limited, waiting 10s...
  Rate limited, waiting 10s...
  Rate limited, waiting 10s...
  Rate limited, waiting 10s...
  Rate limited, waiting 10s...
  Rate limited, waiting 10s...
  Rate limited, waiting 10s...
  Rate limited, waiting 10s...
  Rate limited, waiting 10s...
  Rate limited, waiting 10s...
  Rate limited, waiting 10s...
  Rate limited, waiting 10s...
  Rate limited, waiting 10s...
  Rate limited, waiting 10s...
  Rate limited, waiting 10s...
  Rate limited, waiting 10s...
  Rate limited, waiting 10s...
  Rate limited, waiting 10s...
  Rate limited, waiting 10s...
  Rate limited, waiting 10s...
  Rate limited, waiting 10s...
  Rate limited, waiting 10s...
  Rate limited, waiting 10s...
  Rate limited, waiting 10s...
  Rate limited, waiting 10s...
  Rate limited, waiting 10s...
  Rate limited, waiting 10s...
  Rate limited, waiting 10s...
  Rate limited, waiting 10s...
  Rate limited, waiting 10s...
  Rate limited, waiting 10s...
  Rate limited, waiting 10s...
  Rate limited, waiting 10s...
  Rate limited, waiting 10s...
  Rate limited, waiting 10s...
  Rate limited, waiting 10s...
  Rate limited, waiting 10s...
  Rate limited, waiting 10s...
  Rate limited, waiting 10s...
  Rate limited, waiting 10s...
  Rate limited, waiting 10s...
  Rate limited, waiting 10s...
  Rate limited, waiting 10s...
  Rate limited, waiting 10s...
  Rate limited, waiting 10s...
  Rate limited, waiting 10s...
  Rate limited, waiting 10s...
  Rate limited, waiting 10s...
  Rate limited, waiting 10s...
Fixed 87550 | last: Gen-Y Phantom-X 2.5in Solid Shank 7.5in  -> GEN-Y Hitch Gen-Y Phantom-X 2.5in Solid Shank 7. | BullStrap
  Rate limited, waiting 10s...
  Rate limited, waiting 10s...
  Rate limited, waiting 10s...
  Rate limited, waiting 10s...
  Rate limited, waiting 10s...
  Rate limited, waiting 10s...
  Rate limited, waiting 10s...
  Rate limited, waiting 10s...
  Rate limited, waiting 10s...
  Rate limited, waiting 10s...
  Rate limited, waiting 10s...
  Rate limited, waiting 10s...
  Rate limited, waiting 10s...
  Rate limited, waiting 10s...
  Rate limited, waiting 10s...
  Rate limited, waiting 10s...
  Rate limited, waiting 10s...
  Rate limited, waiting 10s...
  Rate limited, waiting 10s...
  Rate limited, waiting 10s...
  Rate limited, waiting 10s...
  Rate limited, waiting 10s...
  Rate limited, waiting 10s...
  Rate limited, waiting 10s...
  Rate limited, waiting 10s...
  Rate limited, waiting 10s...
  Rate limited, waiting 10s...
  Rate limited, waiting 10s...
  Rate limited, waiting 10s...
  Rate limited, waiting 10s...
  Rate limited, waiting 10s...
  Rate limited, waiting 10s...
  Rate limited, waiting 10s...
  Rate limited, waiting 10s...
  Rate limited, waiting 10s...
  Rate limited, waiting 10s...
  Rate limited, waiting 10s...
  Rate limited, waiting 10s...
  Rate limited, waiting 10s...
  Rate limited, waiting 10s...
  Rate limited, waiting 10s...
  Rate limited, waiting 10s...
  Rate limited, waiting 10s...
  Rate limited, waiting 10s...
  Rate limited, waiting 10s...
  Rate limited, waiting 10s...
  Rate limited, waiting 10s...
  Rate limited, waiting 10s...
  Rate limited, waiting 10s...
  Rate limited, waiting 10s...
  Rate limited, waiting 10s...
Fixed 87600 | processed 96500 | latest: Husky Liners 06-08 Dodge Ram 1500 Pocket -> Husky Liners Husky Liners Dodge Ram 1500 Pocket St | Bull...
  Rate limited, waiting 10s...
  Rate limited, waiting 10s...
  Rate limited, waiting 10s...
  Rate limited, waiting 10s...
  Rate limited, waiting 10s...
  Rate limited, waiting 10s...
  Rate limited, waiting 10s...
  Rate limited, waiting 10s...
  Rate limited, waiting 10s...
  Rate limited, waiting 10s...
  Rate limited, waiting 10s...
  Rate limited, waiting 10s...
  Rate limited, waiting 10s...
  Rate limited, waiting 10s...
  Rate limited, waiting 10s...
  Rate limited, waiting 10s...
  Rate limited, waiting 10s...
  Rate limited, waiting 10s...
  Rate limited, waiting 10s...
  Rate limited, waiting 10s...
  Rate limited, waiting 10s...
  Rate limited, waiting 10s...
  Rate limited, waiting 10s...
  Rate limited, waiting 10s...
  Rate limited, waiting 10s...
  Rate limited, waiting 10s...
  Rate limited, waiting 10s...
  Rate limited, waiting 10s...
  Rate limited, waiting 10s...
  Rate limited, waiting 10s...
  Rate limited, waiting 10s...
  Rate limited, waiting 10s...
  Rate limited, waiting 10s...
  Rate limited, waiting 10s...
  Rate limited, waiting 10s...
  Rate limited, waiting 10s...
  Rate limited, waiting 10s...
  Rate limited, waiting 10s...
  Rate limited, waiting 10s...
  Rate limited, waiting 10s...
  Rate limited, waiting 10s...
  Rate limited, waiting 10s...
  Rate limited, waiting 10s...
  Rate limited, waiting 10s...
  Rate limited, waiting 10s...
  Rate limited, waiting 10s...
  Rate limited, waiting 10s...
  Rate limited, waiting 10s...
  Rate limited, waiting 10s...
  Rate limited, waiting 10s...
  Rate limited, waiting 10s...
  Rate limited, waiting 10s...
  Rate limited, waiting 10s...
  Rate limited, waiting 10s...
  Rate limited, waiting 10s...
Fixed 87600 | last: Mustang 84-06 Harley Standard Rear Tire  -> Mustang Motorcycle Mustang Harley Standard Rear  | BullStrap
  Rate limited, waiting 10s...
  Rate limited, waiting 10s...
  Rate limited, waiting 10s...
  Rate limited, waiting 10s...
  Rate limited, waiting 10s...
  Rate limited, waiting 10s...
  Rate limited, waiting 10s...
  Rate limited, waiting 10s...
  Rate limited, waiting 10s...
  Rate limited, waiting 10s...
  Rate limited, waiting 10s...
  Rate limited, waiting 10s...
  Rate limited, waiting 10s...
  Rate limited, waiting 10s...
  Rate limited, waiting 10s...
  Rate limited, waiting 10s...
  Rate limited, waiting 10s...
  Rate limited, waiting 10s...
  Rate limited, waiting 10s...
  Rate limited, waiting 10s...
  Rate limited, waiting 10s...
  Rate limited, waiting 10s...
  Rate limited, waiting 10s...
  Rate limited, waiting 10s...
  Rate limited, waiting 10s...
  Rate limited, waiting 10s...
  Rate limited, waiting 10s...
  Rate limited, waiting 10s...
  Rate limited, waiting 10s...
  Rate limited, waiting 10s...
  Rate limited, waiting 10s...
  Rate limited, waiting 10s...
  Rate limited, waiting 10s...
  Rate limited, waiting 10s...
  Rate limited, waiting 10s...
  Rate limited, waiting 10s...
  Rate limited, waiting 10s...
  Rate limited, waiting 10s...
  Rate limited, waiting 10s...
  Rate limited, waiting 10s...
  Rate limited, waiting 10s...
  Rate limited, waiting 10s...
  Rate limited, waiting 10s...
  Rate limited, waiting 10s...
  Rate limited, waiting 10s...
  Rate limited, waiting 10s...
  Rate limited, waiting 10s...
  Rate limited, waiting 10s...
  Rate limited, waiting 10s...
  Rate limited, waiting 10s...
  Rate limited, waiting 10s...
  Rate limited, waiting 10s...
  Rate limited, waiting 10s...
  Rate limited, waiting 10s...
  Rate limited, waiting 10s...
  Rate limited, waiting 10s...
  Rate limited, waiting 10s...
  Rate limited, waiting 10s...
  Rate limited, waiting 10s...
  Rate limited, waiting 10s...
Batch done: processed 96750 | fixed 87641 | since_id 11050409754897
  Rate limited, waiting 10s...
  Rate limited, waiting 10s...
  Rate limited, waiting 10s...
  Rate limited, waiting 10s...
  Rate limited, waiting 10s...
  Rate limited, waiting 10s...
  Rate limited, waiting 10s...
  Rate limited, waiting 10s...
  Rate limited, waiting 10s...
  Rate limited, waiting 10s...
Fixed 87650 | last: Mustang 93-13 Harley FL Super Touring De -> Mustang Motorcycle Mustang Harley FL Super Touri | BullStrap
  Rate limited, waiting 10s...
  Rate limited, waiting 10s...
  Rate limited, waiting 10s...
  Rate limited, waiting 10s...
  Rate limited, waiting 10s...
  Rate limited, waiting 10s...
  Rate limited, waiting 10s...
  Rate limited, waiting 10s...
  Rate limited, waiting 10s...
  Rate limited, waiting 10s...
  Rate limited, waiting 10s...
  Rate limited, waiting 10s...
  Rate limited, waiting 10s...
  Rate limited, waiting 10s...
  Rate limited, waiting 10s...
  Rate limited, waiting 10s...
  Rate limited, waiting 10s...
Fixed 87700 | processed 96750 | latest: Mustang 00-15 Harley Softail Standard Re -> Mustang Motorcycle Mustang Harley Softail Standard | Bull...
  Rate limited, waiting 10s...
  Rate limited, waiting 10s...
  Rate limited, waiting 10s...
  Rate limited, waiting 10s...
  Rate limited, waiting 10s...
  Rate limited, waiting 10s...
  Rate limited, waiting 10s...
  Rate limited, waiting 10s...
  Rate limited, waiting 10s...
  Rate limited, waiting 10s...
  Rate limited, waiting 10s...
  Rate limited, waiting 10s...
  Rate limited, waiting 10s...
  Rate limited, waiting 10s...
  Rate limited, waiting 10s...
  Rate limited, waiting 10s...
  Rate limited, waiting 10s...
  Rate limited, waiting 10s...
  Rate limited, waiting 10s...
  Rate limited, waiting 10s...
  Rate limited, waiting 10s...
  Rate limited, waiting 10s...
  Rate limited, waiting 10s...
  Rate limited, waiting 10s...
  Rate limited, waiting 10s...
  Rate limited, waiting 10s...
  Rate limited, waiting 10s...
  Rate limited, waiting 10s...
  Rate limited, waiting 10s...
  Rate limited, waiting 10s...
  Rate limited, waiting 10s...
  Rate limited, waiting 10s...
  Rate limited, waiting 10s...
  Rate limited, waiting 10s...
  Rate limited, waiting 10s...
  Rate limited, waiting 10s...
  Rate limited, waiting 10s...
  Rate limited, waiting 10s...
  Rate limited, waiting 10s...
  Rate limited, waiting 10s...
  Rate limited, waiting 10s...
  Rate limited, waiting 10s...
  Rate limited, waiting 10s...
  Rate limited, waiting 10s...
  Rate limited, waiting 10s...
Fixed 87700 | last: Raxiom 03-04 Ford Mustang Cobra Axial Se -> Raxiom Raxiom Ford Mustang Cobra Axial Series OE | BullStrap
  Rate limited, waiting 10s...
  Rate limited, waiting 10s...
  Rate limited, waiting 10s...
  Rate limited, waiting 10s...
  Rate limited, waiting 10s...
  Rate limited, waiting 10s...
  Rate limited, waiting 10s...
  Rate limited, waiting 10s...
  Rate limited, waiting 10s...
  Rate limited, waiting 10s...
  Rate limited, waiting 10s...
  Rate limited, waiting 10s...
  Rate limited, waiting 10s...
  Rate limited, waiting 10s...
  Rate limited, waiting 10s...
  Rate limited, waiting 10s...
  Rate limited, waiting 10s...
  Rate limited, waiting 10s...
  Rate limited, waiting 10s...
  Rate limited, waiting 10s...
  Rate limited, waiting 10s...
  Rate limited, waiting 10s...
  Rate limited, waiting 10s...
  Rate limited, waiting 10s...
  Rate limited, waiting 10s...
  Rate limited, waiting 10s...
  Rate limited, waiting 10s...
  Rate limited, waiting 10s...
  Rate limited, waiting 10s...
  Rate limited, waiting 10s...
  Rate limited, waiting 10s...
  Rate limited, waiting 10s...
  Rate limited, waiting 10s...
  Rate limited, waiting 10s...
  Rate limited, waiting 10s...
  Rate limited, waiting 10s...
  Rate limited, waiting 10s...
  Rate limited, waiting 10s...
  Rate limited, waiting 10s...
  Rate limited, waiting 10s...
  Rate limited, waiting 10s...
  Rate limited, waiting 10s...
  Rate limited, waiting 10s...
  Rate limited, waiting 10s...
  Rate limited, waiting 10s...
  Rate limited, waiting 10s...
Fixed 87750 | last: Raxiom Axial Series LED Underhood Lighti -> Raxiom Raxiom Axial Series LED Underhood Lightin | BullStrap
  Rate limited, waiting 10s...
  Rate limited, waiting 10s...
  Rate limited, waiting 10s...
  Rate limited, waiting 10s...
  Rate limited, waiting 10s...
  Rate limited, waiting 10s...
  Rate limited, waiting 10s...
  Rate limited, waiting 10s...
  Rate limited, waiting 10s...
  Rate limited, waiting 10s...
  Rate limited, waiting 10s...
  Rate limited, waiting 10s...
  Rate limited, waiting 10s...
  Rate limited, waiting 10s...
  Rate limited, waiting 10s...
  Rate limited, waiting 10s...
  Rate limited, waiting 10s...
  Rate limited, waiting 10s...
  Rate limited, waiting 10s...
Fixed 87800 | processed 96750 | latest: S&S Cycle 625in ID x .812in OD Viton O-R -> S&S Cycle S&S Cycle 625in ID x .812in OD Viton O-R | Bull...
  Rate limited, waiting 10s...
  Rate limited, waiting 10s...
  Rate limited, waiting 10s...
  Rate limited, waiting 10s...
  Rate limited, waiting 10s...
  Rate limited, waiting 10s...
  Rate limited, waiting 10s...
  Rate limited, waiting 10s...
  Rate limited, waiting 10s...
  Rate limited, waiting 10s...
  Rate limited, waiting 10s...
  Rate limited, waiting 10s...
  Rate limited, waiting 10s...
  Rate limited, waiting 10s...
  Rate limited, waiting 10s...
  Rate limited, waiting 10s...
  Rate limited, waiting 10s...
Batch done: processed 97000 | fixed 87781 | since_id 11052012667153
  Rate limited, waiting 10s...
  Rate limited, waiting 10s...
  Rate limited, waiting 10s...
  Rate limited, waiting 10s...
  Rate limited, waiting 10s...
  Rate limited, waiting 10s...
  Rate limited, waiting 10s...
  Rate limited, waiting 10s...
  Rate limited, waiting 10s...
  Rate limited, waiting 10s...
  Rate limited, waiting 10s...
  Rate limited, waiting 10s...
  Rate limited, waiting 10s...
  Rate limited, waiting 10s...
  Rate limited, waiting 10s...
  Rate limited, waiting 10s...
  Rate limited, waiting 10s...
  Rate limited, waiting 10s...
  Rate limited, waiting 10s...
  Rate limited, waiting 10s...
  Rate limited, waiting 10s...
  Rate limited, waiting 10s...
  Rate limited, waiting 10s...
  Rate limited, waiting 10s...
  Rate limited, waiting 10s...
  Rate limited, waiting 10s...
  Rate limited, waiting 10s...
  Rate limited, waiting 10s...
Fixed 87800 | last: ITP Tornado 15X7 / 4x156 BP / 4+3 Offset -> ITP ITP Tornado 15X7 / 4x156 BP / 4+3 Offset Mat | BullStrap
  Rate limited, waiting 10s...
  Rate limited, waiting 10s...
  Rate limited, waiting 10s...
  Rate limited, waiting 10s...
  Rate limited, waiting 10s...
  Rate limited, waiting 10s...
  Rate limited, waiting 10s...
  Rate limited, waiting 10s...
  Rate limited, waiting 10s...
  Rate limited, waiting 10s...
  Rate limited, waiting 10s...
  Rate limited, waiting 10s...
  Rate limited, waiting 10s...
  Rate limited, waiting 10s...
  Rate limited, waiting 10s...
  Rate limited, waiting 10s...
  Rate limited, waiting 10s...
  Rate limited, waiting 10s...
  Rate limited, waiting 10s...
  Rate limited, waiting 10s...
  Rate limited, waiting 10s...
  Rate limited, waiting 10s...
  Rate limited, waiting 10s...
  Rate limited, waiting 10s...
  Rate limited, waiting 10s...
  Rate limited, waiting 10s...
  Rate limited, waiting 10s...
  Rate limited, waiting 10s...
  Rate limited, waiting 10s...
  Rate limited, waiting 10s...
  Rate limited, waiting 10s...
  Rate limited, waiting 10s...
  Rate limited, waiting 10s...
  Rate limited, waiting 10s...
  Rate limited, waiting 10s...
  Rate limited, waiting 10s...
  Rate limited, waiting 10s...
  Rate limited, waiting 10s...
  Rate limited, waiting 10s...
  Rate limited, waiting 10s...
  Rate limited, waiting 10s...
  Rate limited, waiting 10s...
  Rate limited, waiting 10s...
  Rate limited, waiting 10s...
  Rate limited, waiting 10s...
  Rate limited, waiting 10s...
  Rate limited, waiting 10s...
  Rate limited, waiting 10s...
  Rate limited, waiting 10s...
  Rate limited, waiting 10s...
  Rate limited, waiting 10s...
  Rate limited, waiting 10s...
  Rate limited, waiting 10s...
  Rate limited, waiting 10s...
  Rate limited, waiting 10s...
  Rate limited, waiting 10s...
  Rate limited, waiting 10s...
  Rate limited, waiting 10s...
  Rate limited, waiting 10s...
  Rate limited, waiting 10s...
  Rate limited, waiting 10s...
  Rate limited, waiting 10s...
  Rate limited, waiting 10s...
  Rate limited, waiting 10s...
  Rate limited, waiting 10s...
  Rate limited, waiting 10s...
Fixed 87850 | last: ITP Terra Hook Tire - 35X10R15 8PR -> ITP ITP Terra Hook Tire - 35X10R15 8PR | BullStrap
  Rate limited, waiting 10s...
  Rate limited, waiting 10s...
  Rate limited, waiting 10s...
  Rate limited, waiting 10s...
  Rate limited, waiting 10s...
  Rate limited, waiting 10s...
  Rate limited, waiting 10s...
  Rate limited, waiting 10s...
  Rate limited, waiting 10s...
  Rate limited, waiting 10s...
  Rate limited, waiting 10s...
  Rate limited, waiting 10s...
  Rate limited, waiting 10s...
  Rate limited, waiting 10s...
  Rate limited, waiting 10s...
  Rate limited, waiting 10s...
  Rate limited, waiting 10s...
Fixed 87900 | processed 97000 | latest: ITP Lug Nuts (Box of 16) w/ Key - 12x1.5 -> ITP ITP Lug Nuts (Box of 16) w/ Key - 12x1.5 Splin | Bull...
  Rate limited, waiting 10s...
  Rate limited, waiting 10s...
  Rate limited, waiting 10s...
  Rate limited, waiting 10s...
  Rate limited, waiting 10s...
  Rate limited, waiting 10s...
  Rate limited, waiting 10s...
  Rate limited, waiting 10s...
  Rate limited, waiting 10s...
  Rate limited, waiting 10s...
  Rate limited, waiting 10s...
  Rate limited, waiting 10s...
  Rate limited, waiting 10s...
  Rate limited, waiting 10s...
  Rate limited, waiting 10s...
  Rate limited, waiting 10s...
  Rate limited, waiting 10s...
  Rate limited, waiting 10s...
  Rate limited, waiting 10s...
  Rate limited, waiting 10s...
  Rate limited, waiting 10s...
  Rate limited, waiting 10s...
  Rate limited, waiting 10s...
  Rate limited, waiting 10s...
  Rate limited, waiting 10s...
  Rate limited, waiting 10s...
  Rate limited, waiting 10s...
  Rate limited, waiting 10s...
  Rate limited, waiting 10s...
  Rate limited, waiting 10s...
  Rate limited, waiting 10s...
  Rate limited, waiting 10s...
  Rate limited, waiting 10s...
  Rate limited, waiting 10s...
  Rate limited, waiting 10s...
  Rate limited, waiting 10s...
  Rate limited, waiting 10s...
  Rate limited, waiting 10s...
  Rate limited, waiting 10s...
  Rate limited, waiting 10s...
  Rate limited, waiting 10s...
Fixed 87900 | last: Pivot Works 92-01 Honda CR250R Swing Arm -> Pivot Works Pivot Works Honda CR250R Swing Arm K | BullStrap
  Rate limited, waiting 10s...
  Rate limited, waiting 10s...
  Rate limited, waiting 10s...
  Rate limited, waiting 10s...
  Rate limited, waiting 10s...
  Rate limited, waiting 10s...
  Rate limited, waiting 10s...
  Rate limited, waiting 10s...
  Rate limited, waiting 10s...
  Rate limited, waiting 10s...
  Rate limited, waiting 10s...
  Rate limited, waiting 10s...
  Rate limited, waiting 10s...
  Rate limited, waiting 10s...
  Rate limited, waiting 10s...
  Rate limited, waiting 10s...
  Rate limited, waiting 10s...
  Rate limited, waiting 10s...
  Rate limited, waiting 10s...
  Rate limited, waiting 10s...
  Rate limited, waiting 10s...
  Rate limited, waiting 10s...
  Rate limited, waiting 10s...
  Rate limited, waiting 10s...
  Rate limited, waiting 10s...
  Rate limited, waiting 10s...
  Rate limited, waiting 10s...
  Rate limited, waiting 10s...
  Rate limited, waiting 10s...
  Rate limited, waiting 10s...
  Rate limited, waiting 10s...
  Rate limited, waiting 10s...
  Rate limited, waiting 10s...
  Rate limited, waiting 10s...
  Rate limited, waiting 10s...
  Rate limited, waiting 10s...
  Rate limited, waiting 10s...
  Rate limited, waiting 10s...
Batch done: processed 97250 | fixed 87931 | since_id 11053422313745
  Rate limited, waiting 10s...
  Rate limited, waiting 10s...
  Rate limited, waiting 10s...
  Rate limited, waiting 10s...
  Rate limited, waiting 10s...
  Rate limited, waiting 10s...
  Rate limited, waiting 10s...
  Rate limited, waiting 10s...
  Rate limited, waiting 10s...
  Rate limited, waiting 10s...
  Rate limited, waiting 10s...
  Rate limited, waiting 10s...
  Rate limited, waiting 10s...
  Rate limited, waiting 10s...
  Rate limited, waiting 10s...
  Rate limited, waiting 10s...
  Rate limited, waiting 10s...
  Rate limited, waiting 10s...
  Rate limited, waiting 10s...
  Rate limited, waiting 10s...
  Rate limited, waiting 10s...
  Rate limited, waiting 10s...
Fixed 87950 | last: Cusco Service WRENCH COIL OVER -> Cusco Cusco Service WRENCH COIL OVER | BullStrap
  Rate limited, waiting 10s...
  Rate limited, waiting 10s...
  Rate limited, waiting 10s...
  Rate limited, waiting 10s...
  Rate limited, waiting 10s...
  Rate limited, waiting 10s...
  Rate limited, waiting 10s...
  Rate limited, waiting 10s...
  Rate limited, waiting 10s...
  Rate limited, waiting 10s...
  Rate limited, waiting 10s...
  Rate limited, waiting 10s...
  Rate limited, waiting 10s...
  Rate limited, waiting 10s...
  Rate limited, waiting 10s...
  Rate limited, waiting 10s...
  Rate limited, waiting 10s...
  Rate limited, waiting 10s...
  Rate limited, waiting 10s...
  Rate limited, waiting 10s...
  Rate limited, waiting 10s...
  Rate limited, waiting 10s...
  Rate limited, waiting 10s...
  Rate limited, waiting 10s...
  Rate limited, waiting 10s...
  Rate limited, waiting 10s...
  Rate limited, waiting 10s...
  Rate limited, waiting 10s...
  Rate limited, waiting 10s...
  Rate limited, waiting 10s...
  Rate limited, waiting 10s...
  Rate limited, waiting 10s...
  Rate limited, waiting 10s...
  Rate limited, waiting 10s...
  Rate limited, waiting 10s...
  Rate limited, waiting 10s...
  Rate limited, waiting 10s...
  Rate limited, waiting 10s...
  Rate limited, waiting 10s...
  Rate limited, waiting 10s...
  Rate limited, waiting 10s...
  Rate limited, waiting 10s...
  Rate limited, waiting 10s...
  Rate limited, waiting 10s...
  Rate limited, waiting 10s...
  Rate limited, waiting 10s...
  Rate limited, waiting 10s...
  Rate limited, waiting 10s...
  Rate limited, waiting 10s...
  Rate limited, waiting 10s...
Fixed 88000 | processed 97250 | latest: Mishimoto Duracore 4in Straight Hump Cou -> Mishimoto Mishimoto Duracore 4in Straight Hump Cou | Bull...
  Rate limited, waiting 10s...
  Rate limited, waiting 10s...
  Rate limited, waiting 10s...
  Rate limited, waiting 10s...
  Rate limited, waiting 10s...
  Rate limited, waiting 10s...
  Rate limited, waiting 10s...
  Rate limited, waiting 10s...
  Rate limited, waiting 10s...
  Rate limited, waiting 10s...
  Rate limited, waiting 10s...
  Rate limited, waiting 10s...
  Rate limited, waiting 10s...
  Rate limited, waiting 10s...
  Rate limited, waiting 10s...
  Rate limited, waiting 10s...
  Rate limited, waiting 10s...
  Rate limited, waiting 10s...
  Rate limited, waiting 10s...
  Rate limited, waiting 10s...
  Rate limited, waiting 10s...
  Rate limited, waiting 10s...
  Rate limited, waiting 10s...
  Rate limited, waiting 10s...
  Rate limited, waiting 10s...
  Rate limited, waiting 10s...
  Rate limited, waiting 10s...
  Rate limited, waiting 10s...
  Rate limited, waiting 10s...
  Rate limited, waiting 10s...
  Rate limited, waiting 10s...
  Rate limited, waiting 10s...
  Rate limited, waiting 10s...
  Rate limited, waiting 10s...
  Rate limited, waiting 10s...
  Rate limited, waiting 10s...
  Rate limited, waiting 10s...
  Rate limited, waiting 10s...
  Rate limited, waiting 10s...
Fixed 88000 | last: AlphaRex 24-25 Chevrolet Silverado 2500H -> AlphaRex AlphaRex Chevrolet Silverado 2500HD/350 | BullStrap
  Rate limited, waiting 10s...
  Rate limited, waiting 10s...
  Rate limited, waiting 10s...
  Rate limited, waiting 10s...
  Rate limited, waiting 10s...
  Rate limited, waiting 10s...
  Rate limited, waiting 10s...
  Rate limited, waiting 10s...
  Rate limited, waiting 10s...
  Rate limited, waiting 10s...
  Rate limited, waiting 10s...
  Rate limited, waiting 10s...
  Rate limited, waiting 10s...
  Rate limited, waiting 10s...
  Rate limited, waiting 10s...
  Rate limited, waiting 10s...
  Rate limited, waiting 10s...
  Rate limited, waiting 10s...
  Rate limited, waiting 10s...
  Rate limited, waiting 10s...
  Rate limited, waiting 10s...
  Rate limited, waiting 10s...
  Rate limited, waiting 10s...
  Rate limited, waiting 10s...
  Rate limited, waiting 10s...
  Rate limited, waiting 10s...
  Rate limited, waiting 10s...
  Rate limited, waiting 10s...
  Rate limited, waiting 10s...
  Rate limited, waiting 10s...
  Rate limited, waiting 10s...
  Rate limited, waiting 10s...
  Rate limited, waiting 10s...
  Rate limited, waiting 10s...
  Rate limited, waiting 10s...
  Rate limited, waiting 10s...
  Rate limited, waiting 10s...
  Rate limited, waiting 10s...
  Rate limited, waiting 10s...
  Rate limited, waiting 10s...
  Rate limited, waiting 10s...
  Rate limited, waiting 10s...
  Rate limited, waiting 10s...
  Rate limited, waiting 10s...
  Rate limited, waiting 10s...
  Rate limited, waiting 10s...
  Rate limited, waiting 10s...
  Rate limited, waiting 10s...
  Rate limited, waiting 10s...
  Rate limited, waiting 10s...
  Rate limited, waiting 10s...
  Rate limited, waiting 10s...
Fixed 88050 | last: Husky Liners 19-25 RAM 1500 New Body 6.4 -> Husky Liners Husky Liners RAM 1500 New Body 6.4f | BullStrap
  Rate limited, waiting 10s...
  Rate limited, waiting 10s...
  Rate limited, waiting 10s...
  Rate limited, waiting 10s...
  Rate limited, waiting 10s...
  Rate limited, waiting 10s...
  Rate limited, waiting 10s...
  Rate limited, waiting 10s...
  Rate limited, waiting 10s...
  Rate limited, waiting 10s...
  Rate limited, waiting 10s...
  Rate limited, waiting 10s...
  Rate limited, waiting 10s...
  Rate limited, waiting 10s...
  Rate limited, waiting 10s...
  Rate limited, waiting 10s...
  Rate limited, waiting 10s...
  Rate limited, waiting 10s...
Batch done: processed 97500 | fixed 88068 | since_id 11054371504401
  Rate limited, waiting 10s...
  Rate limited, waiting 10s...
  Rate limited, waiting 10s...
  Rate limited, waiting 10s...
  Rate limited, waiting 10s...
  Rate limited, waiting 10s...
  Rate limited, waiting 10s...
  Rate limited, waiting 10s...
  Rate limited, waiting 10s...
  Rate limited, waiting 10s...
  Rate limited, waiting 10s...
  Rate limited, waiting 10s...
  Rate limited, waiting 10s...
  Rate limited, waiting 10s...
  Rate limited, waiting 10s...
  Rate limited, waiting 10s...
  Rate limited, waiting 10s...
Fixed 88100 | processed 97500 | latest: Husky Liners 05-22 Toyota Tacoma DC 5ft  -> Husky Liners Husky Liners Toyota Tacoma DC 5ft Bed | Bull...
  Rate limited, waiting 10s...
  Rate limited, waiting 10s...
  Rate limited, waiting 10s...
  Rate limited, waiting 10s...
  Rate limited, waiting 10s...
  Rate limited, waiting 10s...
  Rate limited, waiting 10s...
  Rate limited, waiting 10s...
  Rate limited, waiting 10s...
  Rate limited, waiting 10s...
  Rate limited, waiting 10s...
  Rate limited, waiting 10s...
  Rate limited, waiting 10s...
  Rate limited, waiting 10s...
  Rate limited, waiting 10s...
  Rate limited, waiting 10s...
  Rate limited, waiting 10s...
  Rate limited, waiting 10s...
  Rate limited, waiting 10s...
Fixed 88100 | last: Progressive Harley-Davidson FXR/XL 990 S -> Progressive Shocks | BullStrap
  Rate limited, waiting 10s...
  Rate limited, waiting 10s...
  Rate limited, waiting 10s...
  Rate limited, waiting 10s...
  Rate limited, waiting 10s...
  Rate limited, waiting 10s...
  Rate limited, waiting 10s...
  Rate limited, waiting 10s...
  Rate limited, waiting 10s...
  Rate limited, waiting 10s...
  Rate limited, waiting 10s...
  Rate limited, waiting 10s...
  Rate limited, waiting 10s...
  Rate limited, waiting 10s...
  Rate limited, waiting 10s...
  Rate limited, waiting 10s...
  Rate limited, waiting 10s...
  Rate limited, waiting 10s...
  Rate limited, waiting 10s...
  Rate limited, waiting 10s...
  Rate limited, waiting 10s...
  Rate limited, waiting 10s...
  Rate limited, waiting 10s...
  Rate limited, waiting 10s...
  Rate limited, waiting 10s...
  Rate limited, waiting 10s...
  Rate limited, waiting 10s...
  Rate limited, waiting 10s...
  Rate limited, waiting 10s...
  Rate limited, waiting 10s...
  Rate limited, waiting 10s...
  Rate limited, waiting 10s...
  Rate limited, waiting 10s...
  Rate limited, waiting 10s...
  Rate limited, waiting 10s...
  Rate limited, waiting 10s...
  Rate limited, waiting 10s...
  Rate limited, waiting 10s...
  Rate limited, waiting 10s...
  Rate limited, waiting 10s...
  Rate limited, waiting 10s...
  Rate limited, waiting 10s...
  Rate limited, waiting 10s...
  Rate limited, waiting 10s...
  Rate limited, waiting 10s...
  Rate limited, waiting 10s...
  Rate limited, waiting 10s...
  Rate limited, waiting 10s...
  Rate limited, waiting 10s...
  Rate limited, waiting 10s...
  Rate limited, waiting 10s...
  Rate limited, waiting 10s...
  Rate limited, waiting 10s...
  Rate limited, waiting 10s...
  Rate limited, waiting 10s...
  Rate limited, waiting 10s...
  Rate limited, waiting 10s...
  Rate limited, waiting 10s...
  Rate limited, waiting 10s...
  Rate limited, waiting 10s...
  Rate limited, waiting 10s...
  Rate limited, waiting 10s...
Fixed 88150 | last: SPC Performance Subaru Rear Adjustable L -> SPC Performance Control Arms | BullStrap
  Rate limited, waiting 10s...
  Rate limited, waiting 10s...
  Rate limited, waiting 10s...
  Rate limited, waiting 10s...
  Rate limited, waiting 10s...
  Rate limited, waiting 10s...
  Rate limited, waiting 10s...
  Rate limited, waiting 10s...
  Rate limited, waiting 10s...
  Rate limited, waiting 10s...
  Rate limited, waiting 10s...
  Rate limited, waiting 10s...
  Rate limited, waiting 10s...
  Rate limited, waiting 10s...
  Rate limited, waiting 10s...
  Rate limited, waiting 10s...
  Rate limited, waiting 10s...
  Rate limited, waiting 10s...
  Rate limited, waiting 10s...
  Rate limited, waiting 10s...
  Rate limited, waiting 10s...
  Rate limited, waiting 10s...
  Rate limited, waiting 10s...
  Rate limited, waiting 10s...
  Rate limited, waiting 10s...
  Rate limited, waiting 10s...
  Rate limited, waiting 10s...
  Rate limited, waiting 10s...
  Rate limited, waiting 10s...
  Rate limited, waiting 10s...
  Rate limited, waiting 10s...
  Rate limited, waiting 10s...
  Rate limited, waiting 10s...
  Rate limited, waiting 10s...
  Rate limited, waiting 10s...
  Rate limited, waiting 10s...
  Rate limited, waiting 10s...
  Rate limited, waiting 10s...
  Rate limited, waiting 10s...
  Rate limited, waiting 10s...
  Rate limited, waiting 10s...
  Rate limited, waiting 10s...
  Rate limited, waiting 10s...
  Rate limited, waiting 10s...
  Rate limited, waiting 10s...
  Rate limited, waiting 10s...
  Rate limited, waiting 10s...
  Rate limited, waiting 10s...
  Rate limited, waiting 10s...
  Rate limited, waiting 10s...
  Rate limited, waiting 10s...
  Rate limited, waiting 10s...
  Rate limited, waiting 10s...
  Rate limited, waiting 10s...
  Rate limited, waiting 10s...
  Rate limited, waiting 10s...
  Rate limited, waiting 10s...
  Rate limited, waiting 10s...
  Rate limited, waiting 10s...
  Rate limited, waiting 10s...
  Rate limited, waiting 10s...
  Rate limited, waiting 10s...
Batch done: processed 97750 | fixed 88184 | since_id 11061959917841
  Rate limited, waiting 10s...
  Rate limited, waiting 10s...
  Rate limited, waiting 10s...
  Rate limited, waiting 10s...
  Rate limited, waiting 10s...
  Rate limited, waiting 10s...
  Rate limited, waiting 10s...
  Rate limited, waiting 10s...
  Rate limited, waiting 10s...
  Rate limited, waiting 10s...
  Rate limited, waiting 10s...
  Rate limited, waiting 10s...
  Rate limited, waiting 10s...
  Rate limited, waiting 10s...
  Rate limited, waiting 10s...
  Rate limited, waiting 10s...
  Rate limited, waiting 10s...
  Rate limited, waiting 10s...
  Rate limited, waiting 10s...
  Rate limited, waiting 10s...
  Rate limited, waiting 10s...
Fixed 88200 | processed 97750 | latest: ATS Diesel 2007.5+ Dodge 6.7L Cummins El -> ATS Diesel ATS Diesel 2007.5+ Dodge 6.7L Cummins E | Bull...
  Rate limited, waiting 10s...
  Rate limited, waiting 10s...
  Rate limited, waiting 10s...
  Rate limited, waiting 10s...
  Rate limited, waiting 10s...
  Rate limited, waiting 10s...
  Rate limited, waiting 10s...
  Rate limited, waiting 10s...
  Rate limited, waiting 10s...
  Rate limited, waiting 10s...
  Rate limited, waiting 10s...
  Rate limited, waiting 10s...
  Rate limited, waiting 10s...
  Rate limited, waiting 10s...
  Rate limited, waiting 10s...
  Rate limited, waiting 10s...
  Rate limited, waiting 10s...
  Rate limited, waiting 10s...
  Rate limited, waiting 10s...
  Rate limited, waiting 10s...
  Rate limited, waiting 10s...
  Rate limited, waiting 10s...
  Rate limited, waiting 10s...
  Rate limited, waiting 10s...
  Rate limited, waiting 10s...
  Rate limited, waiting 10s...
  Rate limited, waiting 10s...
  Rate limited, waiting 10s...
  Rate limited, waiting 10s...
  Rate limited, waiting 10s...
  Rate limited, waiting 10s...
  Rate limited, waiting 10s...
  Rate limited, waiting 10s...
  Rate limited, waiting 10s...
  Rate limited, waiting 10s...
Fixed 88200 | last: Weld S104 22x8.5 Ventura 5x127 ET06 BS5. -> Weld Weld S104 22x8.5 Ventura 5x127 ET06 BS5.00  | BullStrap
  Rate limited, waiting 10s...
  Rate limited, waiting 10s...
  Rate limited, waiting 10s...
  Rate limited, waiting 10s...
  Rate limited, waiting 10s...
  Rate limited, waiting 10s...
  Rate limited, waiting 10s...
  Rate limited, waiting 10s...
  Rate limited, waiting 10s...
  Rate limited, waiting 10s...
  Rate limited, waiting 10s...
  Rate limited, waiting 10s...
  Rate limited, waiting 10s...
  Rate limited, waiting 10s...
  Rate limited, waiting 10s...
  Rate limited, waiting 10s...
  Rate limited, waiting 10s...
  Rate limited, waiting 10s...
  Rate limited, waiting 10s...
  Rate limited, waiting 10s...
  Rate limited, waiting 10s...
  Rate limited, waiting 10s...
  Rate limited, waiting 10s...
  Rate limited, waiting 10s...
  Rate limited, waiting 10s...
  Rate limited, waiting 10s...
  Rate limited, waiting 10s...
  Rate limited, waiting 10s...
  Rate limited, waiting 10s...
  Rate limited, waiting 10s...
  Rate limited, waiting 10s...
  Rate limited, waiting 10s...
  Rate limited, waiting 10s...
  Rate limited, waiting 10s...
  Rate limited, waiting 10s...
  Rate limited, waiting 10s...
  Rate limited, waiting 10s...
  Rate limited, waiting 10s...
  Rate limited, waiting 10s...
  Rate limited, waiting 10s...
  Rate limited, waiting 10s...
  Rate limited, waiting 10s...
  Rate limited, waiting 10s...
  Rate limited, waiting 10s...
  Rate limited, waiting 10s...
  Rate limited, waiting 10s...
  Rate limited, waiting 10s...
  Rate limited, waiting 10s...
  Rate limited, waiting 10s...
  Rate limited, waiting 10s...
  Rate limited, waiting 10s...
  Rate limited, waiting 10s...
  Rate limited, waiting 10s...
  Rate limited, waiting 10s...
  Rate limited, waiting 10s...
  Rate limited, waiting 10s...
  Rate limited, waiting 10s...
  Rate limited, waiting 10s...
  Rate limited, waiting 10s...
  Rate limited, waiting 10s...
  Rate limited, waiting 10s...
  Rate limited, waiting 10s...
  Rate limited, waiting 10s...
  Rate limited, waiting 10s...
  Rate limited, waiting 10s...
  Rate limited, waiting 10s...
  Rate limited, waiting 10s...
  Rate limited, waiting 10s...
  Rate limited, waiting 10s...
  Rate limited, waiting 10s...
  Rate limited, waiting 10s...
  Rate limited, waiting 10s...
  Rate limited, waiting 10s...
  Rate limited, waiting 10s...
  Rate limited, waiting 10s...
  Rate limited, waiting 10s...
  Rate limited, waiting 10s...
  Rate limited, waiting 10s...
  Rate limited, waiting 10s...
  Rate limited, waiting 10s...
  Rate limited, waiting 10s...
  Rate limited, waiting 10s...
  Rate limited, waiting 10s...
  Rate limited, waiting 10s...
  Rate limited, waiting 10s...
  Rate limited, waiting 10s...
  Rate limited, waiting 10s...
  Rate limited, waiting 10s...
  Rate limited, waiting 10s...
  Rate limited, waiting 10s...
  Rate limited, waiting 10s...
  Rate limited, waiting 10s...
  Rate limited, waiting 10s...
  Rate limited, waiting 10s...
  Rate limited, waiting 10s...
  Rate limited, waiting 10s...
  Rate limited, waiting 10s...
  Rate limited, waiting 10s...
  Rate limited, waiting 10s...
  Rate limited, waiting 10s...
  Rate limited, waiting 10s...
  Rate limited, waiting 10s...
  Rate limited, waiting 10s...
  Rate limited, waiting 10s...
  Rate limited, waiting 10s...
  Rate limited, waiting 10s...
  Rate limited, waiting 10s...
  Rate limited, waiting 10s...
  Rate limited, waiting 10s...
  Rate limited, waiting 10s...
  Rate limited, waiting 10s...
Batch done: processed 98000 | fixed 88208 | since_id 11065104040209
  Rate limited, waiting 10s...
  Rate limited, waiting 10s...
  Rate limited, waiting 10s...
  Rate limited, waiting 10s...
  Rate limited, waiting 10s...
  Rate limited, waiting 10s...
  Rate limited, waiting 10s...
  Rate limited, waiting 10s...
  Rate limited, waiting 10s...
  Rate limited, waiting 10s...
  Rate limited, waiting 10s...
  Rate limited, waiting 10s...
  Rate limited, waiting 10s...
  Rate limited, waiting 10s...
  Rate limited, waiting 10s...
  Rate limited, waiting 10s...
  Rate limited, waiting 10s...
  Rate limited, waiting 10s...
  Rate limited, waiting 10s...
  Rate limited, waiting 10s...
  Rate limited, waiting 10s...
  Rate limited, waiting 10s...
  Rate limited, waiting 10s...
  Rate limited, waiting 10s...
  Rate limited, waiting 10s...
  Rate limited, waiting 10s...
  Rate limited, waiting 10s...
  Rate limited, waiting 10s...
  Rate limited, waiting 10s...
  Rate limited, waiting 10s...
  Rate limited, waiting 10s...
  Rate limited, waiting 10s...
  Rate limited, waiting 10s...
  Rate limited, waiting 10s...
  Rate limited, waiting 10s...
  Rate limited, waiting 10s...
  Rate limited, waiting 10s...
  Rate limited, waiting 10s...
  Rate limited, waiting 10s...
  Rate limited, waiting 10s...
  Rate limited, waiting 10s...
  Rate limited, waiting 10s...
  Rate limited, waiting 10s...
  Rate limited, waiting 10s...
  Rate limited, waiting 10s...
  Rate limited, waiting 10s...
  Rate limited, waiting 10s...
  Rate limited, waiting 10s...
  Rate limited, waiting 10s...
  Rate limited, waiting 10s...
  Rate limited, waiting 10s...
  Rate limited, waiting 10s...
  Rate limited, waiting 10s...
  Rate limited, waiting 10s...
  Rate limited, waiting 10s...
  Rate limited, waiting 10s...
  Rate limited, waiting 10s...
  Rate limited, waiting 10s...
  Rate limited, waiting 10s...
  Rate limited, waiting 10s...
  Rate limited, waiting 10s...
  Rate limited, waiting 10s...
  Rate limited, waiting 10s...
  Rate limited, waiting 10s...
  Rate limited, waiting 10s...
  Rate limited, waiting 10s...
  Rate limited, waiting 10s...
  Rate limited, waiting 10s...
  Rate limited, waiting 10s...
  Rate limited, waiting 10s...
  Rate limited, waiting 10s...
  Rate limited, waiting 10s...
  Rate limited, waiting 10s...
  Rate limited, waiting 10s...
  Rate limited, waiting 10s...
  Rate limited, waiting 10s...
  Rate limited, waiting 10s...
  Rate limited, waiting 10s...
  Rate limited, waiting 10s...
  Rate limited, waiting 10s...
  Rate limited, waiting 10s...
  Rate limited, waiting 10s...
  Rate limited, waiting 10s...
  Rate limited, waiting 10s...
  Rate limited, waiting 10s...
  Rate limited, waiting 10s...
  Rate limited, waiting 10s...
  Rate limited, waiting 10s...
  Rate limited, waiting 10s...
  Rate limited, waiting 10s...
  Rate limited, waiting 10s...
  Rate limited, waiting 10s...
  Rate limited, waiting 10s...
  Rate limited, waiting 10s...
  Rate limited, waiting 10s...
  Rate limited, waiting 10s...
  Rate limited, waiting 10s...
  Rate limited, waiting 10s...
  Rate limited, waiting 10s...
  Rate limited, waiting 10s...
  Rate limited, waiting 10s...
  Rate limited, waiting 10s...
  Rate limited, waiting 10s...
  Rate limited, waiting 10s...
  Rate limited, waiting 10s...
  Rate limited, waiting 10s...
  Rate limited, waiting 10s...
  Rate limited, waiting 10s...
  Rate limited, waiting 10s...
  Rate limited, waiting 10s...
  Rate limited, waiting 10s...
  Rate limited, waiting 10s...
  Rate limited, waiting 10s...
  Rate limited, waiting 10s...
  Rate limited, waiting 10s...
  Rate limited, waiting 10s...
  Rate limited, waiting 10s...
  Rate limited, waiting 10s...
  Rate limited, waiting 10s...
  Rate limited, waiting 10s...
  Rate limited, waiting 10s...
  Rate limited, waiting 10s...
  Rate limited, waiting 10s...
  Rate limited, waiting 10s...
  Rate limited, waiting 10s...
  Rate limited, waiting 10s...
  Rate limited, waiting 10s...
  Rate limited, waiting 10s...
  Rate limited, waiting 10s...
  Rate limited, waiting 10s...
  Rate limited, waiting 10s...
  Rate limited, waiting 10s...
  Rate limited, waiting 10s...
  Rate limited, waiting 10s...
  Rate limited, waiting 10s...
  Rate limited, waiting 10s...
  Rate limited, waiting 10s...
  Rate limited, waiting 10s...
  Rate limited, waiting 10s...
  Rate limited, waiting 10s...
  Rate limited, waiting 10s...
  Rate limited, waiting 10s...
  Rate limited, waiting 10s...
  Rate limited, waiting 10s...
  Rate limited, waiting 10s...
  Rate limited, waiting 10s...
  Rate limited, waiting 10s...
  Rate limited, waiting 10s...
  Rate limited, waiting 10s...
  Rate limited, waiting 10s...
  Rate limited, waiting 10s...
  Rate limited, waiting 10s...
  Rate limited, waiting 10s...
  Rate limited, waiting 10s...
  Rate limited, waiting 10s...
  Rate limited, waiting 10s...
  Rate limited, waiting 10s...
  Rate limited, waiting 10s...
  Rate limited, waiting 10s...
  Rate limited, waiting 10s...
  Rate limited, waiting 10s...
  Rate limited, waiting 10s...
  Rate limited, waiting 10s...
  Rate limited, waiting 10s...
  Rate limited, waiting 10s...
  Rate limited, waiting 10s...
  Rate limited, waiting 10s...
  Rate limited, waiting 10s...
  Rate limited, waiting 10s...
  Rate limited, waiting 10s...
  Rate limited, waiting 10s...
  Rate limited, waiting 10s...
  Rate limited, waiting 10s...
Batch done: processed 98250 | fixed 88221 | since_id 11069606527249
  Rate limited, waiting 10s...
  Rate limited, waiting 10s...
  Rate limited, waiting 10s...
  Rate limited, waiting 10s...
  Rate limited, waiting 10s...
  Rate limited, waiting 10s...
  Rate limited, waiting 10s...
  Rate limited, waiting 10s...
  Rate limited, waiting 10s...
  Rate limited, waiting 10s...
  Rate limited, waiting 10s...
  Rate limited, waiting 10s...
  Rate limited, waiting 10s...
  Rate limited, waiting 10s...
  Rate limited, waiting 10s...
  Rate limited, waiting 10s...
  Rate limited, waiting 10s...
  Rate limited, waiting 10s...
  Rate limited, waiting 10s...
  Rate limited, waiting 10s...
  Rate limited, waiting 10s...
  Rate limited, waiting 10s...
  Rate limited, waiting 10s...
  Rate limited, waiting 10s...
  Rate limited, waiting 10s...
  Rate limited, waiting 10s...
  Rate limited, waiting 10s...
  Rate limited, waiting 10s...
  Rate limited, waiting 10s...
  Rate limited, waiting 10s...
  Rate limited, waiting 10s...
  Rate limited, waiting 10s...
  Rate limited, waiting 10s...
  Rate limited, waiting 10s...
  Rate limited, waiting 10s...
  Rate limited, waiting 10s...
  Rate limited, waiting 10s...
  Rate limited, waiting 10s...
  Rate limited, waiting 10s...
  Rate limited, waiting 10s...
  Rate limited, waiting 10s...
  Rate limited, waiting 10s...
  Rate limited, waiting 10s...
  Rate limited, waiting 10s...
  Rate limited, waiting 10s...
  Rate limited, waiting 10s...
  Rate limited, waiting 10s...
  Rate limited, waiting 10s...
  Rate limited, waiting 10s...
  Rate limited, waiting 10s...
  Rate limited, waiting 10s...
  Rate limited, waiting 10s...
  Rate limited, waiting 10s...
  Rate limited, waiting 10s...
  Rate limited, waiting 10s...
  Rate limited, waiting 10s...
  Rate limited, waiting 10s...
  Rate limited, waiting 10s...
  Rate limited, waiting 10s...
  Rate limited, waiting 10s...
  Rate limited, waiting 10s...
  Rate limited, waiting 10s...
  Rate limited, waiting 10s...
  Rate limited, waiting 10s...
  Rate limited, waiting 10s...
  Rate limited, waiting 10s...
  Rate limited, waiting 10s...
  Rate limited, waiting 10s...
  Rate limited, waiting 10s...
  Rate limited, waiting 10s...
  Rate limited, waiting 10s...
  Rate limited, waiting 10s...
  Rate limited, waiting 10s...
  Rate limited, waiting 10s...
  Rate limited, waiting 10s...
  Rate limited, waiting 10s...
  Rate limited, waiting 10s...
  Rate limited, waiting 10s...
  Rate limited, waiting 10s...
  Rate limited, waiting 10s...
  Rate limited, waiting 10s...
  Rate limited, waiting 10s...
  Rate limited, waiting 10s...
  Rate limited, waiting 10s...
  Rate limited, waiting 10s...
  Rate limited, waiting 10s...
  Rate limited, waiting 10s...
  Rate limited, waiting 10s...
  Rate limited, waiting 10s...
  Rate limited, waiting 10s...
  Rate limited, waiting 10s...
  Rate limited, waiting 10s...
  Rate limited, waiting 10s...
  Rate limited, waiting 10s...
  Rate limited, waiting 10s...
  Rate limited, waiting 10s...
  Rate limited, waiting 10s...
  Rate limited, waiting 10s...
  Rate limited, waiting 10s...
  Rate limited, waiting 10s...
  Rate limited, waiting 10s...
  Rate limited, waiting 10s...
  Rate limited, waiting 10s...
  Rate limited, waiting 10s...
  Rate limited, waiting 10s...
  Rate limited, waiting 10s...
  Rate limited, waiting 10s...
  Rate limited, waiting 10s...
  Rate limited, waiting 10s...
  Rate limited, waiting 10s...
  Rate limited, waiting 10s...
  Rate limited, waiting 10s...
  Rate limited, waiting 10s...
  Rate limited, waiting 10s...
  Rate limited, waiting 10s...
  Rate limited, waiting 10s...
  Rate limited, waiting 10s...
  Rate limited, waiting 10s...
  Rate limited, waiting 10s...
  Rate limited, waiting 10s...
  Rate limited, waiting 10s...
  Rate limited, waiting 10s...
Batch done: processed 98500 | fixed 88231 | since_id 11069669638417
  Rate limited, waiting 10s...
  Rate limited, waiting 10s...
  Rate limited, waiting 10s...
  Rate limited, waiting 10s...
  Rate limited, waiting 10s...
  Rate limited, waiting 10s...
  Rate limited, waiting 10s...
  Rate limited, waiting 10s...
  Rate limited, waiting 10s...
  Rate limited, waiting 10s...
  Rate limited, waiting 10s...
  Rate limited, waiting 10s...
  Rate limited, waiting 10s...
  Rate limited, waiting 10s...
  Rate limited, waiting 10s...
  Rate limited, waiting 10s...
  Rate limited, waiting 10s...
  Rate limited, waiting 10s...
  Rate limited, waiting 10s...
  Rate limited, waiting 10s...
  Rate limited, waiting 10s...
  Rate limited, waiting 10s...
  Rate limited, waiting 10s...
  Rate limited, waiting 10s...
  Rate limited, waiting 10s...
  Rate limited, waiting 10s...
  Rate limited, waiting 10s...
  Rate limited, waiting 10s...
  Rate limited, waiting 10s...
  Rate limited, waiting 10s...
  Rate limited, waiting 10s...
  Rate limited, waiting 10s...
  Rate limited, waiting 10s...
  Rate limited, waiting 10s...
  Rate limited, waiting 10s...
  Rate limited, waiting 10s...
  Rate limited, waiting 10s...
  Rate limited, waiting 10s...
  Rate limited, waiting 10s...
  Rate limited, waiting 10s...
  Rate limited, waiting 10s...
  Rate limited, waiting 10s...
  Rate limited, waiting 10s...
  Rate limited, waiting 10s...
  Rate limited, waiting 10s...
  Rate limited, waiting 10s...
  Rate limited, waiting 10s...
  Rate limited, waiting 10s...
  Rate limited, waiting 10s...
  Rate limited, waiting 10s...
  Rate limited, waiting 10s...
  Rate limited, waiting 10s...
  Rate limited, waiting 10s...
  Rate limited, waiting 10s...
  Rate limited, waiting 10s...
  Rate limited, waiting 10s...
  Rate limited, waiting 10s...
  Rate limited, waiting 10s...
  Rate limited, waiting 10s...
  Rate limited, waiting 10s...
  Rate limited, waiting 10s...
  Rate limited, waiting 10s...
  Rate limited, waiting 10s...
  Rate limited, waiting 10s...
  Rate limited, waiting 10s...
  Rate limited, waiting 10s...
  Rate limited, waiting 10s...
  Rate limited, waiting 10s...
  Rate limited, waiting 10s...
  Rate limited, waiting 10s...
  Rate limited, waiting 10s...
  Rate limited, waiting 10s...
  Rate limited, waiting 10s...
  Rate limited, waiting 10s...
  Rate limited, waiting 10s...
  Rate limited, waiting 10s...
  Rate limited, waiting 10s...
  Rate limited, waiting 10s...
  Rate limited, waiting 10s...
  Rate limited, waiting 10s...
  Rate limited, waiting 10s...
  Rate limited, waiting 10s...
  Rate limited, waiting 10s...
  Rate limited, waiting 10s...
  Rate limited, waiting 10s...
  Rate limited, waiting 10s...
  Rate limited, waiting 10s...
  Rate limited, waiting 10s...
  Rate limited, waiting 10s...
  Rate limited, waiting 10s...
  Rate limited, waiting 10s...
  Rate limited, waiting 10s...
  Rate limited, waiting 10s...
  Rate limited, waiting 10s...
  Rate limited, waiting 10s...
  Rate limited, waiting 10s...
  Rate limited, waiting 10s...
  Rate limited, waiting 10s...
  Rate limited, waiting 10s...
  Rate limited, waiting 10s...
  Rate limited, waiting 10s...
  Rate limited, waiting 10s...
  Rate limited, waiting 10s...
  Rate limited, waiting 10s...
  Rate limited, waiting 10s...
  Rate limited, waiting 10s...
  Rate limited, waiting 10s...
  Rate limited, waiting 10s...
  Rate limited, waiting 10s...
  Rate limited, waiting 10s...
  Rate limited, waiting 10s...
  Rate limited, waiting 10s...
  Rate limited, waiting 10s...
  Rate limited, waiting 10s...
  Rate limited, waiting 10s...
  Rate limited, waiting 10s...
  Rate limited, waiting 10s...
  Rate limited, waiting 10s...
  Rate limited, waiting 10s...
  Rate limited, waiting 10s...
  Rate limited, waiting 10s...
  Rate limited, waiting 10s...
  Rate limited, waiting 10s...
  Rate limited, waiting 10s...
  Rate limited, waiting 10s...
  Rate limited, waiting 10s...
  Rate limited, waiting 10s...
  Rate limited, waiting 10s...
  Rate limited, waiting 10s...
  Rate limited, waiting 10s...
  Rate limited, waiting 10s...
  Rate limited, waiting 10s...
  Rate limited, waiting 10s...
  Rate limited, waiting 10s...
  Rate limited, waiting 10s...
  Rate limited, waiting 10s...
  Rate limited, waiting 10s...
  Rate limited, waiting 10s...
  Rate limited, waiting 10s...
  Rate limited, waiting 10s...
  Rate limited, waiting 10s...
  Rate limited, waiting 10s...
  Rate limited, waiting 10s...
  Rate limited, waiting 10s...
  Rate limited, waiting 10s...
  Rate limited, waiting 10s...
  Rate limited, waiting 10s...
  Rate limited, waiting 10s...
  Rate limited, waiting 10s...
  Rate limited, waiting 10s...
  Rate limited, waiting 10s...
  Rate limited, waiting 10s...
  Rate limited, waiting 10s...
  Rate limited, waiting 10s...
  Rate limited, waiting 10s...
  Rate limited, waiting 10s...
  Rate limited, waiting 10s...
  Rate limited, waiting 10s...
  Rate limited, waiting 10s...
  Rate limited, waiting 10s...
  Rate limited, waiting 10s...
  Rate limited, waiting 10s...
  Rate limited, waiting 10s...
  Rate limited, waiting 10s...
  Rate limited, waiting 10s...
  Rate limited, waiting 10s...
  Rate limited, waiting 10s...
  Rate limited, waiting 10s...
  Rate limited, waiting 10s...
  Rate limited, waiting 10s...
  Rate limited, waiting 10s...
  Rate limited, waiting 10s...
  Rate limited, waiting 10s...
  Rate limited, waiting 10s...
  Rate limited, waiting 10s...
  Rate limited, waiting 10s...
  Rate limited, waiting 10s...
  Rate limited, waiting 10s...
  Rate limited, waiting 10s...
  Rate limited, waiting 10s...
  Rate limited, waiting 10s...
  Rate limited, waiting 10s...
  Rate limited, waiting 10s...
  Rate limited, waiting 10s...
  Rate limited, waiting 10s...
  Rate limited, waiting 10s...
  Rate limited, waiting 10s...
  Rate limited, waiting 10s...
  Rate limited, waiting 10s...
  Rate limited, waiting 10s...
  Rate limited, waiting 10s...
  Rate limited, waiting 10s...
  Rate limited, waiting 10s...
  Rate limited, waiting 10s...
  Rate limited, waiting 10s...
  Rate limited, waiting 10s...
  Rate limited, waiting 10s...
  Rate limited, waiting 10s...
  Rate limited, waiting 10s...
Batch done: processed 98750 | fixed 88247 | since_id 11069679010065
  Rate limited, waiting 10s...
  Rate limited, waiting 10s...
  Rate limited, waiting 10s...
  Rate limited, waiting 10s...
  Rate limited, waiting 10s...
  Rate limited, waiting 10s...
  Rate limited, waiting 10s...
  Rate limited, waiting 10s...
  Rate limited, waiting 10s...
  Rate limited, waiting 10s...
  Rate limited, waiting 10s...
  Rate limited, waiting 10s...
  Rate limited, waiting 10s...
  Rate limited, waiting 10s...
  Rate limited, waiting 10s...
  Rate limited, waiting 10s...
  Rate limited, waiting 10s...
  Rate limited, waiting 10s...
  Rate limited, waiting 10s...
  Rate limited, waiting 10s...
  Rate limited, waiting 10s...
  Rate limited, waiting 10s...
  Rate limited, waiting 10s...
Fixed 88250 | last: Vortex Racing V3 Fuel Cap Honda- Black -> Vortex Racing Vortex Racing V3 Fuel Cap Honda- B | BullStrap
  Rate limited, waiting 10s...
  Rate limited, waiting 10s...
  Rate limited, waiting 10s...
  Rate limited, waiting 10s...
  Rate limited, waiting 10s...
  Rate limited, waiting 10s...
  Rate limited, waiting 10s...
  Rate limited, waiting 10s...
  Rate limited, waiting 10s...
  Rate limited, waiting 10s...
  Rate limited, waiting 10s...
  Rate limited, waiting 10s...
  Rate limited, waiting 10s...
  Rate limited, waiting 10s...
  Rate limited, waiting 10s...
  Rate limited, waiting 10s...
Fixed 88300 | processed 98750 | latest: Vortex Racing Superbike Grip- Pink -> Vortex Racing Vortex Racing Superbike Grip- Pink | BullStrap
  Rate limited, waiting 10s...
  Rate limited, waiting 10s...
  Rate limited, waiting 10s...
  Rate limited, waiting 10s...
  Rate limited, waiting 10s...
  Rate limited, waiting 10s...
  Rate limited, waiting 10s...
  Rate limited, waiting 10s...
  Rate limited, waiting 10s...
  Rate limited, waiting 10s...
  Rate limited, waiting 10s...
  Rate limited, waiting 10s...
  Rate limited, waiting 10s...
  Rate limited, waiting 10s...
  Rate limited, waiting 10s...
  Rate limited, waiting 10s...
  Rate limited, waiting 10s...
  Rate limited, waiting 10s...
  Rate limited, waiting 10s...
  Rate limited, waiting 10s...
  Rate limited, waiting 10s...
  Rate limited, waiting 10s...
  Rate limited, waiting 10s...
  Rate limited, waiting 10s...
  Rate limited, waiting 10s...
  Rate limited, waiting 10s...
  Rate limited, waiting 10s...
  Rate limited, waiting 10s...
  Rate limited, waiting 10s...
  Rate limited, waiting 10s...
  Rate limited, waiting 10s...
  Rate limited, waiting 10s...
  Rate limited, waiting 10s...
  Rate limited, waiting 10s...
  Rate limited, waiting 10s...
  Rate limited, waiting 10s...
  Rate limited, waiting 10s...
  Rate limited, waiting 10s...
  Rate limited, waiting 10s...
  Rate limited, waiting 10s...
  Rate limited, waiting 10s...
  Rate limited, waiting 10s...
  Rate limited, waiting 10s...
  Rate limited, waiting 10s...
  Rate limited, waiting 10s...
  Rate limited, waiting 10s...
  Rate limited, waiting 10s...
  Rate limited, waiting 10s...
  Rate limited, waiting 10s...
  Rate limited, waiting 10s...
  Rate limited, waiting 10s...
  Rate limited, waiting 10s...
  Rate limited, waiting 10s...
  Rate limited, waiting 10s...
  Rate limited, waiting 10s...
  Rate limited, waiting 10s...
  Rate limited, waiting 10s...
  Rate limited, waiting 10s...
  Rate limited, waiting 10s...
  Rate limited, waiting 10s...
  Rate limited, waiting 10s...
  Rate limited, waiting 10s...
  Rate limited, waiting 10s...
  Rate limited, waiting 10s...
  Rate limited, waiting 10s...
  Rate limited, waiting 10s...
  Rate limited, waiting 10s...
  Rate limited, waiting 10s...
  Rate limited, waiting 10s...
  Rate limited, waiting 10s...
  Rate limited, waiting 10s...
  Rate limited, waiting 10s...
  Rate limited, waiting 10s...
  Rate limited, waiting 10s...
  Rate limited, waiting 10s...
  Rate limited, waiting 10s...
  Rate limited, waiting 10s...
  Rate limited, waiting 10s...
  Rate limited, waiting 10s...
  Rate limited, waiting 10s...
  Rate limited, waiting 10s...
  Rate limited, waiting 10s...
  Rate limited, waiting 10s...
  Rate limited, waiting 10s...
  Rate limited, waiting 10s...
  Rate limited, waiting 10s...
  Rate limited, waiting 10s...
  Rate limited, waiting 10s...
  Rate limited, waiting 10s...
  Rate limited, waiting 10s...
  Rate limited, waiting 10s...
  Rate limited, waiting 10s...
  Rate limited, waiting 10s...
  Rate limited, waiting 10s...
  Rate limited, waiting 10s...
  Rate limited, waiting 10s...
  Rate limited, waiting 10s...
  Rate limited, waiting 10s...
  Rate limited, waiting 10s...
  Rate limited, waiting 10s...
  Rate limited, waiting 10s...
  Rate limited, waiting 10s...
  Rate limited, waiting 10s...
  Rate limited, waiting 10s...
  Rate limited, waiting 10s...
  Rate limited, waiting 10s...
  Rate limited, waiting 10s...
  Rate limited, waiting 10s...
  Rate limited, waiting 10s...
  Rate limited, waiting 10s...
  Rate limited, waiting 10s...
  Rate limited, waiting 10s...
  Rate limited, waiting 10s...
  Rate limited, waiting 10s...
  Rate limited, waiting 10s...
  Rate limited, waiting 10s...
  Rate limited, waiting 10s...
  Rate limited, waiting 10s...
  Rate limited, waiting 10s...
  Rate limited, waiting 10s...
  Rate limited, waiting 10s...
  Rate limited, waiting 10s...
  Rate limited, waiting 10s...
  Rate limited, waiting 10s...
  Rate limited, waiting 10s...
  Rate limited, waiting 10s...
  Rate limited, waiting 10s...
  Rate limited, waiting 10s...
  Rate limited, waiting 10s...
  Rate limited, waiting 10s...
  Rate limited, waiting 10s...
  Rate limited, waiting 10s...
  Rate limited, waiting 10s...
  Rate limited, waiting 10s...
  Rate limited, waiting 10s...
  Rate limited, waiting 10s...
  Rate limited, waiting 10s...
  Rate limited, waiting 10s...
  Rate limited, waiting 10s...
  Rate limited, waiting 10s...
  Rate limited, waiting 10s...
  Rate limited, waiting 10s...
  Rate limited, waiting 10s...
  Rate limited, waiting 10s...
  Rate limited, waiting 10s...
  Rate limited, waiting 10s...
  Rate limited, waiting 10s...
  Rate limited, waiting 10s...
  Rate limited, waiting 10s...
  Rate limited, waiting 10s...
  Rate limited, waiting 10s...
  Rate limited, waiting 10s...
  Rate limited, waiting 10s...
  Rate limited, waiting 10s...
  Rate limited, waiting 10s...
  Rate limited, waiting 10s...
  Rate limited, waiting 10s...
  Rate limited, waiting 10s...
  Rate limited, waiting 10s...
  Rate limited, waiting 10s...
  Rate limited, waiting 10s...
  Rate limited, waiting 10s...
  Rate limited, waiting 10s...
  Rate limited, waiting 10s...
  Rate limited, waiting 10s...
  Rate limited, waiting 10s...
  Rate limited, waiting 10s...
  Rate limited, waiting 10s...
  Rate limited, waiting 10s...
  Rate limited, waiting 10s...
  Rate limited, waiting 10s...
  Rate limited, waiting 10s...
  Rate limited, waiting 10s...
  Rate limited, waiting 10s...
  Rate limited, waiting 10s...
  Rate limited, waiting 10s...
  Rate limited, waiting 10s...
  Rate limited, waiting 10s...
  Rate limited, waiting 10s...
  Rate limited, waiting 10s...
  Rate limited, waiting 10s...
  Rate limited, waiting 10s...
  Rate limited, waiting 10s...
  Rate limited, waiting 10s...
  Rate limited, waiting 10s...
  Rate limited, waiting 10s...
  Rate limited, waiting 10s...
  Rate limited, waiting 10s...
  Rate limited, waiting 10s...
  Rate limited, waiting 10s...
  Rate limited, waiting 10s...
  Rate limited, waiting 10s...
  Rate limited, waiting 10s...
  Rate limited, waiting 10s...
  Rate limited, waiting 10s...
  Rate limited, waiting 10s...
  Rate limited, waiting 10s...
  Rate limited, waiting 10s...
  Rate limited, waiting 10s...
  Rate limited, waiting 10s...
Batch done: processed 99000 | fixed 88280 | since_id 11070300750097
  Rate limited, waiting 10s...
  Rate limited, waiting 10s...
  Rate limited, waiting 10s...
  Rate limited, waiting 10s...
  Rate limited, waiting 10s...
  Rate limited, waiting 10s...
  Rate limited, waiting 10s...
  Rate limited, waiting 10s...
  Rate limited, waiting 10s...
  Rate limited, waiting 10s...
  Rate limited, waiting 10s...
  Rate limited, waiting 10s...
  Rate limited, waiting 10s...
  Rate limited, waiting 10s...
  Rate limited, waiting 10s...
  Rate limited, waiting 10s...
  Rate limited, waiting 10s...
  Rate limited, waiting 10s...
  Rate limited, waiting 10s...
  Rate limited, waiting 10s...
  Rate limited, waiting 10s...
  Rate limited, waiting 10s...
  Rate limited, waiting 10s...
  Rate limited, waiting 10s...
  Rate limited, waiting 10s...
  Rate limited, waiting 10s...
  Rate limited, waiting 10s...
  Rate limited, waiting 10s...
  Rate limited, waiting 10s...
  Rate limited, waiting 10s...
  Rate limited, waiting 10s...
  Rate limited, waiting 10s...
  Rate limited, waiting 10s...
  Rate limited, waiting 10s...
  Rate limited, waiting 10s...
  Rate limited, waiting 10s...
  Rate limited, waiting 10s...
  Rate limited, waiting 10s...
  Rate limited, waiting 10s...
  Rate limited, waiting 10s...
  Rate limited, waiting 10s...
  Rate limited, waiting 10s...
  Rate limited, waiting 10s...
  Rate limited, waiting 10s...
  Rate limited, waiting 10s...
  Rate limited, waiting 10s...
  Rate limited, waiting 10s...
  Rate limited, waiting 10s...
  Rate limited, waiting 10s...
  Rate limited, waiting 10s...
  Rate limited, waiting 10s...
  Rate limited, waiting 10s...
  Rate limited, waiting 10s...
  Rate limited, waiting 10s...
  Rate limited, waiting 10s...
  Rate limited, waiting 10s...
  Rate limited, waiting 10s...
  Rate limited, waiting 10s...
  Rate limited, waiting 10s...
  Rate limited, waiting 10s...
  Rate limited, waiting 10s...
  Rate limited, waiting 10s...
  Rate limited, waiting 10s...
  Rate limited, waiting 10s...
  Rate limited, waiting 10s...
  Rate limited, waiting 10s...
  Rate limited, waiting 10s...
  Rate limited, waiting 10s...
  Rate limited, waiting 10s...
  Rate limited, waiting 10s...
  Rate limited, waiting 10s...
  Rate limited, waiting 10s...
  Rate limited, waiting 10s...
  Rate limited, waiting 10s...
  Rate limited, waiting 10s...
  Rate limited, waiting 10s...
  Rate limited, waiting 10s...
  Rate limited, waiting 10s...
  Rate limited, waiting 10s...
  Rate limited, waiting 10s...
  Rate limited, waiting 10s...
  Rate limited, waiting 10s...
  Rate limited, waiting 10s...
  Rate limited, waiting 10s...
  Rate limited, waiting 10s...
  Rate limited, waiting 10s...
  Rate limited, waiting 10s...
  Rate limited, waiting 10s...
  Rate limited, waiting 10s...
  Rate limited, waiting 10s...
  Rate limited, waiting 10s...
  Rate limited, waiting 10s...
  Rate limited, waiting 10s...
  Rate limited, waiting 10s...
  Rate limited, waiting 10s...
  Rate limited, waiting 10s...
  Rate limited, waiting 10s...
  Rate limited, waiting 10s...
  Rate limited, waiting 10s...
  Rate limited, waiting 10s...
  Rate limited, waiting 10s...
  Rate limited, waiting 10s...
  Rate limited, waiting 10s...
  Rate limited, waiting 10s...
  Rate limited, waiting 10s...
  Rate limited, waiting 10s...
  Rate limited, waiting 10s...
  Rate limited, waiting 10s...
  Rate limited, waiting 10s...
  Rate limited, waiting 10s...
  Rate limited, waiting 10s...
  Rate limited, waiting 10s...
  Rate limited, waiting 10s...
  Rate limited, waiting 10s...
  Rate limited, waiting 10s...
  Rate limited, waiting 10s...
  Rate limited, waiting 10s...
  Rate limited, waiting 10s...
  Rate limited, waiting 10s...
  Rate limited, waiting 10s...
  Rate limited, waiting 10s...
  Rate limited, waiting 10s...
  Rate limited, waiting 10s...
  Rate limited, waiting 10s...
  Rate limited, waiting 10s...
  Rate limited, waiting 10s...
  Rate limited, waiting 10s...
  Rate limited, waiting 10s...
  Rate limited, waiting 10s...
  Rate limited, waiting 10s...
  Rate limited, waiting 10s...
  Rate limited, waiting 10s...
  Rate limited, waiting 10s...
  Rate limited, waiting 10s...
  Rate limited, waiting 10s...
  Rate limited, waiting 10s...
  Rate limited, waiting 10s...
Fixed 88300 | last: Hot Cams 14-16 YZ 250 F 2.550mm Thicknes -> Hot Cams Hot Cams YZ 250 F 2.550mm Thickness Shi | BullStrap
  Rate limited, waiting 10s...
  Rate limited, waiting 10s...
  Rate limited, waiting 10s...
  Rate limited, waiting 10s...
  Rate limited, waiting 10s...
  Rate limited, waiting 10s...
  Rate limited, waiting 10s...
  Rate limited, waiting 10s...
  Rate limited, waiting 10s...
  Rate limited, waiting 10s...
  Rate limited, waiting 10s...
  Rate limited, waiting 10s...
  Rate limited, waiting 10s...
  Rate limited, waiting 10s...
  Rate limited, waiting 10s...
  Rate limited, waiting 10s...
  Rate limited, waiting 10s...
  Rate limited, waiting 10s...
  Rate limited, waiting 10s...
  Rate limited, waiting 10s...
  Rate limited, waiting 10s...
  Rate limited, waiting 10s...
  Rate limited, waiting 10s...
  Rate limited, waiting 10s...
  Rate limited, waiting 10s...
  Rate limited, waiting 10s...
  Rate limited, waiting 10s...
  Rate limited, waiting 10s...
  Rate limited, waiting 10s...
  Rate limited, waiting 10s...
  Rate limited, waiting 10s...
  Rate limited, waiting 10s...
  Rate limited, waiting 10s...
  Rate limited, waiting 10s...
  Rate limited, waiting 10s...
  Rate limited, waiting 10s...
  Rate limited, waiting 10s...
  Rate limited, waiting 10s...
  Rate limited, waiting 10s...
  Rate limited, waiting 10s...
  Rate limited, waiting 10s...
  Rate limited, waiting 10s...
  Rate limited, waiting 10s...
  Rate limited, waiting 10s...
  Rate limited, waiting 10s...
  Rate limited, waiting 10s...
  Rate limited, waiting 10s...
  Rate limited, waiting 10s...
  Rate limited, waiting 10s...
  Rate limited, waiting 10s...
  Rate limited, waiting 10s...
  Rate limited, waiting 10s...
  Rate limited, waiting 10s...
  Rate limited, waiting 10s...
  Rate limited, waiting 10s...
  Rate limited, waiting 10s...
  Rate limited, waiting 10s...
  Rate limited, waiting 10s...
  Rate limited, waiting 10s...
  Rate limited, waiting 10s...
  Rate limited, waiting 10s...
  Rate limited, waiting 10s...
  Rate limited, waiting 10s...
  Rate limited, waiting 10s...
  Rate limited, waiting 10s...
  Rate limited, waiting 10s...
  Rate limited, waiting 10s...
  Rate limited, waiting 10s...
  Rate limited, waiting 10s...
  Rate limited, waiting 10s...
  Rate limited, waiting 10s...
  Rate limited, waiting 10s...
  Rate limited, waiting 10s...
  Rate limited, waiting 10s...
  Rate limited, waiting 10s...
  Rate limited, waiting 10s...
  Rate limited, waiting 10s...
  Rate limited, waiting 10s...
  Rate limited, waiting 10s...
  Rate limited, waiting 10s...
  Rate limited, waiting 10s...
  Rate limited, waiting 10s...
  Rate limited, waiting 10s...
  Rate limited, waiting 10s...
  Rate limited, waiting 10s...
  Rate limited, waiting 10s...
  Rate limited, waiting 10s...
  Rate limited, waiting 10s...
  Rate limited, waiting 10s...
  Rate limited, waiting 10s...
  Rate limited, waiting 10s...
  Rate limited, waiting 10s...
  Rate limited, waiting 10s...
  Rate limited, waiting 10s...
  Rate limited, waiting 10s...
  Rate limited, waiting 10s...
  Rate limited, waiting 10s...
  Rate limited, waiting 10s...
  Rate limited, waiting 10s...
Batch done: processed 99250 | fixed 88308 | since_id 11072711721233
  Rate limited, waiting 10s...
  Rate limited, waiting 10s...
  Rate limited, waiting 10s...
  Rate limited, waiting 10s...
  Rate limited, waiting 10s...
  Rate limited, waiting 10s...
  Rate limited, waiting 10s...
  Rate limited, waiting 10s...
  Rate limited, waiting 10s...
  Rate limited, waiting 10s...
  Rate limited, waiting 10s...
  Rate limited, waiting 10s...
  Rate limited, waiting 10s...
  Rate limited, waiting 10s...
  Rate limited, waiting 10s...
  Rate limited, waiting 10s...
  Rate limited, waiting 10s...
  Rate limited, waiting 10s...
  Rate limited, waiting 10s...
  Rate limited, waiting 10s...
  Rate limited, waiting 10s...
  Rate limited, waiting 10s...
  Rate limited, waiting 10s...
  Rate limited, waiting 10s...
  Rate limited, waiting 10s...
  Rate limited, waiting 10s...
  Rate limited, waiting 10s...
  Rate limited, waiting 10s...
  Rate limited, waiting 10s...
  Rate limited, waiting 10s...
  Rate limited, waiting 10s...
  Rate limited, waiting 10s...
  Rate limited, waiting 10s...
  Rate limited, waiting 10s...
  Rate limited, waiting 10s...
  Rate limited, waiting 10s...
  Rate limited, waiting 10s...
  Rate limited, waiting 10s...
  Rate limited, waiting 10s...
  Rate limited, waiting 10s...
  Rate limited, waiting 10s...
  Rate limited, waiting 10s...
  Rate limited, waiting 10s...
  Rate limited, waiting 10s...
  Rate limited, waiting 10s...
  Rate limited, waiting 10s...
  Rate limited, waiting 10s...
  Rate limited, waiting 10s...
  Rate limited, waiting 10s...
  Rate limited, waiting 10s...
  Rate limited, waiting 10s...
  Rate limited, waiting 10s...
  Rate limited, waiting 10s...
  Rate limited, waiting 10s...
  Rate limited, waiting 10s...
  Rate limited, waiting 10s...
  Rate limited, waiting 10s...
  Rate limited, waiting 10s...
  Rate limited, waiting 10s...
  Rate limited, waiting 10s...
  Rate limited, waiting 10s...
  Rate limited, waiting 10s...
  Rate limited, waiting 10s...
  Rate limited, waiting 10s...
  Rate limited, waiting 10s...
  Rate limited, waiting 10s...
  Rate limited, waiting 10s...
  Rate limited, waiting 10s...
  Rate limited, waiting 10s...
  Rate limited, waiting 10s...
  Rate limited, waiting 10s...
  Rate limited, waiting 10s...
  Rate limited, waiting 10s...
  Rate limited, waiting 10s...
  Rate limited, waiting 10s...
  Rate limited, waiting 10s...
  Rate limited, waiting 10s...
  Rate limited, waiting 10s...
  Rate limited, waiting 10s...
  Rate limited, waiting 10s...
  Rate limited, waiting 10s...
  Rate limited, waiting 10s...
  Rate limited, waiting 10s...
  Rate limited, waiting 10s...
  Rate limited, waiting 10s...
  Rate limited, waiting 10s...
  Rate limited, waiting 10s...
  Rate limited, waiting 10s...
  Rate limited, waiting 10s...
  Rate limited, waiting 10s...
  Rate limited, waiting 10s...
  Rate limited, waiting 10s...
  Rate limited, waiting 10s...
  Rate limited, waiting 10s...
  Rate limited, waiting 10s...
  Rate limited, waiting 10s...
  Rate limited, waiting 10s...
  Rate limited, waiting 10s...
  Rate limited, waiting 10s...
  Rate limited, waiting 10s...
  Rate limited, waiting 10s...
  Rate limited, waiting 10s...
  Rate limited, waiting 10s...
  Rate limited, waiting 10s...
  Rate limited, waiting 10s...
  Rate limited, waiting 10s...
  Rate limited, waiting 10s...
  Rate limited, waiting 10s...
  Rate limited, waiting 10s...
  Rate limited, waiting 10s...
  Rate limited, waiting 10s...
  Rate limited, waiting 10s...
  Rate limited, waiting 10s...
  Rate limited, waiting 10s...
  Rate limited, waiting 10s...
  Rate limited, waiting 10s...
  Rate limited, waiting 10s...
  Rate limited, waiting 10s...
  Rate limited, waiting 10s...
  Rate limited, waiting 10s...
  Rate limited, waiting 10s...
  Rate limited, waiting 10s...
  Rate limited, waiting 10s...
  Rate limited, waiting 10s...
  Rate limited, waiting 10s...
  Rate limited, waiting 10s...
  Rate limited, waiting 10s...
  Rate limited, waiting 10s...
  Rate limited, waiting 10s...
  Rate limited, waiting 10s...
  Rate limited, waiting 10s...
  Rate limited, waiting 10s...
  Rate limited, waiting 10s...
  Rate limited, waiting 10s...
  Rate limited, waiting 10s...
  Rate limited, waiting 10s...
  Rate limited, waiting 10s...
  Rate limited, waiting 10s...
  Rate limited, waiting 10s...
  Rate limited, waiting 10s...
  Rate limited, waiting 10s...
  Rate limited, waiting 10s...
  Rate limited, waiting 10s...
  Rate limited, waiting 10s...
  Rate limited, waiting 10s...
  Rate limited, waiting 10s...
  Rate limited, waiting 10s...
  Rate limited, waiting 10s...
  Rate limited, waiting 10s...
  Rate limited, waiting 10s...
Batch done: processed 99500 | fixed 88326 | since_id 11075061940497
  Rate limited, waiting 10s...
  Rate limited, waiting 10s...
  Rate limited, waiting 10s...
  Rate limited, waiting 10s...
  Rate limited, waiting 10s...
  Rate limited, waiting 10s...
  Rate limited, waiting 10s...
  Rate limited, waiting 10s...
  Rate limited, waiting 10s...
  Rate limited, waiting 10s...
  Rate limited, waiting 10s...
  Rate limited, waiting 10s...
  Rate limited, waiting 10s...
  Rate limited, waiting 10s...
  Rate limited, waiting 10s...
  Rate limited, waiting 10s...
  Rate limited, waiting 10s...
  Rate limited, waiting 10s...
  Rate limited, waiting 10s...
  Rate limited, waiting 10s...
  Rate limited, waiting 10s...
  Rate limited, waiting 10s...
  Rate limited, waiting 10s...
Fixed 88400 | processed 99500 | latest: Answer 26 LE Syncron Artifacts Jersey 50 -> Answer Answer 26 LE Syncron Artifacts Jersey 50 Ye | Bull...
  Rate limited, waiting 10s...
  Rate limited, waiting 10s...
  Rate limited, waiting 10s...
  Rate limited, waiting 10s...
  Rate limited, waiting 10s...
  Rate limited, waiting 10s...
  Rate limited, waiting 10s...
  Rate limited, waiting 10s...
  Rate limited, waiting 10s...
  Rate limited, waiting 10s...
  Rate limited, waiting 10s...
  Rate limited, waiting 10s...
  Rate limited, waiting 10s...
  Rate limited, waiting 10s...
  Rate limited, waiting 10s...
  Rate limited, waiting 10s...
  Rate limited, waiting 10s...
  Rate limited, waiting 10s...
  Rate limited, waiting 10s...
  Rate limited, waiting 10s...
  Rate limited, waiting 10s...
  Rate limited, waiting 10s...
  Rate limited, waiting 10s...
  Rate limited, waiting 10s...
  Rate limited, waiting 10s...
  Rate limited, waiting 10s...
  Rate limited, waiting 10s...
  Rate limited, waiting 10s...
  Rate limited, waiting 10s...
  Rate limited, waiting 10s...
  Rate limited, waiting 10s...
  Rate limited, waiting 10s...
  Rate limited, waiting 10s...
  Rate limited, waiting 10s...
  Rate limited, waiting 10s...
  Rate limited, waiting 10s...
  Rate limited, waiting 10s...
  Rate limited, waiting 10s...
  Rate limited, waiting 10s...
  Rate limited, waiting 10s...
  Rate limited, waiting 10s...
  Rate limited, waiting 10s...
  Rate limited, waiting 10s...
  Rate limited, waiting 10s...
  Rate limited, waiting 10s...
  Rate limited, waiting 10s...
  Rate limited, waiting 10s...
  Rate limited, waiting 10s...
  Rate limited, waiting 10s...
  Rate limited, waiting 10s...
  Rate limited, waiting 10s...
  Rate limited, waiting 10s...
  Rate limited, waiting 10s...
  Rate limited, waiting 10s...
  Rate limited, waiting 10s...
Fixed 88350 | last: Fidanza 05+ Corvette 6.0L Aluminum Flywh -> Fidanza Fidanza 05+ Corvette 6.0L Aluminum Flywh | BullStrap
  Rate limited, waiting 10s...
  Rate limited, waiting 10s...
  Rate limited, waiting 10s...
  Rate limited, waiting 10s...
  Rate limited, waiting 10s...
  Rate limited, waiting 10s...
  Rate limited, waiting 10s...
  Rate limited, waiting 10s...
  Rate limited, waiting 10s...
  Rate limited, waiting 10s...
  Rate limited, waiting 10s...
  Rate limited, waiting 10s...
  Rate limited, waiting 10s...
  Rate limited, waiting 10s...
  Rate limited, waiting 10s...
  Rate limited, waiting 10s...
Batch done: processed 99750 | fixed 88353 | since_id 11084482412817
  Rate limited, waiting 10s...
  Rate limited, waiting 10s...
  Rate limited, waiting 10s...
  Rate limited, waiting 10s...
  Rate limited, waiting 10s...
  Rate limited, waiting 10s...
  Rate limited, waiting 10s...
  Rate limited, waiting 10s...
  Rate limited, waiting 10s...
  Rate limited, waiting 10s...
  Rate limited, waiting 10s...
  Rate limited, waiting 10s...
  Rate limited, waiting 10s...
  Rate limited, waiting 10s...
  Rate limited, waiting 10s...
  Rate limited, waiting 10s...
  Rate limited, waiting 10s...
  Rate limited, waiting 10s...
  Rate limited, waiting 10s...
  Rate limited, waiting 10s...
  Rate limited, waiting 10s...
  Rate limited, waiting 10s...
  Rate limited, waiting 10s...
  Rate limited, waiting 10s...
  Rate limited, waiting 10s...
  Rate limited, waiting 10s...
  Rate limited, waiting 10s...
  Rate limited, waiting 10s...
  Rate limited, waiting 10s...
  Rate limited, waiting 10s...
  Rate limited, waiting 10s...
  Rate limited, waiting 10s...
  Rate limited, waiting 10s...
  Rate limited, waiting 10s...
  Rate limited, waiting 10s...
  Rate limited, waiting 10s...
  Rate limited, waiting 10s...
  Rate limited, waiting 10s...
  Rate limited, waiting 10s...
  Rate limited, waiting 10s...
  Rate limited, waiting 10s...
  Rate limited, waiting 10s...
  Rate limited, waiting 10s...
  Rate limited, waiting 10s...
  Rate limited, waiting 10s...
  Rate limited, waiting 10s...
  Rate limited, waiting 10s...
  Rate limited, waiting 10s...
  Rate limited, waiting 10s...
  Rate limited, waiting 10s...
  Rate limited, waiting 10s...
  Rate limited, waiting 10s...
  Rate limited, waiting 10s...
  Rate limited, waiting 10s...
  Rate limited, waiting 10s...
  Rate limited, waiting 10s...
  Rate limited, waiting 10s...
  Rate limited, waiting 10s...
  Rate limited, waiting 10s...
  Rate limited, waiting 10s...
  Rate limited, waiting 10s...
  Rate limited, waiting 10s...
  Rate limited, waiting 10s...
  Rate limited, waiting 10s...
  Rate limited, waiting 10s...
  Rate limited, waiting 10s...
  Rate limited, waiting 10s...
  Rate limited, waiting 10s...
  Rate limited, waiting 10s...
  Rate limited, waiting 10s...
  Rate limited, waiting 10s...
  Rate limited, waiting 10s...
  Rate limited, waiting 10s...
  Rate limited, waiting 10s...
  Rate limited, waiting 10s...
  Rate limited, waiting 10s...
  Rate limited, waiting 10s...
  Rate limited, waiting 10s...
  Rate limited, waiting 10s...
  Rate limited, waiting 10s...
  Rate limited, waiting 10s...
  Rate limited, waiting 10s...
  Rate limited, waiting 10s...
  Rate limited, waiting 10s...
  Rate limited, waiting 10s...
  Rate limited, waiting 10s...
  Rate limited, waiting 10s...
  Rate limited, waiting 10s...
  Rate limited, waiting 10s...
  Rate limited, waiting 10s...
  Rate limited, waiting 10s...
  Rate limited, waiting 10s...
  Rate limited, waiting 10s...
  Rate limited, waiting 10s...
  Rate limited, waiting 10s...
  Rate limited, waiting 10s...
  Rate limited, waiting 10s...
  Rate limited, waiting 10s...
  Rate limited, waiting 10s...
  Rate limited, waiting 10s...
  Rate limited, waiting 10s...
  Rate limited, waiting 10s...
  Rate limited, waiting 10s...
  Rate limited, waiting 10s...
  Rate limited, waiting 10s...
  Rate limited, waiting 10s...
  Rate limited, waiting 10s...
  Rate limited, waiting 10s...
  Rate limited, waiting 10s...
  Rate limited, waiting 10s...
  Rate limited, waiting 10s...
  Rate limited, waiting 10s...
  Rate limited, waiting 10s...
  Rate limited, waiting 10s...
  Rate limited, waiting 10s...
  Rate limited, waiting 10s...
  Rate limited, waiting 10s...
  Rate limited, waiting 10s...
  Rate limited, waiting 10s...
  Rate limited, waiting 10s...
  Rate limited, waiting 10s...
  Rate limited, waiting 10s...
  Rate limited, waiting 10s...
  Rate limited, waiting 10s...
  Rate limited, waiting 10s...
  Rate limited, waiting 10s...
  Rate limited, waiting 10s...
  Rate limited, waiting 10s...
  Rate limited, waiting 10s...
  Rate limited, waiting 10s...
  Rate limited, waiting 10s...
  Rate limited, waiting 10s...
  Rate limited, waiting 10s...
  Rate limited, waiting 10s...
  Rate limited, waiting 10s...
  Rate limited, waiting 10s...
  Rate limited, waiting 10s...
  Rate limited, waiting 10s...
  Rate limited, waiting 10s...
  Rate limited, waiting 10s...
  Rate limited, waiting 10s...
  Rate limited, waiting 10s...
  Rate limited, waiting 10s...
  Rate limited, waiting 10s...
  Rate limited, waiting 10s...
  Rate limited, waiting 10s...
  Rate limited, waiting 10s...
  Rate limited, waiting 10s...
  Rate limited, waiting 10s...
  Rate limited, waiting 10s...
  Rate limited, waiting 10s...
  Rate limited, waiting 10s...
  Rate limited, waiting 10s...
  Rate limited, waiting 10s...
  Rate limited, waiting 10s...
  Rate limited, waiting 10s...
  Rate limited, waiting 10s...
  Rate limited, waiting 10s...
  Rate limited, waiting 10s...
  Rate limited, waiting 10s...
  Rate limited, waiting 10s...
  Rate limited, waiting 10s...
  Rate limited, waiting 10s...
  Rate limited, waiting 10s...
  Rate limited, waiting 10s...
  Rate limited, waiting 10s...
  Rate limited, waiting 10s...
  Rate limited, waiting 10s...
  Rate limited, waiting 10s...
  Rate limited, waiting 10s...
  Rate limited, waiting 10s...
  Rate limited, waiting 10s...
  Rate limited, waiting 10s...
  Rate limited, waiting 10s...
  Rate limited, waiting 10s...
  Rate limited, waiting 10s...
  Rate limited, waiting 10s...
  Rate limited, waiting 10s...
  Rate limited, waiting 10s...
  Rate limited, waiting 10s...
  Rate limited, waiting 10s...
  Rate limited, waiting 10s...
  Rate limited, waiting 10s...
  Rate limited, waiting 10s...
  Rate limited, waiting 10s...
  Rate limited, waiting 10s...
  Rate limited, waiting 10s...
  Rate limited, waiting 10s...
  Rate limited, waiting 10s...
  Rate limited, waiting 10s...
  Rate limited, waiting 10s...
  Rate limited, waiting 10s...
  Rate limited, waiting 10s...
  Rate limited, waiting 10s...
  Rate limited, waiting 10s...
  Rate limited, waiting 10s...
  Rate limited, waiting 10s...
  Rate limited, waiting 10s...
  Rate limited, waiting 10s...
  Rate limited, waiting 10s...
  Rate limited, waiting 10s...
  Rate limited, waiting 10s...
  Rate limited, waiting 10s...
  Rate limited, waiting 10s...
  Rate limited, waiting 10s...
  Rate limited, waiting 10s...
  Rate limited, waiting 10s...
  Rate limited, waiting 10s...
  Rate limited, waiting 10s...
  Rate limited, waiting 10s...
Fixed 88400 | last: Skyjacker Leaf Spring 2000-2005 Ford Exc -> Skyjacker Skyjacker Leaf Spring Ford Excursion 4 | BullStrap
  Rate limited, waiting 10s...
  Rate limited, waiting 10s...
  Rate limited, waiting 10s...
  Rate limited, waiting 10s...
  Rate limited, waiting 10s...
  Rate limited, waiting 10s...
Batch done: processed 100000 | fixed 88404 | since_id 11095653908753
  Rate limited, waiting 10s...
  Rate limited, waiting 10s...
  Rate limited, waiting 10s...
  Rate limited, waiting 10s...
Progress: 100000 processed, 88463 fixed
  Rate limited, waiting 10s...
  Rate limited, waiting 10s...
  Rate limited, waiting 10s...
  Rate limited, waiting 10s...
  Rate limited, waiting 10s...
  Rate limited, waiting 10s...
  Rate limited, waiting 10s...
  Rate limited, waiting 10s...
  Rate limited, waiting 10s...
  Rate limited, waiting 10s...
  Rate limited, waiting 10s...
  Rate limited, waiting 10s...
  Rate limited, waiting 10s...
  Rate limited, waiting 10s...
  Rate limited, waiting 10s...
  Rate limited, waiting 10s...
  Rate limited, waiting 10s...
  Rate limited, waiting 10s...
  Rate limited, waiting 10s...
  Rate limited, waiting 10s...
  Rate limited, waiting 10s...
  Rate limited, waiting 10s...
  Rate limited, waiting 10s...
  Rate limited, waiting 10s...
  Rate limited, waiting 10s...
  Rate limited, waiting 10s...
  Rate limited, waiting 10s...
  Rate limited, waiting 10s...
  Rate limited, waiting 10s...
  Rate limited, waiting 10s...
  Rate limited, waiting 10s...
  Rate limited, waiting 10s...
  Rate limited, waiting 10s...
  Rate limited, waiting 10s...
  Rate limited, waiting 10s...
  Rate limited, waiting 10s...
  Rate limited, waiting 10s...
  Rate limited, waiting 10s...
  Rate limited, waiting 10s...
  Rate limited, waiting 10s...
  Rate limited, waiting 10s...
  Rate limited, waiting 10s...
  Rate limited, waiting 10s...
  Rate limited, waiting 10s...
  Rate limited, waiting 10s...
  Rate limited, waiting 10s...
  Rate limited, waiting 10s...
  Rate limited, waiting 10s...
  Rate limited, waiting 10s...
  Rate limited, waiting 10s...
  Rate limited, waiting 10s...
  Rate limited, waiting 10s...
  Rate limited, waiting 10s...
  Rate limited, waiting 10s...
  Rate limited, waiting 10s...
  Rate limited, waiting 10s...
  Rate limited, waiting 10s...
  Rate limited, waiting 10s...
  Rate limited, waiting 10s...
  Rate limited, waiting 10s...
  Rate limited, waiting 10s...
  Rate limited, waiting 10s...
  Rate limited, waiting 10s...
  Rate limited, waiting 10s...
  Rate limited, waiting 10s...
  Rate limited, waiting 10s...
  Rate limited, waiting 10s...
  Rate limited, waiting 10s...
  Rate limited, waiting 10s...
  Rate limited, waiting 10s...
  Rate limited, waiting 10s...
  Rate limited, waiting 10s...
  Rate limited, waiting 10s...
  Rate limited, waiting 10s...
  Rate limited, waiting 10s...
  Rate limited, waiting 10s...
  Rate limited, waiting 10s...
  Rate limited, waiting 10s...
  Rate limited, waiting 10s...
  Rate limited, waiting 10s...
  Rate limited, waiting 10s...
  Rate limited, waiting 10s...
  Rate limited, waiting 10s...
  Rate limited, waiting 10s...
  Rate limited, waiting 10s...
  Rate limited, waiting 10s...
  Rate limited, waiting 10s...
  Rate limited, waiting 10s...
  Rate limited, waiting 10s...
  Rate limited, waiting 10s...
  Rate limited, waiting 10s...
  Rate limited, waiting 10s...
  Rate limited, waiting 10s...
  Rate limited, waiting 10s...
  Rate limited, waiting 10s...
  Rate limited, waiting 10s...
  Rate limited, waiting 10s...
  Rate limited, waiting 10s...
  Rate limited, waiting 10s...
  Rate limited, waiting 10s...
  Rate limited, waiting 10s...
  Rate limited, waiting 10s...
  Rate limited, waiting 10s...
  Rate limited, waiting 10s...
  Rate limited, waiting 10s...
  Rate limited, waiting 10s...
  Rate limited, waiting 10s...
  Rate limited, waiting 10s...
  Rate limited, waiting 10s...
  Rate limited, waiting 10s...
  Rate limited, waiting 10s...
  Rate limited, waiting 10s...
  Rate limited, waiting 10s...
  Rate limited, waiting 10s...
  Rate limited, waiting 10s...
  Rate limited, waiting 10s...
  Rate limited, waiting 10s...
  Rate limited, waiting 10s...
  Rate limited, waiting 10s...
  Rate limited, waiting 10s...
  Rate limited, waiting 10s...
  Rate limited, waiting 10s...
  Rate limited, waiting 10s...
  Rate limited, waiting 10s...
  Rate limited, waiting 10s...
  Rate limited, waiting 10s...
  Rate limited, waiting 10s...
  Rate limited, waiting 10s...
  Rate limited, waiting 10s...
  Rate limited, waiting 10s...
  Rate limited, waiting 10s...
  Rate limited, waiting 10s...
  Rate limited, waiting 10s...
  Rate limited, waiting 10s...
  Rate limited, waiting 10s...
  Rate limited, waiting 10s...
  Rate limited, waiting 10s...
  Rate limited, waiting 10s...
  Rate limited, waiting 10s...
  Rate limited, waiting 10s...
  Rate limited, waiting 10s...
  Rate limited, waiting 10s...
  Rate limited, waiting 10s...
  Rate limited, waiting 10s...
  Rate limited, waiting 10s...
  Rate limited, waiting 10s...
  Rate limited, waiting 10s...
  Rate limited, waiting 10s...
  Rate limited, waiting 10s...
  Rate limited, waiting 10s...
  Rate limited, waiting 10s...
  Rate limited, waiting 10s...
  Rate limited, waiting 10s...
  Rate limited, waiting 10s...
  Rate limited, waiting 10s...
  Rate limited, waiting 10s...
  Rate limited, waiting 10s...
  Rate limited, waiting 10s...
  Rate limited, waiting 10s...
  Rate limited, waiting 10s...
  Rate limited, waiting 10s...
  Rate limited, waiting 10s...
  Rate limited, waiting 10s...
  Rate limited, waiting 10s...
  Rate limited, waiting 10s...
  Rate limited, waiting 10s...
  Rate limited, waiting 10s...
  Rate limited, waiting 10s...
  Rate limited, waiting 10s...
  Rate limited, waiting 10s...
  Rate limited, waiting 10s...
  Rate limited, waiting 10s...
  Rate limited, waiting 10s...
  Rate limited, waiting 10s...
  Rate limited, waiting 10s...
  Rate limited, waiting 10s...
  Rate limited, waiting 10s...
  Rate limited, waiting 10s...
  Rate limited, waiting 10s...
  Rate limited, waiting 10s...
  Rate limited, waiting 10s...
  Rate limited, waiting 10s...
  Rate limited, waiting 10s...
  Rate limited, waiting 10s...
  Rate limited, waiting 10s...
  Rate limited, waiting 10s...
  Rate limited, waiting 10s...
  Rate limited, waiting 10s...
  Rate limited, waiting 10s...
  Rate limited, waiting 10s...
  Rate limited, waiting 10s...
Fixed 88500 | processed 100000 | latest: NGK Laser Iridium Plug Box of 4 (ILZKAR7 -> NGK NGK Laser Iridium Plug Box of 4 (ILZKAR7E11S) | BullS...
  Rate limited, waiting 10s...
  Rate limited, waiting 10s...
  Rate limited, waiting 10s...
  Rate limited, waiting 10s...
  Rate limited, waiting 10s...
  Rate limited, waiting 10s...
  Rate limited, waiting 10s...
  Rate limited, waiting 10s...
  Rate limited, waiting 10s...
  Rate limited, waiting 10s...
  Rate limited, waiting 10s...
  Rate limited, waiting 10s...
  Rate limited, waiting 10s...
  Rate limited, waiting 10s...
  Rate limited, waiting 10s...
  Rate limited, waiting 10s...
  Rate limited, waiting 10s...
  Rate limited, waiting 10s...
  Rate limited, waiting 10s...
  Rate limited, waiting 10s...
  Rate limited, waiting 10s...
  Rate limited, waiting 10s...
  Rate limited, waiting 10s...
  Rate limited, waiting 10s...
  Rate limited, waiting 10s...
  Rate limited, waiting 10s...
  Rate limited, waiting 10s...
  Rate limited, waiting 10s...
  Rate limited, waiting 10s...
  Rate limited, waiting 10s...
  Rate limited, waiting 10s...
  Rate limited, waiting 10s...
Batch done: processed 100250 | fixed 88428 | since_id 11100825878801
  Rate limited, waiting 10s...
  Rate limited, waiting 10s...
  Rate limited, waiting 10s...
  Rate limited, waiting 10s...
  Rate limited, waiting 10s...
  Rate limited, waiting 10s...
  Rate limited, waiting 10s...
  Rate limited, waiting 10s...
  Rate limited, waiting 10s...
  Rate limited, waiting 10s...
  Rate limited, waiting 10s...
  Rate limited, waiting 10s...
  Rate limited, waiting 10s...
  Rate limited, waiting 10s...
  Rate limited, waiting 10s...
  Rate limited, waiting 10s...
  Rate limited, waiting 10s...
  Rate limited, waiting 10s...
  Rate limited, waiting 10s...
  Rate limited, waiting 10s...
  Rate limited, waiting 10s...
  Rate limited, waiting 10s...
  Rate limited, waiting 10s...
  Rate limited, waiting 10s...
  Rate limited, waiting 10s...
  Rate limited, waiting 10s...
  Rate limited, waiting 10s...
  Rate limited, waiting 10s...
  Rate limited, waiting 10s...
  Rate limited, waiting 10s...
  Rate limited, waiting 10s...
  Rate limited, waiting 10s...
  Rate limited, waiting 10s...
  Rate limited, waiting 10s...
  Rate limited, waiting 10s...
  Rate limited, waiting 10s...
  Rate limited, waiting 10s...
  Rate limited, waiting 10s...
  Rate limited, waiting 10s...
  Rate limited, waiting 10s...
  Rate limited, waiting 10s...
  Rate limited, waiting 10s...
  Rate limited, waiting 10s...
  Rate limited, waiting 10s...
  Rate limited, waiting 10s...
  Rate limited, waiting 10s...
  Rate limited, waiting 10s...
  Rate limited, waiting 10s...
  Rate limited, waiting 10s...
  Rate limited, waiting 10s...
  Rate limited, waiting 10s...
  Rate limited, waiting 10s...
  Rate limited, waiting 10s...
  Rate limited, waiting 10s...
  Rate limited, waiting 10s...
  Rate limited, waiting 10s...
  Rate limited, waiting 10s...
  Rate limited, waiting 10s...
  Rate limited, waiting 10s...
  Rate limited, waiting 10s...
  Rate limited, waiting 10s...
  Rate limited, waiting 10s...
  Rate limited, waiting 10s...
  Rate limited, waiting 10s...
  Rate limited, waiting 10s...
  Rate limited, waiting 10s...
  Rate limited, waiting 10s...
  Rate limited, waiting 10s...
  Rate limited, waiting 10s...
  Rate limited, waiting 10s...
  Rate limited, waiting 10s...
  Rate limited, waiting 10s...
  Rate limited, waiting 10s...
  Rate limited, waiting 10s...
  Rate limited, waiting 10s...
  Rate limited, waiting 10s...
  Rate limited, waiting 10s...
  Rate limited, waiting 10s...
  Rate limited, waiting 10s...
  Rate limited, waiting 10s...
  Rate limited, waiting 10s...
  Rate limited, waiting 10s...
  Rate limited, waiting 10s...
  Rate limited, waiting 10s...
  Rate limited, waiting 10s...
  Rate limited, waiting 10s...
  Rate limited, waiting 10s...
  Rate limited, waiting 10s...
  Rate limited, waiting 10s...
  Rate limited, waiting 10s...
  Rate limited, waiting 10s...
  Rate limited, waiting 10s...
  Rate limited, waiting 10s...
  Rate limited, waiting 10s...
  Rate limited, waiting 10s...
  Rate limited, waiting 10s...
  Rate limited, waiting 10s...
  Rate limited, waiting 10s...
  Rate limited, waiting 10s...
  Rate limited, waiting 10s...
  Rate limited, waiting 10s...
  Rate limited, waiting 10s...
  Rate limited, waiting 10s...
  Rate limited, waiting 10s...
  Rate limited, waiting 10s...
  Rate limited, waiting 10s...
  Rate limited, waiting 10s...
  Rate limited, waiting 10s...
  Rate limited, waiting 10s...
  Rate limited, waiting 10s...
  Rate limited, waiting 10s...
  Rate limited, waiting 10s...
  Rate limited, waiting 10s...
  Rate limited, waiting 10s...
  Rate limited, waiting 10s...
  Rate limited, waiting 10s...
  Rate limited, waiting 10s...
  Rate limited, waiting 10s...
  Rate limited, waiting 10s...
  Rate limited, waiting 10s...
  Rate limited, waiting 10s...
  Rate limited, waiting 10s...
  Rate limited, waiting 10s...
  Rate limited, waiting 10s...
  Rate limited, waiting 10s...
  Rate limited, waiting 10s...
  Rate limited, waiting 10s...
  Rate limited, waiting 10s...
  Rate limited, waiting 10s...
  Rate limited, waiting 10s...
  Rate limited, waiting 10s...
  Rate limited, waiting 10s...
  Rate limited, waiting 10s...
  Rate limited, waiting 10s...
  Rate limited, waiting 10s...
  Rate limited, waiting 10s...
  Rate limited, waiting 10s...
  Rate limited, waiting 10s...
  Rate limited, waiting 10s...
  Rate limited, waiting 10s...
  Rate limited, waiting 10s...
  Rate limited, waiting 10s...
  Rate limited, waiting 10s...
  Rate limited, waiting 10s...
  Rate limited, waiting 10s...
  Rate limited, waiting 10s...
  Rate limited, waiting 10s...
  Rate limited, waiting 10s...
  Rate limited, waiting 10s...
  Rate limited, waiting 10s...
  Rate limited, waiting 10s...
  Rate limited, waiting 10s...
  Rate limited, waiting 10s...
  Rate limited, waiting 10s...
  Rate limited, waiting 10s...
  Rate limited, waiting 10s...
  Rate limited, waiting 10s...
  Rate limited, waiting 10s...
  Rate limited, waiting 10s...
  Rate limited, waiting 10s...
  Rate limited, waiting 10s...
  Rate limited, waiting 10s...
  Rate limited, waiting 10s...
  Rate limited, waiting 10s...
  Rate limited, waiting 10s...
  Rate limited, waiting 10s...
  Rate limited, waiting 10s...
  Rate limited, waiting 10s...
  Rate limited, waiting 10s...
  Rate limited, waiting 10s...
  Rate limited, waiting 10s...
  Rate limited, waiting 10s...
  Rate limited, waiting 10s...
  Rate limited, waiting 10s...
  Rate limited, waiting 10s...
  Rate limited, waiting 10s...
  Rate limited, waiting 10s...
  Rate limited, waiting 10s...
  Rate limited, waiting 10s...
  Rate limited, waiting 10s...
  Rate limited, waiting 10s...
  Rate limited, waiting 10s...
  Rate limited, waiting 10s...
  Rate limited, waiting 10s...
  Rate limited, waiting 10s...
  Rate limited, waiting 10s...
  Rate limited, waiting 10s...
Fixed 88450 | last: Konig Oversteer 17x8 5x114.3 ET35 Gloss  -> Konig Konig Oversteer 17x8 5x114.3 ET35 Gloss Bl | BullStrap
  Rate limited, waiting 10s...
Batch done: processed 100500 | fixed 88450 | since_id 11107123003665
  Rate limited, waiting 10s...
  Rate limited, waiting 10s...
  Rate limited, waiting 10s...
  Rate limited, waiting 10s...
  Rate limited, waiting 10s...
  Rate limited, waiting 10s...
  Rate limited, waiting 10s...
  Rate limited, waiting 10s...
  Rate limited, waiting 10s...
  Rate limited, waiting 10s...
  Rate limited, waiting 10s...
  Rate limited, waiting 10s...
  Rate limited, waiting 10s...
  Rate limited, waiting 10s...
  Rate limited, waiting 10s...
  Rate limited, waiting 10s...
  Rate limited, waiting 10s...
  Rate limited, waiting 10s...
  Rate limited, waiting 10s...
  Rate limited, waiting 10s...
  Rate limited, waiting 10s...
  Rate limited, waiting 10s...
  Rate limited, waiting 10s...
  Rate limited, waiting 10s...
  Rate limited, waiting 10s...
  Rate limited, waiting 10s...
  Rate limited, waiting 10s...
  Rate limited, waiting 10s...
  Rate limited, waiting 10s...
  Rate limited, waiting 10s...
  Rate limited, waiting 10s...
  Rate limited, waiting 10s...
  Rate limited, waiting 10s...
  Rate limited, waiting 10s...
  Rate limited, waiting 10s...
  Rate limited, waiting 10s...
  Rate limited, waiting 10s...
  Rate limited, waiting 10s...
  Rate limited, waiting 10s...
  Rate limited, waiting 10s...
  Rate limited, waiting 10s...
  Rate limited, waiting 10s...
  Rate limited, waiting 10s...
  Rate limited, waiting 10s...
  Rate limited, waiting 10s...
  Rate limited, waiting 10s...
  Rate limited, waiting 10s...
  Rate limited, waiting 10s...
  Rate limited, waiting 10s...
  Rate limited, waiting 10s...
  Rate limited, waiting 10s...
  Rate limited, waiting 10s...
  Rate limited, waiting 10s...
  Rate limited, waiting 10s...
  Rate limited, waiting 10s...
  Rate limited, waiting 10s...
  Rate limited, waiting 10s...
  Rate limited, waiting 10s...
  Rate limited, waiting 10s...
  Rate limited, waiting 10s...
  Rate limited, waiting 10s...
  Rate limited, waiting 10s...
  Rate limited, waiting 10s...
  Rate limited, waiting 10s...
  Rate limited, waiting 10s...
  Rate limited, waiting 10s...
  Rate limited, waiting 10s...
  Rate limited, waiting 10s...
  Rate limited, waiting 10s...
  Rate limited, waiting 10s...
  Rate limited, waiting 10s...
  Rate limited, waiting 10s...
  Rate limited, waiting 10s...
  Rate limited, waiting 10s...
  Rate limited, waiting 10s...
  Rate limited, waiting 10s...
  Rate limited, waiting 10s...
  Rate limited, waiting 10s...
  Rate limited, waiting 10s...
  Rate limited, waiting 10s...
  Rate limited, waiting 10s...
  Rate limited, waiting 10s...
  Rate limited, waiting 10s...
  Rate limited, waiting 10s...
  Rate limited, waiting 10s...
  Rate limited, waiting 10s...
  Rate limited, waiting 10s...
  Rate limited, waiting 10s...
  Rate limited, waiting 10s...
  Rate limited, waiting 10s...
  Rate limited, waiting 10s...
  Rate limited, waiting 10s...
  Rate limited, waiting 10s...
  Rate limited, waiting 10s...
  Rate limited, waiting 10s...
  Rate limited, waiting 10s...
  Rate limited, waiting 10s...
  Rate limited, waiting 10s...
  Rate limited, waiting 10s...
  Rate limited, waiting 10s...
  Rate limited, waiting 10s...
  Rate limited, waiting 10s...
  Rate limited, waiting 10s...
  Rate limited, waiting 10s...
  Rate limited, waiting 10s...
  Rate limited, waiting 10s...
  Rate limited, waiting 10s...
  Rate limited, waiting 10s...
  Rate limited, waiting 10s...
  Rate limited, waiting 10s...
  Rate limited, waiting 10s...
  Rate limited, waiting 10s...
  Rate limited, waiting 10s...
  Rate limited, waiting 10s...
  Rate limited, waiting 10s...
  Rate limited, waiting 10s...
  Rate limited, waiting 10s...
  Rate limited, waiting 10s...
  Rate limited, waiting 10s...
  Rate limited, waiting 10s...
  Rate limited, waiting 10s...
  Rate limited, waiting 10s...
  Rate limited, waiting 10s...
  Rate limited, waiting 10s...
  Rate limited, waiting 10s...
  Rate limited, waiting 10s...
  Rate limited, waiting 10s...
  Rate limited, waiting 10s...
  Rate limited, waiting 10s...
  Rate limited, waiting 10s...
  Rate limited, waiting 10s...
  Rate limited, waiting 10s...
  Rate limited, waiting 10s...
  Rate limited, waiting 10s...
  Rate limited, waiting 10s...
  Rate limited, waiting 10s...
  Rate limited, waiting 10s...
  Rate limited, waiting 10s...
  Rate limited, waiting 10s...
  Rate limited, waiting 10s...
  Rate limited, waiting 10s...
  Rate limited, waiting 10s...
Fixed 88600 | processed 100500 | latest: KYB Shocks & Struts Strut Mounts Front F -> KYB Shocks 2013-18 | BullStrap
  Rate limited, waiting 10s...
  Rate limited, waiting 10s...
  Rate limited, waiting 10s...
  Rate limited, waiting 10s...
  Rate limited, waiting 10s...
  Rate limited, waiting 10s...
  Rate limited, waiting 10s...
  Rate limited, waiting 10s...
  Rate limited, waiting 10s...
  Rate limited, waiting 10s...
  Rate limited, waiting 10s...
  Rate limited, waiting 10s...
  Rate limited, waiting 10s...
  Rate limited, waiting 10s...
  Rate limited, waiting 10s...
  Rate limited, waiting 10s...
  Rate limited, waiting 10s...
  Rate limited, waiting 10s...
  Rate limited, waiting 10s...
  Rate limited, waiting 10s...
  Rate limited, waiting 10s...
  Rate limited, waiting 10s...
  Rate limited, waiting 10s...
  Rate limited, waiting 10s...
  Rate limited, waiting 10s...
  Rate limited, waiting 10s...
  Rate limited, waiting 10s...
  Rate limited, waiting 10s...
  Rate limited, waiting 10s...
  Rate limited, waiting 10s...
  Rate limited, waiting 10s...
  Rate limited, waiting 10s...
  Rate limited, waiting 10s...
  Rate limited, waiting 10s...
  Rate limited, waiting 10s...
  Rate limited, waiting 10s...
  Rate limited, waiting 10s...
  Rate limited, waiting 10s...
  Rate limited, waiting 10s...
  Rate limited, waiting 10s...
  Rate limited, waiting 10s...
  Rate limited, waiting 10s...
  Rate limited, waiting 10s...
  Rate limited, waiting 10s...
  Rate limited, waiting 10s...
  Rate limited, waiting 10s...
  Rate limited, waiting 10s...
  Rate limited, waiting 10s...
  Rate limited, waiting 10s...
  Rate limited, waiting 10s...
  Rate limited, waiting 10s...
  Rate limited, waiting 10s...
  Rate limited, waiting 10s...
  Rate limited, waiting 10s...
  Rate limited, waiting 10s...
  Rate limited, waiting 10s...
  Rate limited, waiting 10s...
  Rate limited, waiting 10s...
  Rate limited, waiting 10s...
  Rate limited, waiting 10s...
  Rate limited, waiting 10s...
  Rate limited, waiting 10s...
  Rate limited, waiting 10s...
  Rate limited, waiting 10s...
  Rate limited, waiting 10s...
  Rate limited, waiting 10s...
  Rate limited, waiting 10s...
  Rate limited, waiting 10s...
  Rate limited, waiting 10s...
  Rate limited, waiting 10s...
  Rate limited, waiting 10s...
  Rate limited, waiting 10s...
  Rate limited, waiting 10s...
  Rate limited, waiting 10s...
  Rate limited, waiting 10s...
  Rate limited, waiting 10s...
  Rate limited, waiting 10s...
  Rate limited, waiting 10s...
  Rate limited, waiting 10s...
  Rate limited, waiting 10s...
  Rate limited, waiting 10s...
  Rate limited, waiting 10s...
  Rate limited, waiting 10s...
  Rate limited, waiting 10s...
Batch done: processed 100750 | fixed 88489 | since_id 11111948845329
  Rate limited, waiting 10s...
  Rate limited, waiting 10s...
  Rate limited, waiting 10s...
  Rate limited, waiting 10s...
  Rate limited, waiting 10s...
  Rate limited, waiting 10s...
  Rate limited, waiting 10s...
  Rate limited, waiting 10s...
  Rate limited, waiting 10s...
  Rate limited, waiting 10s...
  Rate limited, waiting 10s...
  Rate limited, waiting 10s...
  Rate limited, waiting 10s...
  Rate limited, waiting 10s...
  Rate limited, waiting 10s...
  Rate limited, waiting 10s...
  Rate limited, waiting 10s...
  Rate limited, waiting 10s...
  Rate limited, waiting 10s...
  Rate limited, waiting 10s...
  Rate limited, waiting 10s...
  Rate limited, waiting 10s...
  Rate limited, waiting 10s...
  Rate limited, waiting 10s...
  Rate limited, waiting 10s...
  Rate limited, waiting 10s...
  Rate limited, waiting 10s...
  Rate limited, waiting 10s...
  Rate limited, waiting 10s...
  Rate limited, waiting 10s...
  Rate limited, waiting 10s...
  Rate limited, waiting 10s...
  Rate limited, waiting 10s...
  Rate limited, waiting 10s...
  Rate limited, waiting 10s...
  Rate limited, waiting 10s...
  Rate limited, waiting 10s...
  Rate limited, waiting 10s...
  Rate limited, waiting 10s...
  Rate limited, waiting 10s...
  Rate limited, waiting 10s...
  Rate limited, waiting 10s...
  Rate limited, waiting 10s...
  Rate limited, waiting 10s...
  Rate limited, waiting 10s...
  Rate limited, waiting 10s...
  Rate limited, waiting 10s...
  Rate limited, waiting 10s...
  Rate limited, waiting 10s...
  Rate limited, waiting 10s...
  Rate limited, waiting 10s...
  Rate limited, waiting 10s...
  Rate limited, waiting 10s...
  Rate limited, waiting 10s...
  Rate limited, waiting 10s...
  Rate limited, waiting 10s...
  Rate limited, waiting 10s...
  Rate limited, waiting 10s...
  Rate limited, waiting 10s...
  Rate limited, waiting 10s...
  Rate limited, waiting 10s...
  Rate limited, waiting 10s...
  Rate limited, waiting 10s...
  Rate limited, waiting 10s...
  Rate limited, waiting 10s...
  Rate limited, waiting 10s...
  Rate limited, waiting 10s...
  Rate limited, waiting 10s...
  Rate limited, waiting 10s...
  Rate limited, waiting 10s...
  Rate limited, waiting 10s...
  Rate limited, waiting 10s...
  Rate limited, waiting 10s...
  Rate limited, waiting 10s...
  Rate limited, waiting 10s...
  Rate limited, waiting 10s...
  Rate limited, waiting 10s...
  Rate limited, waiting 10s...
  Rate limited, waiting 10s...
  Rate limited, waiting 10s...
  Rate limited, waiting 10s...
  Rate limited, waiting 10s...
  Rate limited, waiting 10s...
Batch done: processed 101000 | fixed 88498 | since_id 11114828267793
  Rate limited, waiting 10s...
  Rate limited, waiting 10s...
  Rate limited, waiting 10s...
  Rate limited, waiting 10s...
  Rate limited, waiting 10s...
  Rate limited, waiting 10s...
  Rate limited, waiting 10s...
  Rate limited, waiting 10s...
  Rate limited, waiting 10s...
  Rate limited, waiting 10s...
  Rate limited, waiting 10s...
  Rate limited, waiting 10s...
  Rate limited, waiting 10s...
  Rate limited, waiting 10s...
  Rate limited, waiting 10s...
  Rate limited, waiting 10s...
  Rate limited, waiting 10s...
  Rate limited, waiting 10s...
  Rate limited, waiting 10s...
  Rate limited, waiting 10s...
  Rate limited, waiting 10s...
  Rate limited, waiting 10s...
  Rate limited, waiting 10s...
  Rate limited, waiting 10s...
  Rate limited, waiting 10s...
  Rate limited, waiting 10s...
  Rate limited, waiting 10s...
  Rate limited, waiting 10s...
  Rate limited, waiting 10s...
  Rate limited, waiting 10s...
  Rate limited, waiting 10s...
  Rate limited, waiting 10s...
  Rate limited, waiting 10s...
  Rate limited, waiting 10s...
  Rate limited, waiting 10s...
  Rate limited, waiting 10s...
  Rate limited, waiting 10s...
  Rate limited, waiting 10s...
  Rate limited, waiting 10s...
  Rate limited, waiting 10s...
  Rate limited, waiting 10s...
  Rate limited, waiting 10s...
  Rate limited, waiting 10s...
  Rate limited, waiting 10s...
  Rate limited, waiting 10s...
  Rate limited, waiting 10s...
  Rate limited, waiting 10s...
  Rate limited, waiting 10s...
  Rate limited, waiting 10s...
  Rate limited, waiting 10s...
  Rate limited, waiting 10s...
  Rate limited, waiting 10s...
  Rate limited, waiting 10s...
  Rate limited, waiting 10s...
  Rate limited, waiting 10s...
  Rate limited, waiting 10s...
  Rate limited, waiting 10s...
  Rate limited, waiting 10s...
  Rate limited, waiting 10s...
  Rate limited, waiting 10s...
  Rate limited, waiting 10s...
  Rate limited, waiting 10s...
  Rate limited, waiting 10s...
  Rate limited, waiting 10s...
  Rate limited, waiting 10s...
  Rate limited, waiting 10s...
  Rate limited, waiting 10s...
  Rate limited, waiting 10s...
  Rate limited, waiting 10s...
  Rate limited, waiting 10s...
  Rate limited, waiting 10s...
  Rate limited, waiting 10s...
  Rate limited, waiting 10s...
  Rate limited, waiting 10s...
  Rate limited, waiting 10s...
  Rate limited, waiting 10s...
  Rate limited, waiting 10s...
  Rate limited, waiting 10s...
  Rate limited, waiting 10s...
  Rate limited, waiting 10s...
  Rate limited, waiting 10s...
  Rate limited, waiting 10s...
  Rate limited, waiting 10s...
  Rate limited, waiting 10s...
  Rate limited, waiting 10s...
  Rate limited, waiting 10s...
  Rate limited, waiting 10s...
  Rate limited, waiting 10s...
  Rate limited, waiting 10s...
  Rate limited, waiting 10s...
  Rate limited, waiting 10s...
  Rate limited, waiting 10s...
  Rate limited, waiting 10s...
  Rate limited, waiting 10s...
  Rate limited, waiting 10s...
  Rate limited, waiting 10s...
  Rate limited, waiting 10s...
  Rate limited, waiting 10s...
  Rate limited, waiting 10s...
  Rate limited, waiting 10s...
  Rate limited, waiting 10s...
  Rate limited, waiting 10s...
  Rate limited, waiting 10s...
  Rate limited, waiting 10s...
  Rate limited, waiting 10s...
  Rate limited, waiting 10s...
  Rate limited, waiting 10s...
  Rate limited, waiting 10s...
  Rate limited, waiting 10s...
  Rate limited, waiting 10s...
  Rate limited, waiting 10s...
  Rate limited, waiting 10s...
  Rate limited, waiting 10s...
  Rate limited, waiting 10s...
  Rate limited, waiting 10s...
  Rate limited, waiting 10s...
  Rate limited, waiting 10s...
  Rate limited, waiting 10s...
  Rate limited, waiting 10s...
  Rate limited, waiting 10s...
  Rate limited, waiting 10s...
  Rate limited, waiting 10s...
  Rate limited, waiting 10s...
  Rate limited, waiting 10s...
  Rate limited, waiting 10s...
  Rate limited, waiting 10s...
  Rate limited, waiting 10s...
  Rate limited, waiting 10s...
  Rate limited, waiting 10s...
  Rate limited, waiting 10s...
  Rate limited, waiting 10s...
  Rate limited, waiting 10s...
  Rate limited, waiting 10s...
  Rate limited, waiting 10s...
  Rate limited, waiting 10s...
  Rate limited, waiting 10s...
  Rate limited, waiting 10s...
  Rate limited, waiting 10s...
  Rate limited, waiting 10s...
  Rate limited, waiting 10s...
  Rate limited, waiting 10s...
  Rate limited, waiting 10s...
  Rate limited, waiting 10s...
  Rate limited, waiting 10s...
  Rate limited, waiting 10s...
  Rate limited, waiting 10s...
  Rate limited, waiting 10s...
  Rate limited, waiting 10s...
  Rate limited, waiting 10s...
  Rate limited, waiting 10s...
  Rate limited, waiting 10s...
  Rate limited, waiting 10s...
  Rate limited, waiting 10s...
  Rate limited, waiting 10s...
  Rate limited, waiting 10s...
  Rate limited, waiting 10s...
  Rate limited, waiting 10s...
  Rate limited, waiting 10s...
  Rate limited, waiting 10s...
  Rate limited, waiting 10s...
  Rate limited, waiting 10s...
  Rate limited, waiting 10s...
  Rate limited, waiting 10s...
  Rate limited, waiting 10s...
  Rate limited, waiting 10s...
  Rate limited, waiting 10s...
  Rate limited, waiting 10s...
  Rate limited, waiting 10s...
  Rate limited, waiting 10s...
  Rate limited, waiting 10s...
  Rate limited, waiting 10s...
  Rate limited, waiting 10s...
  Rate limited, waiting 10s...
  Rate limited, waiting 10s...
  Rate limited, waiting 10s...
  Rate limited, waiting 10s...
  Rate limited, waiting 10s...
  Rate limited, waiting 10s...
Batch done: processed 101250 | fixed 88498 | since_id 11114838950161
  Rate limited, waiting 10s...
  Rate limited, waiting 10s...
  Rate limited, waiting 10s...
  Rate limited, waiting 10s...
  Rate limited, waiting 10s...
  Rate limited, waiting 10s...
  Rate limited, waiting 10s...
  Rate limited, waiting 10s...
  Rate limited, waiting 10s...
  Rate limited, waiting 10s...
  Rate limited, waiting 10s...
  Rate limited, waiting 10s...
  Rate limited, waiting 10s...
  Rate limited, waiting 10s...
  Rate limited, waiting 10s...
  Rate limited, waiting 10s...
  Rate limited, waiting 10s...
  Rate limited, waiting 10s...
  Rate limited, waiting 10s...
  Rate limited, waiting 10s...
  Rate limited, waiting 10s...
  Rate limited, waiting 10s...
  Rate limited, waiting 10s...
  Rate limited, waiting 10s...
  Rate limited, waiting 10s...
  Rate limited, waiting 10s...
  Rate limited, waiting 10s...
  Rate limited, waiting 10s...
  Rate limited, waiting 10s...
  Rate limited, waiting 10s...
  Rate limited, waiting 10s...
  Rate limited, waiting 10s...
  Rate limited, waiting 10s...
  Rate limited, waiting 10s...
  Rate limited, waiting 10s...
  Rate limited, waiting 10s...
Fixed 88500 | last: Hot Cams 08-13 Yamaha WR 250 R Dual Spor -> Hot Cams Hot Cams Yamaha WR 250 R Dual Sport 250 | BullStrap
  Rate limited, waiting 10s...
  Rate limited, waiting 10s...
  Rate limited, waiting 10s...
  Rate limited, waiting 10s...
  Rate limited, waiting 10s...
  Rate limited, waiting 10s...
  Rate limited, waiting 10s...
  Rate limited, waiting 10s...
  Rate limited, waiting 10s...
  Rate limited, waiting 10s...
  Rate limited, waiting 10s...
  Rate limited, waiting 10s...
  Rate limited, waiting 10s...
  Rate limited, waiting 10s...
  Rate limited, waiting 10s...
  Rate limited, waiting 10s...
  Rate limited, waiting 10s...
  Rate limited, waiting 10s...
  Rate limited, waiting 10s...
  Rate limited, waiting 10s...
  Rate limited, waiting 10s...
  Rate limited, waiting 10s...
  Rate limited, waiting 10s...
  Rate limited, waiting 10s...
  Rate limited, waiting 10s...
  Rate limited, waiting 10s...
  Rate limited, waiting 10s...
  Rate limited, waiting 10s...
  Rate limited, waiting 10s...
  Rate limited, waiting 10s...
  Rate limited, waiting 10s...
  Rate limited, waiting 10s...
  Rate limited, waiting 10s...
  Rate limited, waiting 10s...
  Rate limited, waiting 10s...
  Rate limited, waiting 10s...
  Rate limited, waiting 10s...
  Rate limited, waiting 10s...
  Rate limited, waiting 10s...
  Rate limited, waiting 10s...
  Rate limited, waiting 10s...
  Rate limited, waiting 10s...
  Rate limited, waiting 10s...
  Rate limited, waiting 10s...
  Rate limited, waiting 10s...
  Rate limited, waiting 10s...
  Rate limited, waiting 10s...
  Rate limited, waiting 10s...
  Rate limited, waiting 10s...
  Rate limited, waiting 10s...
  Rate limited, waiting 10s...
  Rate limited, waiting 10s...
  Rate limited, waiting 10s...
  Rate limited, waiting 10s...
  Rate limited, waiting 10s...
  Rate limited, waiting 10s...
  Rate limited, waiting 10s...
  Rate limited, waiting 10s...
  Rate limited, waiting 10s...
  Rate limited, waiting 10s...
  Rate limited, waiting 10s...
  Rate limited, waiting 10s...
  Rate limited, waiting 10s...
  Rate limited, waiting 10s...
  Rate limited, waiting 10s...
  Rate limited, waiting 10s...
  Rate limited, waiting 10s...
  Rate limited, waiting 10s...
  Rate limited, waiting 10s...
  Rate limited, waiting 10s...
  Rate limited, waiting 10s...
  Rate limited, waiting 10s...
  Rate limited, waiting 10s...
  Rate limited, waiting 10s...
  Rate limited, waiting 10s...
  Rate limited, waiting 10s...
  Rate limited, waiting 10s...
  Rate limited, waiting 10s...
  Rate limited, waiting 10s...
  Rate limited, waiting 10s...
  Rate limited, waiting 10s...
  Rate limited, waiting 10s...
  Rate limited, waiting 10s...
  Rate limited, waiting 10s...
  Rate limited, waiting 10s...
  Rate limited, waiting 10s...
  Rate limited, waiting 10s...
  Rate limited, waiting 10s...
  Rate limited, waiting 10s...
  Rate limited, waiting 10s...
  Rate limited, waiting 10s...
  Rate limited, waiting 10s...
  Rate limited, waiting 10s...
  Rate limited, waiting 10s...
  Rate limited, waiting 10s...
  Rate limited, waiting 10s...
  Rate limited, waiting 10s...
  Rate limited, waiting 10s...
  Rate limited, waiting 10s...
  Rate limited, waiting 10s...
  Rate limited, waiting 10s...
  Rate limited, waiting 10s...
  Rate limited, waiting 10s...
  Rate limited, waiting 10s...
  Rate limited, waiting 10s...
  Rate limited, waiting 10s...
  Rate limited, waiting 10s...
  Rate limited, waiting 10s...
  Rate limited, waiting 10s...
  Rate limited, waiting 10s...
  Rate limited, waiting 10s...
  Rate limited, waiting 10s...
  Rate limited, waiting 10s...
  Rate limited, waiting 10s...
  Rate limited, waiting 10s...
Batch done: processed 101500 | fixed 88529 | since_id 11118466760977
  Rate limited, waiting 10s...
  Rate limited, waiting 10s...
  Rate limited, waiting 10s...
  Rate limited, waiting 10s...
  Rate limited, waiting 10s...
  Rate limited, waiting 10s...
  Rate limited, waiting 10s...
  Rate limited, waiting 10s...
  Rate limited, waiting 10s...
  Rate limited, waiting 10s...
  Rate limited, waiting 10s...
  Rate limited, waiting 10s...
  Rate limited, waiting 10s...
  Rate limited, waiting 10s...
  Rate limited, waiting 10s...
  Rate limited, waiting 10s...
  Rate limited, waiting 10s...
  Rate limited, waiting 10s...
  Rate limited, waiting 10s...
  Rate limited, waiting 10s...
  Rate limited, waiting 10s...
  Rate limited, waiting 10s...
  Rate limited, waiting 10s...
  Rate limited, waiting 10s...
  Rate limited, waiting 10s...
  Rate limited, waiting 10s...
  Rate limited, waiting 10s...
  Rate limited, waiting 10s...
  Rate limited, waiting 10s...
  Rate limited, waiting 10s...
  Rate limited, waiting 10s...
  Rate limited, waiting 10s...
  Rate limited, waiting 10s...
  Rate limited, waiting 10s...
  Rate limited, waiting 10s...
  Rate limited, waiting 10s...
  Rate limited, waiting 10s...
  Rate limited, waiting 10s...
  Rate limited, waiting 10s...
  Rate limited, waiting 10s...
  Rate limited, waiting 10s...
  Rate limited, waiting 10s...
  Rate limited, waiting 10s...
  Rate limited, waiting 10s...
  Rate limited, waiting 10s...
  Rate limited, waiting 10s...
  Rate limited, waiting 10s...
  Rate limited, waiting 10s...
  Rate limited, waiting 10s...
  Rate limited, waiting 10s...
  Rate limited, waiting 10s...
  Rate limited, waiting 10s...
  Rate limited, waiting 10s...
  Rate limited, waiting 10s...
  Rate limited, waiting 10s...
  Rate limited, waiting 10s...
  Rate limited, waiting 10s...
  Rate limited, waiting 10s...
  Rate limited, waiting 10s...
  Rate limited, waiting 10s...
  Rate limited, waiting 10s...
  Rate limited, waiting 10s...
  Rate limited, waiting 10s...
  Rate limited, waiting 10s...
  Rate limited, waiting 10s...
  Rate limited, waiting 10s...
  Rate limited, waiting 10s...
  Rate limited, waiting 10s...
  Rate limited, waiting 10s...
  Rate limited, waiting 10s...
  Rate limited, waiting 10s...
  Rate limited, waiting 10s...
  Rate limited, waiting 10s...
  Rate limited, waiting 10s...
  Rate limited, waiting 10s...
  Rate limited, waiting 10s...
  Rate limited, waiting 10s...
  Rate limited, waiting 10s...
Fixed 88550 | last: Answer 26 LE Syncron Artifacts Jersey 50 -> Answer Answer 26 LE Syncron Artifacts Jersey 50  | BullStrap
  Rate limited, waiting 10s...
  Rate limited, waiting 10s...
  Rate limited, waiting 10s...
  Rate limited, waiting 10s...
  Rate limited, waiting 10s...
  Rate limited, waiting 10s...
  Rate limited, waiting 10s...
  Rate limited, waiting 10s...
  Rate limited, waiting 10s...
  Rate limited, waiting 10s...
  Rate limited, waiting 10s...
  Rate limited, waiting 10s...
  Rate limited, waiting 10s...
  Rate limited, waiting 10s...
  Rate limited, waiting 10s...
  Rate limited, waiting 10s...
  Rate limited, waiting 10s...
  Rate limited, waiting 10s...
  Rate limited, waiting 10s...
  Rate limited, waiting 10s...
  Rate limited, waiting 10s...
  Rate limited, waiting 10s...
  Rate limited, waiting 10s...
  Rate limited, waiting 10s...
  Rate limited, waiting 10s...
  Rate limited, waiting 10s...
  Rate limited, waiting 10s...
  Rate limited, waiting 10s...
  Rate limited, waiting 10s...
  Rate limited, waiting 10s...
  Rate limited, waiting 10s...
  Rate limited, waiting 10s...
  Rate limited, waiting 10s...
  Rate limited, waiting 10s...
  Rate limited, waiting 10s...
  Rate limited, waiting 10s...
  Rate limited, waiting 10s...
  Rate limited, waiting 10s...
  Rate limited, waiting 10s...
  Rate limited, waiting 10s...
  Rate limited, waiting 10s...
  Rate limited, waiting 10s...
  Rate limited, waiting 10s...
  Rate limited, waiting 10s...
  Rate limited, waiting 10s...
  Rate limited, waiting 10s...
  Rate limited, waiting 10s...
  Rate limited, waiting 10s...
  Rate limited, waiting 10s...
  Rate limited, waiting 10s...
  Rate limited, waiting 10s...
  Rate limited, waiting 10s...
  Rate limited, waiting 10s...
  Rate limited, waiting 10s...
  Rate limited, waiting 10s...
  Rate limited, waiting 10s...
  Rate limited, waiting 10s...
  Rate limited, waiting 10s...
  Rate limited, waiting 10s...
  Rate limited, waiting 10s...
  Rate limited, waiting 10s...
  Rate limited, waiting 10s...
  Rate limited, waiting 10s...
  Rate limited, waiting 10s...
  Rate limited, waiting 10s...
  Rate limited, waiting 10s...
  Rate limited, waiting 10s...
  Rate limited, waiting 10s...
  Rate limited, waiting 10s...
  Rate limited, waiting 10s...
  Rate limited, waiting 10s...
  Rate limited, waiting 10s...
  Rate limited, waiting 10s...
  Rate limited, waiting 10s...
  Rate limited, waiting 10s...
  Rate limited, waiting 10s...
  Rate limited, waiting 10s...
  Rate limited, waiting 10s...
  Rate limited, waiting 10s...
Batch done: processed 101750 | fixed 88571 | since_id 11124468908305
  Rate limited, waiting 10s...
  Rate limited, waiting 10s...
  Rate limited, waiting 10s...
  Rate limited, waiting 10s...
  Rate limited, waiting 10s...
  Rate limited, waiting 10s...
  Rate limited, waiting 10s...
  Rate limited, waiting 10s...
  Rate limited, waiting 10s...
  Rate limited, waiting 10s...
  Rate limited, waiting 10s...
  Rate limited, waiting 10s...
  Rate limited, waiting 10s...
  Rate limited, waiting 10s...
  Rate limited, waiting 10s...
  Rate limited, waiting 10s...
  Rate limited, waiting 10s...
  Rate limited, waiting 10s...
  Rate limited, waiting 10s...
  Rate limited, waiting 10s...
  Rate limited, waiting 10s...
  Rate limited, waiting 10s...
  Rate limited, waiting 10s...
  Rate limited, waiting 10s...
  Rate limited, waiting 10s...
  Rate limited, waiting 10s...
  Rate limited, waiting 10s...
  Rate limited, waiting 10s...
  Rate limited, waiting 10s...
  Rate limited, waiting 10s...
  Rate limited, waiting 10s...
  Rate limited, waiting 10s...
  Rate limited, waiting 10s...
  Rate limited, waiting 10s...
  Rate limited, waiting 10s...
  Rate limited, waiting 10s...
  Rate limited, waiting 10s...
  Rate limited, waiting 10s...
  Rate limited, waiting 10s...
  Rate limited, waiting 10s...
  Rate limited, waiting 10s...
  Rate limited, waiting 10s...
  Rate limited, waiting 10s...
  Rate limited, waiting 10s...
  Rate limited, waiting 10s...
  Rate limited, waiting 10s...
  Rate limited, waiting 10s...
  Rate limited, waiting 10s...
  Rate limited, waiting 10s...
  Rate limited, waiting 10s...
  Rate limited, waiting 10s...
  Rate limited, waiting 10s...
  Rate limited, waiting 10s...
  Rate limited, waiting 10s...
  Rate limited, waiting 10s...
  Rate limited, waiting 10s...
  Rate limited, waiting 10s...
  Rate limited, waiting 10s...
  Rate limited, waiting 10s...
  Rate limited, waiting 10s...
  Rate limited, waiting 10s...
  Rate limited, waiting 10s...
  Rate limited, waiting 10s...
  Rate limited, waiting 10s...
  Rate limited, waiting 10s...
  Rate limited, waiting 10s...
  Rate limited, waiting 10s...
  Rate limited, waiting 10s...
  Rate limited, waiting 10s...
  Rate limited, waiting 10s...
  Rate limited, waiting 10s...
  Rate limited, waiting 10s...
  Rate limited, waiting 10s...
Fixed 88600 | last: Gates 1989 Bombardier Formula Mach I XTC -> Gates Gates 1989 Bombardier Formula Mach I XTC 5 | BullStrap
  Rate limited, waiting 10s...
  Rate limited, waiting 10s...
  Rate limited, waiting 10s...
  Rate limited, waiting 10s...
  Rate limited, waiting 10s...
  Rate limited, waiting 10s...
  Rate limited, waiting 10s...
  Rate limited, waiting 10s...
  Rate limited, waiting 10s...
  Rate limited, waiting 10s...
  Rate limited, waiting 10s...
  Rate limited, waiting 10s...
  Rate limited, waiting 10s...
  Rate limited, waiting 10s...
  Rate limited, waiting 10s...
  Rate limited, waiting 10s...
  Rate limited, waiting 10s...
  Rate limited, waiting 10s...
  Rate limited, waiting 10s...
  Rate limited, waiting 10s...
  Rate limited, waiting 10s...
  Rate limited, waiting 10s...
  Rate limited, waiting 10s...
  Rate limited, waiting 10s...
  Rate limited, waiting 10s...
  Rate limited, waiting 10s...
  Rate limited, waiting 10s...
  Rate limited, waiting 10s...
  Rate limited, waiting 10s...
  Rate limited, waiting 10s...
  Rate limited, waiting 10s...
  Rate limited, waiting 10s...
  Rate limited, waiting 10s...
  Rate limited, waiting 10s...
  Rate limited, waiting 10s...
  Rate limited, waiting 10s...
  Rate limited, waiting 10s...
  Rate limited, waiting 10s...
  Rate limited, waiting 10s...
  Rate limited, waiting 10s...
  Rate limited, waiting 10s...
  Rate limited, waiting 10s...
  Rate limited, waiting 10s...
  Rate limited, waiting 10s...
  Rate limited, waiting 10s...
  Rate limited, waiting 10s...
  Rate limited, waiting 10s...
  Rate limited, waiting 10s...
  Rate limited, waiting 10s...
  Rate limited, waiting 10s...
  Rate limited, waiting 10s...
  Rate limited, waiting 10s...
  Rate limited, waiting 10s...
  Rate limited, waiting 10s...
  Rate limited, waiting 10s...
  Rate limited, waiting 10s...
  Rate limited, waiting 10s...
  Rate limited, waiting 10s...
  Rate limited, waiting 10s...
  Rate limited, waiting 10s...
  Rate limited, waiting 10s...
  Rate limited, waiting 10s...
  Rate limited, waiting 10s...
  Rate limited, waiting 10s...
  Rate limited, waiting 10s...
  Rate limited, waiting 10s...
  Rate limited, waiting 10s...
  Rate limited, waiting 10s...
  Rate limited, waiting 10s...
  Rate limited, waiting 10s...
  Rate limited, waiting 10s...
  Rate limited, waiting 10s...
  Rate limited, waiting 10s...
  Rate limited, waiting 10s...
  Rate limited, waiting 10s...
  Rate limited, waiting 10s...
  Rate limited, waiting 10s...
  Rate limited, waiting 10s...
  Rate limited, waiting 10s...
  Rate limited, waiting 10s...
  Rate limited, waiting 10s...
  Rate limited, waiting 10s...
  Rate limited, waiting 10s...
  Rate limited, waiting 10s...
  Rate limited, waiting 10s...
  Rate limited, waiting 10s...
  Rate limited, waiting 10s...
  Rate limited, waiting 10s...
  Rate limited, waiting 10s...
  Rate limited, waiting 10s...
  Rate limited, waiting 10s...
  Rate limited, waiting 10s...
  Rate limited, waiting 10s...
  Rate limited, waiting 10s...
  Rate limited, waiting 10s...
  Rate limited, waiting 10s...
  Rate limited, waiting 10s...
  Rate limited, waiting 10s...
  Rate limited, waiting 10s...
Batch done: processed 102000 | fixed 88615 | since_id 11129577013521
  Rate limited, waiting 10s...
  Rate limited, waiting 10s...
  Rate limited, waiting 10s...
  Rate limited, waiting 10s...
  Rate limited, waiting 10s...
  Rate limited, waiting 10s...
  Rate limited, waiting 10s...
  Rate limited, waiting 10s...
  Rate limited, waiting 10s...
  Rate limited, waiting 10s...
  Rate limited, waiting 10s...
  Rate limited, waiting 10s...
  Rate limited, waiting 10s...
  Rate limited, waiting 10s...
  Rate limited, waiting 10s...
  Rate limited, waiting 10s...
  Rate limited, waiting 10s...
  Rate limited, waiting 10s...
  Rate limited, waiting 10s...
  Rate limited, waiting 10s...
  Rate limited, waiting 10s...
  Rate limited, waiting 10s...
  Rate limited, waiting 10s...
  Rate limited, waiting 10s...
  Rate limited, waiting 10s...
  Rate limited, waiting 10s...
  Rate limited, waiting 10s...
  Rate limited, waiting 10s...
  Rate limited, waiting 10s...
  Rate limited, waiting 10s...
  Rate limited, waiting 10s...
  Rate limited, waiting 10s...
  Rate limited, waiting 10s...
  Rate limited, waiting 10s...
  Rate limited, waiting 10s...
  Rate limited, waiting 10s...
  Rate limited, waiting 10s...
  Rate limited, waiting 10s...
  Rate limited, waiting 10s...
  Rate limited, waiting 10s...
  Rate limited, waiting 10s...
  Rate limited, waiting 10s...
  Rate limited, waiting 10s...
  Rate limited, waiting 10s...
  Rate limited, waiting 10s...
  Rate limited, waiting 10s...
  Rate limited, waiting 10s...
  Rate limited, waiting 10s...
  Rate limited, waiting 10s...
  Rate limited, waiting 10s...
  Rate limited, waiting 10s...
  Rate limited, waiting 10s...
  Rate limited, waiting 10s...
  Rate limited, waiting 10s...
  Rate limited, waiting 10s...
  Rate limited, waiting 10s...
  Rate limited, waiting 10s...
  Rate limited, waiting 10s...
  Rate limited, waiting 10s...
  Rate limited, waiting 10s...
  Rate limited, waiting 10s...
  Rate limited, waiting 10s...
  Rate limited, waiting 10s...
  Rate limited, waiting 10s...
  Rate limited, waiting 10s...
  Rate limited, waiting 10s...
  Rate limited, waiting 10s...
  Rate limited, waiting 10s...
  Rate limited, waiting 10s...
  Rate limited, waiting 10s...
  Rate limited, waiting 10s...
  Rate limited, waiting 10s...
  Rate limited, waiting 10s...
  Rate limited, waiting 10s...
  Rate limited, waiting 10s...
  Rate limited, waiting 10s...
  Rate limited, waiting 10s...
  Rate limited, waiting 10s...
  Rate limited, waiting 10s...
  Rate limited, waiting 10s...
  Rate limited, waiting 10s...
  Rate limited, waiting 10s...
  Rate limited, waiting 10s...
  Rate limited, waiting 10s...
  Rate limited, waiting 10s...
  Rate limited, waiting 10s...
  Rate limited, waiting 10s...
  Rate limited, waiting 10s...
  Rate limited, waiting 10s...
  Rate limited, waiting 10s...
  Rate limited, waiting 10s...
  Rate limited, waiting 10s...
  Rate limited, waiting 10s...
  Rate limited, waiting 10s...
  Rate limited, waiting 10s...
  Rate limited, waiting 10s...
  Rate limited, waiting 10s...
  Rate limited, waiting 10s...
  Rate limited, waiting 10s...
  Rate limited, waiting 10s...
  Rate limited, waiting 10s...
  Rate limited, waiting 10s...
  Rate limited, waiting 10s...
  Rate limited, waiting 10s...
  Rate limited, waiting 10s...
  Rate limited, waiting 10s...
  Rate limited, waiting 10s...
  Rate limited, waiting 10s...
  Rate limited, waiting 10s...
  Rate limited, waiting 10s...
  Rate limited, waiting 10s...
  Rate limited, waiting 10s...
  Rate limited, waiting 10s...
  Rate limited, waiting 10s...
  Rate limited, waiting 10s...
  Rate limited, waiting 10s...
  Rate limited, waiting 10s...
Fixed 88700 | processed 102000 | latest: Zone Offroad 14-26 Ford F150 6in Loaded  -> Zone Offroad Shocks 14-26 | BullStrap
  Rate limited, waiting 10s...
  Rate limited, waiting 10s...
  Rate limited, waiting 10s...
  Rate limited, waiting 10s...
  Rate limited, waiting 10s...
  Rate limited, waiting 10s...
  Rate limited, waiting 10s...
  Rate limited, waiting 10s...
  Rate limited, waiting 10s...
Fixed 88650 | last: Vossen HFX-1 20x10 - 8x180 - ET18 - Supe -> Vossen Vossen HFX-1 20x10 - 8x180 - ET18 - Super | BullStrap
  Rate limited, waiting 10s...
  Rate limited, waiting 10s...
  Rate limited, waiting 10s...
  Rate limited, waiting 10s...
  Rate limited, waiting 10s...
  Rate limited, waiting 10s...
  Rate limited, waiting 10s...
  Rate limited, waiting 10s...
  Rate limited, waiting 10s...
  Rate limited, waiting 10s...
  Rate limited, waiting 10s...
  Rate limited, waiting 10s...
  Rate limited, waiting 10s...
  Rate limited, waiting 10s...
  Rate limited, waiting 10s...
  Rate limited, waiting 10s...
  Rate limited, waiting 10s...
  Rate limited, waiting 10s...
  Rate limited, waiting 10s...
  Rate limited, waiting 10s...
  Rate limited, waiting 10s...
  Rate limited, waiting 10s...
Batch done: processed 102250 | fixed 88666 | since_id 11139283190033
  Rate limited, waiting 10s...
  Rate limited, waiting 10s...
  Rate limited, waiting 10s...
  Rate limited, waiting 10s...
  Rate limited, waiting 10s...
  Rate limited, waiting 10s...
  Rate limited, waiting 10s...
  Rate limited, waiting 10s...
  Rate limited, waiting 10s...
  Rate limited, waiting 10s...
  Rate limited, waiting 10s...
  Rate limited, waiting 10s...
  Rate limited, waiting 10s...
  Rate limited, waiting 10s...
  Rate limited, waiting 10s...
  Rate limited, waiting 10s...
  Rate limited, waiting 10s...
  Rate limited, waiting 10s...
  Rate limited, waiting 10s...
  Rate limited, waiting 10s...
  Rate limited, waiting 10s...
  Rate limited, waiting 10s...
  Rate limited, waiting 10s...
  Rate limited, waiting 10s...
  Rate limited, waiting 10s...
  Rate limited, waiting 10s...
  Rate limited, waiting 10s...
  Rate limited, waiting 10s...
  Rate limited, waiting 10s...
  Rate limited, waiting 10s...
  Rate limited, waiting 10s...
  Rate limited, waiting 10s...
  Rate limited, waiting 10s...
  Rate limited, waiting 10s...
  Rate limited, waiting 10s...
  Rate limited, waiting 10s...
  Rate limited, waiting 10s...
  Rate limited, waiting 10s...
  Rate limited, waiting 10s...
  Rate limited, waiting 10s...
  Rate limited, waiting 10s...
  Rate limited, waiting 10s...
  Rate limited, waiting 10s...
  Rate limited, waiting 10s...
  Rate limited, waiting 10s...
  Rate limited, waiting 10s...
  Rate limited, waiting 10s...
  Rate limited, waiting 10s...
  Rate limited, waiting 10s...
  Rate limited, waiting 10s...
  Rate limited, waiting 10s...
  Rate limited, waiting 10s...
  Rate limited, waiting 10s...
  Rate limited, waiting 10s...
Fixed 88700 | last: Rock Krawler 2019+ Jeep Wrangler JT 4.5i -> Rock Krawler Rock Krawler Jeep Wrangler JT 4.5in | BullStrap
  Rate limited, waiting 10s...
  Rate limited, waiting 10s...
  Rate limited, waiting 10s...
  Rate limited, waiting 10s...
  Rate limited, waiting 10s...
  Rate limited, waiting 10s...
  Rate limited, waiting 10s...
  Rate limited, waiting 10s...
  Rate limited, waiting 10s...
  Rate limited, waiting 10s...
  Rate limited, waiting 10s...
  Rate limited, waiting 10s...
  Rate limited, waiting 10s...
  Rate limited, waiting 10s...
  Rate limited, waiting 10s...
  Rate limited, waiting 10s...
  Rate limited, waiting 10s...
  Rate limited, waiting 10s...
  Rate limited, waiting 10s...
  Rate limited, waiting 10s...
  Rate limited, waiting 10s...
  Rate limited, waiting 10s...
  Rate limited, waiting 10s...
  Rate limited, waiting 10s...
  Rate limited, waiting 10s...
  Rate limited, waiting 10s...
  Rate limited, waiting 10s...
  Rate limited, waiting 10s...
  Rate limited, waiting 10s...
  Rate limited, waiting 10s...
  Rate limited, waiting 10s...
  Rate limited, waiting 10s...
  Rate limited, waiting 10s...
  Rate limited, waiting 10s...
  Rate limited, waiting 10s...
  Rate limited, waiting 10s...
  Rate limited, waiting 10s...
  Rate limited, waiting 10s...
  Rate limited, waiting 10s...
  Rate limited, waiting 10s...
  Rate limited, waiting 10s...
  Rate limited, waiting 10s...
  Rate limited, waiting 10s...
  Rate limited, waiting 10s...
  Rate limited, waiting 10s...
  Rate limited, waiting 10s...
  Rate limited, waiting 10s...
  Rate limited, waiting 10s...
  Rate limited, waiting 10s...
  Rate limited, waiting 10s...
  Rate limited, waiting 10s...
  Rate limited, waiting 10s...
  Rate limited, waiting 10s...
  Rate limited, waiting 10s...
  Rate limited, waiting 10s...
  Rate limited, waiting 10s...
  Rate limited, waiting 10s...
  Rate limited, waiting 10s...
  Rate limited, waiting 10s...
  Rate limited, waiting 10s...
  Rate limited, waiting 10s...
  Rate limited, waiting 10s...
  Rate limited, waiting 10s...
  Rate limited, waiting 10s...
  Rate limited, waiting 10s...
  Rate limited, waiting 10s...
  Rate limited, waiting 10s...
  Rate limited, waiting 10s...
  Rate limited, waiting 10s...
  Rate limited, waiting 10s...
  Rate limited, waiting 10s...
  Rate limited, waiting 10s...
  Rate limited, waiting 10s...
  Rate limited, waiting 10s...
  Rate limited, waiting 10s...
  Rate limited, waiting 10s...
  Rate limited, waiting 10s...
  Rate limited, waiting 10s...
  Rate limited, waiting 10s...
  Rate limited, waiting 10s...
  Rate limited, waiting 10s...
  Rate limited, waiting 10s...
  Rate limited, waiting 10s...
  Rate limited, waiting 10s...
  Rate limited, waiting 10s...
  Rate limited, waiting 10s...
  Rate limited, waiting 10s...
  Rate limited, waiting 10s...
  Rate limited, waiting 10s...
  Rate limited, waiting 10s...
  Rate limited, waiting 10s...
  Rate limited, waiting 10s...
  Rate limited, waiting 10s...
  Rate limited, waiting 10s...
  Rate limited, waiting 10s...
Fixed 88800 | processed 102250 | latest: Vortex Racing H-L205 HR05 Brake Lever Sh -> Vortex Racing Vortex Racing H-L205 HR05 Brake Leve | Bull...
  Rate limited, waiting 10s...
  Rate limited, waiting 10s...
  Rate limited, waiting 10s...
  Rate limited, waiting 10s...
  Rate limited, waiting 10s...
  Rate limited, waiting 10s...
  Rate limited, waiting 10s...
  Rate limited, waiting 10s...
  Rate limited, waiting 10s...
  Rate limited, waiting 10s...
  Rate limited, waiting 10s...
  Rate limited, waiting 10s...
  Rate limited, waiting 10s...
  Rate limited, waiting 10s...
  Rate limited, waiting 10s...
  Rate limited, waiting 10s...
  Rate limited, waiting 10s...
  Rate limited, waiting 10s...
  Rate limited, waiting 10s...
Fixed 88750 | last: Westin 2024+ Toyota Tacoma 74in Bed Soft -> Westin Tonneau Cover 2024+ | BullStrap
  Rate limited, waiting 10s...
  Rate limited, waiting 10s...
  Rate limited, waiting 10s...
  Rate limited, waiting 10s...
  Rate limited, waiting 10s...
  Rate limited, waiting 10s...
Batch done: processed 102500 | fixed 88755 | since_id 11141760057617
  Rate limited, waiting 10s...
  Rate limited, waiting 10s...
  Rate limited, waiting 10s...
  Rate limited, waiting 10s...
  Rate limited, waiting 10s...
  Rate limited, waiting 10s...
  Rate limited, waiting 10s...
  Rate limited, waiting 10s...
  Rate limited, waiting 10s...
  Rate limited, waiting 10s...
  Rate limited, waiting 10s...
  Rate limited, waiting 10s...
  Rate limited, waiting 10s...
  Rate limited, waiting 10s...
  Rate limited, waiting 10s...
  Rate limited, waiting 10s...
  Rate limited, waiting 10s...
  Rate limited, waiting 10s...
  Rate limited, waiting 10s...
  Rate limited, waiting 10s...
  Rate limited, waiting 10s...
  Rate limited, waiting 10s...
  Rate limited, waiting 10s...
  Rate limited, waiting 10s...
  Rate limited, waiting 10s...
  Rate limited, waiting 10s...
  Rate limited, waiting 10s...
  Rate limited, waiting 10s...
  Rate limited, waiting 10s...
  Rate limited, waiting 10s...
  Rate limited, waiting 10s...
  Rate limited, waiting 10s...
  Rate limited, waiting 10s...
  Rate limited, waiting 10s...
  Rate limited, waiting 10s...
  Rate limited, waiting 10s...
  Rate limited, waiting 10s...
  Rate limited, waiting 10s...
  Rate limited, waiting 10s...
  Rate limited, waiting 10s...
  Rate limited, waiting 10s...
  Rate limited, waiting 10s...
  Rate limited, waiting 10s...
  Rate limited, waiting 10s...
  Rate limited, waiting 10s...
  Rate limited, waiting 10s...
  Rate limited, waiting 10s...
  Rate limited, waiting 10s...
  Rate limited, waiting 10s...
  Rate limited, waiting 10s...
  Rate limited, waiting 10s...
  Rate limited, waiting 10s...
  Rate limited, waiting 10s...
  Rate limited, waiting 10s...
  Rate limited, waiting 10s...
  Rate limited, waiting 10s...
  Rate limited, waiting 10s...
  Rate limited, waiting 10s...
  Rate limited, waiting 10s...
  Rate limited, waiting 10s...
  Rate limited, waiting 10s...
  Rate limited, waiting 10s...
  Rate limited, waiting 10s...
  Rate limited, waiting 10s...
  Rate limited, waiting 10s...
  Rate limited, waiting 10s...
  Rate limited, waiting 10s...
  Rate limited, waiting 10s...
  Rate limited, waiting 10s...
  Rate limited, waiting 10s...
  Rate limited, waiting 10s...
  Rate limited, waiting 10s...
  Rate limited, waiting 10s...
  Rate limited, waiting 10s...
  Rate limited, waiting 10s...
  Rate limited, waiting 10s...
  Rate limited, waiting 10s...
  Rate limited, waiting 10s...
  Rate limited, waiting 10s...
  Rate limited, waiting 10s...
  Rate limited, waiting 10s...
  Rate limited, waiting 10s...
  Rate limited, waiting 10s...
  Rate limited, waiting 10s...
  Rate limited, waiting 10s...
  Rate limited, waiting 10s...
  Rate limited, waiting 10s...
  Rate limited, waiting 10s...
  Rate limited, waiting 10s...
  Rate limited, waiting 10s...
  Rate limited, waiting 10s...
  Rate limited, waiting 10s...
  Rate limited, waiting 10s...
  Rate limited, waiting 10s...
  Rate limited, waiting 10s...
  Rate limited, waiting 10s...
  Rate limited, waiting 10s...
  Rate limited, waiting 10s...
  Rate limited, waiting 10s...
  Rate limited, waiting 10s...
  Rate limited, waiting 10s...
  Rate limited, waiting 10s...
  Rate limited, waiting 10s...
  Rate limited, waiting 10s...
  Rate limited, waiting 10s...
  Rate limited, waiting 10s...
  Rate limited, waiting 10s...
  Rate limited, waiting 10s...
  Rate limited, waiting 10s...
  Rate limited, waiting 10s...
  Rate limited, waiting 10s...
  Rate limited, waiting 10s...
  Rate limited, waiting 10s...
  Rate limited, waiting 10s...
  Rate limited, waiting 10s...
  Rate limited, waiting 10s...
  Rate limited, waiting 10s...
Batch done: processed 102750 | fixed 88775 | since_id 11147410243857
  Rate limited, waiting 10s...
  Rate limited, waiting 10s...
  Rate limited, waiting 10s...
  Rate limited, waiting 10s...
  Rate limited, waiting 10s...
  Rate limited, waiting 10s...
  Rate limited, waiting 10s...
  Rate limited, waiting 10s...
  Rate limited, waiting 10s...
  Rate limited, waiting 10s...
  Rate limited, waiting 10s...
  Rate limited, waiting 10s...
  Rate limited, waiting 10s...
  Rate limited, waiting 10s...
  Rate limited, waiting 10s...
  Rate limited, waiting 10s...
  Rate limited, waiting 10s...
  Rate limited, waiting 10s...
  Rate limited, waiting 10s...
  Rate limited, waiting 10s...
  Rate limited, waiting 10s...
  Rate limited, waiting 10s...
  Rate limited, waiting 10s...
  Rate limited, waiting 10s...
  Rate limited, waiting 10s...
  Rate limited, waiting 10s...
  Rate limited, waiting 10s...
  Rate limited, waiting 10s...
  Rate limited, waiting 10s...
  Rate limited, waiting 10s...
  Rate limited, waiting 10s...
  Rate limited, waiting 10s...
  Rate limited, waiting 10s...
  Rate limited, waiting 10s...
  Rate limited, waiting 10s...
  Rate limited, waiting 10s...
  Rate limited, waiting 10s...
  Rate limited, waiting 10s...
  Rate limited, waiting 10s...
  Rate limited, waiting 10s...
  Rate limited, waiting 10s...
  Rate limited, waiting 10s...
  Rate limited, waiting 10s...
  Rate limited, waiting 10s...
  Rate limited, waiting 10s...
  Rate limited, waiting 10s...
  Rate limited, waiting 10s...
  Rate limited, waiting 10s...
  Rate limited, waiting 10s...
  Rate limited, waiting 10s...
  Rate limited, waiting 10s...
  Rate limited, waiting 10s...
  Rate limited, waiting 10s...
  Rate limited, waiting 10s...
  Rate limited, waiting 10s...
  Rate limited, waiting 10s...
  Rate limited, waiting 10s...
  Rate limited, waiting 10s...
  Rate limited, waiting 10s...
  Rate limited, waiting 10s...
  Rate limited, waiting 10s...
  Rate limited, waiting 10s...
  Rate limited, waiting 10s...
  Rate limited, waiting 10s...
  Rate limited, waiting 10s...
  Rate limited, waiting 10s...
  Rate limited, waiting 10s...
  Rate limited, waiting 10s...
  Rate limited, waiting 10s...
  Rate limited, waiting 10s...
  Rate limited, waiting 10s...
  Rate limited, waiting 10s...
  Rate limited, waiting 10s...
  Rate limited, waiting 10s...
  Rate limited, waiting 10s...
  Rate limited, waiting 10s...
  Rate limited, waiting 10s...
  Rate limited, waiting 10s...
  Rate limited, waiting 10s...
  Rate limited, waiting 10s...
  Rate limited, waiting 10s...
  Rate limited, waiting 10s...
  Rate limited, waiting 10s...
  Rate limited, waiting 10s...
  Rate limited, waiting 10s...
  Rate limited, waiting 10s...
  Rate limited, waiting 10s...
  Rate limited, waiting 10s...
  Rate limited, waiting 10s...
  Rate limited, waiting 10s...
  Rate limited, waiting 10s...
  Rate limited, waiting 10s...
  Rate limited, waiting 10s...
  Rate limited, waiting 10s...
  Rate limited, waiting 10s...
  Rate limited, waiting 10s...
  Rate limited, waiting 10s...
  Rate limited, waiting 10s...
  Rate limited, waiting 10s...
  Rate limited, waiting 10s...
  Rate limited, waiting 10s...
  Rate limited, waiting 10s...
  Rate limited, waiting 10s...
  Rate limited, waiting 10s...
  Rate limited, waiting 10s...
  Rate limited, waiting 10s...
  Rate limited, waiting 10s...
  Rate limited, waiting 10s...
  Rate limited, waiting 10s...
  Rate limited, waiting 10s...
  Rate limited, waiting 10s...
  Rate limited, waiting 10s...
  Rate limited, waiting 10s...
  Rate limited, waiting 10s...
  Rate limited, waiting 10s...
  Rate limited, waiting 10s...
  Rate limited, waiting 10s...
  Rate limited, waiting 10s...
  Rate limited, waiting 10s...
  Rate limited, waiting 10s...
  Rate limited, waiting 10s...
  Rate limited, waiting 10s...
  Rate limited, waiting 10s...
  Rate limited, waiting 10s...
  Rate limited, waiting 10s...
  Rate limited, waiting 10s...
  Rate limited, waiting 10s...
  Rate limited, waiting 10s...
  Rate limited, waiting 10s...
  Rate limited, waiting 10s...
  Rate limited, waiting 10s...
  Rate limited, waiting 10s...
  Rate limited, waiting 10s...
  Rate limited, waiting 10s...
  Rate limited, waiting 10s...
  Rate limited, waiting 10s...
  Rate limited, waiting 10s...
  Rate limited, waiting 10s...
  Rate limited, waiting 10s...
  Rate limited, waiting 10s...
  Rate limited, waiting 10s...
  Rate limited, waiting 10s...
  Rate limited, waiting 10s...
  Rate limited, waiting 10s...
  Rate limited, waiting 10s...
  Rate limited, waiting 10s...
  Rate limited, waiting 10s...
  Rate limited, waiting 10s...
  Rate limited, waiting 10s...
  Rate limited, waiting 10s...
  Rate limited, waiting 10s...
  Rate limited, waiting 10s...
  Rate limited, waiting 10s...
  Rate limited, waiting 10s...
  Rate limited, waiting 10s...
  Rate limited, waiting 10s...
  Rate limited, waiting 10s...
  Rate limited, waiting 10s...
  Rate limited, waiting 10s...
  Rate limited, waiting 10s...
  Rate limited, waiting 10s...
  Rate limited, waiting 10s...
  Rate limited, waiting 10s...
  Rate limited, waiting 10s...
  Rate limited, waiting 10s...
  Rate limited, waiting 10s...
  Rate limited, waiting 10s...
  Rate limited, waiting 10s...
  Rate limited, waiting 10s...
  Rate limited, waiting 10s...
  Rate limited, waiting 10s...
  Rate limited, waiting 10s...
  Rate limited, waiting 10s...
  Rate limited, waiting 10s...
  Rate limited, waiting 10s...
  Rate limited, waiting 10s...
  Rate limited, waiting 10s...
  Rate limited, waiting 10s...
  Rate limited, waiting 10s...
  Rate limited, waiting 10s...
Batch done: processed 103000 | fixed 88775 | since_id 11149040091409
  Rate limited, waiting 10s...
  Rate limited, waiting 10s...
  Rate limited, waiting 10s...
  Rate limited, waiting 10s...
  Rate limited, waiting 10s...
  Rate limited, waiting 10s...
  Rate limited, waiting 10s...
  Rate limited, waiting 10s...
  Rate limited, waiting 10s...
  Rate limited, waiting 10s...
  Rate limited, waiting 10s...
  Rate limited, waiting 10s...
  Rate limited, waiting 10s...
  Rate limited, waiting 10s...
  Rate limited, waiting 10s...
  Rate limited, waiting 10s...
  Rate limited, waiting 10s...
  Rate limited, waiting 10s...
  Rate limited, waiting 10s...
  Rate limited, waiting 10s...
  Rate limited, waiting 10s...
  Rate limited, waiting 10s...
  Rate limited, waiting 10s...
  Rate limited, waiting 10s...
  Rate limited, waiting 10s...
  Rate limited, waiting 10s...
  Rate limited, waiting 10s...
  Rate limited, waiting 10s...
  Rate limited, waiting 10s...
  Rate limited, waiting 10s...
  Rate limited, waiting 10s...
  Rate limited, waiting 10s...
  Rate limited, waiting 10s...
  Rate limited, waiting 10s...
  Rate limited, waiting 10s...
  Rate limited, waiting 10s...
  Rate limited, waiting 10s...
  Rate limited, waiting 10s...
  Rate limited, waiting 10s...
  Rate limited, waiting 10s...
  Rate limited, waiting 10s...
  Rate limited, waiting 10s...
  Rate limited, waiting 10s...
  Rate limited, waiting 10s...
  Rate limited, waiting 10s...
  Rate limited, waiting 10s...
  Rate limited, waiting 10s...
  Rate limited, waiting 10s...
  Rate limited, waiting 10s...
  Rate limited, waiting 10s...
  Rate limited, waiting 10s...
  Rate limited, waiting 10s...
  Rate limited, waiting 10s...
  Rate limited, waiting 10s...
  Rate limited, waiting 10s...
  Rate limited, waiting 10s...
  Rate limited, waiting 10s...
  Rate limited, waiting 10s...
  Rate limited, waiting 10s...
  Rate limited, waiting 10s...
  Rate limited, waiting 10s...
  Rate limited, waiting 10s...
  Rate limited, waiting 10s...
  Rate limited, waiting 10s...
  Rate limited, waiting 10s...
  Rate limited, waiting 10s...
  Rate limited, waiting 10s...
  Rate limited, waiting 10s...
  Rate limited, waiting 10s...
  Rate limited, waiting 10s...
  Rate limited, waiting 10s...
  Rate limited, waiting 10s...
  Rate limited, waiting 10s...
  Rate limited, waiting 10s...
  Rate limited, waiting 10s...
  Rate limited, waiting 10s...
  Rate limited, waiting 10s...
  Rate limited, waiting 10s...
  Rate limited, waiting 10s...
  Rate limited, waiting 10s...
  Rate limited, waiting 10s...
  Rate limited, waiting 10s...
  Rate limited, waiting 10s...
  Rate limited, waiting 10s...
  Rate limited, waiting 10s...
  Rate limited, waiting 10s...
  Rate limited, waiting 10s...
  Rate limited, waiting 10s...
  Rate limited, waiting 10s...
  Rate limited, waiting 10s...
  Rate limited, waiting 10s...
  Rate limited, waiting 10s...
  Rate limited, waiting 10s...
  Rate limited, waiting 10s...
  Rate limited, waiting 10s...
  Rate limited, waiting 10s...
  Rate limited, waiting 10s...
  Rate limited, waiting 10s...
  Rate limited, waiting 10s...
  Rate limited, waiting 10s...
  Rate limited, waiting 10s...
  Rate limited, waiting 10s...
  Rate limited, waiting 10s...
  Rate limited, waiting 10s...
  Rate limited, waiting 10s...
  Rate limited, waiting 10s...
  Rate limited, waiting 10s...
  Rate limited, waiting 10s...
  Rate limited, waiting 10s...
  Rate limited, waiting 10s...
  Rate limited, waiting 10s...
  Rate limited, waiting 10s...
  Rate limited, waiting 10s...
  Rate limited, waiting 10s...
  Rate limited, waiting 10s...
  Rate limited, waiting 10s...
  Rate limited, waiting 10s...
  Rate limited, waiting 10s...
  Rate limited, waiting 10s...
  Rate limited, waiting 10s...
  Rate limited, waiting 10s...
  Rate limited, waiting 10s...
  Rate limited, waiting 10s...
  Rate limited, waiting 10s...
  Rate limited, waiting 10s...
  Rate limited, waiting 10s...
  Rate limited, waiting 10s...
  Rate limited, waiting 10s...
  Rate limited, waiting 10s...
  Rate limited, waiting 10s...
  Rate limited, waiting 10s...
  Rate limited, waiting 10s...
  Rate limited, waiting 10s...
  Rate limited, waiting 10s...
  Rate limited, waiting 10s...
  Rate limited, waiting 10s...
  Rate limited, waiting 10s...
  Rate limited, waiting 10s...
  Rate limited, waiting 10s...
  Rate limited, waiting 10s...
  Rate limited, waiting 10s...
  Rate limited, waiting 10s...
  Rate limited, waiting 10s...
  Rate limited, waiting 10s...
  Rate limited, waiting 10s...
  Rate limited, waiting 10s...
  Rate limited, waiting 10s...
  Rate limited, waiting 10s...
  Rate limited, waiting 10s...
  Rate limited, waiting 10s...
  Rate limited, waiting 10s...
  Rate limited, waiting 10s...
  Rate limited, waiting 10s...
  Rate limited, waiting 10s...
  Rate limited, waiting 10s...
  Rate limited, waiting 10s...
  Rate limited, waiting 10s...
  Rate limited, waiting 10s...
  Rate limited, waiting 10s...
  Rate limited, waiting 10s...
Batch done: processed 103250 | fixed 88775 | since_id 11153115906321
  Rate limited, waiting 10s...
  Rate limited, waiting 10s...
  Rate limited, waiting 10s...
  Rate limited, waiting 10s...
  Rate limited, waiting 10s...
  Rate limited, waiting 10s...
  Rate limited, waiting 10s...
  Rate limited, waiting 10s...
  Rate limited, waiting 10s...
  Rate limited, waiting 10s...
  Rate limited, waiting 10s...
  Rate limited, waiting 10s...
  Rate limited, waiting 10s...
  Rate limited, waiting 10s...
  Rate limited, waiting 10s...
  Rate limited, waiting 10s...
  Rate limited, waiting 10s...
  Rate limited, waiting 10s...
  Rate limited, waiting 10s...
  Rate limited, waiting 10s...
  Rate limited, waiting 10s...
  Rate limited, waiting 10s...
  Rate limited, waiting 10s...
  Rate limited, waiting 10s...
  Rate limited, waiting 10s...
  Rate limited, waiting 10s...
  Rate limited, waiting 10s...
  Rate limited, waiting 10s...
  Rate limited, waiting 10s...
  Rate limited, waiting 10s...
  Rate limited, waiting 10s...
  Rate limited, waiting 10s...
  Rate limited, waiting 10s...
  Rate limited, waiting 10s...
  Rate limited, waiting 10s...
  Rate limited, waiting 10s...
  Rate limited, waiting 10s...
  Rate limited, waiting 10s...
  Rate limited, waiting 10s...
  Rate limited, waiting 10s...
  Rate limited, waiting 10s...
  Rate limited, waiting 10s...
  Rate limited, waiting 10s...
  Rate limited, waiting 10s...
  Rate limited, waiting 10s...
  Rate limited, waiting 10s...
  Rate limited, waiting 10s...
  Rate limited, waiting 10s...
  Rate limited, waiting 10s...
  Rate limited, waiting 10s...
  Rate limited, waiting 10s...
  Rate limited, waiting 10s...
  Rate limited, waiting 10s...
  Rate limited, waiting 10s...
  Rate limited, waiting 10s...
  Rate limited, waiting 10s...
  Rate limited, waiting 10s...
  Rate limited, waiting 10s...
  Rate limited, waiting 10s...
  Rate limited, waiting 10s...
  Rate limited, waiting 10s...
  Rate limited, waiting 10s...
  Rate limited, waiting 10s...
  Rate limited, waiting 10s...
  Rate limited, waiting 10s...
  Rate limited, waiting 10s...
  Rate limited, waiting 10s...
  Rate limited, waiting 10s...
  Rate limited, waiting 10s...
  Rate limited, waiting 10s...
  Rate limited, waiting 10s...
  Rate limited, waiting 10s...
  Rate limited, waiting 10s...
  Rate limited, waiting 10s...
  Rate limited, waiting 10s...
  Rate limited, waiting 10s...
  Rate limited, waiting 10s...
  Rate limited, waiting 10s...
  Rate limited, waiting 10s...
  Rate limited, waiting 10s...
  Rate limited, waiting 10s...
  Rate limited, waiting 10s...
  Rate limited, waiting 10s...
  Rate limited, waiting 10s...
  Rate limited, waiting 10s...
  Rate limited, waiting 10s...
  Rate limited, waiting 10s...
  Rate limited, waiting 10s...
  Rate limited, waiting 10s...
  Rate limited, waiting 10s...
  Rate limited, waiting 10s...
  Rate limited, waiting 10s...
  Rate limited, waiting 10s...
  Rate limited, waiting 10s...
  Rate limited, waiting 10s...
  Rate limited, waiting 10s...
  Rate limited, waiting 10s...
  Rate limited, waiting 10s...
  Rate limited, waiting 10s...
  Rate limited, waiting 10s...
  Rate limited, waiting 10s...
  Rate limited, waiting 10s...
  Rate limited, waiting 10s...
  Rate limited, waiting 10s...
  Rate limited, waiting 10s...
  Rate limited, waiting 10s...
  Rate limited, waiting 10s...
  Rate limited, waiting 10s...
  Rate limited, waiting 10s...
  Rate limited, waiting 10s...
  Rate limited, waiting 10s...
  Rate limited, waiting 10s...
  Rate limited, waiting 10s...
  Rate limited, waiting 10s...
  Rate limited, waiting 10s...
  Rate limited, waiting 10s...
  Rate limited, waiting 10s...
  Rate limited, waiting 10s...
  Rate limited, waiting 10s...
  Rate limited, waiting 10s...
  Rate limited, waiting 10s...
  Rate limited, waiting 10s...
  Rate limited, waiting 10s...
  Rate limited, waiting 10s...
  Rate limited, waiting 10s...
  Rate limited, waiting 10s...
  Rate limited, waiting 10s...
  Rate limited, waiting 10s...
  Rate limited, waiting 10s...
  Rate limited, waiting 10s...
  Rate limited, waiting 10s...
  Rate limited, waiting 10s...
  Rate limited, waiting 10s...
  Rate limited, waiting 10s...
  Rate limited, waiting 10s...
  Rate limited, waiting 10s...
  Rate limited, waiting 10s...
  Rate limited, waiting 10s...
  Rate limited, waiting 10s...
  Rate limited, waiting 10s...
  Rate limited, waiting 10s...
  Rate limited, waiting 10s...
  Rate limited, waiting 10s...
  Rate limited, waiting 10s...
  Rate limited, waiting 10s...
  Rate limited, waiting 10s...
  Rate limited, waiting 10s...
  Rate limited, waiting 10s...
  Rate limited, waiting 10s...
  Rate limited, waiting 10s...
  Rate limited, waiting 10s...
  Rate limited, waiting 10s...
  Rate limited, waiting 10s...
  Rate limited, waiting 10s...
  Rate limited, waiting 10s...
  Rate limited, waiting 10s...
  Rate limited, waiting 10s...
  Rate limited, waiting 10s...
  Rate limited, waiting 10s...
  Rate limited, waiting 10s...
Batch done: processed 103500 | fixed 88775 | since_id 11157610430737
  Rate limited, waiting 10s...
  Rate limited, waiting 10s...
  Rate limited, waiting 10s...
  Rate limited, waiting 10s...
  Rate limited, waiting 10s...
  Rate limited, waiting 10s...
  Rate limited, waiting 10s...
  Rate limited, waiting 10s...
  Rate limited, waiting 10s...
  Rate limited, waiting 10s...
  Rate limited, waiting 10s...
  Rate limited, waiting 10s...
  Rate limited, waiting 10s...
  Rate limited, waiting 10s...
  Rate limited, waiting 10s...
  Rate limited, waiting 10s...
  Rate limited, waiting 10s...
  Rate limited, waiting 10s...
  Rate limited, waiting 10s...
  Rate limited, waiting 10s...
  Rate limited, waiting 10s...
  Rate limited, waiting 10s...
  Rate limited, waiting 10s...
  Rate limited, waiting 10s...
  Rate limited, waiting 10s...
  Rate limited, waiting 10s...
  Rate limited, waiting 10s...
  Rate limited, waiting 10s...
  Rate limited, waiting 10s...
  Rate limited, waiting 10s...
  Rate limited, waiting 10s...
  Rate limited, waiting 10s...
  Rate limited, waiting 10s...
  Rate limited, waiting 10s...
  Rate limited, waiting 10s...
  Rate limited, waiting 10s...
  Rate limited, waiting 10s...
  Rate limited, waiting 10s...
  Rate limited, waiting 10s...
  Rate limited, waiting 10s...
  Rate limited, waiting 10s...
  Rate limited, waiting 10s...
  Rate limited, waiting 10s...
  Rate limited, waiting 10s...
  Rate limited, waiting 10s...
  Rate limited, waiting 10s...
  Rate limited, waiting 10s...
  Rate limited, waiting 10s...
  Rate limited, waiting 10s...
  Rate limited, waiting 10s...
  Rate limited, waiting 10s...
  Rate limited, waiting 10s...
  Rate limited, waiting 10s...
  Rate limited, waiting 10s...
  Rate limited, waiting 10s...
  Rate limited, waiting 10s...
  Rate limited, waiting 10s...
  Rate limited, waiting 10s...
  Rate limited, waiting 10s...
  Rate limited, waiting 10s...
  Rate limited, waiting 10s...
  Rate limited, waiting 10s...
  Rate limited, waiting 10s...
  Rate limited, waiting 10s...
  Rate limited, waiting 10s...
  Rate limited, waiting 10s...
  Rate limited, waiting 10s...
  Rate limited, waiting 10s...
  Rate limited, waiting 10s...
  Rate limited, waiting 10s...
  Rate limited, waiting 10s...
  Rate limited, waiting 10s...
  Rate limited, waiting 10s...
  Rate limited, waiting 10s...
  Rate limited, waiting 10s...
  Rate limited, waiting 10s...
  Rate limited, waiting 10s...
  Rate limited, waiting 10s...
  Rate limited, waiting 10s...
  Rate limited, waiting 10s...
  Rate limited, waiting 10s...
  Rate limited, waiting 10s...
  Rate limited, waiting 10s...
  Rate limited, waiting 10s...
  Rate limited, waiting 10s...
  Rate limited, waiting 10s...
  Rate limited, waiting 10s...
  Rate limited, waiting 10s...
  Rate limited, waiting 10s...
  Rate limited, waiting 10s...
  Rate limited, waiting 10s...
  Rate limited, waiting 10s...
  Rate limited, waiting 10s...
  Rate limited, waiting 10s...
  Rate limited, waiting 10s...
  Rate limited, waiting 10s...
  Rate limited, waiting 10s...
  Rate limited, waiting 10s...
  Rate limited, waiting 10s...
  Rate limited, waiting 10s...
  Rate limited, waiting 10s...
  Rate limited, waiting 10s...
  Rate limited, waiting 10s...
  Rate limited, waiting 10s...
  Rate limited, waiting 10s...
  Rate limited, waiting 10s...
  Rate limited, waiting 10s...
  Rate limited, waiting 10s...
  Rate limited, waiting 10s...
  Rate limited, waiting 10s...
  Rate limited, waiting 10s...
  Rate limited, waiting 10s...
  Rate limited, waiting 10s...
  Rate limited, waiting 10s...
  Rate limited, waiting 10s...
  Rate limited, waiting 10s...
  Rate limited, waiting 10s...
  Rate limited, waiting 10s...
  Rate limited, waiting 10s...
  Rate limited, waiting 10s...
  Rate limited, waiting 10s...
  Rate limited, waiting 10s...
  Rate limited, waiting 10s...
  Rate limited, waiting 10s...
  Rate limited, waiting 10s...
  Rate limited, waiting 10s...
  Rate limited, waiting 10s...
  Rate limited, waiting 10s...
  Rate limited, waiting 10s...
  Rate limited, waiting 10s...
  Rate limited, waiting 10s...
  Rate limited, waiting 10s...
  Rate limited, waiting 10s...
  Rate limited, waiting 10s...
  Rate limited, waiting 10s...
  Rate limited, waiting 10s...
  Rate limited, waiting 10s...
  Rate limited, waiting 10s...
  Rate limited, waiting 10s...
  Rate limited, waiting 10s...
  Rate limited, waiting 10s...
  Rate limited, waiting 10s...
  Rate limited, waiting 10s...
  Rate limited, waiting 10s...
  Rate limited, waiting 10s...
  Rate limited, waiting 10s...
  Rate limited, waiting 10s...
  Rate limited, waiting 10s...
  Rate limited, waiting 10s...
  Rate limited, waiting 10s...
  Rate limited, waiting 10s...
  Rate limited, waiting 10s...
  Rate limited, waiting 10s...
  Rate limited, waiting 10s...
  Rate limited, waiting 10s...
  Rate limited, waiting 10s...
  Rate limited, waiting 10s...
  Rate limited, waiting 10s...
  Rate limited, waiting 10s...
  Rate limited, waiting 10s...
  Rate limited, waiting 10s...
  Rate limited, waiting 10s...
  Rate limited, waiting 10s...
  Rate limited, waiting 10s...
  Rate limited, waiting 10s...
  Rate limited, waiting 10s...
  Rate limited, waiting 10s...
  Rate limited, waiting 10s...
  Rate limited, waiting 10s...
  Rate limited, waiting 10s...
  Rate limited, waiting 10s...
  Rate limited, waiting 10s...
  Rate limited, waiting 10s...
  Rate limited, waiting 10s...
  Rate limited, waiting 10s...
  Rate limited, waiting 10s...
  Rate limited, waiting 10s...
  Rate limited, waiting 10s...
  Rate limited, waiting 10s...
  Rate limited, waiting 10s...
  Rate limited, waiting 10s...
  Rate limited, waiting 10s...
  Rate limited, waiting 10s...
  Rate limited, waiting 10s...
  Rate limited, waiting 10s...
  Rate limited, waiting 10s...
  Rate limited, waiting 10s...
  Rate limited, waiting 10s...
  Rate limited, waiting 10s...
  Rate limited, waiting 10s...
  Rate limited, waiting 10s...
  Rate limited, waiting 10s...
  Rate limited, waiting 10s...
  Rate limited, waiting 10s...
  Rate limited, waiting 10s...
  Rate limited, waiting 10s...
  Rate limited, waiting 10s...
  Rate limited, waiting 10s...
  Rate limited, waiting 10s...
Batch done: processed 103750 | fixed 88775 | since_id 11160507384081
  Rate limited, waiting 10s...
  Rate limited, waiting 10s...
  Rate limited, waiting 10s...
  Rate limited, waiting 10s...
  Rate limited, waiting 10s...
  Rate limited, waiting 10s...
  Rate limited, waiting 10s...
  Rate limited, waiting 10s...
  Rate limited, waiting 10s...
  Rate limited, waiting 10s...
  Rate limited, waiting 10s...
  Rate limited, waiting 10s...
  Rate limited, waiting 10s...
  Rate limited, waiting 10s...
  Rate limited, waiting 10s...
  Rate limited, waiting 10s...
  Rate limited, waiting 10s...
  Rate limited, waiting 10s...
  Rate limited, waiting 10s...
  Rate limited, waiting 10s...
  Rate limited, waiting 10s...
  Rate limited, waiting 10s...
  Rate limited, waiting 10s...
  Rate limited, waiting 10s...
  Rate limited, waiting 10s...
  Rate limited, waiting 10s...
  Rate limited, waiting 10s...
  Rate limited, waiting 10s...
  Rate limited, waiting 10s...
  Rate limited, waiting 10s...
  Rate limited, waiting 10s...
  Rate limited, waiting 10s...
  Rate limited, waiting 10s...
  Rate limited, waiting 10s...
  Rate limited, waiting 10s...
  Rate limited, waiting 10s...
  Rate limited, waiting 10s...
  Rate limited, waiting 10s...
  Rate limited, waiting 10s...
  Rate limited, waiting 10s...
  Rate limited, waiting 10s...
  Rate limited, waiting 10s...
  Rate limited, waiting 10s...
  Rate limited, waiting 10s...
  Rate limited, waiting 10s...
  Rate limited, waiting 10s...
  Rate limited, waiting 10s...
  Rate limited, waiting 10s...
  Rate limited, waiting 10s...
  Rate limited, waiting 10s...
  Rate limited, waiting 10s...
  Rate limited, waiting 10s...
  Rate limited, waiting 10s...
  Rate limited, waiting 10s...
  Rate limited, waiting 10s...
  Rate limited, waiting 10s...
  Rate limited, waiting 10s...
  Rate limited, waiting 10s...
  Rate limited, waiting 10s...
  Rate limited, waiting 10s...
  Rate limited, waiting 10s...
  Rate limited, waiting 10s...
  Rate limited, waiting 10s...
  Rate limited, waiting 10s...
  Rate limited, waiting 10s...
  Rate limited, waiting 10s...
  Rate limited, waiting 10s...
  Rate limited, waiting 10s...
  Rate limited, waiting 10s...
  Rate limited, waiting 10s...
  Rate limited, waiting 10s...
  Rate limited, waiting 10s...
  Rate limited, waiting 10s...
  Rate limited, waiting 10s...
Batch done: processed 103928 | fixed 88775 | since_id 11162792263953
  Rate limited, waiting 10s...
  Rate limited, waiting 10s...
Batch done: processed 103934 | fixed 88775 | since_id 11162800816401
All done! Fixed: 88775 total processed: 103934
  Rate limited, waiting 10s...
  Rate limited, waiting 10s...
  Rate limited, waiting 10s...
  Rate limited, waiting 10s...
  Rate limited, waiting 10s...
  Rate limited, waiting 10s...
  Rate limited, waiting 10s...
  Rate limited, waiting 10s...
  Rate limited, waiting 10s...
  Rate limited, waiting 10s...
  Rate limited, waiting 10s...
  Rate limited, waiting 10s...
  Rate limited, waiting 10s...
  Rate limited, waiting 10s...
  Rate limited, waiting 10s...
  Rate limited, waiting 10s...
  Rate limited, waiting 10s...
  Rate limited, waiting 10s...
  Rate limited, waiting 10s...
Done! All products processed.

Done. Fixed 88841 titles total.
