◇ injected env (2) from ../../.env // tip: ⌘ enable debugging { debug: true }
Resuming from since_id: 0 | Total fixed: 0 | Images fixed: 0
Batch done: processed 250 | fixed 0 | images 0 | skipped 250 | since_id 8259819995409
  Rate limited, waiting 5s...
  Rate limited, waiting 5s...
  Rate limited, waiting 5s...
  Rate limited, waiting 5s...
  Rate limited, waiting 5s...
  Rate limited, waiting 5s...
  Rate limited, waiting 5s...
  Rate limited, waiting 5s...
  Rate limited, waiting 5s...
  Rate limited, waiting 5s...
  Rate limited, waiting 5s...
  Rate limited, waiting 5s...
  Rate limited, waiting 5s...
  Rate limited, waiting 5s...
  Rate limited, waiting 5s...
  Rate limited, waiting 5s...
  Rate limited, waiting 5s...
  Rate limited, waiting 5s...
  Rate limited, waiting 5s...
  Rate limited, waiting 5s...
  Rate limited, waiting 5s...
Error: Unexpected token 'e', "error code: 520
" is not valid JSON
imited, waiting 5s...
  Rate limited, waiting 5s...
  Rate limited, waiting 5s...
  Rate limited, waiting 5s...
  Rate limited, waiting 5s...
  Rate limited, waiting 5s...
  Rate limited, waiting 5s...
  Rate limited, waiting 5s...
  Rate limited, waiting 5s...
Batch done: processed 750 | fixed 349 | images 0 | skipped 401 | since_id 10410837868817
  Rate limited, waiting 5s...
  Rate limited, waiting 5s...
  Rate limited, waiting 5s...
  Rate limited, waiting 5s...
  Rate limited, waiting 5s...
  Rate limited, waiting 5s...
  Rate limited, waiting 5s...
  Rate limited, waiting 5s...
  Rate limited, waiting 5s...
  Rate limited, waiting 5s...
Batch done: processed 1000 | fixed 599 | images 0 | skipped 401 | since_id 10410852024593
  Rate limited, waiting 5s...
  Rate limited, waiting 5s...
  Rate limited, waiting 5s...
  Rate limited, waiting 5s...
  Rate limited, waiting 5s...
  Rate limited, waiting 5s...
  Rate limited, waiting 5s...
  Rate limited, waiting 5s...
Batch done: processed 1250 | fixed 849 | images 0 | skipped 401 | since_id 10410867982609
  Rate limited, waiting 5s...
  Rate limited, waiting 5s...
  Rate limited, waiting 5s...
  Rate limited, waiting 5s...
  Rate limited, waiting 5s...
  Rate limited, waiting 5s...
  Rate limited, waiting 5s...
  Rate limited, waiting 5s...
  Rate limited, waiting 5s...
Batch done: processed 1500 | fixed 1098 | images 0 | skipped 402 | since_id 10410884497681
  Rate limited, waiting 5s...
  Rate limited, waiting 5s...
  Rate limited, waiting 5s...
  Rate limited, waiting 5s...
  Rate limited, waiting 5s...
  Rate limited, waiting 5s...
  Rate limited, waiting 5s...
  Rate limited, waiting 5s...
  Rate limited, waiting 5s...
  Rate limited, waiting 5s...
Batch done: processed 1750 | fixed 1348 | images 0 | skipped 402 | since_id 10410899800337
  Rate limited, waiting 5s...
  Rate limited, waiting 5s...
  Rate limited, waiting 5s...
  Rate limited, waiting 5s...
  Rate limited, waiting 5s...
  Rate limited, waiting 5s...
  Rate limited, waiting 5s...
  Rate limited, waiting 5s...
  Rate limited, waiting 5s...
  Rate limited, waiting 5s...
Batch done: processed 2000 | fixed 1598 | images 0 | skipped 402 | since_id 10410915889425
  Rate limited, waiting 5s...
  Rate limited, waiting 5s...
  Rate limited, waiting 5s...
  Rate limited, waiting 5s...
  Rate limited, waiting 5s...
  Rate limited, waiting 5s...
  Rate limited, waiting 5s...
  Rate limited, waiting 5s...
  Rate limited, waiting 5s...
  Rate limited, waiting 5s...
Batch done: processed 2250 | fixed 1848 | images 0 | skipped 402 | since_id 10410928931089
  Rate limited, waiting 5s...
  Rate limited, waiting 5s...
  Rate limited, waiting 5s...
  Rate limited, waiting 5s...
  Rate limited, waiting 5s...
  Rate limited, waiting 5s...
  Rate limited, waiting 5s...
  Rate limited, waiting 5s...
  Rate limited, waiting 5s...
  Rate limited, waiting 5s...
Batch done: processed 2500 | fixed 2098 | images 0 | skipped 402 | since_id 10410944069905
  Rate limited, waiting 5s...
  Rate limited, waiting 5s...
  Rate limited, waiting 5s...
  Rate limited, waiting 5s...
  Rate limited, waiting 5s...
  Rate limited, waiting 5s...
  Rate limited, waiting 5s...
  Rate limited, waiting 5s...
  Rate limited, waiting 5s...
Batch done: processed 2750 | fixed 2348 | images 0 | skipped 402 | since_id 10410958487825
  Rate limited, waiting 5s...
  Rate limited, waiting 5s...
  Rate limited, waiting 5s...
  Rate limited, waiting 5s...
  Rate limited, waiting 5s...
  Rate limited, waiting 5s...
  Rate limited, waiting 5s...
  Rate limited, waiting 5s...
  Rate limited, waiting 5s...
  Rate limited, waiting 5s...
Batch done: processed 3000 | fixed 2598 | images 0 | skipped 402 | since_id 10410979524881
  Rate limited, waiting 5s...
  Rate limited, waiting 5s...
  Rate limited, waiting 5s...
  Rate limited, waiting 5s...
  Rate limited, waiting 5s...
  Rate limited, waiting 5s...
  Rate limited, waiting 5s...
  Rate limited, waiting 5s...
  Rate limited, waiting 5s...
  Rate limited, waiting 5s...
Batch done: processed 3250 | fixed 2848 | images 0 | skipped 402 | since_id 10411000201489
  Rate limited, waiting 5s...
  Rate limited, waiting 5s...
  Rate limited, waiting 5s...
  Rate limited, waiting 5s...
  Rate limited, waiting 5s...
  Rate limited, waiting 5s...
  Rate limited, waiting 5s...
  Rate limited, waiting 5s...
  Rate limited, waiting 5s...
  Rate limited, waiting 5s...
Batch done: processed 3500 | fixed 3098 | images 0 | skipped 402 | since_id 10411022090513
  Rate limited, waiting 5s...
  Rate limited, waiting 5s...
  Rate limited, waiting 5s...
  Rate limited, waiting 5s...
  Rate limited, waiting 5s...
  Rate limited, waiting 5s...
  Rate limited, waiting 5s...
  Rate limited, waiting 5s...
  Rate limited, waiting 5s...
  Rate limited, waiting 5s...
Batch done: processed 3750 | fixed 3348 | images 0 | skipped 402 | since_id 10411035132177
  Rate limited, waiting 5s...
  Rate limited, waiting 5s...
  Rate limited, waiting 5s...
  Rate limited, waiting 5s...
  Rate limited, waiting 5s...
  Rate limited, waiting 5s...
  Rate limited, waiting 5s...
  Rate limited, waiting 5s...
  Rate limited, waiting 5s...
  Rate limited, waiting 5s...
Batch done: processed 4000 | fixed 3598 | images 0 | skipped 402 | since_id 10411049255185
  Rate limited, waiting 5s...
  Rate limited, waiting 5s...
  Rate limited, waiting 5s...
  Rate limited, waiting 5s...
  Rate limited, waiting 5s...
  Rate limited, waiting 5s...
  Rate limited, waiting 5s...
  Rate limited, waiting 5s...
  Rate limited, waiting 5s...
  Rate limited, waiting 5s...
Batch done: processed 4250 | fixed 3848 | images 0 | skipped 402 | since_id 10411066327313
  Rate limited, waiting 5s...
  Rate limited, waiting 5s...
  Rate limited, waiting 5s...
  Rate limited, waiting 5s...
  Rate limited, waiting 5s...
  Rate limited, waiting 5s...
  Rate limited, waiting 5s...
  Rate limited, waiting 5s...
Batch done: processed 4500 | fixed 4098 | images 0 | skipped 402 | since_id 10411090772241
  Rate limited, waiting 5s...
  Rate limited, waiting 5s...
  Rate limited, waiting 5s...
  Rate limited, waiting 5s...
  Rate limited, waiting 5s...
  Rate limited, waiting 5s...
  Rate limited, waiting 5s...
  Rate limited, waiting 5s...
  Rate limited, waiting 5s...
Batch done: processed 4750 | fixed 4348 | images 0 | skipped 402 | since_id 10411102896401
  Rate limited, waiting 5s...
  Rate limited, waiting 5s...
  Rate limited, waiting 5s...
  Rate limited, waiting 5s...
  Rate limited, waiting 5s...
  Rate limited, waiting 5s...
  Rate limited, waiting 5s...
  Rate limited, waiting 5s...
  Rate limited, waiting 5s...
Batch done: processed 5000 | fixed 4598 | images 0 | skipped 402 | since_id 10411116691729
  Rate limited, waiting 5s...
  Rate limited, waiting 5s...
  Rate limited, waiting 5s...
  Rate limited, waiting 5s...
  Rate limited, waiting 5s...
  Rate limited, waiting 5s...
  Rate limited, waiting 5s...
  Rate limited, waiting 5s...
  Rate limited, waiting 5s...
  Rate limited, waiting 5s...
  Rate limited, waiting 5s...
Batch done: processed 5250 | fixed 4848 | images 0 | skipped 402 | since_id 10411163615505
  Rate limited, waiting 5s...
  Rate limited, waiting 5s...
  Rate limited, waiting 5s...
  Rate limited, waiting 5s...
  Rate limited, waiting 5s...
  Rate limited, waiting 5s...
  Rate limited, waiting 5s...
  Rate limited, waiting 5s...
  Rate limited, waiting 5s...
  Rate limited, waiting 5s...
  Rate limited, waiting 5s...
  Rate limited, waiting 5s...
  Rate limited, waiting 5s...
  Rate limited, waiting 5s...
  Rate limited, waiting 5s...
  Rate limited, waiting 5s...
  Rate limited, waiting 5s...
  Rate limited, waiting 5s...
  Rate limited, waiting 5s...
  Rate limited, waiting 5s...
  Rate limited, waiting 5s...
  Rate limited, waiting 5s...
  Rate limited, waiting 5s...
  Rate limited, waiting 5s...
  Rate limited, waiting 5s...
  Rate limited, waiting 5s...
  Rate limited, waiting 5s...
  Rate limited, waiting 5s...
  Rate limited, waiting 5s...
  Rate limited, waiting 5s...
  Rate limited, waiting 5s...
  Rate limited, waiting 5s...
  Rate limited, waiting 5s...
  Rate limited, waiting 5s...
  Rate limited, waiting 5s...
  Rate limited, waiting 5s...
  Rate limited, waiting 5s...
  Rate limited, waiting 5s...
  Rate limited, waiting 5s...
  Rate limited, waiting 5s...
  Rate limited, waiting 5s...
  Rate limited, waiting 5s...
  Rate limited, waiting 5s...
  Rate limited, waiting 5s...
  Rate limited, waiting 5s...
Batch done: processed 5500 | fixed 5098 | images 0 | skipped 402 | since_id 10411178066193
  Rate limited, waiting 5s...
  Rate limited, waiting 5s...
  Rate limited, waiting 5s...
  Rate limited, waiting 5s...
  Rate limited, waiting 5s...
  Rate limited, waiting 5s...
  Rate limited, waiting 5s...
  Rate limited, waiting 5s...
  Rate limited, waiting 5s...
  Rate limited, waiting 5s...
Batch done: processed 5750 | fixed 5348 | images 0 | skipped 402 | since_id 10411191206161
  Rate limited, waiting 5s...
  Rate limited, waiting 5s...
  Rate limited, waiting 5s...
  Rate limited, waiting 5s...
  Rate limited, waiting 5s...
  Rate limited, waiting 5s...
  Rate limited, waiting 5s...
  Rate limited, waiting 5s...
  Rate limited, waiting 5s...
  Rate limited, waiting 5s...
  Rate limited, waiting 5s...
  Rate limited, waiting 5s...
  Rate limited, waiting 5s...
Batch done: processed 6000 | fixed 5598 | images 0 | skipped 402 | since_id 10411210146065
  Rate limited, waiting 5s...
  Rate limited, waiting 5s...
  Rate limited, waiting 5s...
  Rate limited, waiting 5s...
  Rate limited, waiting 5s...
  Rate limited, waiting 5s...
  Rate limited, waiting 5s...
  Rate limited, waiting 5s...
  Rate limited, waiting 5s...
  Rate limited, waiting 5s...
Batch done: processed 6250 | fixed 5847 | images 0 | skipped 403 | since_id 10411225973009
  Rate limited, waiting 5s...
  Rate limited, waiting 5s...
  Rate limited, waiting 5s...
  Rate limited, waiting 5s...
  Rate limited, waiting 5s...
  Rate limited, waiting 5s...
  Rate limited, waiting 5s...
  Rate limited, waiting 5s...
  Rate limited, waiting 5s...
Batch done: processed 6500 | fixed 6097 | images 0 | skipped 403 | since_id 10411245961489
  Rate limited, waiting 5s...
  Rate limited, waiting 5s...
  Rate limited, waiting 5s...
  Rate limited, waiting 5s...
  Rate limited, waiting 5s...
  Rate limited, waiting 5s...
  Rate limited, waiting 5s...
Batch done: processed 6750 | fixed 6347 | images 0 | skipped 403 | since_id 10411259003153
  Rate limited, waiting 5s...
  Rate limited, waiting 5s...
  Rate limited, waiting 5s...
  Rate limited, waiting 5s...
  Rate limited, waiting 5s...
  Rate limited, waiting 5s...
  Rate limited, waiting 5s...
Batch done: processed 7000 | fixed 6597 | images 0 | skipped 403 | since_id 10411269619985
  Rate limited, waiting 5s...
  Rate limited, waiting 5s...
  Rate limited, waiting 5s...
Batch done: processed 7250 | fixed 6847 | images 0 | skipped 403 | since_id 10411282465041
  Rate limited, waiting 5s...
  Rate limited, waiting 5s...
  Rate limited, waiting 5s...
Batch done: processed 7500 | fixed 7097 | images 0 | skipped 403 | since_id 10411299602705
  Rate limited, waiting 5s...
  Rate limited, waiting 5s...
  Rate limited, waiting 5s...
  Rate limited, waiting 5s...
  Rate limited, waiting 5s...
  Rate limited, waiting 5s...
Batch done: processed 7750 | fixed 7347 | images 0 | skipped 403 | since_id 10411309007121
  Rate limited, waiting 5s...
  Rate limited, waiting 5s...
  Rate limited, waiting 5s...
  Rate limited, waiting 5s...
Batch done: processed 8000 | fixed 7597 | images 0 | skipped 403 | since_id 10411328897297
  Rate limited, waiting 5s...
  Rate limited, waiting 5s...
  Rate limited, waiting 5s...
  Rate limited, waiting 5s...
  Rate limited, waiting 5s...
  Rate limited, waiting 5s...
  Rate limited, waiting 5s...
Batch done: processed 8250 | fixed 7847 | images 0 | skipped 403 | since_id 10411351015697
  Rate limited, waiting 5s...
  Rate limited, waiting 5s...
  Rate limited, waiting 5s...
Batch done: processed 8500 | fixed 8097 | images 0 | skipped 403 | since_id 10411364253969
  Rate limited, waiting 5s...
  Rate limited, waiting 5s...
Batch done: processed 8750 | fixed 8347 | images 0 | skipped 403 | since_id 10411379523857
  Rate limited, waiting 5s...
  Rate limited, waiting 5s...
  Rate limited, waiting 5s...
  Rate limited, waiting 5s...
  Rate limited, waiting 5s...
  Rate limited, waiting 5s...
  Rate limited, waiting 5s...
  Rate limited, waiting 5s...
  Rate limited, waiting 5s...
Batch done: processed 9000 | fixed 8597 | images 0 | skipped 403 | since_id 10411403247889
  Rate limited, waiting 5s...
  Rate limited, waiting 5s...
  Rate limited, waiting 5s...
  Rate limited, waiting 5s...
  Rate limited, waiting 5s...
  Rate limited, waiting 5s...
  Rate limited, waiting 5s...
  Rate limited, waiting 5s...
  Rate limited, waiting 5s...
Batch done: processed 9250 | fixed 8847 | images 0 | skipped 403 | since_id 10411419664657
  Rate limited, waiting 5s...
  Rate limited, waiting 5s...
  Rate limited, waiting 5s...
  Rate limited, waiting 5s...
  Rate limited, waiting 5s...
  Rate limited, waiting 5s...
  Rate limited, waiting 5s...
  Rate limited, waiting 5s...
  Rate limited, waiting 5s...
  Rate limited, waiting 5s...
Batch done: processed 9500 | fixed 9097 | images 0 | skipped 403 | since_id 10411436966161
  Rate limited, waiting 5s...
  Rate limited, waiting 5s...
  Rate limited, waiting 5s...
  Rate limited, waiting 5s...
  Rate limited, waiting 5s...
  Rate limited, waiting 5s...
  Rate limited, waiting 5s...
  Rate limited, waiting 5s...
  Rate limited, waiting 5s...
  Rate limited, waiting 5s...
Batch done: processed 9750 | fixed 9347 | images 0 | skipped 403 | since_id 10411451646225
  Rate limited, waiting 5s...
  Rate limited, waiting 5s...
  Rate limited, waiting 5s...
  Rate limited, waiting 5s...
  Rate limited, waiting 5s...
  Rate limited, waiting 5s...
  Rate limited, waiting 5s...
  Rate limited, waiting 5s...
  Rate limited, waiting 5s...
  Rate limited, waiting 5s...
Batch done: processed 10000 | fixed 9597 | images 0 | skipped 403 | since_id 10411465146641
  Rate limited, waiting 5s...
  Rate limited, waiting 5s...
  Rate limited, waiting 5s...
  Rate limited, waiting 5s...
  Rate limited, waiting 5s...
  Rate limited, waiting 5s...
  Rate limited, waiting 5s...
  Rate limited, waiting 5s...
  Rate limited, waiting 5s...
Batch done: processed 10250 | fixed 9847 | images 0 | skipped 403 | since_id 10411498275089
  Rate limited, waiting 5s...
  Rate limited, waiting 5s...
  Rate limited, waiting 5s...
  Rate limited, waiting 5s...
  Rate limited, waiting 5s...
  Rate limited, waiting 5s...
  Rate limited, waiting 5s...
  Rate limited, waiting 5s...
  Rate limited, waiting 5s...
  Rate limited, waiting 5s...
Batch done: processed 10500 | fixed 10097 | images 0 | skipped 403 | since_id 10411514102033
  Rate limited, waiting 5s...
  Rate limited, waiting 5s...
  Rate limited, waiting 5s...
  Rate limited, waiting 5s...
  Rate limited, waiting 5s...
  Rate limited, waiting 5s...
  Rate limited, waiting 5s...
  Rate limited, waiting 5s...
  Rate limited, waiting 5s...
  Rate limited, waiting 5s...
Batch done: processed 10750 | fixed 10347 | images 0 | skipped 403 | since_id 10411538907409
  Rate limited, waiting 5s...
  Rate limited, waiting 5s...
  Rate limited, waiting 5s...
  Rate limited, waiting 5s...
  Rate limited, waiting 5s...
  Rate limited, waiting 5s...
  Rate limited, waiting 5s...
  Rate limited, waiting 5s...
  Rate limited, waiting 5s...
Batch done: processed 11000 | fixed 10597 | images 0 | skipped 403 | since_id 10411586879761
  Rate limited, waiting 5s...
  Rate limited, waiting 5s...
  Rate limited, waiting 5s...
  Rate limited, waiting 5s...
  Rate limited, waiting 5s...
  Rate limited, waiting 5s...
  Rate limited, waiting 5s...
  Rate limited, waiting 5s...
  Rate limited, waiting 5s...
  Rate limited, waiting 5s...
Batch done: processed 11250 | fixed 10847 | images 0 | skipped 403 | since_id 10411618205969
  Rate limited, waiting 5s...
  Rate limited, waiting 5s...
  Rate limited, waiting 5s...
  Rate limited, waiting 5s...
  Rate limited, waiting 5s...
  Rate limited, waiting 5s...
  Rate limited, waiting 5s...
  Rate limited, waiting 5s...
  Rate limited, waiting 5s...
Batch done: processed 11500 | fixed 11097 | images 0 | skipped 403 | since_id 10411641536785
  Rate limited, waiting 5s...
  Rate limited, waiting 5s...
  Rate limited, waiting 5s...
  Rate limited, waiting 5s...
  Rate limited, waiting 5s...
  Rate limited, waiting 5s...
  Rate limited, waiting 5s...
  Rate limited, waiting 5s...
  Rate limited, waiting 5s...
Batch done: processed 11750 | fixed 11347 | images 0 | skipped 403 | since_id 10411656741137
  Rate limited, waiting 5s...
  Rate limited, waiting 5s...
  Rate limited, waiting 5s...
  Rate limited, waiting 5s...
  Rate limited, waiting 5s...
  Rate limited, waiting 5s...
  Rate limited, waiting 5s...
  Rate limited, waiting 5s...
  Rate limited, waiting 5s...
  Rate limited, waiting 5s...
Batch done: processed 12000 | fixed 11597 | images 0 | skipped 403 | since_id 10411678630161
  Rate limited, waiting 5s...
  Rate limited, waiting 5s...
  Rate limited, waiting 5s...
  Rate limited, waiting 5s...
  Rate limited, waiting 5s...
  Rate limited, waiting 5s...
  Rate limited, waiting 5s...
  Rate limited, waiting 5s...
  Rate limited, waiting 5s...
  Rate limited, waiting 5s...
Batch done: processed 12250 | fixed 11847 | images 0 | skipped 403 | since_id 10411702812945
  Rate limited, waiting 5s...
  Rate limited, waiting 5s...
  Rate limited, waiting 5s...
  Rate limited, waiting 5s...
  Rate limited, waiting 5s...
  Rate limited, waiting 5s...
  Rate limited, waiting 5s...
  Rate limited, waiting 5s...
  Rate limited, waiting 5s...
  Rate limited, waiting 5s...
Batch done: processed 12500 | fixed 12097 | images 0 | skipped 403 | since_id 10411727913233
  Rate limited, waiting 5s...
  Rate limited, waiting 5s...
  Rate limited, waiting 5s...
  Rate limited, waiting 5s...
  Rate limited, waiting 5s...
  Rate limited, waiting 5s...
  Rate limited, waiting 5s...
  Rate limited, waiting 5s...
  Rate limited, waiting 5s...
  Rate limited, waiting 5s...
Batch done: processed 12750 | fixed 12347 | images 0 | skipped 403 | since_id 10411746328849
  Rate limited, waiting 5s...
  Rate limited, waiting 5s...
  Rate limited, waiting 5s...
  Rate limited, waiting 5s...
  Rate limited, waiting 5s...
  Rate limited, waiting 5s...
  Rate limited, waiting 5s...
  Rate limited, waiting 5s...
  Rate limited, waiting 5s...
  Rate limited, waiting 5s...
Batch done: processed 13000 | fixed 12597 | images 0 | skipped 403 | since_id 10411763630353
  Rate limited, waiting 5s...
  Rate limited, waiting 5s...
  Rate limited, waiting 5s...
  Rate limited, waiting 5s...
  Rate limited, waiting 5s...
  Rate limited, waiting 5s...
  Rate limited, waiting 5s...
  Rate limited, waiting 5s...
  Rate limited, waiting 5s...
  Rate limited, waiting 5s...
Batch done: processed 13250 | fixed 12847 | images 0 | skipped 403 | since_id 10411781554449
  Rate limited, waiting 5s...
  Rate limited, waiting 5s...
  Rate limited, waiting 5s...
  Rate limited, waiting 5s...
  Rate limited, waiting 5s...
  Rate limited, waiting 5s...
  Rate limited, waiting 5s...
  Rate limited, waiting 5s...
  Rate limited, waiting 5s...
  Rate limited, waiting 5s...
Batch done: processed 13500 | fixed 13097 | images 0 | skipped 403 | since_id 10411797414161
  Rate limited, waiting 5s...
  Rate limited, waiting 5s...
  Rate limited, waiting 5s...
  Rate limited, waiting 5s...
  Rate limited, waiting 5s...
  Rate limited, waiting 5s...
  Rate limited, waiting 5s...
  Rate limited, waiting 5s...
  Rate limited, waiting 5s...
Batch done: processed 13750 | fixed 13347 | images 0 | skipped 403 | since_id 10411810914577
  Rate limited, waiting 5s...
  Rate limited, waiting 5s...
  Rate limited, waiting 5s...
  Rate limited, waiting 5s...
  Rate limited, waiting 5s...
  Rate limited, waiting 5s...
  Rate limited, waiting 5s...
  Rate limited, waiting 5s...
  Rate limited, waiting 5s...
  Rate limited, waiting 5s...
Batch done: processed 14000 | fixed 13597 | images 0 | skipped 403 | since_id 10411824546065
  Rate limited, waiting 5s...
  Rate limited, waiting 5s...
  Rate limited, waiting 5s...
  Rate limited, waiting 5s...
  Rate limited, waiting 5s...
  Rate limited, waiting 5s...
  Rate limited, waiting 5s...
  Rate limited, waiting 5s...
  Rate limited, waiting 5s...
Batch done: processed 14250 | fixed 13847 | images 0 | skipped 403 | since_id 10411840471313
  Rate limited, waiting 5s...
  Rate limited, waiting 5s...
  Rate limited, waiting 5s...
  Rate limited, waiting 5s...
  Rate limited, waiting 5s...
  Rate limited, waiting 5s...
  Rate limited, waiting 5s...
  Rate limited, waiting 5s...
  Rate limited, waiting 5s...
Batch done: processed 14500 | fixed 14097 | images 0 | skipped 403 | since_id 10411853414673
  Rate limited, waiting 5s...
  Rate limited, waiting 5s...
  Rate limited, waiting 5s...
  Rate limited, waiting 5s...
  Rate limited, waiting 5s...
  Rate limited, waiting 5s...
  Rate limited, waiting 5s...
  Rate limited, waiting 5s...
  Rate limited, waiting 5s...
  Rate limited, waiting 5s...
Batch done: processed 14750 | fixed 14347 | images 0 | skipped 403 | since_id 10411867865361
  Rate limited, waiting 5s...
  Rate limited, waiting 5s...
  Rate limited, waiting 5s...
  Rate limited, waiting 5s...
  Rate limited, waiting 5s...
  Rate limited, waiting 5s...
  Rate limited, waiting 5s...
  Rate limited, waiting 5s...
  Rate limited, waiting 5s...
  Rate limited, waiting 5s...
  Rate limited, waiting 5s...
Batch done: processed 15000 | fixed 14597 | images 0 | skipped 403 | since_id 10411884511505
  Rate limited, waiting 5s...
  Rate limited, waiting 5s...
  Rate limited, waiting 5s...
  Rate limited, waiting 5s...
  Rate limited, waiting 5s...
  Rate limited, waiting 5s...
  Rate limited, waiting 5s...
  Rate limited, waiting 5s...
  Rate limited, waiting 5s...
  Rate limited, waiting 5s...
Batch done: processed 15250 | fixed 14847 | images 0 | skipped 403 | since_id 10411904434449
  Rate limited, waiting 5s...
  Rate limited, waiting 5s...
  Rate limited, waiting 5s...
  Rate limited, waiting 5s...
  Rate limited, waiting 5s...
  Rate limited, waiting 5s...
  Rate limited, waiting 5s...
  Rate limited, waiting 5s...
  Rate limited, waiting 5s...
  Rate limited, waiting 5s...
Batch done: processed 15500 | fixed 15097 | images 0 | skipped 403 | since_id 10411923046673
  Rate limited, waiting 5s...
  Rate limited, waiting 5s...
  Rate limited, waiting 5s...
  Rate limited, waiting 5s...
  Rate limited, waiting 5s...
  Rate limited, waiting 5s...
  Rate limited, waiting 5s...
  Rate limited, waiting 5s...
  Rate limited, waiting 5s...
  Rate limited, waiting 5s...
Batch done: processed 15750 | fixed 15344 | images 0 | skipped 406 | since_id 10411937792273
  Rate limited, waiting 5s...
  Rate limited, waiting 5s...
  Rate limited, waiting 5s...
  Rate limited, waiting 5s...
  Rate limited, waiting 5s...
  Rate limited, waiting 5s...
  Rate limited, waiting 5s...
  Rate limited, waiting 5s...
  Rate limited, waiting 5s...
  Rate limited, waiting 5s...
Batch done: processed 16000 | fixed 15594 | images 0 | skipped 406 | since_id 10411974131985
  Rate limited, waiting 5s...
  Rate limited, waiting 5s...
  Rate limited, waiting 5s...
  Rate limited, waiting 5s...
  Rate limited, waiting 5s...
  Rate limited, waiting 5s...
  Rate limited, waiting 5s...
  Rate limited, waiting 5s...
  Rate limited, waiting 5s...
  Rate limited, waiting 5s...
Batch done: processed 16250 | fixed 15844 | images 0 | skipped 406 | since_id 10411987042577
  Rate limited, waiting 5s...
  Rate limited, waiting 5s...
  Rate limited, waiting 5s...
  Rate limited, waiting 5s...
  Rate limited, waiting 5s...
  Rate limited, waiting 5s...
  Rate limited, waiting 5s...
  Rate limited, waiting 5s...
  Rate limited, waiting 5s...
  Rate limited, waiting 5s...
Batch done: processed 16500 | fixed 16094 | images 0 | skipped 406 | since_id 10412002246929
  Rate limited, waiting 5s...
  Rate limited, waiting 5s...
  Rate limited, waiting 5s...
  Rate limited, waiting 5s...
  Rate limited, waiting 5s...
  Rate limited, waiting 5s...
  Rate limited, waiting 5s...
  Rate limited, waiting 5s...
  Rate limited, waiting 5s...
  Rate limited, waiting 5s...
Batch done: processed 16750 | fixed 16344 | images 0 | skipped 406 | since_id 10412023742737
  Rate limited, waiting 5s...
  Rate limited, waiting 5s...
  Rate limited, waiting 5s...
  Rate limited, waiting 5s...
  Rate limited, waiting 5s...
  Rate limited, waiting 5s...
  Rate limited, waiting 5s...
  Rate limited, waiting 5s...
  Rate limited, waiting 5s...
  Rate limited, waiting 5s...
Batch done: processed 17000 | fixed 16594 | images 0 | skipped 406 | since_id 10412037243153
  Rate limited, waiting 5s...
  Rate limited, waiting 5s...
  Rate limited, waiting 5s...
  Rate limited, waiting 5s...
  Rate limited, waiting 5s...
  Rate limited, waiting 5s...
  Rate limited, waiting 5s...
  Rate limited, waiting 5s...
  Rate limited, waiting 5s...
  Rate limited, waiting 5s...
Batch done: processed 17250 | fixed 16844 | images 0 | skipped 406 | since_id 10412057952529
  Rate limited, waiting 5s...
  Rate limited, waiting 5s...
  Rate limited, waiting 5s...
  Rate limited, waiting 5s...
  Rate limited, waiting 5s...
  Rate limited, waiting 5s...
  Rate limited, waiting 5s...
  Rate limited, waiting 5s...
  Rate limited, waiting 5s...
  Rate limited, waiting 5s...
Batch done: processed 17500 | fixed 17094 | images 0 | skipped 406 | since_id 10412077973777
  Rate limited, waiting 5s...
  Rate limited, waiting 5s...
  Rate limited, waiting 5s...
  Rate limited, waiting 5s...
  Rate limited, waiting 5s...
  Rate limited, waiting 5s...
  Rate limited, waiting 5s...
  Rate limited, waiting 5s...
  Rate limited, waiting 5s...
Batch done: processed 17750 | fixed 17344 | images 0 | skipped 406 | since_id 10412097306897
  Rate limited, waiting 5s...
  Rate limited, waiting 5s...
  Rate limited, waiting 5s...
  Rate limited, waiting 5s...
  Rate limited, waiting 5s...
  Rate limited, waiting 5s...
  Rate limited, waiting 5s...
  Rate limited, waiting 5s...
  Rate limited, waiting 5s...
  Rate limited, waiting 5s...
Batch done: processed 18000 | fixed 17594 | images 0 | skipped 406 | since_id 10412111757585
  Rate limited, waiting 5s...
  Rate limited, waiting 5s...
  Rate limited, waiting 5s...
  Rate limited, waiting 5s...
  Rate limited, waiting 5s...
  Rate limited, waiting 5s...
  Rate limited, waiting 5s...
  Rate limited, waiting 5s...
  Rate limited, waiting 5s...
  Rate limited, waiting 5s...
Batch done: processed 18250 | fixed 17844 | images 0 | skipped 406 | since_id 10412125421841
  Rate limited, waiting 5s...
  Rate limited, waiting 5s...
  Rate limited, waiting 5s...
  Rate limited, waiting 5s...
  Rate limited, waiting 5s...
  Rate limited, waiting 5s...
  Rate limited, waiting 5s...
  Rate limited, waiting 5s...
  Rate limited, waiting 5s...
  Rate limited, waiting 5s...
Batch done: processed 18500 | fixed 18094 | images 0 | skipped 406 | since_id 10412144034065
  Rate limited, waiting 5s...
  Rate limited, waiting 5s...
  Rate limited, waiting 5s...
  Rate limited, waiting 5s...
  Rate limited, waiting 5s...
  Rate limited, waiting 5s...
  Rate limited, waiting 5s...
  Rate limited, waiting 5s...
  Rate limited, waiting 5s...
Batch done: processed 18750 | fixed 18344 | images 0 | skipped 406 | since_id 10412161827089
  Rate limited, waiting 5s...
  Rate limited, waiting 5s...
  Rate limited, waiting 5s...
  Rate limited, waiting 5s...
  Rate limited, waiting 5s...
  Rate limited, waiting 5s...
  Rate limited, waiting 5s...
  Rate limited, waiting 5s...
  Rate limited, waiting 5s...
  Rate limited, waiting 5s...
Batch done: processed 19000 | fixed 18594 | images 0 | skipped 406 | since_id 10412177424657
  Rate limited, waiting 5s...
  Rate limited, waiting 5s...
  Rate limited, waiting 5s...
  Rate limited, waiting 5s...
  Rate limited, waiting 5s...
  Rate limited, waiting 5s...
  Rate limited, waiting 5s...
  Rate limited, waiting 5s...
  Rate limited, waiting 5s...
Batch done: processed 19250 | fixed 18844 | images 0 | skipped 406 | since_id 10412196331793
  Rate limited, waiting 5s...
  Rate limited, waiting 5s...
  Rate limited, waiting 5s...
  Rate limited, waiting 5s...
  Rate limited, waiting 5s...
  Rate limited, waiting 5s...
  Rate limited, waiting 5s...
  Rate limited, waiting 5s...
  Rate limited, waiting 5s...
  Rate limited, waiting 5s...
Batch done: processed 19500 | fixed 19094 | images 0 | skipped 406 | since_id 10412208652561
  Rate limited, waiting 5s...
  Rate limited, waiting 5s...
  Rate limited, waiting 5s...
  Rate limited, waiting 5s...
  Rate limited, waiting 5s...
  Rate limited, waiting 5s...
  Rate limited, waiting 5s...
  Rate limited, waiting 5s...
  Rate limited, waiting 5s...
  Rate limited, waiting 5s...
Batch done: processed 19750 | fixed 19344 | images 0 | skipped 406 | since_id 10412230148369
  Rate limited, waiting 5s...
  Rate limited, waiting 5s...
  Rate limited, waiting 5s...
  Rate limited, waiting 5s...
  Rate limited, waiting 5s...
  Rate limited, waiting 5s...
  Rate limited, waiting 5s...
  Rate limited, waiting 5s...
  Rate limited, waiting 5s...
Batch done: processed 20000 | fixed 19594 | images 0 | skipped 406 | since_id 10412249514257

=== RUN COMPLETE ===
This run: 19594 products, 0 images fixed
Cumulative: 19594 products, 0 images
Next since_id: 10412249514257
◇ injected env (2) from ../../.env // tip: ⌘ override existing { override: true }
Resuming from since_id: 10412249514257 | Total fixed: 19594 | Images fixed: 0
  Rate limited, waiting 5s...
  Rate limited, waiting 5s...
  Rate limited, waiting 5s...
  Rate limited, waiting 5s...
  Rate limited, waiting 5s...
  Rate limited, waiting 5s...
  Rate limited, waiting 5s...
Batch done: processed 250 | fixed 250 | images 0 | skipped 0 | since_id 10412262031633
Run: 250 products fixed, 0 images | Total: 19844 products, 0 images | Processed: 20250
  Rate limited, waiting 5s...
  Rate limited, waiting 5s...
  Rate limited, waiting 5s...
  Rate limited, waiting 5s...
  Rate limited, waiting 5s...
  Rate limited, waiting 5s...
  Rate limited, waiting 5s...
  Rate limited, waiting 5s...
  Rate limited, waiting 5s...
  Rate limited, waiting 5s...
Batch done: processed 500 | fixed 500 | images 0 | skipped 0 | since_id 10412277498129
Run: 500 products fixed, 0 images | Total: 20094 products, 0 images | Processed: 20500
  Rate limited, waiting 5s...
  Rate limited, waiting 5s...
  Rate limited, waiting 5s...
  Rate limited, waiting 5s...
  Rate limited, waiting 5s...
  Rate limited, waiting 5s...
  Rate limited, waiting 5s...
  Rate limited, waiting 5s...
  Rate limited, waiting 5s...
  Rate limited, waiting 5s...
Batch done: processed 750 | fixed 750 | images 0 | skipped 0 | since_id 10412290244881
Run: 750 products fixed, 0 images | Total: 20344 products, 0 images | Processed: 20750
  Rate limited, waiting 5s...
  Rate limited, waiting 5s...
  Rate limited, waiting 5s...
  Rate limited, waiting 5s...
  Rate limited, waiting 5s...
  Rate limited, waiting 5s...
  Rate limited, waiting 5s...
  Rate limited, waiting 5s...
  Rate limited, waiting 5s...
  Rate limited, waiting 5s...
Batch done: processed 1000 | fixed 1000 | images 0 | skipped 0 | since_id 10412310954257
Run: 1000 products fixed, 0 images | Total: 20594 products, 0 images | Processed: 21000
  Rate limited, waiting 5s...
  Rate limited, waiting 5s...
  Rate limited, waiting 5s...
  Rate limited, waiting 5s...
  Rate limited, waiting 5s...
  Rate limited, waiting 5s...
  Rate limited, waiting 5s...
  Rate limited, waiting 5s...
  Rate limited, waiting 5s...
  Rate limited, waiting 5s...
Batch done: processed 1250 | fixed 1250 | images 0 | skipped 0 | since_id 10412333564177
Run: 1250 products fixed, 0 images | Total: 20844 products, 0 images | Processed: 21250
  Rate limited, waiting 5s...
  Rate limited, waiting 5s...
  Rate limited, waiting 5s...
  Rate limited, waiting 5s...
  Rate limited, waiting 5s...
  Rate limited, waiting 5s...
  Rate limited, waiting 5s...
  Rate limited, waiting 5s...
  Rate limited, waiting 5s...
  Rate limited, waiting 5s...
Batch done: processed 1500 | fixed 1500 | images 0 | skipped 0 | since_id 10412353847569
Run: 1500 products fixed, 0 images | Total: 21094 products, 0 images | Processed: 21500
  Rate limited, waiting 5s...
  Rate limited, waiting 5s...
  Rate limited, waiting 5s...
  Rate limited, waiting 5s...
  Rate limited, waiting 5s...
  Rate limited, waiting 5s...
  Rate limited, waiting 5s...
  Rate limited, waiting 5s...
  Rate limited, waiting 5s...
  Rate limited, waiting 5s...
Batch done: processed 1750 | fixed 1750 | images 0 | skipped 0 | since_id 10412364169489
Run: 1750 products fixed, 0 images | Total: 21344 products, 0 images | Processed: 21750
  Rate limited, waiting 5s...
  Rate limited, waiting 5s...
  Rate limited, waiting 5s...
  Rate limited, waiting 5s...
  Rate limited, waiting 5s...
  Rate limited, waiting 5s...
  Rate limited, waiting 5s...
  Rate limited, waiting 5s...
  Rate limited, waiting 5s...
  Rate limited, waiting 5s...
Batch done: processed 2000 | fixed 2000 | images 0 | skipped 0 | since_id 10412381372689
Run: 2000 products fixed, 0 images | Total: 21594 products, 0 images | Processed: 22000
  Rate limited, waiting 5s...
  Rate limited, waiting 5s...
  Rate limited, waiting 5s...
  Rate limited, waiting 5s...
  Rate limited, waiting 5s...
  Rate limited, waiting 5s...
  Rate limited, waiting 5s...
  Rate limited, waiting 5s...
  Rate limited, waiting 5s...
Batch done: processed 2250 | fixed 2250 | images 0 | skipped 0 | since_id 10412408963345
Run: 2250 products fixed, 0 images | Total: 21844 products, 0 images | Processed: 22250
  Rate limited, waiting 5s...
  Rate limited, waiting 5s...
  Rate limited, waiting 5s...
  Rate limited, waiting 5s...
  Rate limited, waiting 5s...
  Rate limited, waiting 5s...
  Rate limited, waiting 5s...
  Rate limited, waiting 5s...
  Rate limited, waiting 5s...
  Rate limited, waiting 5s...
Batch done: processed 2500 | fixed 2500 | images 0 | skipped 0 | since_id 10412432523537
Run: 2500 products fixed, 0 images | Total: 22094 products, 0 images | Processed: 22500
  Rate limited, waiting 5s...
  Rate limited, waiting 5s...
  Rate limited, waiting 5s...
  Rate limited, waiting 5s...
  Rate limited, waiting 5s...
  Rate limited, waiting 5s...
  Rate limited, waiting 5s...
  Rate limited, waiting 5s...
  Rate limited, waiting 5s...
  Rate limited, waiting 5s...
Batch done: processed 2750 | fixed 2750 | images 0 | skipped 0 | since_id 10412453921041
Run: 2750 products fixed, 0 images | Total: 22344 products, 0 images | Processed: 22750
  Rate limited, waiting 5s...
  Rate limited, waiting 5s...
  Rate limited, waiting 5s...
  Rate limited, waiting 5s...
  Rate limited, waiting 5s...
  Rate limited, waiting 5s...
  Rate limited, waiting 5s...
  Rate limited, waiting 5s...
  Rate limited, waiting 5s...
  Rate limited, waiting 5s...
Batch done: processed 3000 | fixed 3000 | images 0 | skipped 0 | since_id 10412476596497
Run: 3000 products fixed, 0 images | Total: 22594 products, 0 images | Processed: 23000
  Rate limited, waiting 5s...
  Rate limited, waiting 5s...
  Rate limited, waiting 5s...
  Rate limited, waiting 5s...
  Rate limited, waiting 5s...
  Rate limited, waiting 5s...
  Rate limited, waiting 5s...
  Rate limited, waiting 5s...
  Rate limited, waiting 5s...
  Rate limited, waiting 5s...
Batch done: processed 3250 | fixed 3250 | images 0 | skipped 0 | since_id 10412499992849
Run: 3250 products fixed, 0 images | Total: 22844 products, 0 images | Processed: 23250
  Rate limited, waiting 5s...
  Rate limited, waiting 5s...
  Rate limited, waiting 5s...
  Rate limited, waiting 5s...
  Rate limited, waiting 5s...
  Rate limited, waiting 5s...
  Rate limited, waiting 5s...
  Rate limited, waiting 5s...
  Rate limited, waiting 5s...
  Rate limited, waiting 5s...
Batch done: processed 3500 | fixed 3500 | images 0 | skipped 0 | since_id 10412518932753
Run: 3500 products fixed, 0 images | Total: 23094 products, 0 images | Processed: 23500
  Rate limited, waiting 5s...
  Rate limited, waiting 5s...
  Rate limited, waiting 5s...
  Rate limited, waiting 5s...
  Rate limited, waiting 5s...
  Rate limited, waiting 5s...
  Rate limited, waiting 5s...
  Rate limited, waiting 5s...
  Rate limited, waiting 5s...
Batch done: processed 3750 | fixed 3750 | images 0 | skipped 0 | since_id 10412535709969
Run: 3750 products fixed, 0 images | Total: 23344 products, 0 images | Processed: 23750
  Rate limited, waiting 5s...
  Rate limited, waiting 5s...
  Rate limited, waiting 5s...
  Rate limited, waiting 5s...
  Rate limited, waiting 5s...
  Rate limited, waiting 5s...
  Rate limited, waiting 5s...
  Rate limited, waiting 5s...
  Rate limited, waiting 5s...
  Rate limited, waiting 5s...
Batch done: processed 4000 | fixed 4000 | images 0 | skipped 0 | since_id 10412552290577
Run: 4000 products fixed, 0 images | Total: 23594 products, 0 images | Processed: 24000
  Rate limited, waiting 5s...
  Rate limited, waiting 5s...
  Rate limited, waiting 5s...
  Rate limited, waiting 5s...
  Rate limited, waiting 5s...
  Rate limited, waiting 5s...
  Rate limited, waiting 5s...
  Rate limited, waiting 5s...
  Rate limited, waiting 5s...
Batch done: processed 4250 | fixed 4250 | images 0 | skipped 0 | since_id 10412573065489
Run: 4250 products fixed, 0 images | Total: 23844 products, 0 images | Processed: 24250
  Rate limited, waiting 5s...
  Rate limited, waiting 5s...
  Rate limited, waiting 5s...
  Rate limited, waiting 5s...
  Rate limited, waiting 5s...
  Rate limited, waiting 5s...
  Rate limited, waiting 5s...
  Rate limited, waiting 5s...
  Rate limited, waiting 5s...
  Rate limited, waiting 5s...
Batch done: processed 4500 | fixed 4500 | images 0 | skipped 0 | since_id 10412596953361
Run: 4500 products fixed, 0 images | Total: 24094 products, 0 images | Processed: 24500
  Rate limited, waiting 5s...
  Rate limited, waiting 5s...
  Rate limited, waiting 5s...
  Rate limited, waiting 5s...
  Rate limited, waiting 5s...
  Rate limited, waiting 5s...
  Rate limited, waiting 5s...
  Rate limited, waiting 5s...
  Rate limited, waiting 5s...
  Rate limited, waiting 5s...
Batch done: processed 4750 | fixed 4750 | images 0 | skipped 0 | since_id 10412633686289
Run: 4750 products fixed, 0 images | Total: 24344 products, 0 images | Processed: 24750
  Rate limited, waiting 5s...
  Rate limited, waiting 5s...
  Rate limited, waiting 5s...
  Rate limited, waiting 5s...
  Rate limited, waiting 5s...
  Rate limited, waiting 5s...
  Rate limited, waiting 5s...
  Rate limited, waiting 5s...
  Rate limited, waiting 5s...
Batch done: processed 5000 | fixed 5000 | images 0 | skipped 0 | since_id 10412662685969
Run: 5000 products fixed, 0 images | Total: 24594 products, 0 images | Processed: 25000
  Rate limited, waiting 5s...
  Rate limited, waiting 5s...
  Rate limited, waiting 5s...
  Rate limited, waiting 5s...
  Rate limited, waiting 5s...
  Rate limited, waiting 5s...
  Rate limited, waiting 5s...
  Rate limited, waiting 5s...
  Rate limited, waiting 5s...
  Rate limited, waiting 5s...
Batch done: processed 5250 | fixed 5250 | images 0 | skipped 0 | since_id 10412692504849
Run: 5250 products fixed, 0 images | Total: 24844 products, 0 images | Processed: 25250
  Rate limited, waiting 5s...
  Rate limited, waiting 5s...
  Rate limited, waiting 5s...
  Rate limited, waiting 5s...
  Rate limited, waiting 5s...
  Rate limited, waiting 5s...
  Rate limited, waiting 5s...
  Rate limited, waiting 5s...
  Rate limited, waiting 5s...
  Rate limited, waiting 5s...
Batch done: processed 5500 | fixed 5500 | images 0 | skipped 0 | since_id 10412719964433
Run: 5500 products fixed, 0 images | Total: 25094 products, 0 images | Processed: 25500
  Rate limited, waiting 5s...
  Rate limited, waiting 5s...
  Rate limited, waiting 5s...
  Rate limited, waiting 5s...
  Rate limited, waiting 5s...
  Rate limited, waiting 5s...
  Rate limited, waiting 5s...
  Rate limited, waiting 5s...
  Rate limited, waiting 5s...
Batch done: processed 5750 | fixed 5750 | images 0 | skipped 0 | since_id 10412733825297
Run: 5750 products fixed, 0 images | Total: 25344 products, 0 images | Processed: 25750
  Rate limited, waiting 5s...
  Rate limited, waiting 5s...
  Rate limited, waiting 5s...
  Rate limited, waiting 5s...
  Rate limited, waiting 5s...
  Rate limited, waiting 5s...
  Rate limited, waiting 5s...
  Rate limited, waiting 5s...
  Rate limited, waiting 5s...
Batch done: processed 6000 | fixed 6000 | images 0 | skipped 0 | since_id 10412743885073
Run: 6000 products fixed, 0 images | Total: 25594 products, 0 images | Processed: 26000
  Rate limited, waiting 5s...
  Rate limited, waiting 5s...
  Rate limited, waiting 5s...
  Rate limited, waiting 5s...
  Rate limited, waiting 5s...
  Rate limited, waiting 5s...
  Rate limited, waiting 5s...
  Rate limited, waiting 5s...
  Rate limited, waiting 5s...
  Rate limited, waiting 5s...
Batch done: processed 6250 | fixed 6250 | images 0 | skipped 0 | since_id 10412756205841
Run: 6250 products fixed, 0 images | Total: 25844 products, 0 images | Processed: 26250
  Rate limited, waiting 5s...
  Rate limited, waiting 5s...
  Rate limited, waiting 5s...
  Rate limited, waiting 5s...
  Rate limited, waiting 5s...
  Rate limited, waiting 5s...
  Rate limited, waiting 5s...
  Rate limited, waiting 5s...
  Rate limited, waiting 5s...
Batch done: processed 6500 | fixed 6500 | images 0 | skipped 0 | since_id 10412774818065
Run: 6500 products fixed, 0 images | Total: 26094 products, 0 images | Processed: 26500
  Rate limited, waiting 5s...
  Rate limited, waiting 5s...
  Rate limited, waiting 5s...
  Rate limited, waiting 5s...
  Rate limited, waiting 5s...
  Rate limited, waiting 5s...
  Rate limited, waiting 5s...
  Rate limited, waiting 5s...
  Rate limited, waiting 5s...
  Rate limited, waiting 5s...
Batch done: processed 6750 | fixed 6750 | images 0 | skipped 0 | since_id 10412846350609
Run: 6750 products fixed, 0 images | Total: 26344 products, 0 images | Processed: 26750
  Rate limited, waiting 5s...
  Rate limited, waiting 5s...
  Rate limited, waiting 5s...
  Rate limited, waiting 5s...
  Rate limited, waiting 5s...
  Rate limited, waiting 5s...
  Rate limited, waiting 5s...
  Rate limited, waiting 5s...
  Rate limited, waiting 5s...
  Rate limited, waiting 5s...
Batch done: processed 7000 | fixed 7000 | images 0 | skipped 0 | since_id 10412877938961
Run: 7000 products fixed, 0 images | Total: 26594 products, 0 images | Processed: 27000
  Rate limited, waiting 5s...
  Rate limited, waiting 5s...
  Rate limited, waiting 5s...
  Rate limited, waiting 5s...
  Rate limited, waiting 5s...
  Rate limited, waiting 5s...
  Rate limited, waiting 5s...
  Rate limited, waiting 5s...
  Rate limited, waiting 5s...
Batch done: processed 7250 | fixed 7250 | images 0 | skipped 0 | since_id 10412897632529
Run: 7250 products fixed, 0 images | Total: 26844 products, 0 images | Processed: 27250
  Rate limited, waiting 5s...
  Rate limited, waiting 5s...
  Rate limited, waiting 5s...
  Rate limited, waiting 5s...
  Rate limited, waiting 5s...
  Rate limited, waiting 5s...
  Rate limited, waiting 5s...
  Rate limited, waiting 5s...
Batch done: processed 7500 | fixed 7500 | images 0 | skipped 0 | since_id 10412928729361
Run: 7500 products fixed, 0 images | Total: 27094 products, 0 images | Processed: 27500
  Rate limited, waiting 5s...
  Rate limited, waiting 5s...
  Rate limited, waiting 5s...
  Rate limited, waiting 5s...
  Rate limited, waiting 5s...
  Rate limited, waiting 5s...
  Rate limited, waiting 5s...
  Rate limited, waiting 5s...
  Rate limited, waiting 5s...
  Rate limited, waiting 5s...
Batch done: processed 7750 | fixed 7750 | images 0 | skipped 0 | since_id 10412954583313
Run: 7750 products fixed, 0 images | Total: 27344 products, 0 images | Processed: 27750
  Rate limited, waiting 5s...
  Rate limited, waiting 5s...
  Rate limited, waiting 5s...
  Rate limited, waiting 5s...
  Rate limited, waiting 5s...
  Rate limited, waiting 5s...
  Rate limited, waiting 5s...
  Rate limited, waiting 5s...
  Rate limited, waiting 5s...
  Rate limited, waiting 5s...
Batch done: processed 8000 | fixed 8000 | images 0 | skipped 0 | since_id 10412978635025
Run: 8000 products fixed, 0 images | Total: 27594 products, 0 images | Processed: 28000
  Rate limited, waiting 5s...
  Rate limited, waiting 5s...
  Rate limited, waiting 5s...
  Rate limited, waiting 5s...
  Rate limited, waiting 5s...
  Rate limited, waiting 5s...
  Rate limited, waiting 5s...
  Rate limited, waiting 5s...
  Rate limited, waiting 5s...
Batch done: processed 8250 | fixed 8250 | images 0 | skipped 0 | since_id 10413010747665
Run: 8250 products fixed, 0 images | Total: 27844 products, 0 images | Processed: 28250
  Rate limited, waiting 5s...
  Rate limited, waiting 5s...
  Rate limited, waiting 5s...
  Rate limited, waiting 5s...
  Rate limited, waiting 5s...
  Rate limited, waiting 5s...
  Rate limited, waiting 5s...
  Rate limited, waiting 5s...
  Rate limited, waiting 5s...
  Rate limited, waiting 5s...
Batch done: processed 8500 | fixed 8500 | images 0 | skipped 0 | since_id 10413026410769
Run: 8500 products fixed, 0 images | Total: 28094 products, 0 images | Processed: 28500
  Rate limited, waiting 5s...
  Rate limited, waiting 5s...
  Rate limited, waiting 5s...
  Rate limited, waiting 5s...
  Rate limited, waiting 5s...
  Rate limited, waiting 5s...
  Rate limited, waiting 5s...
  Rate limited, waiting 5s...
  Rate limited, waiting 5s...
  Rate limited, waiting 5s...
  Rate limited, waiting 5s...
Batch done: processed 8750 | fixed 8750 | images 0 | skipped 0 | since_id 10413043089681
Run: 8750 products fixed, 0 images | Total: 28344 products, 0 images | Processed: 28750
  Rate limited, waiting 5s...
  Rate limited, waiting 5s...
  Rate limited, waiting 5s...
  Rate limited, waiting 5s...
  Rate limited, waiting 5s...
  Rate limited, waiting 5s...
  Rate limited, waiting 5s...
  Rate limited, waiting 5s...
  Rate limited, waiting 5s...
  Rate limited, waiting 5s...
Batch done: processed 9000 | fixed 9000 | images 0 | skipped 0 | since_id 10413057868049
Run: 9000 products fixed, 0 images | Total: 28594 products, 0 images | Processed: 29000
  Rate limited, waiting 5s...
  Rate limited, waiting 5s...
  Rate limited, waiting 5s...
  Rate limited, waiting 5s...
  Rate limited, waiting 5s...
  Rate limited, waiting 5s...
  Rate limited, waiting 5s...
  Rate limited, waiting 5s...
  Rate limited, waiting 5s...
  Rate limited, waiting 5s...
Batch done: processed 9250 | fixed 9250 | images 0 | skipped 0 | since_id 10413083328785
Run: 9250 products fixed, 0 images | Total: 28844 products, 0 images | Processed: 29250
  Rate limited, waiting 5s...
  Rate limited, waiting 5s...
  Rate limited, waiting 5s...
  Rate limited, waiting 5s...
  Rate limited, waiting 5s...
  Rate limited, waiting 5s...
  Rate limited, waiting 5s...
  Rate limited, waiting 5s...
  Rate limited, waiting 5s...
  Rate limited, waiting 5s...
Batch done: processed 9500 | fixed 9500 | images 0 | skipped 0 | since_id 10413104234769
Run: 9500 products fixed, 0 images | Total: 29094 products, 0 images | Processed: 29500
  Rate limited, waiting 5s...
  Rate limited, waiting 5s...
  Rate limited, waiting 5s...
  Rate limited, waiting 5s...
  Rate limited, waiting 5s...
  Rate limited, waiting 5s...
  Rate limited, waiting 5s...
  Rate limited, waiting 5s...
  Rate limited, waiting 5s...
  Rate limited, waiting 5s...
Batch done: processed 9750 | fixed 9750 | images 0 | skipped 0 | since_id 10413116260625
Run: 9750 products fixed, 0 images | Total: 29344 products, 0 images | Processed: 29750
  Rate limited, waiting 5s...
  Rate limited, waiting 5s...
  Rate limited, waiting 5s...
  Rate limited, waiting 5s...
  Rate limited, waiting 5s...
  Rate limited, waiting 5s...
  Rate limited, waiting 5s...
  Rate limited, waiting 5s...
  Rate limited, waiting 5s...
Batch done: processed 10000 | fixed 10000 | images 0 | skipped 0 | since_id 10413130940689
Run: 10000 products fixed, 0 images | Total: 29594 products, 0 images | Processed: 30000
  Rate limited, waiting 5s...
  Rate limited, waiting 5s...
  Rate limited, waiting 5s...
  Rate limited, waiting 5s...
  Rate limited, waiting 5s...
  Rate limited, waiting 5s...
  Rate limited, waiting 5s...
  Rate limited, waiting 5s...
  Rate limited, waiting 5s...
  Rate limited, waiting 5s...
Batch done: processed 10250 | fixed 10250 | images 0 | skipped 0 | since_id 10413148340497
Run: 10250 products fixed, 0 images | Total: 29844 products, 0 images | Processed: 30250
  Rate limited, waiting 5s...
  Rate limited, waiting 5s...
  Rate limited, waiting 5s...
  Rate limited, waiting 5s...
  Rate limited, waiting 5s...
  Rate limited, waiting 5s...
  Rate limited, waiting 5s...
  Rate limited, waiting 5s...
  Rate limited, waiting 5s...
Batch done: processed 10500 | fixed 10499 | images 0 | skipped 1 | since_id 10413164724497
  Rate limited, waiting 5s...
  Rate limited, waiting 5s...
  Rate limited, waiting 5s...
  Rate limited, waiting 5s...
  Rate limited, waiting 5s...
  Rate limited, waiting 5s...
  Rate limited, waiting 5s...
  Rate limited, waiting 5s...
  Rate limited, waiting 5s...
  Rate limited, waiting 5s...
Batch done: processed 10750 | fixed 10749 | images 0 | skipped 1 | since_id 10413179339025
  Rate limited, waiting 5s...
  Rate limited, waiting 5s...
  Rate limited, waiting 5s...
  Rate limited, waiting 5s...
  Rate limited, waiting 5s...
  Rate limited, waiting 5s...
  Rate limited, waiting 5s...
  Rate limited, waiting 5s...
  Rate limited, waiting 5s...
  Rate limited, waiting 5s...
Batch done: processed 11000 | fixed 10999 | images 0 | skipped 1 | since_id 10413194281233
  Rate limited, waiting 5s...
  Rate limited, waiting 5s...
  Rate limited, waiting 5s...
  Rate limited, waiting 5s...
  Rate limited, waiting 5s...
  Rate limited, waiting 5s...
  Rate limited, waiting 5s...
  Rate limited, waiting 5s...
  Rate limited, waiting 5s...
  Rate limited, waiting 5s...
Batch done: processed 11250 | fixed 11249 | images 0 | skipped 1 | since_id 10413212664081
  Rate limited, waiting 5s...
  Rate limited, waiting 5s...
  Rate limited, waiting 5s...
  Rate limited, waiting 5s...
  Rate limited, waiting 5s...
  Rate limited, waiting 5s...
  Rate limited, waiting 5s...
  Rate limited, waiting 5s...
  Rate limited, waiting 5s...
  Rate limited, waiting 5s...
Batch done: processed 11500 | fixed 11499 | images 0 | skipped 1 | since_id 10413225672977
  Rate limited, waiting 5s...
  Rate limited, waiting 5s...
  Rate limited, waiting 5s...
  Rate limited, waiting 5s...
  Rate limited, waiting 5s...
  Rate limited, waiting 5s...
  Rate limited, waiting 5s...
  Rate limited, waiting 5s...
  Rate limited, waiting 5s...
  Rate limited, waiting 5s...
Batch done: processed 11750 | fixed 11749 | images 0 | skipped 1 | since_id 10413242745105
  Rate limited, waiting 5s...
  Rate limited, waiting 5s...
  Rate limited, waiting 5s...
  Rate limited, waiting 5s...
  Rate limited, waiting 5s...
  Rate limited, waiting 5s...
  Rate limited, waiting 5s...
  Rate limited, waiting 5s...
  Rate limited, waiting 5s...
  Rate limited, waiting 5s...
Batch done: processed 12000 | fixed 11999 | images 0 | skipped 1 | since_id 10413261947153
  Rate limited, waiting 5s...
  Rate limited, waiting 5s...
  Rate limited, waiting 5s...
  Rate limited, waiting 5s...
  Rate limited, waiting 5s...
  Rate limited, waiting 5s...
  Rate limited, waiting 5s...
  Rate limited, waiting 5s...
  Rate limited, waiting 5s...
  Rate limited, waiting 5s...
Batch done: processed 12250 | fixed 12249 | images 0 | skipped 1 | since_id 10413459144977
  Rate limited, waiting 5s...
  Rate limited, waiting 5s...
  Rate limited, waiting 5s...
  Rate limited, waiting 5s...
  Rate limited, waiting 5s...
  Rate limited, waiting 5s...
  Rate limited, waiting 5s...
  Rate limited, waiting 5s...
  Rate limited, waiting 5s...
  Rate limited, waiting 5s...
Batch done: processed 12500 | fixed 12499 | images 0 | skipped 1 | since_id 10413577404689
  Rate limited, waiting 5s...
  Rate limited, waiting 5s...
  Rate limited, waiting 5s...
  Rate limited, waiting 5s...
  Rate limited, waiting 5s...
  Rate limited, waiting 5s...
  Rate limited, waiting 5s...
  Rate limited, waiting 5s...
  Rate limited, waiting 5s...
  Rate limited, waiting 5s...
Batch done: processed 12750 | fixed 12749 | images 0 | skipped 1 | since_id 10414668644625
  Rate limited, waiting 5s...
  Rate limited, waiting 5s...
  Rate limited, waiting 5s...
  Rate limited, waiting 5s...
  Rate limited, waiting 5s...
  Rate limited, waiting 5s...
  Rate limited, waiting 5s...
  Rate limited, waiting 5s...
  Rate limited, waiting 5s...
  Rate limited, waiting 5s...
Batch done: processed 13000 | fixed 12999 | images 0 | skipped 1 | since_id 10414717337873
  Rate limited, waiting 5s...
  Rate limited, waiting 5s...
  Rate limited, waiting 5s...
  Rate limited, waiting 5s...
  Rate limited, waiting 5s...
  Rate limited, waiting 5s...
  Rate limited, waiting 5s...
  Rate limited, waiting 5s...
  Rate limited, waiting 5s...
  Rate limited, waiting 5s...
Batch done: processed 13250 | fixed 13249 | images 0 | skipped 1 | since_id 10414734672145
  Rate limited, waiting 5s...
  Rate limited, waiting 5s...
  Rate limited, waiting 5s...
  Rate limited, waiting 5s...
  Rate limited, waiting 5s...
  Rate limited, waiting 5s...
  Rate limited, waiting 5s...
  Rate limited, waiting 5s...
  Rate limited, waiting 5s...
  Rate limited, waiting 5s...
Batch done: processed 13500 | fixed 13499 | images 0 | skipped 1 | since_id 10415476113681
  Rate limited, waiting 5s...
  Rate limited, waiting 5s...
  Rate limited, waiting 5s...
  Rate limited, waiting 5s...
  Rate limited, waiting 5s...
  Rate limited, waiting 5s...
  Rate limited, waiting 5s...
  Rate limited, waiting 5s...
  Rate limited, waiting 5s...
  Rate limited, waiting 5s...
Batch done: processed 13750 | fixed 13749 | images 0 | skipped 1 | since_id 10415492006161
  Rate limited, waiting 5s...
  Rate limited, waiting 5s...
  Rate limited, waiting 5s...
  Rate limited, waiting 5s...
  Rate limited, waiting 5s...
  Rate limited, waiting 5s...
  Rate limited, waiting 5s...
  Rate limited, waiting 5s...
  Rate limited, waiting 5s...
  Rate limited, waiting 5s...
Batch done: processed 14000 | fixed 13999 | images 0 | skipped 1 | since_id 10415505834257
  Rate limited, waiting 5s...
  Rate limited, waiting 5s...
  Rate limited, waiting 5s...
  Rate limited, waiting 5s...
  Rate limited, waiting 5s...
  Rate limited, waiting 5s...
  Rate limited, waiting 5s...
  Rate limited, waiting 5s...
  Rate limited, waiting 5s...
  Rate limited, waiting 5s...
Batch done: processed 14250 | fixed 14249 | images 0 | skipped 1 | since_id 10415905767697
  Rate limited, waiting 5s...
  Rate limited, waiting 5s...
  Rate limited, waiting 5s...
  Rate limited, waiting 5s...
  Rate limited, waiting 5s...
  Rate limited, waiting 5s...
  Rate limited, waiting 5s...
  Rate limited, waiting 5s...
  Rate limited, waiting 5s...
  Rate limited, waiting 5s...
Batch done: processed 14500 | fixed 14499 | images 0 | skipped 1 | since_id 10415923986705
  Rate limited, waiting 5s...
  Rate limited, waiting 5s...
  Rate limited, waiting 5s...
  Rate limited, waiting 5s...
  Rate limited, waiting 5s...
  Rate limited, waiting 5s...
  Rate limited, waiting 5s...
  Rate limited, waiting 5s...
  Rate limited, waiting 5s...
Batch done: processed 14750 | fixed 14749 | images 0 | skipped 1 | since_id 10415939387665
  Rate limited, waiting 5s...
  Rate limited, waiting 5s...
  Rate limited, waiting 5s...
  Rate limited, waiting 5s...
  Rate limited, waiting 5s...
  Rate limited, waiting 5s...
  Rate limited, waiting 5s...
  Rate limited, waiting 5s...
  Rate limited, waiting 5s...
  Rate limited, waiting 5s...
Batch done: processed 15000 | fixed 14999 | images 0 | skipped 1 | since_id 10418009243921
  Rate limited, waiting 5s...
  Rate limited, waiting 5s...
  Rate limited, waiting 5s...
  Rate limited, waiting 5s...
  Rate limited, waiting 5s...
  Rate limited, waiting 5s...
  Rate limited, waiting 5s...
  Rate limited, waiting 5s...
  Rate limited, waiting 5s...
  Rate limited, waiting 5s...
Batch done: processed 15250 | fixed 15249 | images 0 | skipped 1 | since_id 10418020188433
  Rate limited, waiting 5s...
  Rate limited, waiting 5s...
  Rate limited, waiting 5s...
  Rate limited, waiting 5s...
  Rate limited, waiting 5s...
  Rate limited, waiting 5s...
  Rate limited, waiting 5s...
  Rate limited, waiting 5s...
  Rate limited, waiting 5s...
  Rate limited, waiting 5s...
Batch done: processed 15500 | fixed 15499 | images 0 | skipped 1 | since_id 10418039259409
  Rate limited, waiting 5s...
  Rate limited, waiting 5s...
  Rate limited, waiting 5s...
  Rate limited, waiting 5s...
  Rate limited, waiting 5s...
  Rate limited, waiting 5s...
  Rate limited, waiting 5s...
  Rate limited, waiting 5s...
  Rate limited, waiting 5s...
Batch done: processed 15750 | fixed 15749 | images 0 | skipped 1 | since_id 10420208599313
  Rate limited, waiting 5s...
  Rate limited, waiting 5s...
  Rate limited, waiting 5s...
  Rate limited, waiting 5s...
  Rate limited, waiting 5s...
  Rate limited, waiting 5s...
  Rate limited, waiting 5s...
  Rate limited, waiting 5s...
  Rate limited, waiting 5s...
  Rate limited, waiting 5s...
Batch done: processed 16000 | fixed 15999 | images 0 | skipped 1 | since_id 10420547354897
  Rate limited, waiting 5s...
  Rate limited, waiting 5s...
  Rate limited, waiting 5s...
  Rate limited, waiting 5s...
  Rate limited, waiting 5s...
  Rate limited, waiting 5s...
  Rate limited, waiting 5s...
  Rate limited, waiting 5s...
  Rate limited, waiting 5s...
  Rate limited, waiting 5s...
Batch done: processed 16250 | fixed 16249 | images 0 | skipped 1 | since_id 10420584415505
  Rate limited, waiting 5s...
  Rate limited, waiting 5s...
  Rate limited, waiting 5s...
  Rate limited, waiting 5s...
  Rate limited, waiting 5s...
  Rate limited, waiting 5s...
  Rate limited, waiting 5s...
  Rate limited, waiting 5s...
  Rate limited, waiting 5s...
  Rate limited, waiting 5s...
Batch done: processed 16500 | fixed 16499 | images 0 | skipped 1 | since_id 10422596174097
  Rate limited, waiting 5s...
  Rate limited, waiting 5s...
  Rate limited, waiting 5s...
  Rate limited, waiting 5s...
  Rate limited, waiting 5s...
  Rate limited, waiting 5s...
  Rate limited, waiting 5s...
  Rate limited, waiting 5s...
  Rate limited, waiting 5s...
Batch done: processed 16750 | fixed 16749 | images 0 | skipped 1 | since_id 10422672720145
  Rate limited, waiting 5s...
  Rate limited, waiting 5s...
  Rate limited, waiting 5s...
  Rate limited, waiting 5s...
  Rate limited, waiting 5s...
  Rate limited, waiting 5s...
  Rate limited, waiting 5s...
  Rate limited, waiting 5s...
  Rate limited, waiting 5s...
  Rate limited, waiting 5s...
Batch done: processed 17000 | fixed 16999 | images 0 | skipped 1 | since_id 10424648040721
  Rate limited, waiting 5s...
  Rate limited, waiting 5s...
  Rate limited, waiting 5s...
  Rate limited, waiting 5s...
  Rate limited, waiting 5s...
  Rate limited, waiting 5s...
  Rate limited, waiting 5s...
  Rate limited, waiting 5s...
  Rate limited, waiting 5s...
Batch done: processed 17250 | fixed 17249 | images 0 | skipped 1 | since_id 10424691786001
  Rate limited, waiting 5s...
  Rate limited, waiting 5s...
  Rate limited, waiting 5s...
  Rate limited, waiting 5s...
  Rate limited, waiting 5s...
  Rate limited, waiting 5s...
  Rate limited, waiting 5s...
  Rate limited, waiting 5s...
  Rate limited, waiting 5s...
  Rate limited, waiting 5s...
Batch done: processed 17500 | fixed 17499 | images 0 | skipped 1 | since_id 10426751451409
  Rate limited, waiting 5s...
  Rate limited, waiting 5s...
  Rate limited, waiting 5s...
  Rate limited, waiting 5s...
  Rate limited, waiting 5s...
  Rate limited, waiting 5s...
  Rate limited, waiting 5s...
  Rate limited, waiting 5s...
  Rate limited, waiting 5s...
  Rate limited, waiting 5s...
Batch done: processed 17750 | fixed 17749 | images 0 | skipped 1 | since_id 10426937180433
  Rate limited, waiting 5s...
  Rate limited, waiting 5s...
  Rate limited, waiting 5s...
  Rate limited, waiting 5s...
  Rate limited, waiting 5s...
  Rate limited, waiting 5s...
  Rate limited, waiting 5s...
  Rate limited, waiting 5s...
  Rate limited, waiting 5s...
  Rate limited, waiting 5s...
Batch done: processed 18000 | fixed 17999 | images 0 | skipped 1 | since_id 10428250620177
  Rate limited, waiting 5s...
  Rate limited, waiting 5s...
  Rate limited, waiting 5s...
  Rate limited, waiting 5s...
  Rate limited, waiting 5s...
  Rate limited, waiting 5s...
  Rate limited, waiting 5s...
  Rate limited, waiting 5s...
  Rate limited, waiting 5s...
Batch done: processed 18250 | fixed 18249 | images 0 | skipped 1 | since_id 10429996663057
  Rate limited, waiting 5s...
  Rate limited, waiting 5s...
  Rate limited, waiting 5s...
  Rate limited, waiting 5s...
  Rate limited, waiting 5s...
  Rate limited, waiting 5s...
  Rate limited, waiting 5s...
  Rate limited, waiting 5s...
  Rate limited, waiting 5s...
  Rate limited, waiting 5s...
Batch done: processed 18500 | fixed 18499 | images 0 | skipped 1 | since_id 10430012883217
  Rate limited, waiting 5s...
  Rate limited, waiting 5s...
  Rate limited, waiting 5s...
  Rate limited, waiting 5s...
  Rate limited, waiting 5s...
  Rate limited, waiting 5s...
  Rate limited, waiting 5s...
  Rate limited, waiting 5s...
  Rate limited, waiting 5s...
  Rate limited, waiting 5s...
Batch done: processed 18750 | fixed 18749 | images 0 | skipped 1 | since_id 10430037033233
  Rate limited, waiting 5s...
  Rate limited, waiting 5s...
  Rate limited, waiting 5s...
  Rate limited, waiting 5s...
  Rate limited, waiting 5s...
  Rate limited, waiting 5s...
  Rate limited, waiting 5s...
  Rate limited, waiting 5s...
  Rate limited, waiting 5s...
Batch done: processed 19000 | fixed 18999 | images 0 | skipped 1 | since_id 10433166344465
  Rate limited, waiting 5s...
  Rate limited, waiting 5s...
  Rate limited, waiting 5s...
  Rate limited, waiting 5s...
  Rate limited, waiting 5s...
  Rate limited, waiting 5s...
  Rate limited, waiting 5s...
  Rate limited, waiting 5s...
  Rate limited, waiting 5s...
  Rate limited, waiting 5s...
Batch done: processed 19250 | fixed 19249 | images 0 | skipped 1 | since_id 10433187021073
  Rate limited, waiting 5s...
  Rate limited, waiting 5s...
  Rate limited, waiting 5s...
  Rate limited, waiting 5s...
  Rate limited, waiting 5s...
  Rate limited, waiting 5s...
  Rate limited, waiting 5s...
  Rate limited, waiting 5s...
  Rate limited, waiting 5s...
  Rate limited, waiting 5s...
Batch done: processed 19500 | fixed 19499 | images 0 | skipped 1 | since_id 10433660879121
  Rate limited, waiting 5s...
  Rate limited, waiting 5s...
  Rate limited, waiting 5s...
  Rate limited, waiting 5s...
  Rate limited, waiting 5s...
  Rate limited, waiting 5s...
  Rate limited, waiting 5s...
  Rate limited, waiting 5s...
  Rate limited, waiting 5s...
  Rate limited, waiting 5s...
Batch done: processed 19750 | fixed 19749 | images 0 | skipped 1 | since_id 10433894744337
  Rate limited, waiting 5s...
  Rate limited, waiting 5s...
  Rate limited, waiting 5s...
  Rate limited, waiting 5s...
  Rate limited, waiting 5s...
  Rate limited, waiting 5s...
  Rate limited, waiting 5s...
  Rate limited, waiting 5s...
  Rate limited, waiting 5s...
  Rate limited, waiting 5s...
Batch done: processed 20000 | fixed 19999 | images 0 | skipped 1 | since_id 10433912471825

=== RUN COMPLETE ===
This run: 19999 products, 0 images fixed
Cumulative: 39593 products, 0 images
Next since_id: 10433912471825
◇ injected env (2) from ../../.env // tip: ⌘ custom filepath { path: '/custom/path/.env' }
Resuming from since_id: 10433912471825 | Total fixed: 39593 | Images fixed: 0
  Rate limited, waiting 5s...
  Rate limited, waiting 5s...
  Rate limited, waiting 5s...
  Rate limited, waiting 5s...
  Rate limited, waiting 5s...
Batch done: processed 250 | fixed 182 | images 0 | skipped 68 | since_id 10436000874769
  Rate limited, waiting 5s...
  Rate limited, waiting 5s...
  Rate limited, waiting 5s...
  Rate limited, waiting 5s...
  Rate limited, waiting 5s...
  Rate limited, waiting 5s...
  Rate limited, waiting 5s...
  Rate limited, waiting 5s...
  Rate limited, waiting 5s...
  Rate limited, waiting 5s...
Batch done: processed 500 | fixed 432 | images 0 | skipped 68 | since_id 10436057301265
  Rate limited, waiting 5s...
  Rate limited, waiting 5s...
  Rate limited, waiting 5s...
  Rate limited, waiting 5s...
  Rate limited, waiting 5s...
  Rate limited, waiting 5s...
  Rate limited, waiting 5s...
  Rate limited, waiting 5s...
  Rate limited, waiting 5s...
Batch done: processed 750 | fixed 682 | images 0 | skipped 68 | since_id 10436080238865
  Rate limited, waiting 5s...
  Rate limited, waiting 5s...
  Rate limited, waiting 5s...
  Rate limited, waiting 5s...
  Rate limited, waiting 5s...
  Rate limited, waiting 5s...
  Rate limited, waiting 5s...
  Rate limited, waiting 5s...
  Rate limited, waiting 5s...
  Rate limited, waiting 5s...
Batch done: processed 1000 | fixed 932 | images 0 | skipped 68 | since_id 10436373414161
  Rate limited, waiting 5s...
  Rate limited, waiting 5s...
  Rate limited, waiting 5s...
  Rate limited, waiting 5s...
  Rate limited, waiting 5s...
  Rate limited, waiting 5s...
  Rate limited, waiting 5s...
  Rate limited, waiting 5s...
  Rate limited, waiting 5s...
Batch done: processed 1250 | fixed 1182 | images 0 | skipped 68 | since_id 10437454528785
  Rate limited, waiting 5s...
  Rate limited, waiting 5s...
  Rate limited, waiting 5s...
  Rate limited, waiting 5s...
  Rate limited, waiting 5s...
  Rate limited, waiting 5s...
  Rate limited, waiting 5s...
  Rate limited, waiting 5s...
  Rate limited, waiting 5s...
Batch done: processed 1500 | fixed 1432 | images 0 | skipped 68 | since_id 10439019036945
  Rate limited, waiting 5s...
  Rate limited, waiting 5s...
  Rate limited, waiting 5s...
  Rate limited, waiting 5s...
  Rate limited, waiting 5s...
  Rate limited, waiting 5s...
  Rate limited, waiting 5s...
  Rate limited, waiting 5s...
  Rate limited, waiting 5s...
  Rate limited, waiting 5s...
Batch done: processed 1750 | fixed 1682 | images 0 | skipped 68 | since_id 10440462336273
  Rate limited, waiting 5s...
  Rate limited, waiting 5s...
  Rate limited, waiting 5s...
  Rate limited, waiting 5s...
  Rate limited, waiting 5s...
  Rate limited, waiting 5s...
  Rate limited, waiting 5s...
  Rate limited, waiting 5s...
  Rate limited, waiting 5s...
Batch done: processed 2000 | fixed 1932 | images 0 | skipped 68 | since_id 10440472264977
  Rate limited, waiting 5s...
  Rate limited, waiting 5s...
  Rate limited, waiting 5s...
  Rate limited, waiting 5s...
  Rate limited, waiting 5s...
  Rate limited, waiting 5s...
  Rate limited, waiting 5s...
  Rate limited, waiting 5s...
  Rate limited, waiting 5s...
  Rate limited, waiting 5s...
Batch done: processed 2250 | fixed 2182 | images 0 | skipped 68 | since_id 10441019031825
  Rate limited, waiting 5s...
  Rate limited, waiting 5s...
  Rate limited, waiting 5s...
  Rate limited, waiting 5s...
  Rate limited, waiting 5s...
  Rate limited, waiting 5s...
  Rate limited, waiting 5s...
  Rate limited, waiting 5s...
  Rate limited, waiting 5s...
  Rate limited, waiting 5s...
Batch done: processed 2500 | fixed 2432 | images 0 | skipped 68 | since_id 10441030861073
  Rate limited, waiting 5s...
  Rate limited, waiting 5s...
  Rate limited, waiting 5s...
  Rate limited, waiting 5s...
  Rate limited, waiting 5s...
  Rate limited, waiting 5s...
  Rate limited, waiting 5s...
  Rate limited, waiting 5s...
  Rate limited, waiting 5s...
  Rate limited, waiting 5s...
Batch done: processed 2750 | fixed 2682 | images 0 | skipped 68 | since_id 10441043345681
  Rate limited, waiting 5s...
  Rate limited, waiting 5s...
  Rate limited, waiting 5s...
  Rate limited, waiting 5s...
  Rate limited, waiting 5s...
  Rate limited, waiting 5s...
  Rate limited, waiting 5s...
  Rate limited, waiting 5s...
  Rate limited, waiting 5s...
  Rate limited, waiting 5s...
Batch done: processed 3000 | fixed 2932 | images 0 | skipped 68 | since_id 10441625043217
  Rate limited, waiting 5s...
  Rate limited, waiting 5s...
  Rate limited, waiting 5s...
  Rate limited, waiting 5s...
  Rate limited, waiting 5s...
  Rate limited, waiting 5s...
  Rate limited, waiting 5s...
  Rate limited, waiting 5s...
  Rate limited, waiting 5s...
  Rate limited, waiting 5s...
Batch done: processed 3250 | fixed 3182 | images 0 | skipped 68 | since_id 10441637429521
  Rate limited, waiting 5s...
  Rate limited, waiting 5s...
  Rate limited, waiting 5s...
  Rate limited, waiting 5s...
  Rate limited, waiting 5s...
  Rate limited, waiting 5s...
  Rate limited, waiting 5s...
  Rate limited, waiting 5s...
  Rate limited, waiting 5s...
  Rate limited, waiting 5s...
Batch done: processed 3500 | fixed 3432 | images 0 | skipped 68 | since_id 10441651323153
  Rate limited, waiting 5s...
  Rate limited, waiting 5s...
  Rate limited, waiting 5s...
  Rate limited, waiting 5s...
  Rate limited, waiting 5s...
  Rate limited, waiting 5s...
  Rate limited, waiting 5s...
  Rate limited, waiting 5s...
  Rate limited, waiting 5s...
Batch done: processed 3750 | fixed 3682 | images 0 | skipped 68 | since_id 10442422878481
  Rate limited, waiting 5s...
  Rate limited, waiting 5s...
  Rate limited, waiting 5s...
  Rate limited, waiting 5s...
  Rate limited, waiting 5s...
  Rate limited, waiting 5s...
  Rate limited, waiting 5s...
  Rate limited, waiting 5s...
  Rate limited, waiting 5s...
Batch done: processed 4000 | fixed 3932 | images 0 | skipped 68 | since_id 10442442342673
  Rate limited, waiting 5s...
  Rate limited, waiting 5s...
  Rate limited, waiting 5s...
  Rate limited, waiting 5s...
  Rate limited, waiting 5s...
  Rate limited, waiting 5s...
  Rate limited, waiting 5s...
  Rate limited, waiting 5s...
  Rate limited, waiting 5s...
Batch done: processed 4250 | fixed 4182 | images 0 | skipped 68 | since_id 10442895491345
  Rate limited, waiting 5s...
  Rate limited, waiting 5s...
  Rate limited, waiting 5s...
  Rate limited, waiting 5s...
  Rate limited, waiting 5s...
  Rate limited, waiting 5s...
  Rate limited, waiting 5s...
  Rate limited, waiting 5s...
  Rate limited, waiting 5s...
  Rate limited, waiting 5s...
Batch done: processed 4500 | fixed 4432 | images 0 | skipped 68 | since_id 10442906108177
  Rate limited, waiting 5s...
  Rate limited, waiting 5s...
  Rate limited, waiting 5s...
  Rate limited, waiting 5s...
  Rate limited, waiting 5s...
  Rate limited, waiting 5s...
  Rate limited, waiting 5s...
  Rate limited, waiting 5s...
Batch done: processed 4750 | fixed 4682 | images 0 | skipped 68 | since_id 10442924294417
  Rate limited, waiting 5s...
  Rate limited, waiting 5s...
  Rate limited, waiting 5s...
  Rate limited, waiting 5s...
  Rate limited, waiting 5s...
  Rate limited, waiting 5s...
  Rate limited, waiting 5s...
  Rate limited, waiting 5s...
  Rate limited, waiting 5s...
Batch done: processed 5000 | fixed 4932 | images 0 | skipped 68 | since_id 10445624344849
  Rate limited, waiting 5s...
  Rate limited, waiting 5s...
  Rate limited, waiting 5s...
  Rate limited, waiting 5s...
  Rate limited, waiting 5s...
  Rate limited, waiting 5s...
  Rate limited, waiting 5s...
  Rate limited, waiting 5s...
  Rate limited, waiting 5s...
  Rate limited, waiting 5s...
Batch done: processed 5250 | fixed 5182 | images 0 | skipped 68 | since_id 10445660094737
  Rate limited, waiting 5s...
  Rate limited, waiting 5s...
  Rate limited, waiting 5s...
  Rate limited, waiting 5s...
  Rate limited, waiting 5s...
  Rate limited, waiting 5s...
  Rate limited, waiting 5s...
  Rate limited, waiting 5s...
  Rate limited, waiting 5s...
  Rate limited, waiting 5s...
Batch done: processed 5500 | fixed 5432 | images 0 | skipped 68 | since_id 10449320837393
  Rate limited, waiting 5s...
  Rate limited, waiting 5s...
  Rate limited, waiting 5s...
  Rate limited, waiting 5s...
  Rate limited, waiting 5s...
  Rate limited, waiting 5s...
  Rate limited, waiting 5s...
  Rate limited, waiting 5s...
  Rate limited, waiting 5s...
  Rate limited, waiting 5s...
Batch done: processed 5750 | fixed 5682 | images 0 | skipped 68 | since_id 10449350361361
  Rate limited, waiting 5s...
  Rate limited, waiting 5s...
  Rate limited, waiting 5s...
  Rate limited, waiting 5s...
  Rate limited, waiting 5s...
  Rate limited, waiting 5s...
  Rate limited, waiting 5s...
  Rate limited, waiting 5s...
  Rate limited, waiting 5s...
  Rate limited, waiting 5s...
Batch done: processed 6000 | fixed 5932 | images 0 | skipped 68 | since_id 10449380835601
  Rate limited, waiting 5s...
  Rate limited, waiting 5s...
  Rate limited, waiting 5s...
  Rate limited, waiting 5s...
  Rate limited, waiting 5s...
  Rate limited, waiting 5s...
  Rate limited, waiting 5s...
  Rate limited, waiting 5s...
  Rate limited, waiting 5s...
Batch done: processed 6250 | fixed 6182 | images 0 | skipped 68 | since_id 10454728999185
  Rate limited, waiting 5s...
  Rate limited, waiting 5s...
  Rate limited, waiting 5s...
  Rate limited, waiting 5s...
  Rate limited, waiting 5s...
  Rate limited, waiting 5s...
  Rate limited, waiting 5s...
  Rate limited, waiting 5s...
  Rate limited, waiting 5s...
  Rate limited, waiting 5s...
Batch done: processed 6500 | fixed 6432 | images 0 | skipped 68 | since_id 10456141594897
  Rate limited, waiting 5s...
  Rate limited, waiting 5s...
  Rate limited, waiting 5s...
  Rate limited, waiting 5s...
  Rate limited, waiting 5s...
  Rate limited, waiting 5s...
  Rate limited, waiting 5s...
  Rate limited, waiting 5s...
  Rate limited, waiting 5s...
  Rate limited, waiting 5s...
Batch done: processed 6750 | fixed 6682 | images 0 | skipped 68 | since_id 10456193761553
  Rate limited, waiting 5s...
  Rate limited, waiting 5s...
  Rate limited, waiting 5s...
  Rate limited, waiting 5s...
  Rate limited, waiting 5s...
  Rate limited, waiting 5s...
  Rate limited, waiting 5s...
  Rate limited, waiting 5s...
  Rate limited, waiting 5s...
  Rate limited, waiting 5s...
Batch done: processed 7000 | fixed 6932 | images 0 | skipped 68 | since_id 10460875063569
  Rate limited, waiting 5s...
  Rate limited, waiting 5s...
  Rate limited, waiting 5s...
  Rate limited, waiting 5s...
  Rate limited, waiting 5s...
  Rate limited, waiting 5s...
  Rate limited, waiting 5s...
  Rate limited, waiting 5s...
  Rate limited, waiting 5s...
  Rate limited, waiting 5s...
Batch done: processed 7250 | fixed 7182 | images 0 | skipped 68 | since_id 10460947022097
  Rate limited, waiting 5s...
  Rate limited, waiting 5s...
  Rate limited, waiting 5s...
  Rate limited, waiting 5s...
  Rate limited, waiting 5s...
  Rate limited, waiting 5s...
  Rate limited, waiting 5s...
  Rate limited, waiting 5s...
  Rate limited, waiting 5s...
  Rate limited, waiting 5s...
Batch done: processed 7500 | fixed 7432 | images 0 | skipped 68 | since_id 10461023600913
  Rate limited, waiting 5s...
  Rate limited, waiting 5s...
  Rate limited, waiting 5s...
  Rate limited, waiting 5s...
  Rate limited, waiting 5s...
  Rate limited, waiting 5s...
  Rate limited, waiting 5s...
  Rate limited, waiting 5s...
  Rate limited, waiting 5s...
Batch done: processed 7750 | fixed 7682 | images 0 | skipped 68 | since_id 10464811450641
  Rate limited, waiting 5s...
  Rate limited, waiting 5s...
  Rate limited, waiting 5s...
  Rate limited, waiting 5s...
  Rate limited, waiting 5s...
  Rate limited, waiting 5s...
  Rate limited, waiting 5s...
  Rate limited, waiting 5s...
  Rate limited, waiting 5s...
  Rate limited, waiting 5s...
Batch done: processed 8000 | fixed 7932 | images 0 | skipped 68 | since_id 10464838025489
  Rate limited, waiting 5s...
  Rate limited, waiting 5s...
  Rate limited, waiting 5s...
  Rate limited, waiting 5s...
  Rate limited, waiting 5s...
  Rate limited, waiting 5s...
  Rate limited, waiting 5s...
  Rate limited, waiting 5s...
  Rate limited, waiting 5s...
  Rate limited, waiting 5s...
Batch done: processed 8250 | fixed 8182 | images 0 | skipped 68 | since_id 10464940753169
  Rate limited, waiting 5s...
  Rate limited, waiting 5s...
  Rate limited, waiting 5s...
  Rate limited, waiting 5s...
  Rate limited, waiting 5s...
  Rate limited, waiting 5s...
  Rate limited, waiting 5s...
  Rate limited, waiting 5s...
  Rate limited, waiting 5s...
Batch done: processed 8500 | fixed 8432 | images 0 | skipped 68 | since_id 10467781542161
  Rate limited, waiting 5s...
  Rate limited, waiting 5s...
  Rate limited, waiting 5s...
  Rate limited, waiting 5s...
  Rate limited, waiting 5s...
  Rate limited, waiting 5s...
  Rate limited, waiting 5s...
  Rate limited, waiting 5s...
  Rate limited, waiting 5s...
  Rate limited, waiting 5s...
Batch done: processed 8750 | fixed 8682 | images 0 | skipped 68 | since_id 10467877781777
  Rate limited, waiting 5s...
  Rate limited, waiting 5s...
  Rate limited, waiting 5s...
  Rate limited, waiting 5s...
  Rate limited, waiting 5s...
  Rate limited, waiting 5s...
  Rate limited, waiting 5s...
  Rate limited, waiting 5s...
  Rate limited, waiting 5s...
  Rate limited, waiting 5s...
Batch done: processed 9000 | fixed 8932 | images 0 | skipped 68 | since_id 10468457611537
  Rate limited, waiting 5s...
  Rate limited, waiting 5s...
  Rate limited, waiting 5s...
  Rate limited, waiting 5s...
  Rate limited, waiting 5s...
  Rate limited, waiting 5s...
  Rate limited, waiting 5s...
  Rate limited, waiting 5s...
  Rate limited, waiting 5s...
  Rate limited, waiting 5s...
Batch done: processed 9250 | fixed 9182 | images 0 | skipped 68 | since_id 10470521864465
  Rate limited, waiting 5s...
  Rate limited, waiting 5s...
  Rate limited, waiting 5s...
  Rate limited, waiting 5s...
  Rate limited, waiting 5s...
  Rate limited, waiting 5s...
  Rate limited, waiting 5s...
  Rate limited, waiting 5s...
  Rate limited, waiting 5s...
  Rate limited, waiting 5s...
Batch done: processed 9500 | fixed 9432 | images 0 | skipped 68 | since_id 10471388545297
  Rate limited, waiting 5s...
  Rate limited, waiting 5s...
  Rate limited, waiting 5s...
  Rate limited, waiting 5s...
  Rate limited, waiting 5s...
  Rate limited, waiting 5s...
  Rate limited, waiting 5s...
  Rate limited, waiting 5s...
  Rate limited, waiting 5s...
  Rate limited, waiting 5s...
Batch done: processed 9750 | fixed 9682 | images 0 | skipped 68 | since_id 10472351400209
  Rate limited, waiting 5s...
  Rate limited, waiting 5s...
  Rate limited, waiting 5s...
  Rate limited, waiting 5s...
  Rate limited, waiting 5s...
  Rate limited, waiting 5s...
  Rate limited, waiting 5s...
  Rate limited, waiting 5s...
  Rate limited, waiting 5s...
  Rate limited, waiting 5s...
Batch done: processed 10000 | fixed 9932 | images 0 | skipped 68 | since_id 10475993399569
  Rate limited, waiting 5s...
  Rate limited, waiting 5s...
  Rate limited, waiting 5s...
  Rate limited, waiting 5s...
  Rate limited, waiting 5s...
  Rate limited, waiting 5s...
  Rate limited, waiting 5s...
  Rate limited, waiting 5s...
  Rate limited, waiting 5s...
  Rate limited, waiting 5s...
Batch done: processed 10250 | fixed 10182 | images 0 | skipped 68 | since_id 10477922910481
  Rate limited, waiting 5s...
  Rate limited, waiting 5s...
  Rate limited, waiting 5s...
  Rate limited, waiting 5s...
  Rate limited, waiting 5s...
  Rate limited, waiting 5s...
  Rate limited, waiting 5s...
  Rate limited, waiting 5s...
  Rate limited, waiting 5s...
  Rate limited, waiting 5s...
Batch done: processed 10500 | fixed 10431 | images 0 | skipped 69 | since_id 10482986746129
  Rate limited, waiting 5s...
  Rate limited, waiting 5s...
  Rate limited, waiting 5s...
  Rate limited, waiting 5s...
  Rate limited, waiting 5s...
  Rate limited, waiting 5s...
  Rate limited, waiting 5s...
  Rate limited, waiting 5s...
  Rate limited, waiting 5s...
  Rate limited, waiting 5s...
Batch done: processed 10750 | fixed 10681 | images 0 | skipped 69 | since_id 10489282035985
  Rate limited, waiting 5s...
  Rate limited, waiting 5s...
  Rate limited, waiting 5s...
  Rate limited, waiting 5s...
  Rate limited, waiting 5s...
  Rate limited, waiting 5s...
  Rate limited, waiting 5s...
  Rate limited, waiting 5s...
  Rate limited, waiting 5s...
Batch done: processed 11000 | fixed 10931 | images 0 | skipped 69 | since_id 10490930626833
  Rate limited, waiting 5s...
  Rate limited, waiting 5s...
  Rate limited, waiting 5s...
  Rate limited, waiting 5s...
  Rate limited, waiting 5s...
  Rate limited, waiting 5s...
  Rate limited, waiting 5s...
  Rate limited, waiting 5s...
  Rate limited, waiting 5s...
Batch done: processed 11250 | fixed 11181 | images 0 | skipped 69 | since_id 10491701756177
  Rate limited, waiting 5s...
  Rate limited, waiting 5s...
  Rate limited, waiting 5s...
  Rate limited, waiting 5s...
  Rate limited, waiting 5s...
  Rate limited, waiting 5s...
  Rate limited, waiting 5s...
Batch done: processed 11500 | fixed 11431 | images 0 | skipped 69 | since_id 10495110643985
  Rate limited, waiting 5s...
  Rate limited, waiting 5s...
  Rate limited, waiting 5s...
  Rate limited, waiting 5s...
  Rate limited, waiting 5s...
  Rate limited, waiting 5s...
  Rate limited, waiting 5s...
  Rate limited, waiting 5s...
  Rate limited, waiting 5s...
  Rate limited, waiting 5s...
Batch done: processed 11750 | fixed 11681 | images 0 | skipped 69 | since_id 10497465024785
  Rate limited, waiting 5s...
  Rate limited, waiting 5s...
  Rate limited, waiting 5s...
  Rate limited, waiting 5s...
  Rate limited, waiting 5s...
  Rate limited, waiting 5s...
  Rate limited, waiting 5s...
  Rate limited, waiting 5s...
  Rate limited, waiting 5s...
  Rate limited, waiting 5s...
Batch done: processed 12000 | fixed 11931 | images 0 | skipped 69 | since_id 10497655898385
  Rate limited, waiting 5s...
  Rate limited, waiting 5s...
  Rate limited, waiting 5s...
  Rate limited, waiting 5s...
  Rate limited, waiting 5s...
  Rate limited, waiting 5s...
  Rate limited, waiting 5s...
  Rate limited, waiting 5s...
  Rate limited, waiting 5s...
Batch done: processed 12250 | fixed 12180 | images 0 | skipped 70 | since_id 10498070020369
  Rate limited, waiting 5s...
  Rate limited, waiting 5s...
  Rate limited, waiting 5s...
  Rate limited, waiting 5s...
  Rate limited, waiting 5s...
  Rate limited, waiting 5s...
  Rate limited, waiting 5s...
  Rate limited, waiting 5s...
  Rate limited, waiting 5s...
  Rate limited, waiting 5s...
Batch done: processed 12500 | fixed 12430 | images 0 | skipped 70 | since_id 10498083553553
  Rate limited, waiting 5s...
  Rate limited, waiting 5s...
  Rate limited, waiting 5s...
  Rate limited, waiting 5s...
  Rate limited, waiting 5s...
  Rate limited, waiting 5s...
  Rate limited, waiting 5s...
  Rate limited, waiting 5s...
  Rate limited, waiting 5s...
  Rate limited, waiting 5s...
Batch done: processed 12750 | fixed 12680 | images 0 | skipped 70 | since_id 10498113863953
  Rate limited, waiting 5s...
  Rate limited, waiting 5s...
  Rate limited, waiting 5s...
  Rate limited, waiting 5s...
  Rate limited, waiting 5s...
  Rate limited, waiting 5s...
  Rate limited, waiting 5s...
  Rate limited, waiting 5s...
  Rate limited, waiting 5s...
Batch done: processed 13000 | fixed 12930 | images 0 | skipped 70 | since_id 10498144436497
  Rate limited, waiting 5s...
  Rate limited, waiting 5s...
  Rate limited, waiting 5s...
  Rate limited, waiting 5s...
  Rate limited, waiting 5s...
  Rate limited, waiting 5s...
  Rate limited, waiting 5s...
  Rate limited, waiting 5s...
  Rate limited, waiting 5s...
  Rate limited, waiting 5s...
Batch done: processed 13250 | fixed 13180 | images 0 | skipped 70 | since_id 10499168207121
  Rate limited, waiting 5s...
  Rate limited, waiting 5s...
  Rate limited, waiting 5s...
  Rate limited, waiting 5s...
  Rate limited, waiting 5s...
  Rate limited, waiting 5s...
  Rate limited, waiting 5s...
  Rate limited, waiting 5s...
  Rate limited, waiting 5s...
  Rate limited, waiting 5s...
Batch done: processed 13500 | fixed 13430 | images 0 | skipped 70 | since_id 10499363045649
  Rate limited, waiting 5s...
  Rate limited, waiting 5s...
  Rate limited, waiting 5s...
  Rate limited, waiting 5s...
  Rate limited, waiting 5s...
  Rate limited, waiting 5s...
  Rate limited, waiting 5s...
  Rate limited, waiting 5s...
  Rate limited, waiting 5s...
  Rate limited, waiting 5s...
Batch done: processed 13750 | fixed 13680 | images 0 | skipped 70 | since_id 10499383787793
  Rate limited, waiting 5s...
  Rate limited, waiting 5s...
  Rate limited, waiting 5s...
  Rate limited, waiting 5s...
  Rate limited, waiting 5s...
  Rate limited, waiting 5s...
  Rate limited, waiting 5s...
  Rate limited, waiting 5s...
  Rate limited, waiting 5s...
Batch done: processed 14000 | fixed 13930 | images 0 | skipped 70 | since_id 10499465117969
  Rate limited, waiting 5s...
  Rate limited, waiting 5s...
  Rate limited, waiting 5s...
  Rate limited, waiting 5s...
  Rate limited, waiting 5s...
  Rate limited, waiting 5s...
  Rate limited, waiting 5s...
  Rate limited, waiting 5s...
  Rate limited, waiting 5s...
  Rate limited, waiting 5s...
Batch done: processed 14250 | fixed 14180 | images 0 | skipped 70 | since_id 10500038918417
  Rate limited, waiting 5s...
  Rate limited, waiting 5s...
  Rate limited, waiting 5s...
  Rate limited, waiting 5s...
  Rate limited, waiting 5s...
  Rate limited, waiting 5s...
  Rate limited, waiting 5s...
  Rate limited, waiting 5s...
  Rate limited, waiting 5s...
  Rate limited, waiting 5s...
Batch done: processed 14500 | fixed 14430 | images 0 | skipped 70 | since_id 10500051239185
  Rate limited, waiting 5s...
  Rate limited, waiting 5s...
  Rate limited, waiting 5s...
  Rate limited, waiting 5s...
  Rate limited, waiting 5s...
  Rate limited, waiting 5s...
  Rate limited, waiting 5s...
  Rate limited, waiting 5s...
  Rate limited, waiting 5s...
Batch done: processed 14750 | fixed 14680 | images 0 | skipped 70 | since_id 10500068344081
  Rate limited, waiting 5s...
  Rate limited, waiting 5s...
  Rate limited, waiting 5s...
  Rate limited, waiting 5s...
  Rate limited, waiting 5s...
  Rate limited, waiting 5s...
  Rate limited, waiting 5s...
Batch done: processed 15000 | fixed 14930 | images 0 | skipped 70 | since_id 10500082237713
  Rate limited, waiting 5s...
  Rate limited, waiting 5s...
  Rate limited, waiting 5s...
  Rate limited, waiting 5s...
  Rate limited, waiting 5s...
  Rate limited, waiting 5s...
  Rate limited, waiting 5s...
  Rate limited, waiting 5s...
  Rate limited, waiting 5s...
  Rate limited, waiting 5s...
Batch done: processed 15250 | fixed 15180 | images 0 | skipped 70 | since_id 10500152787217
  Rate limited, waiting 5s...
  Rate limited, waiting 5s...
  Rate limited, waiting 5s...
  Rate limited, waiting 5s...
  Rate limited, waiting 5s...
  Rate limited, waiting 5s...
  Rate limited, waiting 5s...
  Rate limited, waiting 5s...
  Rate limited, waiting 5s...
Batch done: processed 15500 | fixed 15430 | images 0 | skipped 70 | since_id 10500163502353
  Rate limited, waiting 5s...
  Rate limited, waiting 5s...
  Rate limited, waiting 5s...
  Rate limited, waiting 5s...
  Rate limited, waiting 5s...
  Rate limited, waiting 5s...
  Rate limited, waiting 5s...
  Rate limited, waiting 5s...
  Rate limited, waiting 5s...
  Rate limited, waiting 5s...
Batch done: processed 15750 | fixed 15680 | images 0 | skipped 70 | since_id 10500176511249
  Rate limited, waiting 5s...
  Rate limited, waiting 5s...
  Rate limited, waiting 5s...
  Rate limited, waiting 5s...
  Rate limited, waiting 5s...
  Rate limited, waiting 5s...
  Rate limited, waiting 5s...
  Rate limited, waiting 5s...
  Rate limited, waiting 5s...
  Rate limited, waiting 5s...
Batch done: processed 16000 | fixed 15930 | images 0 | skipped 70 | since_id 10500190765329
  Rate limited, waiting 5s...
  Rate limited, waiting 5s...
  Rate limited, waiting 5s...
  Rate limited, waiting 5s...
  Rate limited, waiting 5s...
  Rate limited, waiting 5s...
  Rate limited, waiting 5s...
  Rate limited, waiting 5s...
  Rate limited, waiting 5s...
  Rate limited, waiting 5s...
Batch done: processed 16250 | fixed 16180 | images 0 | skipped 70 | since_id 10500202594577
  Rate limited, waiting 5s...
  Rate limited, waiting 5s...
  Rate limited, waiting 5s...
  Rate limited, waiting 5s...
  Rate limited, waiting 5s...
  Rate limited, waiting 5s...
  Rate limited, waiting 5s...
  Rate limited, waiting 5s...
  Rate limited, waiting 5s...
  Rate limited, waiting 5s...
Batch done: processed 16500 | fixed 16430 | images 0 | skipped 70 | since_id 10500214817041
  Rate limited, waiting 5s...
  Rate limited, waiting 5s...
  Rate limited, waiting 5s...
  Rate limited, waiting 5s...
  Rate limited, waiting 5s...
  Rate limited, waiting 5s...
  Rate limited, waiting 5s...
  Rate limited, waiting 5s...
  Rate limited, waiting 5s...
  Rate limited, waiting 5s...
Batch done: processed 16750 | fixed 16680 | images 0 | skipped 70 | since_id 10500563566865
  Rate limited, waiting 5s...
  Rate limited, waiting 5s...
  Rate limited, waiting 5s...
  Rate limited, waiting 5s...
  Rate limited, waiting 5s...
  Rate limited, waiting 5s...
  Rate limited, waiting 5s...
  Rate limited, waiting 5s...
  Rate limited, waiting 5s...
  Rate limited, waiting 5s...
Batch done: processed 17000 | fixed 16930 | images 0 | skipped 70 | since_id 10500572381457
  Rate limited, waiting 5s...
  Rate limited, waiting 5s...
  Rate limited, waiting 5s...
  Rate limited, waiting 5s...
  Rate limited, waiting 5s...
  Rate limited, waiting 5s...
  Rate limited, waiting 5s...
  Rate limited, waiting 5s...
  Rate limited, waiting 5s...
  Rate limited, waiting 5s...
Batch done: processed 17250 | fixed 17180 | images 0 | skipped 70 | since_id 10500585095441
  Rate limited, waiting 5s...
  Rate limited, waiting 5s...
  Rate limited, waiting 5s...
  Rate limited, waiting 5s...
  Rate limited, waiting 5s...
  Rate limited, waiting 5s...
  Rate limited, waiting 5s...
  Rate limited, waiting 5s...
  Rate limited, waiting 5s...
  Rate limited, waiting 5s...
Batch done: processed 17500 | fixed 17430 | images 0 | skipped 70 | since_id 10500902748433
  Rate limited, waiting 5s...
  Rate limited, waiting 5s...
  Rate limited, waiting 5s...
  Rate limited, waiting 5s...
  Rate limited, waiting 5s...
  Rate limited, waiting 5s...
  Rate limited, waiting 5s...
  Rate limited, waiting 5s...
  Rate limited, waiting 5s...
  Rate limited, waiting 5s...
Batch done: processed 17750 | fixed 17680 | images 0 | skipped 70 | since_id 10500911038737
  Rate limited, waiting 5s...
  Rate limited, waiting 5s...
  Rate limited, waiting 5s...
  Rate limited, waiting 5s...
  Rate limited, waiting 5s...
  Rate limited, waiting 5s...
  Rate limited, waiting 5s...
  Rate limited, waiting 5s...
  Rate limited, waiting 5s...
  Rate limited, waiting 5s...
Batch done: processed 18000 | fixed 17930 | images 0 | skipped 70 | since_id 10500920508689
  Rate limited, waiting 5s...
  Rate limited, waiting 5s...
  Rate limited, waiting 5s...
  Rate limited, waiting 5s...
  Rate limited, waiting 5s...
  Rate limited, waiting 5s...
  Rate limited, waiting 5s...
  Rate limited, waiting 5s...
  Rate limited, waiting 5s...
Batch done: processed 18250 | fixed 18180 | images 0 | skipped 70 | since_id 10500933058833
  Rate limited, waiting 5s...
  Rate limited, waiting 5s...
  Rate limited, waiting 5s...
  Rate limited, waiting 5s...
  Rate limited, waiting 5s...
  Rate limited, waiting 5s...
  Rate limited, waiting 5s...
  Rate limited, waiting 5s...
  Rate limited, waiting 5s...
  Rate limited, waiting 5s...
Batch done: processed 18500 | fixed 18430 | images 0 | skipped 70 | since_id 10502039535889
  Rate limited, waiting 5s...
  Rate limited, waiting 5s...
  Rate limited, waiting 5s...
  Rate limited, waiting 5s...
  Rate limited, waiting 5s...
  Rate limited, waiting 5s...
  Rate limited, waiting 5s...
  Rate limited, waiting 5s...
  Rate limited, waiting 5s...
  Rate limited, waiting 5s...
Batch done: processed 18750 | fixed 18680 | images 0 | skipped 70 | since_id 10502101860625
  Rate limited, waiting 5s...
  Rate limited, waiting 5s...
  Rate limited, waiting 5s...
  Rate limited, waiting 5s...
  Rate limited, waiting 5s...
  Rate limited, waiting 5s...
  Rate limited, waiting 5s...
  Rate limited, waiting 5s...
  Rate limited, waiting 5s...
Batch done: processed 19000 | fixed 18930 | images 0 | skipped 70 | since_id 10502129418513
  Rate limited, waiting 5s...
  Rate limited, waiting 5s...
  Rate limited, waiting 5s...
  Rate limited, waiting 5s...
  Rate limited, waiting 5s...
  Rate limited, waiting 5s...
  Rate limited, waiting 5s...
  Rate limited, waiting 5s...
  Rate limited, waiting 5s...
  Rate limited, waiting 5s...
Batch done: processed 19250 | fixed 19180 | images 0 | skipped 70 | since_id 10502155272465
  Rate limited, waiting 5s...
  Rate limited, waiting 5s...
  Rate limited, waiting 5s...
  Rate limited, waiting 5s...
  Rate limited, waiting 5s...
  Rate limited, waiting 5s...
  Rate limited, waiting 5s...
  Rate limited, waiting 5s...
  Rate limited, waiting 5s...
  Rate limited, waiting 5s...
Batch done: processed 19500 | fixed 19430 | images 0 | skipped 70 | since_id 10503499907345
  Rate limited, waiting 5s...
  Rate limited, waiting 5s...
  Rate limited, waiting 5s...
  Rate limited, waiting 5s...
  Rate limited, waiting 5s...
  Rate limited, waiting 5s...
  Rate limited, waiting 5s...
  Rate limited, waiting 5s...
  Rate limited, waiting 5s...
  Rate limited, waiting 5s...
Batch done: processed 19750 | fixed 19680 | images 0 | skipped 70 | since_id 10503510491409
  Rate limited, waiting 5s...
  Rate limited, waiting 5s...
  Rate limited, waiting 5s...
  Rate limited, waiting 5s...
  Rate limited, waiting 5s...
  Rate limited, waiting 5s...
  Rate limited, waiting 5s...
  Rate limited, waiting 5s...
  Rate limited, waiting 5s...
  Rate limited, waiting 5s...
Batch done: processed 20000 | fixed 19930 | images 0 | skipped 70 | since_id 10503534182673

=== RUN COMPLETE ===
This run: 19930 products, 0 images fixed
Cumulative: 59523 products, 0 images
Next since_id: 10503534182673
◇ injected env (2) from ../../.env // tip: ⌘ multiple files { path: ['.env.local', '.env'] }
Resuming from since_id: 10503534182673 | Total fixed: 59523 | Images fixed: 0
  Rate limited, waiting 5s...
  Rate limited, waiting 5s...
  Rate limited, waiting 5s...
  Rate limited, waiting 5s...
  Rate limited, waiting 5s...
  Rate limited, waiting 5s...
  Rate limited, waiting 5s...
Batch done: processed 250 | fixed 250 | images 0 | skipped 0 | since_id 10503552172305
Run: 250 products fixed, 0 images | Total: 59773 products, 0 images | Processed: 60250
  Rate limited, waiting 5s...
  Rate limited, waiting 5s...
  Rate limited, waiting 5s...
  Rate limited, waiting 5s...
  Rate limited, waiting 5s...
  Rate limited, waiting 5s...
  Rate limited, waiting 5s...
  Rate limited, waiting 5s...
  Rate limited, waiting 5s...
Batch done: processed 500 | fixed 500 | images 0 | skipped 0 | since_id 10504434417937
Run: 500 products fixed, 0 images | Total: 60023 products, 0 images | Processed: 60500
  Rate limited, waiting 5s...
  Rate limited, waiting 5s...
  Rate limited, waiting 5s...
  Rate limited, waiting 5s...
  Rate limited, waiting 5s...
  Rate limited, waiting 5s...
  Rate limited, waiting 5s...
  Rate limited, waiting 5s...
  Rate limited, waiting 5s...
  Rate limited, waiting 5s...
Batch done: processed 750 | fixed 750 | images 0 | skipped 0 | since_id 10504469053713
Run: 750 products fixed, 0 images | Total: 60273 products, 0 images | Processed: 60750
  Rate limited, waiting 5s...
  Rate limited, waiting 5s...
  Rate limited, waiting 5s...
  Rate limited, waiting 5s...
  Rate limited, waiting 5s...
  Rate limited, waiting 5s...
  Rate limited, waiting 5s...
  Rate limited, waiting 5s...
  Rate limited, waiting 5s...
  Rate limited, waiting 5s...
Batch done: processed 1000 | fixed 1000 | images 0 | skipped 0 | since_id 10504478654737
Run: 1000 products fixed, 0 images | Total: 60523 products, 0 images | Processed: 61000
  Rate limited, waiting 5s...
  Rate limited, waiting 5s...
  Rate limited, waiting 5s...
  Rate limited, waiting 5s...
  Rate limited, waiting 5s...
  Rate limited, waiting 5s...
  Rate limited, waiting 5s...
  Rate limited, waiting 5s...
  Rate limited, waiting 5s...
  Rate limited, waiting 5s...
Batch done: processed 1250 | fixed 1250 | images 0 | skipped 0 | since_id 10504527249681
Run: 1250 products fixed, 0 images | Total: 60773 products, 0 images | Processed: 61250
  Rate limited, waiting 5s...
  Rate limited, waiting 5s...
  Rate limited, waiting 5s...
  Rate limited, waiting 5s...
  Rate limited, waiting 5s...
  Rate limited, waiting 5s...
  Rate limited, waiting 5s...
  Rate limited, waiting 5s...
  Rate limited, waiting 5s...
Batch done: processed 1500 | fixed 1500 | images 0 | skipped 0 | since_id 10505424568593
Run: 1500 products fixed, 0 images | Total: 61023 products, 0 images | Processed: 61500
  Rate limited, waiting 5s...
  Rate limited, waiting 5s...
  Rate limited, waiting 5s...
  Rate limited, waiting 5s...
  Rate limited, waiting 5s...
  Rate limited, waiting 5s...
  Rate limited, waiting 5s...
  Rate limited, waiting 5s...
  Rate limited, waiting 5s...
  Rate limited, waiting 5s...
Batch done: processed 1750 | fixed 1750 | images 0 | skipped 0 | since_id 10505437085969
Run: 1750 products fixed, 0 images | Total: 61273 products, 0 images | Processed: 61750
  Rate limited, waiting 5s...
  Rate limited, waiting 5s...
  Rate limited, waiting 5s...
  Rate limited, waiting 5s...
  Rate limited, waiting 5s...
  Rate limited, waiting 5s...
  Rate limited, waiting 5s...
  Rate limited, waiting 5s...
  Rate limited, waiting 5s...
  Rate limited, waiting 5s...
Batch done: processed 2000 | fixed 2000 | images 0 | skipped 0 | since_id 10505446981905
Run: 2000 products fixed, 0 images | Total: 61523 products, 0 images | Processed: 62000
  Rate limited, waiting 5s...
  Rate limited, waiting 5s...
  Rate limited, waiting 5s...
  Rate limited, waiting 5s...
  Rate limited, waiting 5s...
  Rate limited, waiting 5s...
  Rate limited, waiting 5s...
  Rate limited, waiting 5s...
  Rate limited, waiting 5s...
  Rate limited, waiting 5s...
Batch done: processed 2250 | fixed 2250 | images 0 | skipped 0 | since_id 10505457697041
Run: 2250 products fixed, 0 images | Total: 61773 products, 0 images | Processed: 62250
  Rate limited, waiting 5s...
  Rate limited, waiting 5s...
  Rate limited, waiting 5s...
  Rate limited, waiting 5s...
  Rate limited, waiting 5s...
  Rate limited, waiting 5s...
  Rate limited, waiting 5s...
  Rate limited, waiting 5s...
  Rate limited, waiting 5s...
  Rate limited, waiting 5s...
Batch done: processed 2500 | fixed 2500 | images 0 | skipped 0 | since_id 10506097525009
Run: 2500 products fixed, 0 images | Total: 62023 products, 0 images | Processed: 62500
  Rate limited, waiting 5s...
  Rate limited, waiting 5s...
  Rate limited, waiting 5s...
  Rate limited, waiting 5s...
  Rate limited, waiting 5s...
  Rate limited, waiting 5s...
  Rate limited, waiting 5s...
  Rate limited, waiting 5s...
  Rate limited, waiting 5s...
  Rate limited, waiting 5s...
Batch done: processed 2750 | fixed 2750 | images 0 | skipped 0 | since_id 10506114007313
Run: 2750 products fixed, 0 images | Total: 62273 products, 0 images | Processed: 62750
  Rate limited, waiting 5s...
  Rate limited, waiting 5s...
  Rate limited, waiting 5s...
  Rate limited, waiting 5s...
  Rate limited, waiting 5s...
  Rate limited, waiting 5s...
  Rate limited, waiting 5s...
  Rate limited, waiting 5s...
  Rate limited, waiting 5s...
  Rate limited, waiting 5s...
Batch done: processed 3000 | fixed 3000 | images 0 | skipped 0 | since_id 10506126197009
Run: 3000 products fixed, 0 images | Total: 62523 products, 0 images | Processed: 63000
  Rate limited, waiting 5s...
  Rate limited, waiting 5s...
  Rate limited, waiting 5s...
  Rate limited, waiting 5s...
  Rate limited, waiting 5s...
  Rate limited, waiting 5s...
  Rate limited, waiting 5s...
  Rate limited, waiting 5s...
  Rate limited, waiting 5s...
  Rate limited, waiting 5s...
Batch done: processed 3250 | fixed 3250 | images 0 | skipped 0 | since_id 10506139009297
Run: 3250 products fixed, 0 images | Total: 62773 products, 0 images | Processed: 63250
  Rate limited, waiting 5s...
  Rate limited, waiting 5s...
  Rate limited, waiting 5s...
  Rate limited, waiting 5s...
  Rate limited, waiting 5s...
  Rate limited, waiting 5s...
  Rate limited, waiting 5s...
  Rate limited, waiting 5s...
  Rate limited, waiting 5s...
  Rate limited, waiting 5s...
Batch done: processed 3500 | fixed 3500 | images 0 | skipped 0 | since_id 10506803675409
Run: 3500 products fixed, 0 images | Total: 63023 products, 0 images | Processed: 63500
  Rate limited, waiting 5s...
  Rate limited, waiting 5s...
  Rate limited, waiting 5s...
  Rate limited, waiting 5s...
  Rate limited, waiting 5s...
  Rate limited, waiting 5s...
  Rate limited, waiting 5s...
  Rate limited, waiting 5s...
  Rate limited, waiting 5s...
Batch done: processed 3750 | fixed 3750 | images 0 | skipped 0 | since_id 10506843848977
Run: 3750 products fixed, 0 images | Total: 63273 products, 0 images | Processed: 63750
  Rate limited, waiting 5s...
  Rate limited, waiting 5s...
  Rate limited, waiting 5s...
  Rate limited, waiting 5s...
  Rate limited, waiting 5s...
  Rate limited, waiting 5s...
  Rate limited, waiting 5s...
  Rate limited, waiting 5s...
  Rate limited, waiting 5s...
  Rate limited, waiting 5s...
Batch done: processed 4000 | fixed 4000 | images 0 | skipped 0 | since_id 10506854957329
Run: 4000 products fixed, 0 images | Total: 63523 products, 0 images | Processed: 64000
  Rate limited, waiting 5s...
  Rate limited, waiting 5s...
  Rate limited, waiting 5s...
  Rate limited, waiting 5s...
  Rate limited, waiting 5s...
  Rate limited, waiting 5s...
  Rate limited, waiting 5s...
  Rate limited, waiting 5s...
  Rate limited, waiting 5s...
  Rate limited, waiting 5s...
Batch done: processed 4250 | fixed 4250 | images 0 | skipped 0 | since_id 10506864591121
Run: 4250 products fixed, 0 images | Total: 63773 products, 0 images | Processed: 64250
  Rate limited, waiting 5s...
  Rate limited, waiting 5s...
  Rate limited, waiting 5s...
  Rate limited, waiting 5s...
  Rate limited, waiting 5s...
  Rate limited, waiting 5s...
  Rate limited, waiting 5s...
  Rate limited, waiting 5s...
  Rate limited, waiting 5s...
Batch done: processed 4500 | fixed 4500 | images 0 | skipped 0 | since_id 10507620024593
Run: 4500 products fixed, 0 images | Total: 64023 products, 0 images | Processed: 64500
  Rate limited, waiting 5s...
  Rate limited, waiting 5s...
  Rate limited, waiting 5s...
  Rate limited, waiting 5s...
  Rate limited, waiting 5s...
  Rate limited, waiting 5s...
  Rate limited, waiting 5s...
  Rate limited, waiting 5s...
  Rate limited, waiting 5s...
  Rate limited, waiting 5s...
Batch done: processed 4750 | fixed 4750 | images 0 | skipped 0 | since_id 10507628609809
Run: 4750 products fixed, 0 images | Total: 64273 products, 0 images | Processed: 64750
  Rate limited, waiting 5s...
  Rate limited, waiting 5s...
  Rate limited, waiting 5s...
  Rate limited, waiting 5s...
  Rate limited, waiting 5s...
  Rate limited, waiting 5s...
  Rate limited, waiting 5s...
  Rate limited, waiting 5s...
  Rate limited, waiting 5s...
Batch done: processed 5000 | fixed 5000 | images 0 | skipped 0 | since_id 10507656724753
Run: 5000 products fixed, 0 images | Total: 64523 products, 0 images | Processed: 65000
  Rate limited, waiting 5s...
  Rate limited, waiting 5s...
  Rate limited, waiting 5s...
  Rate limited, waiting 5s...
  Rate limited, waiting 5s...
  Rate limited, waiting 5s...
  Rate limited, waiting 5s...
  Rate limited, waiting 5s...
  Rate limited, waiting 5s...
  Rate limited, waiting 5s...
Batch done: processed 5250 | fixed 5250 | images 0 | skipped 0 | since_id 10507673469201
Run: 5250 products fixed, 0 images | Total: 64773 products, 0 images | Processed: 65250
  Rate limited, waiting 5s...
  Rate limited, waiting 5s...
  Rate limited, waiting 5s...
  Rate limited, waiting 5s...
  Rate limited, waiting 5s...
  Rate limited, waiting 5s...
  Rate limited, waiting 5s...
  Rate limited, waiting 5s...
  Rate limited, waiting 5s...
Batch done: processed 5500 | fixed 5500 | images 0 | skipped 0 | since_id 10508242780433
Run: 5500 products fixed, 0 images | Total: 65023 products, 0 images | Processed: 65500
  Rate limited, waiting 5s...
  Rate limited, waiting 5s...
  Rate limited, waiting 5s...
  Rate limited, waiting 5s...
  Rate limited, waiting 5s...
  Rate limited, waiting 5s...
  Rate limited, waiting 5s...
  Rate limited, waiting 5s...
  Rate limited, waiting 5s...
  Rate limited, waiting 5s...
Batch done: processed 5750 | fixed 5750 | images 0 | skipped 0 | since_id 10508254282001
Run: 5750 products fixed, 0 images | Total: 65273 products, 0 images | Processed: 65750
  Rate limited, waiting 5s...
  Rate limited, waiting 5s...
  Rate limited, waiting 5s...
  Rate limited, waiting 5s...
  Rate limited, waiting 5s...
  Rate limited, waiting 5s...
  Rate limited, waiting 5s...
  Rate limited, waiting 5s...
  Rate limited, waiting 5s...
  Rate limited, waiting 5s...
Batch done: processed 6000 | fixed 5999 | images 0 | skipped 1 | since_id 10508264767761
  Rate limited, waiting 5s...
  Rate limited, waiting 5s...
  Rate limited, waiting 5s...
  Rate limited, waiting 5s...
  Rate limited, waiting 5s...
  Rate limited, waiting 5s...
  Rate limited, waiting 5s...
  Rate limited, waiting 5s...
  Rate limited, waiting 5s...
  Rate limited, waiting 5s...
Batch done: processed 6250 | fixed 6249 | images 0 | skipped 1 | since_id 10508282888465
  Rate limited, waiting 5s...
  Rate limited, waiting 5s...
  Rate limited, waiting 5s...
  Rate limited, waiting 5s...
  Rate limited, waiting 5s...
  Rate limited, waiting 5s...
  Rate limited, waiting 5s...
  Rate limited, waiting 5s...
  Rate limited, waiting 5s...
  Rate limited, waiting 5s...
Batch done: processed 6500 | fixed 6499 | images 0 | skipped 1 | since_id 10508509380881
  Rate limited, waiting 5s...
  Rate limited, waiting 5s...
  Rate limited, waiting 5s...
  Rate limited, waiting 5s...
  Rate limited, waiting 5s...
  Rate limited, waiting 5s...
  Rate limited, waiting 5s...
  Rate limited, waiting 5s...
  Rate limited, waiting 5s...
  Rate limited, waiting 5s...
Batch done: processed 6750 | fixed 6749 | images 0 | skipped 1 | since_id 10508635603217
  Rate limited, waiting 5s...
  Rate limited, waiting 5s...
  Rate limited, waiting 5s...
  Rate limited, waiting 5s...
  Rate limited, waiting 5s...
  Rate limited, waiting 5s...
  Rate limited, waiting 5s...
  Rate limited, waiting 5s...
  Rate limited, waiting 5s...
  Rate limited, waiting 5s...
Batch done: processed 7000 | fixed 6999 | images 0 | skipped 1 | since_id 10508645892369
  Rate limited, waiting 5s...
  Rate limited, waiting 5s...
  Rate limited, waiting 5s...
  Rate limited, waiting 5s...
  Rate limited, waiting 5s...
  Rate limited, waiting 5s...
  Rate limited, waiting 5s...
  Rate limited, waiting 5s...
  Rate limited, waiting 5s...
  Rate limited, waiting 5s...
Batch done: processed 7250 | fixed 7249 | images 0 | skipped 1 | since_id 10508665061649
  Rate limited, waiting 5s...
  Rate limited, waiting 5s...
  Rate limited, waiting 5s...
  Rate limited, waiting 5s...
  Rate limited, waiting 5s...
  Rate limited, waiting 5s...
  Rate limited, waiting 5s...
  Rate limited, waiting 5s...
  Rate limited, waiting 5s...
Batch done: processed 7500 | fixed 7499 | images 0 | skipped 1 | since_id 10509212778769
  Rate limited, waiting 5s...
  Rate limited, waiting 5s...
  Rate limited, waiting 5s...
  Rate limited, waiting 5s...
  Rate limited, waiting 5s...
  Rate limited, waiting 5s...
  Rate limited, waiting 5s...
  Rate limited, waiting 5s...
  Rate limited, waiting 5s...
  Rate limited, waiting 5s...
Batch done: processed 7750 | fixed 7749 | images 0 | skipped 1 | since_id 10509234503953
  Rate limited, waiting 5s...
  Rate limited, waiting 5s...
  Rate limited, waiting 5s...
  Rate limited, waiting 5s...
  Rate limited, waiting 5s...
  Rate limited, waiting 5s...
  Rate limited, waiting 5s...
  Rate limited, waiting 5s...
  Rate limited, waiting 5s...
  Rate limited, waiting 5s...
Batch done: processed 8000 | fixed 7999 | images 0 | skipped 1 | since_id 10509249216785
  Rate limited, waiting 5s...
  Rate limited, waiting 5s...
  Rate limited, waiting 5s...
  Rate limited, waiting 5s...
  Rate limited, waiting 5s...
  Rate limited, waiting 5s...
  Rate limited, waiting 5s...
  Rate limited, waiting 5s...
  Rate limited, waiting 5s...
Batch done: processed 8250 | fixed 8249 | images 0 | skipped 1 | since_id 10509260390673
  Rate limited, waiting 5s...
  Rate limited, waiting 5s...
  Rate limited, waiting 5s...
  Rate limited, waiting 5s...
  Rate limited, waiting 5s...
  Rate limited, waiting 5s...
  Rate limited, waiting 5s...
  Rate limited, waiting 5s...
  Rate limited, waiting 5s...
  Rate limited, waiting 5s...
Batch done: processed 8500 | fixed 8499 | images 0 | skipped 1 | since_id 10509621788945
  Rate limited, waiting 5s...
  Rate limited, waiting 5s...
  Rate limited, waiting 5s...
  Rate limited, waiting 5s...
  Rate limited, waiting 5s...
  Rate limited, waiting 5s...
  Rate limited, waiting 5s...
  Rate limited, waiting 5s...
  Rate limited, waiting 5s...
  Rate limited, waiting 5s...
Batch done: processed 8750 | fixed 8749 | images 0 | skipped 1 | since_id 10509638402321
  Rate limited, waiting 5s...
  Rate limited, waiting 5s...
  Rate limited, waiting 5s...
  Rate limited, waiting 5s...
  Rate limited, waiting 5s...
  Rate limited, waiting 5s...
  Rate limited, waiting 5s...
  Rate limited, waiting 5s...
  Rate limited, waiting 5s...
  Rate limited, waiting 5s...
Batch done: processed 9000 | fixed 8999 | images 0 | skipped 1 | since_id 10509649674513
  Rate limited, waiting 5s...
  Rate limited, waiting 5s...
  Rate limited, waiting 5s...
  Rate limited, waiting 5s...
  Rate limited, waiting 5s...
  Rate limited, waiting 5s...
  Rate limited, waiting 5s...
  Rate limited, waiting 5s...
  Rate limited, waiting 5s...
  Rate limited, waiting 5s...
Batch done: processed 9250 | fixed 9249 | images 0 | skipped 1 | since_id 10509660127505
  Rate limited, waiting 5s...
  Rate limited, waiting 5s...
  Rate limited, waiting 5s...
  Rate limited, waiting 5s...
  Rate limited, waiting 5s...
  Rate limited, waiting 5s...
  Rate limited, waiting 5s...
  Rate limited, waiting 5s...
  Rate limited, waiting 5s...
Batch done: processed 9500 | fixed 9499 | images 0 | skipped 1 | since_id 10510194704657
  Rate limited, waiting 5s...
  Rate limited, waiting 5s...
  Rate limited, waiting 5s...
  Rate limited, waiting 5s...
  Rate limited, waiting 5s...
  Rate limited, waiting 5s...
  Rate limited, waiting 5s...
  Rate limited, waiting 5s...
  Rate limited, waiting 5s...
  Rate limited, waiting 5s...
Batch done: processed 9750 | fixed 9749 | images 0 | skipped 1 | since_id 10510230159633
  Rate limited, waiting 5s...
  Rate limited, waiting 5s...
  Rate limited, waiting 5s...
  Rate limited, waiting 5s...
  Rate limited, waiting 5s...
  Rate limited, waiting 5s...
  Rate limited, waiting 5s...
  Rate limited, waiting 5s...
  Rate limited, waiting 5s...
  Rate limited, waiting 5s...
Batch done: processed 10000 | fixed 9999 | images 0 | skipped 1 | since_id 10510240579857
  Rate limited, waiting 5s...
  Rate limited, waiting 5s...
  Rate limited, waiting 5s...
  Rate limited, waiting 5s...
  Rate limited, waiting 5s...
  Rate limited, waiting 5s...
  Rate limited, waiting 5s...
  Rate limited, waiting 5s...
  Rate limited, waiting 5s...
  Rate limited, waiting 5s...
Batch done: processed 10250 | fixed 10249 | images 0 | skipped 1 | since_id 10510251360529
  Rate limited, waiting 5s...
  Rate limited, waiting 5s...
  Rate limited, waiting 5s...
  Rate limited, waiting 5s...
  Rate limited, waiting 5s...
  Rate limited, waiting 5s...
  Rate limited, waiting 5s...
  Rate limited, waiting 5s...
  Rate limited, waiting 5s...
  Rate limited, waiting 5s...
Batch done: processed 10500 | fixed 10499 | images 0 | skipped 1 | since_id 10510316437777
  Rate limited, waiting 5s...
  Rate limited, waiting 5s...
  Rate limited, waiting 5s...
  Rate limited, waiting 5s...
  Rate limited, waiting 5s...
  Rate limited, waiting 5s...
  Rate limited, waiting 5s...
  Rate limited, waiting 5s...
  Rate limited, waiting 5s...
  Rate limited, waiting 5s...
Batch done: processed 10750 | fixed 10749 | images 0 | skipped 1 | since_id 10510779285777
  Rate limited, waiting 5s...
  Rate limited, waiting 5s...
  Rate limited, waiting 5s...
  Rate limited, waiting 5s...
  Rate limited, waiting 5s...
  Rate limited, waiting 5s...
  Rate limited, waiting 5s...
  Rate limited, waiting 5s...
  Rate limited, waiting 5s...
  Rate limited, waiting 5s...
Batch done: processed 11000 | fixed 10999 | images 0 | skipped 1 | since_id 10510799733009
  Rate limited, waiting 5s...
  Rate limited, waiting 5s...
  Rate limited, waiting 5s...
  Rate limited, waiting 5s...
  Rate limited, waiting 5s...
  Rate limited, waiting 5s...
  Rate limited, waiting 5s...
  Rate limited, waiting 5s...
  Rate limited, waiting 5s...
Batch done: processed 11250 | fixed 11249 | images 0 | skipped 1 | since_id 10510871200017
  Rate limited, waiting 5s...
  Rate limited, waiting 5s...
  Rate limited, waiting 5s...
  Rate limited, waiting 5s...
  Rate limited, waiting 5s...
  Rate limited, waiting 5s...
  Rate limited, waiting 5s...
  Rate limited, waiting 5s...
  Rate limited, waiting 5s...
  Rate limited, waiting 5s...
Batch done: processed 11500 | fixed 11499 | images 0 | skipped 1 | since_id 10511106244881
  Rate limited, waiting 5s...
  Rate limited, waiting 5s...
  Rate limited, waiting 5s...
  Rate limited, waiting 5s...
  Rate limited, waiting 5s...
  Rate limited, waiting 5s...
  Rate limited, waiting 5s...
  Rate limited, waiting 5s...
  Rate limited, waiting 5s...
  Rate limited, waiting 5s...
Batch done: processed 11750 | fixed 11749 | images 0 | skipped 1 | since_id 10512722886929
  Rate limited, waiting 5s...
  Rate limited, waiting 5s...
  Rate limited, waiting 5s...
  Rate limited, waiting 5s...
  Rate limited, waiting 5s...
  Rate limited, waiting 5s...
  Rate limited, waiting 5s...
  Rate limited, waiting 5s...
  Rate limited, waiting 5s...
Batch done: processed 12000 | fixed 11999 | images 0 | skipped 1 | since_id 10514199544081
  Rate limited, waiting 5s...
  Rate limited, waiting 5s...
  Rate limited, waiting 5s...
  Rate limited, waiting 5s...
  Rate limited, waiting 5s...
  Rate limited, waiting 5s...
  Rate limited, waiting 5s...
  Rate limited, waiting 5s...
  Rate limited, waiting 5s...
  Rate limited, waiting 5s...
Batch done: processed 12250 | fixed 12249 | images 0 | skipped 1 | since_id 10515471073553
  Rate limited, waiting 5s...
  Rate limited, waiting 5s...
  Rate limited, waiting 5s...
  Rate limited, waiting 5s...
  Rate limited, waiting 5s...
  Rate limited, waiting 5s...
  Rate limited, waiting 5s...
  Rate limited, waiting 5s...
  Rate limited, waiting 5s...
  Rate limited, waiting 5s...
Batch done: processed 12500 | fixed 12499 | images 0 | skipped 1 | since_id 10517386461457
  Rate limited, waiting 5s...
  Rate limited, waiting 5s...
  Rate limited, waiting 5s...
  Rate limited, waiting 5s...
  Rate limited, waiting 5s...
  Rate limited, waiting 5s...
  Rate limited, waiting 5s...
  Rate limited, waiting 5s...
  Rate limited, waiting 5s...
  Rate limited, waiting 5s...
Batch done: processed 12750 | fixed 12749 | images 0 | skipped 1 | since_id 10518675357969
  Rate limited, waiting 5s...
  Rate limited, waiting 5s...
  Rate limited, waiting 5s...
  Rate limited, waiting 5s...
  Rate limited, waiting 5s...
  Rate limited, waiting 5s...
  Rate limited, waiting 5s...
  Rate limited, waiting 5s...
  Rate limited, waiting 5s...
  Rate limited, waiting 5s...
Batch done: processed 13000 | fixed 12999 | images 0 | skipped 1 | since_id 10520043094289
  Rate limited, waiting 5s...
  Rate limited, waiting 5s...
  Rate limited, waiting 5s...
  Rate limited, waiting 5s...
  Rate limited, waiting 5s...
  Rate limited, waiting 5s...
  Rate limited, waiting 5s...
  Rate limited, waiting 5s...
  Rate limited, waiting 5s...
Batch done: processed 13250 | fixed 13248 | images 0 | skipped 2 | since_id 10520918688017
  Rate limited, waiting 5s...
  Rate limited, waiting 5s...
  Rate limited, waiting 5s...
  Rate limited, waiting 5s...
  Rate limited, waiting 5s...
  Rate limited, waiting 5s...
  Rate limited, waiting 5s...
  Rate limited, waiting 5s...
  Rate limited, waiting 5s...
  Rate limited, waiting 5s...
Batch done: processed 13500 | fixed 13498 | images 0 | skipped 2 | since_id 10522231669009
  Rate limited, waiting 5s...
  Rate limited, waiting 5s...
  Rate limited, waiting 5s...
  Rate limited, waiting 5s...
  Rate limited, waiting 5s...
  Rate limited, waiting 5s...
  Rate limited, waiting 5s...
  Rate limited, waiting 5s...
Batch done: processed 13750 | fixed 13748 | images 0 | skipped 2 | since_id 10524387836177
  Rate limited, waiting 5s...
  Rate limited, waiting 5s...
  Rate limited, waiting 5s...
  Rate limited, waiting 5s...
  Rate limited, waiting 5s...
  Rate limited, waiting 5s...
  Rate limited, waiting 5s...
  Rate limited, waiting 5s...
  Rate limited, waiting 5s...
  Rate limited, waiting 5s...
Batch done: processed 14000 | fixed 13998 | images 0 | skipped 2 | since_id 10526859231505
  Rate limited, waiting 5s...
  Rate limited, waiting 5s...
  Rate limited, waiting 5s...
  Rate limited, waiting 5s...
  Rate limited, waiting 5s...
  Rate limited, waiting 5s...
  Rate limited, waiting 5s...
  Rate limited, waiting 5s...
  Rate limited, waiting 5s...
  Rate limited, waiting 5s...
Batch done: processed 14250 | fixed 14248 | images 0 | skipped 2 | since_id 10531438002449
  Rate limited, waiting 5s...
  Rate limited, waiting 5s...
  Rate limited, waiting 5s...
  Rate limited, waiting 5s...
  Rate limited, waiting 5s...
  Rate limited, waiting 5s...
  Rate limited, waiting 5s...
  Rate limited, waiting 5s...
  Rate limited, waiting 5s...
  Rate limited, waiting 5s...
Batch done: processed 14500 | fixed 14498 | images 0 | skipped 2 | since_id 10532002365713
  Rate limited, waiting 5s...
  Rate limited, waiting 5s...
  Rate limited, waiting 5s...
  Rate limited, waiting 5s...
  Rate limited, waiting 5s...
  Rate limited, waiting 5s...
  Rate limited, waiting 5s...
  Rate limited, waiting 5s...
  Rate limited, waiting 5s...
Batch done: processed 14750 | fixed 14748 | images 0 | skipped 2 | since_id 10532058038545
  Rate limited, waiting 5s...
  Rate limited, waiting 5s...
  Rate limited, waiting 5s...
  Rate limited, waiting 5s...
  Rate limited, waiting 5s...
  Rate limited, waiting 5s...
  Rate limited, waiting 5s...
  Rate limited, waiting 5s...
  Rate limited, waiting 5s...
  Rate limited, waiting 5s...
Batch done: processed 15000 | fixed 14998 | images 0 | skipped 2 | since_id 10532367827217
  Rate limited, waiting 5s...
  Rate limited, waiting 5s...
  Rate limited, waiting 5s...
  Rate limited, waiting 5s...
  Rate limited, waiting 5s...
  Rate limited, waiting 5s...
  Rate limited, waiting 5s...
  Rate limited, waiting 5s...
  Rate limited, waiting 5s...
Batch done: processed 15250 | fixed 15248 | images 0 | skipped 2 | since_id 10534248055057
  Rate limited, waiting 5s...
  Rate limited, waiting 5s...
  Rate limited, waiting 5s...
  Rate limited, waiting 5s...
  Rate limited, waiting 5s...
  Rate limited, waiting 5s...
  Rate limited, waiting 5s...
  Rate limited, waiting 5s...
  Rate limited, waiting 5s...
  Rate limited, waiting 5s...
Batch done: processed 15500 | fixed 15498 | images 0 | skipped 2 | since_id 10537194225937
  Rate limited, waiting 5s...
  Rate limited, waiting 5s...
  Rate limited, waiting 5s...
  Rate limited, waiting 5s...
  Rate limited, waiting 5s...
  Rate limited, waiting 5s...
  Rate limited, waiting 5s...
  Rate limited, waiting 5s...
  Rate limited, waiting 5s...
  Rate limited, waiting 5s...
Batch done: processed 15750 | fixed 15748 | images 0 | skipped 2 | since_id 10539017208081
  Rate limited, waiting 5s...
  Rate limited, waiting 5s...
  Rate limited, waiting 5s...
  Rate limited, waiting 5s...
  Rate limited, waiting 5s...
  Rate limited, waiting 5s...
  Rate limited, waiting 5s...
  Rate limited, waiting 5s...
Batch done: processed 16000 | fixed 15998 | images 0 | skipped 2 | since_id 10541374472465
  Rate limited, waiting 5s...
  Rate limited, waiting 5s...
  Rate limited, waiting 5s...
  Rate limited, waiting 5s...
  Rate limited, waiting 5s...
  Rate limited, waiting 5s...
  Rate limited, waiting 5s...
  Rate limited, waiting 5s...
  Rate limited, waiting 5s...
  Rate limited, waiting 5s...
Batch done: processed 16250 | fixed 16248 | images 0 | skipped 2 | since_id 10542652227857
  Rate limited, waiting 5s...
  Rate limited, waiting 5s...
  Rate limited, waiting 5s...
  Rate limited, waiting 5s...
  Rate limited, waiting 5s...
  Rate limited, waiting 5s...
  Rate limited, waiting 5s...
  Rate limited, waiting 5s...
  Rate limited, waiting 5s...
  Rate limited, waiting 5s...
Batch done: processed 16500 | fixed 16498 | images 0 | skipped 2 | since_id 10545556914449
  Rate limited, waiting 5s...
  Rate limited, waiting 5s...
  Rate limited, waiting 5s...
  Rate limited, waiting 5s...
  Rate limited, waiting 5s...
  Rate limited, waiting 5s...
  Rate limited, waiting 5s...
  Rate limited, waiting 5s...
  Rate limited, waiting 5s...
  Rate limited, waiting 5s...
Batch done: processed 16750 | fixed 16748 | images 0 | skipped 2 | since_id 10549622833425
  Rate limited, waiting 5s...
  Rate limited, waiting 5s...
  Rate limited, waiting 5s...
  Rate limited, waiting 5s...
  Rate limited, waiting 5s...
  Rate limited, waiting 5s...
  Rate limited, waiting 5s...
  Rate limited, waiting 5s...
  Rate limited, waiting 5s...
Batch done: processed 17000 | fixed 16998 | images 0 | skipped 2 | since_id 10557671997713
  Rate limited, waiting 5s...
  Rate limited, waiting 5s...
  Rate limited, waiting 5s...
  Rate limited, waiting 5s...
  Rate limited, waiting 5s...
  Rate limited, waiting 5s...
  Rate limited, waiting 5s...
  Rate limited, waiting 5s...
  Rate limited, waiting 5s...
  Rate limited, waiting 5s...
Batch done: processed 17250 | fixed 17248 | images 0 | skipped 2 | since_id 10569911140625
  Rate limited, waiting 5s...
  Rate limited, waiting 5s...
  Rate limited, waiting 5s...
  Rate limited, waiting 5s...
  Rate limited, waiting 5s...
  Rate limited, waiting 5s...
  Rate limited, waiting 5s...
  Rate limited, waiting 5s...
  Rate limited, waiting 5s...
  Rate limited, waiting 5s...
Batch done: processed 17500 | fixed 17498 | images 0 | skipped 2 | since_id 10577419895057
  Rate limited, waiting 5s...
  Rate limited, waiting 5s...
  Rate limited, waiting 5s...
  Rate limited, waiting 5s...
  Rate limited, waiting 5s...
  Rate limited, waiting 5s...
  Rate limited, waiting 5s...
  Rate limited, waiting 5s...
  Rate limited, waiting 5s...
  Rate limited, waiting 5s...
Batch done: processed 17750 | fixed 17748 | images 0 | skipped 2 | since_id 10584757141777
  Rate limited, waiting 5s...
  Rate limited, waiting 5s...
  Rate limited, waiting 5s...
  Rate limited, waiting 5s...
  Rate limited, waiting 5s...
  Rate limited, waiting 5s...
  Rate limited, waiting 5s...
  Rate limited, waiting 5s...
  Rate limited, waiting 5s...
Batch done: processed 18000 | fixed 17998 | images 0 | skipped 2 | since_id 10594724905233
  Rate limited, waiting 5s...
  Rate limited, waiting 5s...
  Rate limited, waiting 5s...
  Rate limited, waiting 5s...
  Rate limited, waiting 5s...
  Rate limited, waiting 5s...
  Rate limited, waiting 5s...
  Rate limited, waiting 5s...
  Rate limited, waiting 5s...
Batch done: processed 18250 | fixed 18248 | images 0 | skipped 2 | since_id 10614473687313
  Rate limited, waiting 5s...
  Rate limited, waiting 5s...
  Rate limited, waiting 5s...
  Rate limited, waiting 5s...
  Rate limited, waiting 5s...
  Rate limited, waiting 5s...
  Rate limited, waiting 5s...
  Rate limited, waiting 5s...
  Rate limited, waiting 5s...
  Rate limited, waiting 5s...
Batch done: processed 18500 | fixed 18498 | images 0 | skipped 2 | since_id 10617799442705
  Rate limited, waiting 5s...
  Rate limited, waiting 5s...
  Rate limited, waiting 5s...
  Rate limited, waiting 5s...
  Rate limited, waiting 5s...
  Rate limited, waiting 5s...
  Rate limited, waiting 5s...
  Rate limited, waiting 5s...
  Rate limited, waiting 5s...
  Rate limited, waiting 5s...
Batch done: processed 18750 | fixed 18748 | images 0 | skipped 2 | since_id 10627267625233
  Rate limited, waiting 5s...
  Rate limited, waiting 5s...
  Rate limited, waiting 5s...
  Rate limited, waiting 5s...
  Rate limited, waiting 5s...
  Rate limited, waiting 5s...
  Rate limited, waiting 5s...
  Rate limited, waiting 5s...
  Rate limited, waiting 5s...
Batch done: processed 19000 | fixed 18998 | images 0 | skipped 2 | since_id 10634505715985
  Rate limited, waiting 5s...
  Rate limited, waiting 5s...
  Rate limited, waiting 5s...
  Rate limited, waiting 5s...
  Rate limited, waiting 5s...
  Rate limited, waiting 5s...
  Rate limited, waiting 5s...
  Rate limited, waiting 5s...
  Rate limited, waiting 5s...
  Rate limited, waiting 5s...
Batch done: processed 19250 | fixed 19248 | images 0 | skipped 2 | since_id 10646124986641
  Rate limited, waiting 5s...
  Rate limited, waiting 5s...
  Rate limited, waiting 5s...
  Rate limited, waiting 5s...
  Rate limited, waiting 5s...
  Rate limited, waiting 5s...
  Rate limited, waiting 5s...
  Rate limited, waiting 5s...
  Rate limited, waiting 5s...
  Rate limited, waiting 5s...
Batch done: processed 19500 | fixed 19498 | images 0 | skipped 2 | since_id 10654913069329
  Rate limited, waiting 5s...
  Rate limited, waiting 5s...
  Rate limited, waiting 5s...
  Rate limited, waiting 5s...
  Rate limited, waiting 5s...
  Rate limited, waiting 5s...
  Rate limited, waiting 5s...
  Rate limited, waiting 5s...
  Rate limited, waiting 5s...
  Rate limited, waiting 5s...
Batch done: processed 19750 | fixed 19748 | images 0 | skipped 2 | since_id 10656394772753
  Rate limited, waiting 5s...
  Rate limited, waiting 5s...
  Rate limited, waiting 5s...
  Rate limited, waiting 5s...
  Rate limited, waiting 5s...
  Rate limited, waiting 5s...
  Rate limited, waiting 5s...
  Rate limited, waiting 5s...
  Rate limited, waiting 5s...
  Rate limited, waiting 5s...
Batch done: processed 20000 | fixed 19998 | images 0 | skipped 2 | since_id 10656773636369

=== RUN COMPLETE ===
This run: 19998 products, 0 images fixed
Cumulative: 79521 products, 0 images
Next since_id: 10656773636369
◇ injected env (2) from ../../.env // tip: ⌘ multiple files { path: ['.env.local', '.env'] }
Resuming from since_id: 10656773636369 | Total fixed: 79521 | Images fixed: 0
  Rate limited, waiting 5s...
  Rate limited, waiting 5s...
  Rate limited, waiting 5s...
  Rate limited, waiting 5s...
  Rate limited, waiting 5s...
  Rate limited, waiting 5s...
Batch done: processed 250 | fixed 250 | images 0 | skipped 0 | since_id 10657247527185
Run: 250 products fixed, 0 images | Total: 79771 products, 0 images | Processed: 80250
  Rate limited, waiting 5s...
  Rate limited, waiting 5s...
  Rate limited, waiting 5s...
  Rate limited, waiting 5s...
  Rate limited, waiting 5s...
  Rate limited, waiting 5s...
  Rate limited, waiting 5s...
  Rate limited, waiting 5s...
  Rate limited, waiting 5s...
  Rate limited, waiting 5s...
Batch done: processed 500 | fixed 500 | images 0 | skipped 0 | since_id 10661217599761
Run: 500 products fixed, 0 images | Total: 80021 products, 0 images | Processed: 80500
  Rate limited, waiting 5s...
  Rate limited, waiting 5s...
  Rate limited, waiting 5s...
  Rate limited, waiting 5s...
  Rate limited, waiting 5s...
  Rate limited, waiting 5s...
  Rate limited, waiting 5s...
  Rate limited, waiting 5s...
  Rate limited, waiting 5s...
  Rate limited, waiting 5s...
Batch done: processed 750 | fixed 750 | images 0 | skipped 0 | since_id 10662823756049
Run: 750 products fixed, 0 images | Total: 80271 products, 0 images | Processed: 80750
  Rate limited, waiting 5s...
  Rate limited, waiting 5s...
  Rate limited, waiting 5s...
  Rate limited, waiting 5s...
  Rate limited, waiting 5s...
  Rate limited, waiting 5s...
  Rate limited, waiting 5s...
  Rate limited, waiting 5s...
  Rate limited, waiting 5s...
Batch done: processed 1000 | fixed 1000 | images 0 | skipped 0 | since_id 10662832111889
Run: 1000 products fixed, 0 images | Total: 80521 products, 0 images | Processed: 81000
  Rate limited, waiting 5s...
  Rate limited, waiting 5s...
  Rate limited, waiting 5s...
  Rate limited, waiting 5s...
  Rate limited, waiting 5s...
  Rate limited, waiting 5s...
  Rate limited, waiting 5s...
  Rate limited, waiting 5s...
  Rate limited, waiting 5s...
  Rate limited, waiting 5s...
Batch done: processed 1250 | fixed 1250 | images 0 | skipped 0 | since_id 10663205011729
Run: 1250 products fixed, 0 images | Total: 80771 products, 0 images | Processed: 81250
  Rate limited, waiting 5s...
  Rate limited, waiting 5s...
  Rate limited, waiting 5s...
  Rate limited, waiting 5s...
  Rate limited, waiting 5s...
  Rate limited, waiting 5s...
  Rate limited, waiting 5s...
  Rate limited, waiting 5s...
  Rate limited, waiting 5s...
  Rate limited, waiting 5s...
Batch done: processed 1500 | fixed 1500 | images 0 | skipped 0 | since_id 10664608137489
Run: 1500 products fixed, 0 images | Total: 81021 products, 0 images | Processed: 81500
  Rate limited, waiting 5s...
  Rate limited, waiting 5s...
  Rate limited, waiting 5s...
  Rate limited, waiting 5s...
  Rate limited, waiting 5s...
  Rate limited, waiting 5s...
  Rate limited, waiting 5s...
  Rate limited, waiting 5s...
  Rate limited, waiting 5s...
Batch done: processed 1750 | fixed 1750 | images 0 | skipped 0 | since_id 10665482092817
Run: 1750 products fixed, 0 images | Total: 81271 products, 0 images | Processed: 81750
  Rate limited, waiting 5s...
  Rate limited, waiting 5s...
  Rate limited, waiting 5s...
  Rate limited, waiting 5s...
  Rate limited, waiting 5s...
  Rate limited, waiting 5s...
  Rate limited, waiting 5s...
  Rate limited, waiting 5s...
  Rate limited, waiting 5s...
  Rate limited, waiting 5s...
Batch done: processed 2000 | fixed 2000 | images 0 | skipped 0 | since_id 10667327193361
Run: 2000 products fixed, 0 images | Total: 81521 products, 0 images | Processed: 82000
  Rate limited, waiting 5s...
  Rate limited, waiting 5s...
  Rate limited, waiting 5s...
  Rate limited, waiting 5s...
  Rate limited, waiting 5s...
  Rate limited, waiting 5s...
  Rate limited, waiting 5s...
  Rate limited, waiting 5s...
  Rate limited, waiting 5s...
  Rate limited, waiting 5s...
Batch done: processed 2250 | fixed 2250 | images 0 | skipped 0 | since_id 10673507860753
Run: 2250 products fixed, 0 images | Total: 81771 products, 0 images | Processed: 82250
  Rate limited, waiting 5s...
  Rate limited, waiting 5s...
  Rate limited, waiting 5s...
  Rate limited, waiting 5s...
  Rate limited, waiting 5s...
  Rate limited, waiting 5s...
  Rate limited, waiting 5s...
  Rate limited, waiting 5s...
  Rate limited, waiting 5s...
  Rate limited, waiting 5s...
Batch done: processed 2500 | fixed 2500 | images 0 | skipped 0 | since_id 10676338983185
Run: 2500 products fixed, 0 images | Total: 82021 products, 0 images | Processed: 82500
  Rate limited, waiting 5s...
  Rate limited, waiting 5s...
  Rate limited, waiting 5s...
  Rate limited, waiting 5s...
  Rate limited, waiting 5s...
  Rate limited, waiting 5s...
  Rate limited, waiting 5s...
  Rate limited, waiting 5s...
  Rate limited, waiting 5s...
  Rate limited, waiting 5s...
Batch done: processed 2750 | fixed 2750 | images 0 | skipped 0 | since_id 10683930116369
Run: 2750 products fixed, 0 images | Total: 82271 products, 0 images | Processed: 82750
  Rate limited, waiting 5s...
  Rate limited, waiting 5s...
  Rate limited, waiting 5s...
  Rate limited, waiting 5s...
  Rate limited, waiting 5s...
  Rate limited, waiting 5s...
  Rate limited, waiting 5s...
  Rate limited, waiting 5s...
  Rate limited, waiting 5s...
Batch done: processed 3000 | fixed 3000 | images 0 | skipped 0 | since_id 10685398941969
Run: 3000 products fixed, 0 images | Total: 82521 products, 0 images | Processed: 83000
  Rate limited, waiting 5s...
  Rate limited, waiting 5s...
  Rate limited, waiting 5s...
  Rate limited, waiting 5s...
  Rate limited, waiting 5s...
  Rate limited, waiting 5s...
  Rate limited, waiting 5s...
  Rate limited, waiting 5s...
  Rate limited, waiting 5s...
  Rate limited, waiting 5s...
Batch done: processed 3250 | fixed 3250 | images 0 | skipped 0 | since_id 10688758022417
Run: 3250 products fixed, 0 images | Total: 82771 products, 0 images | Processed: 83250
  Rate limited, waiting 5s...
  Rate limited, waiting 5s...
  Rate limited, waiting 5s...
  Rate limited, waiting 5s...
  Rate limited, waiting 5s...
  Rate limited, waiting 5s...
  Rate limited, waiting 5s...
  Rate limited, waiting 5s...
  Rate limited, waiting 5s...
  Rate limited, waiting 5s...
Batch done: processed 3500 | fixed 3500 | images 0 | skipped 0 | since_id 10689203699985
Run: 3500 products fixed, 0 images | Total: 83021 products, 0 images | Processed: 83500
  Rate limited, waiting 5s...
  Rate limited, waiting 5s...
  Rate limited, waiting 5s...
  Rate limited, waiting 5s...
  Rate limited, waiting 5s...
  Rate limited, waiting 5s...
  Rate limited, waiting 5s...
  Rate limited, waiting 5s...
  Rate limited, waiting 5s...
Batch done: processed 3750 | fixed 3750 | images 0 | skipped 0 | since_id 10691837329681
Run: 3750 products fixed, 0 images | Total: 83271 products, 0 images | Processed: 83750
  Rate limited, waiting 5s...
  Rate limited, waiting 5s...
  Rate limited, waiting 5s...
  Rate limited, waiting 5s...
  Rate limited, waiting 5s...
  Rate limited, waiting 5s...
  Rate limited, waiting 5s...
  Rate limited, waiting 5s...
  Rate limited, waiting 5s...
  Rate limited, waiting 5s...
Batch done: processed 4000 | fixed 4000 | images 0 | skipped 0 | since_id 10692048322833
Run: 4000 products fixed, 0 images | Total: 83521 products, 0 images | Processed: 84000
  Rate limited, waiting 5s...
  Rate limited, waiting 5s...
  Rate limited, waiting 5s...
  Rate limited, waiting 5s...
  Rate limited, waiting 5s...
  Rate limited, waiting 5s...
  Rate limited, waiting 5s...
  Rate limited, waiting 5s...
  Rate limited, waiting 5s...
Batch done: processed 4250 | fixed 4250 | images 0 | skipped 0 | since_id 10694683033873
Run: 4250 products fixed, 0 images | Total: 83771 products, 0 images | Processed: 84250
  Rate limited, waiting 5s...
  Rate limited, waiting 5s...
  Rate limited, waiting 5s...
  Rate limited, waiting 5s...
  Rate limited, waiting 5s...
  Rate limited, waiting 5s...
  Rate limited, waiting 5s...
  Rate limited, waiting 5s...
  Rate limited, waiting 5s...
  Rate limited, waiting 5s...
Batch done: processed 4500 | fixed 4500 | images 0 | skipped 0 | since_id 10704868606225
Run: 4500 products fixed, 0 images | Total: 84021 products, 0 images | Processed: 84500
  Rate limited, waiting 5s...
  Rate limited, waiting 5s...
  Rate limited, waiting 5s...
  Rate limited, waiting 5s...
  Rate limited, waiting 5s...
  Rate limited, waiting 5s...
  Rate limited, waiting 5s...
  Rate limited, waiting 5s...
  Rate limited, waiting 5s...
Batch done: processed 4750 | fixed 4750 | images 0 | skipped 0 | since_id 10707793150225
Run: 4750 products fixed, 0 images | Total: 84271 products, 0 images | Processed: 84750
  Rate limited, waiting 5s...
  Rate limited, waiting 5s...
  Rate limited, waiting 5s...
  Rate limited, waiting 5s...
  Rate limited, waiting 5s...
  Rate limited, waiting 5s...
  Rate limited, waiting 5s...
  Rate limited, waiting 5s...
  Rate limited, waiting 5s...
  Rate limited, waiting 5s...
Batch done: processed 5000 | fixed 5000 | images 0 | skipped 0 | since_id 10715512799505
Run: 5000 products fixed, 0 images | Total: 84521 products, 0 images | Processed: 85000
  Rate limited, waiting 5s...
  Rate limited, waiting 5s...
  Rate limited, waiting 5s...
  Rate limited, waiting 5s...
  Rate limited, waiting 5s...
  Rate limited, waiting 5s...
  Rate limited, waiting 5s...
  Rate limited, waiting 5s...
  Rate limited, waiting 5s...
  Rate limited, waiting 5s...
Batch done: processed 5250 | fixed 5250 | images 0 | skipped 0 | since_id 10719421137169
Run: 5250 products fixed, 0 images | Total: 84771 products, 0 images | Processed: 85250
  Rate limited, waiting 5s...
  Rate limited, waiting 5s...
  Rate limited, waiting 5s...
  Rate limited, waiting 5s...
  Rate limited, waiting 5s...
  Rate limited, waiting 5s...
  Rate limited, waiting 5s...
  Rate limited, waiting 5s...
  Rate limited, waiting 5s...
Batch done: processed 5500 | fixed 5500 | images 0 | skipped 0 | since_id 10719967510801
Run: 5500 products fixed, 0 images | Total: 85021 products, 0 images | Processed: 85500
  Rate limited, waiting 5s...
  Rate limited, waiting 5s...
  Rate limited, waiting 5s...
  Rate limited, waiting 5s...
  Rate limited, waiting 5s...
  Rate limited, waiting 5s...
  Rate limited, waiting 5s...
  Rate limited, waiting 5s...
  Rate limited, waiting 5s...
  Rate limited, waiting 5s...
Batch done: processed 5750 | fixed 5750 | images 0 | skipped 0 | since_id 10724878254353
Run: 5750 products fixed, 0 images | Total: 85271 products, 0 images | Processed: 85750
  Rate limited, waiting 5s...
  Rate limited, waiting 5s...
  Rate limited, waiting 5s...
  Rate limited, waiting 5s...
  Rate limited, waiting 5s...
  Rate limited, waiting 5s...
  Rate limited, waiting 5s...
  Rate limited, waiting 5s...
  Rate limited, waiting 5s...
Batch done: processed 6000 | fixed 6000 | images 0 | skipped 0 | since_id 10732933316881
Run: 6000 products fixed, 0 images | Total: 85521 products, 0 images | Processed: 86000
  Rate limited, waiting 5s...
  Rate limited, waiting 5s...
  Rate limited, waiting 5s...
  Rate limited, waiting 5s...
  Rate limited, waiting 5s...
  Rate limited, waiting 5s...
  Rate limited, waiting 5s...
  Rate limited, waiting 5s...
Batch done: processed 6250 | fixed 6250 | images 0 | skipped 0 | since_id 10739167559953
Run: 6250 products fixed, 0 images | Total: 85771 products, 0 images | Processed: 86250
  Rate limited, waiting 5s...
  Rate limited, waiting 5s...
  Rate limited, waiting 5s...
  Rate limited, waiting 5s...
  Rate limited, waiting 5s...
  Rate limited, waiting 5s...
  Rate limited, waiting 5s...
Batch done: processed 6500 | fixed 6500 | images 0 | skipped 0 | since_id 10743237640465
Run: 6500 products fixed, 0 images | Total: 86021 products, 0 images | Processed: 86500
  Rate limited, waiting 5s...
  Rate limited, waiting 5s...
  Rate limited, waiting 5s...
  Rate limited, waiting 5s...
  Rate limited, waiting 5s...
  Rate limited, waiting 5s...
  Rate limited, waiting 5s...
  Rate limited, waiting 5s...
  Rate limited, waiting 5s...
Batch done: processed 6750 | fixed 6750 | images 0 | skipped 0 | since_id 10743667261713
Run: 6750 products fixed, 0 images | Total: 86271 products, 0 images | Processed: 86750
  Rate limited, waiting 5s...
  Rate limited, waiting 5s...
  Rate limited, waiting 5s...
  Rate limited, waiting 5s...
  Rate limited, waiting 5s...
  Rate limited, waiting 5s...
  Rate limited, waiting 5s...
  Rate limited, waiting 5s...
  Rate limited, waiting 5s...
Batch done: processed 7000 | fixed 7000 | images 0 | skipped 0 | since_id 10747251032337
Run: 7000 products fixed, 0 images | Total: 86521 products, 0 images | Processed: 87000
  Rate limited, waiting 5s...
  Rate limited, waiting 5s...
  Rate limited, waiting 5s...
  Rate limited, waiting 5s...
  Rate limited, waiting 5s...
  Rate limited, waiting 5s...
  Rate limited, waiting 5s...
  Rate limited, waiting 5s...
  Rate limited, waiting 5s...
Batch done: processed 7250 | fixed 7250 | images 0 | skipped 0 | since_id 10749459005713
Run: 7250 products fixed, 0 images | Total: 86771 products, 0 images | Processed: 87250
  Rate limited, waiting 5s...
  Rate limited, waiting 5s...
  Rate limited, waiting 5s...
  Rate limited, waiting 5s...
  Rate limited, waiting 5s...
  Rate limited, waiting 5s...
  Rate limited, waiting 5s...
  Rate limited, waiting 5s...
  Rate limited, waiting 5s...
  Rate limited, waiting 5s...
Batch done: processed 7500 | fixed 7500 | images 0 | skipped 0 | since_id 10755445915921
Run: 7500 products fixed, 0 images | Total: 87021 products, 0 images | Processed: 87500
  Rate limited, waiting 5s...
  Rate limited, waiting 5s...
  Rate limited, waiting 5s...
  Rate limited, waiting 5s...
  Rate limited, waiting 5s...
  Rate limited, waiting 5s...
  Rate limited, waiting 5s...
  Rate limited, waiting 5s...
  Rate limited, waiting 5s...
Batch done: processed 7750 | fixed 7750 | images 0 | skipped 0 | since_id 10763134861585
Run: 7750 products fixed, 0 images | Total: 87271 products, 0 images | Processed: 87750
  Rate limited, waiting 5s...
  Rate limited, waiting 5s...
  Rate limited, waiting 5s...
  Rate limited, waiting 5s...
  Rate limited, waiting 5s...
  Rate limited, waiting 5s...
  Rate limited, waiting 5s...
  Rate limited, waiting 5s...
  Rate limited, waiting 5s...
  Rate limited, waiting 5s...
Batch done: processed 8000 | fixed 8000 | images 0 | skipped 0 | since_id 10768501014801
Run: 8000 products fixed, 0 images | Total: 87521 products, 0 images | Processed: 88000
  Rate limited, waiting 5s...
  Rate limited, waiting 5s...
  Rate limited, waiting 5s...
  Rate limited, waiting 5s...
  Rate limited, waiting 5s...
  Rate limited, waiting 5s...
  Rate limited, waiting 5s...
  Rate limited, waiting 5s...
  Rate limited, waiting 5s...
Batch done: processed 8250 | fixed 8250 | images 0 | skipped 0 | since_id 10774222504209
Run: 8250 products fixed, 0 images | Total: 87771 products, 0 images | Processed: 88250
  Rate limited, waiting 5s...
  Rate limited, waiting 5s...
  Rate limited, waiting 5s...
  Rate limited, waiting 5s...
  Rate limited, waiting 5s...
  Rate limited, waiting 5s...
  Rate limited, waiting 5s...
  Rate limited, waiting 5s...
  Rate limited, waiting 5s...
Batch done: processed 8500 | fixed 8500 | images 0 | skipped 0 | since_id 10795751309585
Run: 8500 products fixed, 0 images | Total: 88021 products, 0 images | Processed: 88500
  Rate limited, waiting 5s...
  Rate limited, waiting 5s...
  Rate limited, waiting 5s...
  Rate limited, waiting 5s...
  Rate limited, waiting 5s...
  Rate limited, waiting 5s...
  Rate limited, waiting 5s...
  Rate limited, waiting 5s...
  Rate limited, waiting 5s...
  Rate limited, waiting 5s...
Batch done: processed 8750 | fixed 8750 | images 0 | skipped 0 | since_id 10933975875857
Run: 8750 products fixed, 0 images | Total: 88271 products, 0 images | Processed: 88750
  Rate limited, waiting 5s...
  Rate limited, waiting 5s...
  Rate limited, waiting 5s...
  Rate limited, waiting 5s...
  Rate limited, waiting 5s...
  Rate limited, waiting 5s...
  Rate limited, waiting 5s...
  Rate limited, waiting 5s...
  Rate limited, waiting 5s...
  Rate limited, waiting 5s...
Batch done: processed 9000 | fixed 9000 | images 0 | skipped 0 | since_id 10940322906385
Run: 9000 products fixed, 0 images | Total: 88521 products, 0 images | Processed: 89000
  Rate limited, waiting 5s...
  Rate limited, waiting 5s...
  Rate limited, waiting 5s...
  Rate limited, waiting 5s...
  Rate limited, waiting 5s...
  Rate limited, waiting 5s...
  Rate limited, waiting 5s...
  Rate limited, waiting 5s...
  Rate limited, waiting 5s...
Batch done: processed 9250 | fixed 9250 | images 0 | skipped 0 | since_id 10945482883345
Run: 9250 products fixed, 0 images | Total: 88771 products, 0 images | Processed: 89250
  Rate limited, waiting 5s...
  Rate limited, waiting 5s...
  Rate limited, waiting 5s...
  Rate limited, waiting 5s...
  Rate limited, waiting 5s...
  Rate limited, waiting 5s...
  Rate limited, waiting 5s...
  Rate limited, waiting 5s...
  Rate limited, waiting 5s...
  Rate limited, waiting 5s...
Batch done: processed 9500 | fixed 9500 | images 0 | skipped 0 | since_id 10946988212497
Run: 9500 products fixed, 0 images | Total: 89021 products, 0 images | Processed: 89500
  Rate limited, waiting 5s...
  Rate limited, waiting 5s...
  Rate limited, waiting 5s...
  Rate limited, waiting 5s...
  Rate limited, waiting 5s...
  Rate limited, waiting 5s...
  Rate limited, waiting 5s...
  Rate limited, waiting 5s...
  Rate limited, waiting 5s...
Batch done: processed 9750 | fixed 9750 | images 0 | skipped 0 | since_id 10952795291921
Run: 9750 products fixed, 0 images | Total: 89271 products, 0 images | Processed: 89750
  Rate limited, waiting 5s...
  Rate limited, waiting 5s...
  Rate limited, waiting 5s...
  Rate limited, waiting 5s...
  Rate limited, waiting 5s...
  Rate limited, waiting 5s...
  Rate limited, waiting 5s...
  Rate limited, waiting 5s...
  Rate limited, waiting 5s...
  Rate limited, waiting 5s...
Batch done: processed 10000 | fixed 10000 | images 0 | skipped 0 | since_id 10962246861073
Run: 10000 products fixed, 0 images | Total: 89521 products, 0 images | Processed: 90000
  Rate limited, waiting 5s...
  Rate limited, waiting 5s...
  Rate limited, waiting 5s...
  Rate limited, waiting 5s...
  Rate limited, waiting 5s...
  Rate limited, waiting 5s...
  Rate limited, waiting 5s...
  Rate limited, waiting 5s...
  Rate limited, waiting 5s...
Batch done: processed 10250 | fixed 10250 | images 0 | skipped 0 | since_id 10968774967569
Run: 10250 products fixed, 0 images | Total: 89771 products, 0 images | Processed: 90250
  Rate limited, waiting 5s...
  Rate limited, waiting 5s...
  Rate limited, waiting 5s...
  Rate limited, waiting 5s...
  Rate limited, waiting 5s...
  Rate limited, waiting 5s...
  Rate limited, waiting 5s...
  Rate limited, waiting 5s...
  Rate limited, waiting 5s...
  Rate limited, waiting 5s...
Batch done: processed 10500 | fixed 10500 | images 0 | skipped 0 | since_id 10970780074257
Run: 10500 products fixed, 0 images | Total: 90021 products, 0 images | Processed: 90500
  Rate limited, waiting 5s...
  Rate limited, waiting 5s...
  Rate limited, waiting 5s...
  Rate limited, waiting 5s...
  Rate limited, waiting 5s...
  Rate limited, waiting 5s...
  Rate limited, waiting 5s...
  Rate limited, waiting 5s...
  Rate limited, waiting 5s...
Batch done: processed 10750 | fixed 10750 | images 0 | skipped 0 | since_id 10974061822225
Run: 10750 products fixed, 0 images | Total: 90271 products, 0 images | Processed: 90750
  Rate limited, waiting 5s...
  Rate limited, waiting 5s...
  Rate limited, waiting 5s...
  Rate limited, waiting 5s...
  Rate limited, waiting 5s...
  Rate limited, waiting 5s...
  Rate limited, waiting 5s...
  Rate limited, waiting 5s...
  Rate limited, waiting 5s...
  Rate limited, waiting 5s...
Batch done: processed 11000 | fixed 11000 | images 0 | skipped 0 | since_id 10977527595281
Run: 11000 products fixed, 0 images | Total: 90521 products, 0 images | Processed: 91000
  Rate limited, waiting 5s...
  Rate limited, waiting 5s...
  Rate limited, waiting 5s...
  Rate limited, waiting 5s...
  Rate limited, waiting 5s...
  Rate limited, waiting 5s...
  Rate limited, waiting 5s...
  Rate limited, waiting 5s...
Batch done: processed 11250 | fixed 11220 | images 0 | skipped 30 | since_id 10980248387857
  Rate limited, waiting 5s...
  Rate limited, waiting 5s...
  Rate limited, waiting 5s...
  Rate limited, waiting 5s...
  Rate limited, waiting 5s...
  Rate limited, waiting 5s...
  Rate limited, waiting 5s...
  Rate limited, waiting 5s...
  Rate limited, waiting 5s...
Batch done: processed 11500 | fixed 11435 | images 0 | skipped 65 | since_id 10982962462993
  Rate limited, waiting 5s...
  Rate limited, waiting 5s...
  Rate limited, waiting 5s...
  Rate limited, waiting 5s...
  Rate limited, waiting 5s...
  Rate limited, waiting 5s...
  Rate limited, waiting 5s...
  Rate limited, waiting 5s...
  Rate limited, waiting 5s...
Batch done: processed 11750 | fixed 11654 | images 0 | skipped 96 | since_id 10994106269969
  Rate limited, waiting 5s...
  Rate limited, waiting 5s...
  Rate limited, waiting 5s...
  Rate limited, waiting 5s...
  Rate limited, waiting 5s...
  Rate limited, waiting 5s...
  Rate limited, waiting 5s...
  Rate limited, waiting 5s...
  Rate limited, waiting 5s...
Batch done: processed 12000 | fixed 11871 | images 0 | skipped 129 | since_id 11000921063697
  Rate limited, waiting 5s...
  Rate limited, waiting 5s...
  Rate limited, waiting 5s...
  Rate limited, waiting 5s...
  Rate limited, waiting 5s...
  Rate limited, waiting 5s...
  Rate limited, waiting 5s...
  Rate limited, waiting 5s...
Batch done: processed 12250 | fixed 12076 | images 0 | skipped 174 | since_id 11005083287825
  Rate limited, waiting 5s...
  Rate limited, waiting 5s...
  Rate limited, waiting 5s...
  Rate limited, waiting 5s...
  Rate limited, waiting 5s...
  Rate limited, waiting 5s...
  Rate limited, waiting 5s...
  Rate limited, waiting 5s...
  Rate limited, waiting 5s...
  Rate limited, waiting 5s...
Batch done: processed 12500 | fixed 12307 | images 0 | skipped 193 | since_id 11005268885777
  Rate limited, waiting 5s...
  Rate limited, waiting 5s...
  Rate limited, waiting 5s...
  Rate limited, waiting 5s...
  Rate limited, waiting 5s...
  Rate limited, waiting 5s...
  Rate limited, waiting 5s...
  Rate limited, waiting 5s...
  Rate limited, waiting 5s...
Batch done: processed 12750 | fixed 12521 | images 0 | skipped 229 | since_id 11005372662033
  Rate limited, waiting 5s...
  Rate limited, waiting 5s...
  Rate limited, waiting 5s...
  Rate limited, waiting 5s...
  Rate limited, waiting 5s...
  Rate limited, waiting 5s...
  Rate limited, waiting 5s...
  Rate limited, waiting 5s...
  Rate limited, waiting 5s...
Batch done: processed 13000 | fixed 12745 | images 0 | skipped 255 | since_id 11005432922385
  Rate limited, waiting 5s...
  Rate limited, waiting 5s...
  Rate limited, waiting 5s...
  Rate limited, waiting 5s...
  Rate limited, waiting 5s...
  Rate limited, waiting 5s...
  Rate limited, waiting 5s...
  Rate limited, waiting 5s...
  Rate limited, waiting 5s...
Batch done: processed 13250 | fixed 12952 | images 0 | skipped 298 | since_id 11005822173457
  Rate limited, waiting 5s...
  Rate limited, waiting 5s...
  Rate limited, waiting 5s...
  Rate limited, waiting 5s...
  Rate limited, waiting 5s...
  Rate limited, waiting 5s...
  Rate limited, waiting 5s...
  Rate limited, waiting 5s...
  Rate limited, waiting 5s...
Batch done: processed 13500 | fixed 13160 | images 0 | skipped 340 | since_id 11005972283665
  Rate limited, waiting 5s...
  Rate limited, waiting 5s...
  Rate limited, waiting 5s...
  Rate limited, waiting 5s...
  Rate limited, waiting 5s...
  Rate limited, waiting 5s...
  Rate limited, waiting 5s...
  Rate limited, waiting 5s...
  Rate limited, waiting 5s...
Batch done: processed 13750 | fixed 13361 | images 0 | skipped 389 | since_id 11006237540625
  Rate limited, waiting 5s...
  Rate limited, waiting 5s...
  Rate limited, waiting 5s...
  Rate limited, waiting 5s...
  Rate limited, waiting 5s...
  Rate limited, waiting 5s...
  Rate limited, waiting 5s...
  Rate limited, waiting 5s...
  Rate limited, waiting 5s...
Batch done: processed 14000 | fixed 13545 | images 0 | skipped 455 | since_id 11007235948817
  Rate limited, waiting 5s...
  Rate limited, waiting 5s...
  Rate limited, waiting 5s...
  Rate limited, waiting 5s...
  Rate limited, waiting 5s...
  Rate limited, waiting 5s...
  Rate limited, waiting 5s...
  Rate limited, waiting 5s...
  Rate limited, waiting 5s...
Batch done: processed 14250 | fixed 13738 | images 0 | skipped 512 | since_id 11008720830737
  Rate limited, waiting 5s...
  Rate limited, waiting 5s...
  Rate limited, waiting 5s...
  Rate limited, waiting 5s...
  Rate limited, waiting 5s...
  Rate limited, waiting 5s...
  Rate limited, waiting 5s...
  Rate limited, waiting 5s...
  Rate limited, waiting 5s...
Batch done: processed 14500 | fixed 13933 | images 0 | skipped 567 | since_id 11012526866705
  Rate limited, waiting 5s...
  Rate limited, waiting 5s...
  Rate limited, waiting 5s...
  Rate limited, waiting 5s...
  Rate limited, waiting 5s...
  Rate limited, waiting 5s...
  Rate limited, waiting 5s...
  Rate limited, waiting 5s...
  Rate limited, waiting 5s...
Batch done: processed 14750 | fixed 14146 | images 0 | skipped 604 | since_id 11021872726289
  Rate limited, waiting 5s...
  Rate limited, waiting 5s...
  Rate limited, waiting 5s...
  Rate limited, waiting 5s...
  Rate limited, waiting 5s...
  Rate limited, waiting 5s...
  Rate limited, waiting 5s...
  Rate limited, waiting 5s...
  Rate limited, waiting 5s...
Batch done: processed 15000 | fixed 14356 | images 0 | skipped 644 | since_id 11025979113745
  Rate limited, waiting 5s...
  Rate limited, waiting 5s...
  Rate limited, waiting 5s...
  Rate limited, waiting 5s...
  Rate limited, waiting 5s...
  Rate limited, waiting 5s...
  Rate limited, waiting 5s...
  Rate limited, waiting 5s...
  Rate limited, waiting 5s...
Batch done: processed 15250 | fixed 14575 | images 0 | skipped 675 | since_id 11033779962129
  Rate limited, waiting 5s...
  Rate limited, waiting 5s...
  Rate limited, waiting 5s...
  Rate limited, waiting 5s...
  Rate limited, waiting 5s...
  Rate limited, waiting 5s...
  Rate limited, waiting 5s...
  Rate limited, waiting 5s...
Batch done: processed 15500 | fixed 14775 | images 0 | skipped 725 | since_id 11039636259089
  Rate limited, waiting 5s...
  Rate limited, waiting 5s...
  Rate limited, waiting 5s...
  Rate limited, waiting 5s...
  Rate limited, waiting 5s...
  Rate limited, waiting 5s...
  Rate limited, waiting 5s...
  Rate limited, waiting 5s...
  Rate limited, waiting 5s...
Batch done: processed 15750 | fixed 14979 | images 0 | skipped 771 | since_id 11045121589521
  Rate limited, waiting 5s...
  Rate limited, waiting 5s...
  Rate limited, waiting 5s...
  Rate limited, waiting 5s...
  Rate limited, waiting 5s...
  Rate limited, waiting 5s...
  Rate limited, waiting 5s...
  Rate limited, waiting 5s...
  Rate limited, waiting 5s...
Batch done: processed 16000 | fixed 15186 | images 0 | skipped 814 | since_id 11046343803153
  Rate limited, waiting 5s...
  Rate limited, waiting 5s...
  Rate limited, waiting 5s...
  Rate limited, waiting 5s...
  Rate limited, waiting 5s...
  Rate limited, waiting 5s...
  Rate limited, waiting 5s...
  Rate limited, waiting 5s...
  Rate limited, waiting 5s...
Batch done: processed 16250 | fixed 15387 | images 0 | skipped 863 | since_id 11047555924241
  Rate limited, waiting 5s...
  Rate limited, waiting 5s...
  Rate limited, waiting 5s...
  Rate limited, waiting 5s...
  Rate limited, waiting 5s...
  Rate limited, waiting 5s...
  Rate limited, waiting 5s...
  Rate limited, waiting 5s...
  Rate limited, waiting 5s...
Batch done: processed 16500 | fixed 15604 | images 0 | skipped 896 | since_id 11049786573073
  Rate limited, waiting 5s...
  Rate limited, waiting 5s...
  Rate limited, waiting 5s...
  Rate limited, waiting 5s...
  Rate limited, waiting 5s...
  Rate limited, waiting 5s...
  Rate limited, waiting 5s...
  Rate limited, waiting 5s...
  Rate limited, waiting 5s...
Batch done: processed 16750 | fixed 15805 | images 0 | skipped 945 | since_id 11050409754897
  Rate limited, waiting 5s...
  Rate limited, waiting 5s...
  Rate limited, waiting 5s...
  Rate limited, waiting 5s...
  Rate limited, waiting 5s...
  Rate limited, waiting 5s...
  Rate limited, waiting 5s...
  Rate limited, waiting 5s...
Batch done: processed 17000 | fixed 16025 | images 0 | skipped 975 | since_id 11052012667153
  Rate limited, waiting 5s...
  Rate limited, waiting 5s...
  Rate limited, waiting 5s...
  Rate limited, waiting 5s...
  Rate limited, waiting 5s...
  Rate limited, waiting 5s...
  Rate limited, waiting 5s...
  Rate limited, waiting 5s...
  Rate limited, waiting 5s...
Batch done: processed 17250 | fixed 16248 | images 0 | skipped 1002 | since_id 11053422313745
  Rate limited, waiting 5s...
  Rate limited, waiting 5s...
  Rate limited, waiting 5s...
  Rate limited, waiting 5s...
  Rate limited, waiting 5s...
  Rate limited, waiting 5s...
  Rate limited, waiting 5s...
  Rate limited, waiting 5s...
  Rate limited, waiting 5s...
Batch done: processed 17500 | fixed 16457 | images 0 | skipped 1043 | since_id 11054371504401
  Rate limited, waiting 5s...
  Rate limited, waiting 5s...
  Rate limited, waiting 5s...
  Rate limited, waiting 5s...
  Rate limited, waiting 5s...
  Rate limited, waiting 5s...
  Rate limited, waiting 5s...
  Rate limited, waiting 5s...
  Rate limited, waiting 5s...
Batch done: processed 17750 | fixed 16631 | images 0 | skipped 1119 | since_id 11061959917841
  Rate limited, waiting 5s...
  Rate limited, waiting 5s...
  Rate limited, waiting 5s...
  Rate limited, waiting 5s...
  Rate limited, waiting 5s...
  Rate limited, waiting 5s...
Batch done: processed 18000 | fixed 16674 | images 0 | skipped 1326 | since_id 11065104040209
  Rate limited, waiting 5s...
  Rate limited, waiting 5s...
  Rate limited, waiting 5s...
  Rate limited, waiting 5s...
  Rate limited, waiting 5s...
  Rate limited, waiting 5s...
  Rate limited, waiting 5s...
Batch done: processed 18250 | fixed 16712 | images 0 | skipped 1538 | since_id 11069606527249
  Rate limited, waiting 5s...
  Rate limited, waiting 5s...
  Rate limited, waiting 5s...
  Rate limited, waiting 5s...
  Rate limited, waiting 5s...
  Rate limited, waiting 5s...
Batch done: processed 18500 | fixed 16745 | images 0 | skipped 1755 | since_id 11069669638417
  Rate limited, waiting 5s...
  Rate limited, waiting 5s...
  Rate limited, waiting 5s...
  Rate limited, waiting 5s...
  Rate limited, waiting 5s...
  Rate limited, waiting 5s...
Batch done: processed 18750 | fixed 16763 | images 0 | skipped 1987 | since_id 11069679010065
  Rate limited, waiting 5s...
  Rate limited, waiting 5s...
  Rate limited, waiting 5s...
  Rate limited, waiting 5s...
  Rate limited, waiting 5s...
  Rate limited, waiting 5s...
  Rate limited, waiting 5s...
Batch done: processed 19000 | fixed 16800 | images 0 | skipped 2200 | since_id 11070300750097
Run: 16800 products fixed, 0 images | Total: 96321 products, 0 images | Processed: 99000
  Rate limited, waiting 5s...
  Rate limited, waiting 5s...
  Rate limited, waiting 5s...
  Rate limited, waiting 5s...
  Rate limited, waiting 5s...
  Rate limited, waiting 5s...
Batch done: processed 19250 | fixed 16836 | images 0 | skipped 2414 | since_id 11072711721233
  Rate limited, waiting 5s...
  Rate limited, waiting 5s...
  Rate limited, waiting 5s...
  Rate limited, waiting 5s...
  Rate limited, waiting 5s...
  Rate limited, waiting 5s...
  Rate limited, waiting 5s...
Batch done: processed 19500 | fixed 16880 | images 0 | skipped 2620 | since_id 11075061940497
  Rate limited, waiting 5s...
  Rate limited, waiting 5s...
  Rate limited, waiting 5s...
  Rate limited, waiting 5s...
  Rate limited, waiting 5s...
  Rate limited, waiting 5s...
Batch done: processed 19750 | fixed 16925 | images 0 | skipped 2825 | since_id 11084482412817
  Rate limited, waiting 5s...
  Rate limited, waiting 5s...
  Rate limited, waiting 5s...
  Rate limited, waiting 5s...
  Rate limited, waiting 5s...
  Rate limited, waiting 5s...
Batch done: processed 20000 | fixed 16998 | images 0 | skipped 3002 | since_id 11095653908753

=== RUN COMPLETE ===
This run: 16998 products, 0 images fixed
Cumulative: 96519 products, 0 images
Next since_id: 11095653908753
◇ injected env (3) from ../../.env // tip: ◈ encrypted .env [www.dotenvx.com]
Resuming from since_id: 11095653908753 | Total fixed: 96519 | Images fixed: 0
  Rate limited, waiting 5s...
  Rate limited, waiting 5s...
  Rate limited, waiting 5s...
  Rate limited, waiting 5s...
  Rate limited, waiting 5s...
  Rate limited, waiting 5s...
  Rate limited, waiting 5s...
  Rate limited, waiting 5s...
  Rate limited, waiting 5s...
  Rate limited, waiting 5s...
  Rate limited, waiting 5s...
  Rate limited, waiting 5s...
  Rate limited, waiting 5s...
  Rate limited, waiting 5s...
  Rate limited, waiting 5s...
  Rate limited, waiting 5s...
  Rate limited, waiting 5s...
  Rate limited, waiting 5s...
  Rate limited, waiting 5s...
Batch done: processed 250 | fixed 50 | images 0 | skipped 200 | since_id 11100825878801
Run: 50 products fixed, 0 images | Total: 96569 products, 0 images | Processed: 100250
  Rate limited, waiting 5s...
  Rate limited, waiting 5s...
  Rate limited, waiting 5s...
  Rate limited, waiting 5s...
  Rate limited, waiting 5s...
  Rate limited, waiting 5s...
  Rate limited, waiting 5s...
  Rate limited, waiting 5s...
  Rate limited, waiting 5s...
  Rate limited, waiting 5s...
  Rate limited, waiting 5s...
  Rate limited, waiting 5s...
  Rate limited, waiting 5s...
  Rate limited, waiting 5s...
  Rate limited, waiting 5s...
  Rate limited, waiting 5s...
  Rate limited, waiting 5s...
  Rate limited, waiting 5s...
  Rate limited, waiting 5s...
  Rate limited, waiting 5s...
Batch done: processed 500 | fixed 121 | images 0 | skipped 379 | since_id 11107123003665
  Rate limited, waiting 5s...
  Rate limited, waiting 5s...
  Rate limited, waiting 5s...
  Rate limited, waiting 5s...
  Rate limited, waiting 5s...
  Rate limited, waiting 5s...
  Rate limited, waiting 5s...
  Rate limited, waiting 5s...
  Rate limited, waiting 5s...
  Rate limited, waiting 5s...
  Rate limited, waiting 5s...
  Rate limited, waiting 5s...
  Rate limited, waiting 5s...
  Rate limited, waiting 5s...
  Rate limited, waiting 5s...
  Rate limited, waiting 5s...
  Rate limited, waiting 5s...
  Rate limited, waiting 5s...
Batch done: processed 750 | fixed 167 | images 0 | skipped 583 | since_id 11111948845329
  Rate limited, waiting 5s...
  Rate limited, waiting 5s...
  Rate limited, waiting 5s...
  Rate limited, waiting 5s...
  Rate limited, waiting 5s...
  Rate limited, waiting 5s...
  Rate limited, waiting 5s...
  Rate limited, waiting 5s...
  Rate limited, waiting 5s...
  Rate limited, waiting 5s...
  Rate limited, waiting 5s...
  Rate limited, waiting 5s...
  Rate limited, waiting 5s...
  Rate limited, waiting 5s...
  Rate limited, waiting 5s...
  Rate limited, waiting 5s...
Batch done: processed 1000 | fixed 176 | images 0 | skipped 824 | since_id 11114828267793
  Rate limited, waiting 5s...
  Rate limited, waiting 5s...
  Rate limited, waiting 5s...
  Rate limited, waiting 5s...
  Rate limited, waiting 5s...
  Rate limited, waiting 5s...
  Rate limited, waiting 5s...
  Rate limited, waiting 5s...
  Rate limited, waiting 5s...
  Rate limited, waiting 5s...
  Rate limited, waiting 5s...
  Rate limited, waiting 5s...
  Rate limited, waiting 5s...
  Rate limited, waiting 5s...
  Rate limited, waiting 5s...
  Rate limited, waiting 5s...
  Rate limited, waiting 5s...
  Rate limited, waiting 5s...
  Rate limited, waiting 5s...
  Rate limited, waiting 5s...
  Rate limited, waiting 5s...
  Rate limited, waiting 5s...
  Rate limited, waiting 5s...
  Rate limited, waiting 5s...
  Rate limited, waiting 5s...
  Rate limited, waiting 5s...
  Rate limited, waiting 5s...
  Rate limited, waiting 5s...
  Rate limited, waiting 5s...
  Rate limited, waiting 5s...
  Rate limited, waiting 5s...
  Rate limited, waiting 5s...
  Rate limited, waiting 5s...
  Rate limited, waiting 5s...
  Rate limited, waiting 5s...
  Rate limited, waiting 5s...
Batch done: processed 1250 | fixed 177 | images 0 | skipped 1073 | since_id 11114838950161
  Rate limited, waiting 5s...
  Rate limited, waiting 5s...
  Rate limited, waiting 5s...
  Rate limited, waiting 5s...
  Rate limited, waiting 5s...
  Rate limited, waiting 5s...
  Rate limited, waiting 5s...
  Rate limited, waiting 5s...
  Rate limited, waiting 5s...
  Rate limited, waiting 5s...
  Rate limited, waiting 5s...
  Rate limited, waiting 5s...
  Rate limited, waiting 5s...
  Rate limited, waiting 5s...
  Rate limited, waiting 5s...
  Rate limited, waiting 5s...
  Rate limited, waiting 5s...
Batch done: processed 1500 | fixed 208 | images 0 | skipped 1292 | since_id 11118466760977
  Rate limited, waiting 5s...
  Rate limited, waiting 5s...
  Rate limited, waiting 5s...
  Rate limited, waiting 5s...
  Rate limited, waiting 5s...
  Rate limited, waiting 5s...
  Rate limited, waiting 5s...
  Rate limited, waiting 5s...
  Rate limited, waiting 5s...
  Rate limited, waiting 5s...
  Rate limited, waiting 5s...
  Rate limited, waiting 5s...
  Rate limited, waiting 5s...
  Rate limited, waiting 5s...
  Rate limited, waiting 5s...
  Rate limited, waiting 5s...
  Rate limited, waiting 5s...
  Rate limited, waiting 5s...
  Rate limited, waiting 5s...
Batch done: processed 1750 | fixed 270 | images 0 | skipped 1480 | since_id 11124468908305
  Rate limited, waiting 5s...
  Rate limited, waiting 5s...
  Rate limited, waiting 5s...
  Rate limited, waiting 5s...
  Rate limited, waiting 5s...
  Rate limited, waiting 5s...
  Rate limited, waiting 5s...
  Rate limited, waiting 5s...
  Rate limited, waiting 5s...
  Rate limited, waiting 5s...
  Rate limited, waiting 5s...
  Rate limited, waiting 5s...
  Rate limited, waiting 5s...
  Rate limited, waiting 5s...
  Rate limited, waiting 5s...
  Rate limited, waiting 5s...
  Rate limited, waiting 5s...
  Rate limited, waiting 5s...
  Rate limited, waiting 5s...
Batch done: processed 2000 | fixed 319 | images 0 | skipped 1681 | since_id 11129577013521
  Rate limited, waiting 5s...
  Rate limited, waiting 5s...
  Rate limited, waiting 5s...
  Rate limited, waiting 5s...
  Rate limited, waiting 5s...
  Rate limited, waiting 5s...
  Rate limited, waiting 5s...
  Rate limited, waiting 5s...
  Rate limited, waiting 5s...
  Rate limited, waiting 5s...
  Rate limited, waiting 5s...
  Rate limited, waiting 5s...
  Rate limited, waiting 5s...
  Rate limited, waiting 5s...
  Rate limited, waiting 5s...
  Rate limited, waiting 5s...
  Rate limited, waiting 5s...
  Rate limited, waiting 5s...
  Rate limited, waiting 5s...
  Rate limited, waiting 5s...
Batch done: processed 2250 | fixed 397 | images 0 | skipped 1853 | since_id 11139283190033
  Rate limited, waiting 5s...
  Rate limited, waiting 5s...
  Rate limited, waiting 5s...
  Rate limited, waiting 5s...
  Rate limited, waiting 5s...
  Rate limited, waiting 5s...
  Rate limited, waiting 5s...
  Rate limited, waiting 5s...
  Rate limited, waiting 5s...
  Rate limited, waiting 5s...
  Rate limited, waiting 5s...
  Rate limited, waiting 5s...
  Rate limited, waiting 5s...
  Rate limited, waiting 5s...
  Rate limited, waiting 5s...
  Rate limited, waiting 5s...
  Rate limited, waiting 5s...
  Rate limited, waiting 5s...
  Rate limited, waiting 5s...
  Rate limited, waiting 5s...
  Rate limited, waiting 5s...
  Rate limited, waiting 5s...
  Rate limited, waiting 5s...
  Rate limited, waiting 5s...
  Rate limited, waiting 5s...
Batch done: processed 2500 | fixed 542 | images 0 | skipped 1958 | since_id 11141760057617
  Rate limited, waiting 5s...
  Rate limited, waiting 5s...
  Rate limited, waiting 5s...
  Rate limited, waiting 5s...
  Rate limited, waiting 5s...
  Rate limited, waiting 5s...
  Rate limited, waiting 5s...
  Rate limited, waiting 5s...
  Rate limited, waiting 5s...
  Rate limited, waiting 5s...
  Rate limited, waiting 5s...
  Rate limited, waiting 5s...
  Rate limited, waiting 5s...
  Rate limited, waiting 5s...
  Rate limited, waiting 5s...
  Rate limited, waiting 5s...
  Rate limited, waiting 5s...
  Rate limited, waiting 5s...
  Rate limited, waiting 5s...
  Rate limited, waiting 5s...
  Rate limited, waiting 5s...
  Rate limited, waiting 5s...
  Rate limited, waiting 5s...
  Rate limited, waiting 5s...
  Rate limited, waiting 5s...
  Rate limited, waiting 5s...
  Rate limited, waiting 5s...
  Rate limited, waiting 5s...
  Rate limited, waiting 5s...
  Rate limited, waiting 5s...
Batch done: processed 2750 | fixed 575 | images 0 | skipped 2175 | since_id 11147410243857
  Rate limited, waiting 5s...
  Rate limited, waiting 5s...
  Rate limited, waiting 5s...
  Rate limited, waiting 5s...
  Rate limited, waiting 5s...
  Rate limited, waiting 5s...
  Rate limited, waiting 5s...
  Rate limited, waiting 5s...
  Rate limited, waiting 5s...
  Rate limited, waiting 5s...
  Rate limited, waiting 5s...
  Rate limited, waiting 5s...
  Rate limited, waiting 5s...
  Rate limited, waiting 5s...
  Rate limited, waiting 5s...
  Rate limited, waiting 5s...
  Rate limited, waiting 5s...
  Rate limited, waiting 5s...
  Rate limited, waiting 5s...
  Rate limited, waiting 5s...
  Rate limited, waiting 5s...
  Rate limited, waiting 5s...
  Rate limited, waiting 5s...
Batch done: processed 3000 | fixed 575 | images 0 | skipped 2425 | since_id 11149040091409
  Rate limited, waiting 5s...
  Rate limited, waiting 5s...
  Rate limited, waiting 5s...
  Rate limited, waiting 5s...
  Rate limited, waiting 5s...
  Rate limited, waiting 5s...
  Rate limited, waiting 5s...
  Rate limited, waiting 5s...
  Rate limited, waiting 5s...
  Rate limited, waiting 5s...
  Rate limited, waiting 5s...
  Rate limited, waiting 5s...
  Rate limited, waiting 5s...
  Rate limited, waiting 5s...
  Rate limited, waiting 5s...
  Rate limited, waiting 5s...
Batch done: processed 3250 | fixed 575 | images 0 | skipped 2675 | since_id 11153115906321
  Rate limited, waiting 5s...
  Rate limited, waiting 5s...
  Rate limited, waiting 5s...
  Rate limited, waiting 5s...
  Rate limited, waiting 5s...
  Rate limited, waiting 5s...
  Rate limited, waiting 5s...
  Rate limited, waiting 5s...
  Rate limited, waiting 5s...
  Rate limited, waiting 5s...
  Rate limited, waiting 5s...
  Rate limited, waiting 5s...
  Rate limited, waiting 5s...
  Rate limited, waiting 5s...
  Rate limited, waiting 5s...
Batch done: processed 3500 | fixed 575 | images 0 | skipped 2925 | since_id 11157610430737
  Rate limited, waiting 5s...
  Rate limited, waiting 5s...
  Rate limited, waiting 5s...
  Rate limited, waiting 5s...
  Rate limited, waiting 5s...
  Rate limited, waiting 5s...
  Rate limited, waiting 5s...
  Rate limited, waiting 5s...
  Rate limited, waiting 5s...
  Rate limited, waiting 5s...
  Rate limited, waiting 5s...
  Rate limited, waiting 5s...
  Rate limited, waiting 5s...
  Rate limited, waiting 5s...
  Rate limited, waiting 5s...
  Rate limited, waiting 5s...
Batch done: processed 3750 | fixed 575 | images 0 | skipped 3175 | since_id 11160507384081
  Rate limited, waiting 5s...
Batch done: processed 3766 | fixed 575 | images 0 | skipped 3191 | since_id 11160611127569
No more products — ALL DONE!

=== RUN COMPLETE ===
This run: 575 products, 0 images fixed
Cumulative: 97094 products, 0 images
Next since_id: 11160611127569
◇ injected env (3) from ../../.env // tip: ⌘ override existing { override: true }
Resuming from since_id: 11160611127569 | Total fixed: 97094 | Images fixed: 0
  Rate limited, waiting 5s...
  Rate limited, waiting 5s...
  Rate limited, waiting 5s...
  Rate limited, waiting 5s...
Batch done: processed 68 | fixed 0 | images 0 | skipped 68 | since_id 11161648169233
  Rate limited, waiting 5s...
No more products — ALL DONE!

=== RUN COMPLETE ===
This run: 0 products, 0 images fixed
Cumulative: 97094 products, 0 images
Next since_id: 11161648169233
◇ injected env (3) from ../../.env // tip: ◈ secrets for agents [www.dotenvx.com]
Resuming from since_id: 10411116691729 | Total fixed: null | Images fixed: 0
  Rate limited, waiting 5s...
  Rate limited, waiting 5s...
  Rate limited, waiting 5s...
  Rate limited, waiting 5s...
  Rate limited, waiting 5s...
  Rate limited, waiting 5s...
  Rate limited, waiting 5s...
  Rate limited, waiting 5s...
  Rate limited, waiting 5s...
  Rate limited, waiting 5s...
  Rate limited, waiting 5s...
  Rate limited, waiting 5s...
  Rate limited, waiting 5s...
  Rate limited, waiting 5s...
  Rate limited, waiting 5s...
  Rate limited, waiting 5s...
  Rate limited, waiting 5s...
  Rate limited, waiting 5s...
  Rate limited, waiting 5s...
  Rate limited, waiting 5s...
  Rate limited, waiting 5s...
  Rate limited, waiting 5s...
  Rate limited, waiting 5s...
  Rate limited, waiting 5s...
  Rate limited, waiting 5s...
  Rate limited, waiting 5s...
  Rate limited, waiting 5s...
  Rate limited, waiting 5s...
  Rate limited, waiting 5s...
  Rate limited, waiting 5s...
  Rate limited, waiting 5s...
  Rate limited, waiting 5s...
  Rate limited, waiting 5s...
  Rate limited, waiting 5s...
  Rate limited, waiting 5s...
  Rate limited, waiting 5s...
  Rate limited, waiting 5s...
  Rate limited, waiting 5s...
  Rate limited, waiting 5s...
  Rate limited, waiting 5s...
  Rate limited, waiting 5s...
  Rate limited, waiting 5s...
  Rate limited, waiting 5s...
  Rate limited, waiting 5s...
  Rate limited, waiting 5s...
  Rate limited, waiting 5s...
  Rate limited, waiting 5s...
  Rate limited, waiting 5s...
  Rate limited, waiting 5s...
  Rate limited, waiting 5s...
  Rate limited, waiting 5s...
  Rate limited, waiting 5s...
  Rate limited, waiting 5s...
  Rate limited, waiting 5s...
  Rate limited, waiting 5s...
  Rate limited, waiting 5s...
  Rate limited, waiting 5s...
  Rate limited, waiting 5s...
  Rate limited, waiting 5s...
  Rate limited, waiting 5s...
  Rate limited, waiting 5s...
  Rate limited, waiting 5s...
  Rate limited, waiting 5s...
  Rate limited, waiting 5s...
  Rate limited, waiting 5s...
  Rate limited, waiting 5s...
  Rate limited, waiting 5s...
  Rate limited, waiting 5s...
  Rate limited, waiting 5s...
  Rate limited, waiting 5s...
  Rate limited, waiting 5s...
  Rate limited, waiting 5s...
  Rate limited, waiting 5s...
  Rate limited, waiting 5s...
  Rate limited, waiting 5s...
  Rate limited, waiting 5s...
  Rate limited, waiting 5s...
  Rate limited, waiting 5s...
  Rate limited, waiting 5s...
  Rate limited, waiting 5s...
  Rate limited, waiting 5s...
  Rate limited, waiting 5s...
  Rate limited, waiting 5s...
  Rate limited, waiting 5s...
  Rate limited, waiting 5s...
  Rate limited, waiting 5s...
  Rate limited, waiting 5s...
  Rate limited, waiting 5s...
  Rate limited, waiting 5s...
  Rate limited, waiting 5s...
  Rate limited, waiting 5s...
  Rate limited, waiting 5s...
  Rate limited, waiting 5s...
  Rate limited, waiting 5s...
  Rate limited, waiting 5s...
  Rate limited, waiting 5s...
  Rate limited, waiting 5s...
  Rate limited, waiting 5s...
  Rate limited, waiting 5s...
  Rate limited, waiting 5s...
  Rate limited, waiting 5s...
  Rate limited, waiting 5s...
  Rate limited, waiting 5s...
  Rate limited, waiting 5s...
  Rate limited, waiting 5s...
  Rate limited, waiting 5s...
  Rate limited, waiting 5s...
  Rate limited, waiting 5s...
  Rate limited, waiting 5s...
  Rate limited, waiting 5s...
  Rate limited, waiting 5s...
  Rate limited, waiting 5s...
  Rate limited, waiting 5s...
  Rate limited, waiting 5s...
  Rate limited, waiting 5s...
  Rate limited, waiting 5s...
  Rate limited, waiting 5s...
  Rate limited, waiting 5s...
  Rate limited, waiting 5s...
  Rate limited, waiting 5s...
  Rate limited, waiting 5s...
  Rate limited, waiting 5s...
  Rate limited, waiting 5s...
  Rate limited, waiting 5s...
  Rate limited, waiting 5s...
  Rate limited, waiting 5s...
  Rate limited, waiting 5s...
  Rate limited, waiting 5s...
  Rate limited, waiting 5s...
  Rate limited, waiting 5s...
  Rate limited, waiting 5s...
  Rate limited, waiting 5s...
  Rate limited, waiting 5s...
  Rate limited, waiting 5s...
  Rate limited, waiting 5s...
  Rate limited, waiting 5s...
  Rate limited, waiting 5s...
  Rate limited, waiting 5s...
  Rate limited, waiting 5s...
  Rate limited, waiting 5s...
  Rate limited, waiting 5s...
  Rate limited, waiting 5s...
  Rate limited, waiting 5s...
  Rate limited, waiting 5s...
  Rate limited, waiting 5s...
  Rate limited, waiting 5s...
  Rate limited, waiting 5s...
  Rate limited, waiting 5s...
  Rate limited, waiting 5s...
  Rate limited, waiting 5s...
  Rate limited, waiting 5s...
  Rate limited, waiting 5s...
  Rate limited, waiting 5s...
  Rate limited, waiting 5s...
  Rate limited, waiting 5s...
  Rate limited, waiting 5s...
  Rate limited, waiting 5s...
  Rate limited, waiting 5s...
  Rate limited, waiting 5s...
  Rate limited, waiting 5s...
  Rate limited, waiting 5s...
  Rate limited, waiting 5s...
  Rate limited, waiting 5s...
  Rate limited, waiting 5s...
  Rate limited, waiting 5s...
  Rate limited, waiting 5s...
  Rate limited, waiting 5s...
  Rate limited, waiting 5s...
  Rate limited, waiting 5s...
  Rate limited, waiting 5s...
  Rate limited, waiting 5s...
  Rate limited, waiting 5s...
  Rate limited, waiting 5s...
  Rate limited, waiting 5s...
  Rate limited, waiting 5s...
  Rate limited, waiting 5s...
  Rate limited, waiting 5s...
  Rate limited, waiting 5s...
  Rate limited, waiting 5s...
  Rate limited, waiting 5s...
  Rate limited, waiting 5s...
  Rate limited, waiting 5s...
  Rate limited, waiting 5s...
  Rate limited, waiting 5s...
  Rate limited, waiting 5s...
  Rate limited, waiting 5s...
  Rate limited, waiting 5s...
  Rate limited, waiting 5s...
  Rate limited, waiting 5s...
  Rate limited, waiting 5s...
  Rate limited, waiting 5s...
  Rate limited, waiting 5s...
  Rate limited, waiting 5s...
  Rate limited, waiting 5s...
  Rate limited, waiting 5s...
  Rate limited, waiting 5s...
  Rate limited, waiting 5s...
  Rate limited, waiting 5s...
  Rate limited, waiting 5s...
  Rate limited, waiting 5s...
  Rate limited, waiting 5s...
  Rate limited, waiting 5s...
  Rate limited, waiting 5s...
  Rate limited, waiting 5s...
  Rate limited, waiting 5s...
  Rate limited, waiting 5s...
  Rate limited, waiting 5s...
  Rate limited, waiting 5s...
  Rate limited, waiting 5s...
  Rate limited, waiting 5s...
  Rate limited, waiting 5s...
  Rate limited, waiting 5s...
  Rate limited, waiting 5s...
  Rate limited, waiting 5s...
  Rate limited, waiting 5s...
  Rate limited, waiting 5s...
  Rate limited, waiting 5s...
  Rate limited, waiting 5s...
  Rate limited, waiting 5s...
  Rate limited, waiting 5s...
  Rate limited, waiting 5s...
  Rate limited, waiting 5s...
  Rate limited, waiting 5s...
  Rate limited, waiting 5s...
  Rate limited, waiting 5s...
  Rate limited, waiting 5s...
  Rate limited, waiting 5s...
  Rate limited, waiting 5s...
  Rate limited, waiting 5s...
  Rate limited, waiting 5s...
  Rate limited, waiting 5s...
  Rate limited, waiting 5s...
  Rate limited, waiting 5s...
  Rate limited, waiting 5s...
  Rate limited, waiting 5s...
  Rate limited, waiting 5s...
  Rate limited, waiting 5s...
  Rate limited, waiting 5s...
  Rate limited, waiting 5s...
  Rate limited, waiting 5s...
  Rate limited, waiting 5s...
  Rate limited, waiting 5s...
  Rate limited, waiting 5s...
  Rate limited, waiting 5s...
  Rate limited, waiting 5s...
  Rate limited, waiting 5s...
  Rate limited, waiting 5s...
  Rate limited, waiting 5s...
  Rate limited, waiting 5s...
  Rate limited, waiting 5s...
  Rate limited, waiting 5s...
  Rate limited, waiting 5s...
  Rate limited, waiting 5s...
  Rate limited, waiting 5s...
  Rate limited, waiting 5s...
  Rate limited, waiting 5s...
  Rate limited, waiting 5s...
  Rate limited, waiting 5s...
  Rate limited, waiting 5s...
  Rate limited, waiting 5s...
  Rate limited, waiting 5s...
  Rate limited, waiting 5s...
  Rate limited, waiting 5s...
  Rate limited, waiting 5s...
  Rate limited, waiting 5s...
  Rate limited, waiting 5s...
  Rate limited, waiting 5s...
  Rate limited, waiting 5s...
  Rate limited, waiting 5s...
  Rate limited, waiting 5s...
Batch done: processed 250 | fixed 250 | images 0 | skipped 0 | since_id 10411163615505
Run: 250 products fixed, 0 images | Total: 250 products, 0 images | Processed: 250
  Rate limited, waiting 5s...
  Rate limited, waiting 5s...
  Rate limited, waiting 5s...
  Rate limited, waiting 5s...
  Rate limited, waiting 5s...
  Rate limited, waiting 5s...
  Rate limited, waiting 5s...
  Rate limited, waiting 5s...
  Rate limited, waiting 5s...
  Rate limited, waiting 5s...
  Rate limited, waiting 5s...
  Rate limited, waiting 5s...
  Rate limited, waiting 5s...
  Rate limited, waiting 5s...
  Rate limited, waiting 5s...
  Rate limited, waiting 5s...
  Rate limited, waiting 5s...
  Rate limited, waiting 5s...
  Rate limited, waiting 5s...
  Rate limited, waiting 5s...
  Rate limited, waiting 5s...
  Rate limited, waiting 5s...
  Rate limited, waiting 5s...
  Rate limited, waiting 5s...
  Rate limited, waiting 5s...
  Rate limited, waiting 5s...
  Rate limited, waiting 5s...
  Rate limited, waiting 5s...
  Rate limited, waiting 5s...
  Rate limited, waiting 5s...
  Rate limited, waiting 5s...
  Rate limited, waiting 5s...
  Rate limited, waiting 5s...
  Rate limited, waiting 5s...
  Rate limited, waiting 5s...
  Rate limited, waiting 5s...
  Rate limited, waiting 5s...
  Rate limited, waiting 5s...
  Rate limited, waiting 5s...
  Rate limited, waiting 5s...
  Rate limited, waiting 5s...
  Rate limited, waiting 5s...
  Rate limited, waiting 5s...
  Rate limited, waiting 5s...
  Rate limited, waiting 5s...
  Rate limited, waiting 5s...
  Rate limited, waiting 5s...
  Rate limited, waiting 5s...
  Rate limited, waiting 5s...
  Rate limited, waiting 5s...
  Rate limited, waiting 5s...
  Rate limited, waiting 5s...
  Rate limited, waiting 5s...
  Rate limited, waiting 5s...
  Rate limited, waiting 5s...
  Rate limited, waiting 5s...
  Rate limited, waiting 5s...
  Rate limited, waiting 5s...
  Rate limited, waiting 5s...
  Rate limited, waiting 5s...
  Rate limited, waiting 5s...
  Rate limited, waiting 5s...
  Rate limited, waiting 5s...
  Rate limited, waiting 5s...
  Rate limited, waiting 5s...
  Rate limited, waiting 5s...
  Rate limited, waiting 5s...
  Rate limited, waiting 5s...
  Rate limited, waiting 5s...
  Rate limited, waiting 5s...
  Rate limited, waiting 5s...
  Rate limited, waiting 5s...
  Rate limited, waiting 5s...
  Rate limited, waiting 5s...
  Rate limited, waiting 5s...
  Rate limited, waiting 5s...
  Rate limited, waiting 5s...
  Rate limited, waiting 5s...
  Rate limited, waiting 5s...
  Rate limited, waiting 5s...
  Rate limited, waiting 5s...
  Rate limited, waiting 5s...
  Rate limited, waiting 5s...
  Rate limited, waiting 5s...
  Rate limited, waiting 5s...
  Rate limited, waiting 5s...
  Rate limited, waiting 5s...
  Rate limited, waiting 5s...
  Rate limited, waiting 5s...
  Rate limited, waiting 5s...
  Rate limited, waiting 5s...
  Rate limited, waiting 5s...
  Rate limited, waiting 5s...
  Rate limited, waiting 5s...
  Rate limited, waiting 5s...
  Rate limited, waiting 5s...
  Rate limited, waiting 5s...
  Rate limited, waiting 5s...
  Rate limited, waiting 5s...
  Rate limited, waiting 5s...
  Rate limited, waiting 5s...
  Rate limited, waiting 5s...
  Rate limited, waiting 5s...
  Rate limited, waiting 5s...
  Rate limited, waiting 5s...
  Rate limited, waiting 5s...
  Rate limited, waiting 5s...
  Rate limited, waiting 5s...
  Rate limited, waiting 5s...
  Rate limited, waiting 5s...
  Rate limited, waiting 5s...
  Rate limited, waiting 5s...
  Rate limited, waiting 5s...
  Rate limited, waiting 5s...
  Rate limited, waiting 5s...
  Rate limited, waiting 5s...
  Rate limited, waiting 5s...
  Rate limited, waiting 5s...
  Rate limited, waiting 5s...
  Rate limited, waiting 5s...
  Rate limited, waiting 5s...
  Rate limited, waiting 5s...
  Rate limited, waiting 5s...
  Rate limited, waiting 5s...
  Rate limited, waiting 5s...
  Rate limited, waiting 5s...
  Rate limited, waiting 5s...
  Rate limited, waiting 5s...
  Rate limited, waiting 5s...
  Rate limited, waiting 5s...
  Rate limited, waiting 5s...
  Rate limited, waiting 5s...
  Rate limited, waiting 5s...
  Rate limited, waiting 5s...
  Rate limited, waiting 5s...
  Rate limited, waiting 5s...
  Rate limited, waiting 5s...
  Rate limited, waiting 5s...
  Rate limited, waiting 5s...
  Rate limited, waiting 5s...
  Rate limited, waiting 5s...
  Rate limited, waiting 5s...
  Rate limited, waiting 5s...
  Rate limited, waiting 5s...
  Rate limited, waiting 5s...
  Rate limited, waiting 5s...
  Rate limited, waiting 5s...
  Rate limited, waiting 5s...
  Rate limited, waiting 5s...
  Rate limited, waiting 5s...
  Rate limited, waiting 5s...
  Rate limited, waiting 5s...
  Rate limited, waiting 5s...
  Rate limited, waiting 5s...
  Rate limited, waiting 5s...
  Rate limited, waiting 5s...
  Rate limited, waiting 5s...
  Rate limited, waiting 5s...
  Rate limited, waiting 5s...
  Rate limited, waiting 5s...
  Rate limited, waiting 5s...
  Rate limited, waiting 5s...
  Rate limited, waiting 5s...
  Rate limited, waiting 5s...
  Rate limited, waiting 5s...
  Rate limited, waiting 5s...
  Rate limited, waiting 5s...
  Rate limited, waiting 5s...
  Rate limited, waiting 5s...
  Rate limited, waiting 5s...
  Rate limited, waiting 5s...
  Rate limited, waiting 5s...
  Rate limited, waiting 5s...
  Rate limited, waiting 5s...
  Rate limited, waiting 5s...
  Rate limited, waiting 5s...
  Rate limited, waiting 5s...
  Rate limited, waiting 5s...
  Rate limited, waiting 5s...
  Rate limited, waiting 5s...
  Rate limited, waiting 5s...
  Rate limited, waiting 5s...
  Rate limited, waiting 5s...
  Rate limited, waiting 5s...
  Rate limited, waiting 5s...
  Rate limited, waiting 5s...
  Rate limited, waiting 5s...
  Rate limited, waiting 5s...
  Rate limited, waiting 5s...
  Rate limited, waiting 5s...
  Rate limited, waiting 5s...
  Rate limited, waiting 5s...
  Rate limited, waiting 5s...
  Rate limited, waiting 5s...
  Rate limited, waiting 5s...
  Rate limited, waiting 5s...
  Rate limited, waiting 5s...
  Rate limited, waiting 5s...
  Rate limited, waiting 5s...
  Rate limited, waiting 5s...
  Rate limited, waiting 5s...
  Rate limited, waiting 5s...
  Rate limited, waiting 5s...
  Rate limited, waiting 5s...
  Rate limited, waiting 5s...
  Rate limited, waiting 5s...
  Rate limited, waiting 5s...
  Rate limited, waiting 5s...
  Rate limited, waiting 5s...
  Rate limited, waiting 5s...
  Rate limited, waiting 5s...
  Rate limited, waiting 5s...
  Rate limited, waiting 5s...
  Rate limited, waiting 5s...
  Rate limited, waiting 5s...
  Rate limited, waiting 5s...
  Rate limited, waiting 5s...
  Rate limited, waiting 5s...
  Rate limited, waiting 5s...
  Rate limited, waiting 5s...
  Rate limited, waiting 5s...
  Rate limited, waiting 5s...
  Rate limited, waiting 5s...
  Rate limited, waiting 5s...
  Rate limited, waiting 5s...
  Rate limited, waiting 5s...
  Rate limited, waiting 5s...
  Rate limited, waiting 5s...
  Rate limited, waiting 5s...
  Rate limited, waiting 5s...
  Rate limited, waiting 5s...
  Rate limited, waiting 5s...
  Rate limited, waiting 5s...
  Rate limited, waiting 5s...
  Rate limited, waiting 5s...
  Rate limited, waiting 5s...
  Rate limited, waiting 5s...
  Rate limited, waiting 5s...
  Rate limited, waiting 5s...
  Rate limited, waiting 5s...
  Rate limited, waiting 5s...
  Rate limited, waiting 5s...
  Rate limited, waiting 5s...
  Rate limited, waiting 5s...
  Rate limited, waiting 5s...
  Rate limited, waiting 5s...
  Rate limited, waiting 5s...
  Rate limited, waiting 5s...
  Rate limited, waiting 5s...
  Rate limited, waiting 5s...
  Rate limited, waiting 5s...
  Rate limited, waiting 5s...
  Rate limited, waiting 5s...
  Rate limited, waiting 5s...
  Rate limited, waiting 5s...
  Rate limited, waiting 5s...
  Rate limited, waiting 5s...
  Rate limited, waiting 5s...
  Rate limited, waiting 5s...
  Rate limited, waiting 5s...
Batch done: processed 500 | fixed 499 | images 0 | skipped 0 | since_id 10411178066193
  Rate limited, waiting 5s...
  Rate limited, waiting 5s...
  Rate limited, waiting 5s...
  Rate limited, waiting 5s...
  Rate limited, waiting 5s...
  Rate limited, waiting 5s...
  Rate limited, waiting 5s...
  Rate limited, waiting 5s...
  Rate limited, waiting 5s...
  Rate limited, waiting 5s...
  Rate limited, waiting 5s...
  Rate limited, waiting 5s...
  Rate limited, waiting 5s...
  Rate limited, waiting 5s...
  Rate limited, waiting 5s...
  Rate limited, waiting 5s...
  Rate limited, waiting 5s...
  Rate limited, waiting 5s...
  Rate limited, waiting 5s...
  Rate limited, waiting 5s...
  Rate limited, waiting 5s...
  Rate limited, waiting 5s...
  Rate limited, waiting 5s...
  Rate limited, waiting 5s...
  Rate limited, waiting 5s...
  Rate limited, waiting 5s...
  Rate limited, waiting 5s...
  Rate limited, waiting 5s...
  Rate limited, waiting 5s...
  Rate limited, waiting 5s...
  Rate limited, waiting 5s...
  Rate limited, waiting 5s...
  Rate limited, waiting 5s...
  Rate limited, waiting 5s...
  Rate limited, waiting 5s...
  Rate limited, waiting 5s...
  Rate limited, waiting 5s...
  Rate limited, waiting 5s...
  Rate limited, waiting 5s...
  Rate limited, waiting 5s...
  Rate limited, waiting 5s...
  Rate limited, waiting 5s...
  Rate limited, waiting 5s...
  Rate limited, waiting 5s...
  Rate limited, waiting 5s...
  Rate limited, waiting 5s...
  Rate limited, waiting 5s...
  Rate limited, waiting 5s...
  Rate limited, waiting 5s...
  Rate limited, waiting 5s...
  Rate limited, waiting 5s...
  Rate limited, waiting 5s...
  Rate limited, waiting 5s...
  Rate limited, waiting 5s...
  Rate limited, waiting 5s...
  Rate limited, waiting 5s...
  Rate limited, waiting 5s...
  Rate limited, waiting 5s...
  Rate limited, waiting 5s...
  Rate limited, waiting 5s...
  Rate limited, waiting 5s...
  Rate limited, waiting 5s...
  Rate limited, waiting 5s...
  Rate limited, waiting 5s...
  Rate limited, waiting 5s...
  Rate limited, waiting 5s...
  Rate limited, waiting 5s...
  Rate limited, waiting 5s...
  Rate limited, waiting 5s...
  Rate limited, waiting 5s...
  Rate limited, waiting 5s...
  Rate limited, waiting 5s...
  Rate limited, waiting 5s...
  Rate limited, waiting 5s...
  Rate limited, waiting 5s...
  Rate limited, waiting 5s...
  Rate limited, waiting 5s...
  Rate limited, waiting 5s...
  Rate limited, waiting 5s...
  Rate limited, waiting 5s...
  Rate limited, waiting 5s...
  Rate limited, waiting 5s...
  Rate limited, waiting 5s...
  Rate limited, waiting 5s...
  Rate limited, waiting 5s...
  Rate limited, waiting 5s...
  Rate limited, waiting 5s...
  Rate limited, waiting 5s...
  Rate limited, waiting 5s...
  Rate limited, waiting 5s...
  Rate limited, waiting 5s...
  Rate limited, waiting 5s...
  Rate limited, waiting 5s...
  Rate limited, waiting 5s...
  Rate limited, waiting 5s...
  Rate limited, waiting 5s...
  Rate limited, waiting 5s...
  Rate limited, waiting 5s...
  Rate limited, waiting 5s...
  Rate limited, waiting 5s...
  Rate limited, waiting 5s...
  Rate limited, waiting 5s...
  Rate limited, waiting 5s...
  Rate limited, waiting 5s...
  Rate limited, waiting 5s...
  Rate limited, waiting 5s...
  Rate limited, waiting 5s...
  Rate limited, waiting 5s...
  Rate limited, waiting 5s...
  Rate limited, waiting 5s...
  Rate limited, waiting 5s...
  Rate limited, waiting 5s...
  Rate limited, waiting 5s...
  Rate limited, waiting 5s...
  Rate limited, waiting 5s...
  Rate limited, waiting 5s...
  Rate limited, waiting 5s...
  Rate limited, waiting 5s...
  Rate limited, waiting 5s...
  Rate limited, waiting 5s...
  Rate limited, waiting 5s...
  Rate limited, waiting 5s...
  Rate limited, waiting 5s...
  Rate limited, waiting 5s...
  Rate limited, waiting 5s...
  Rate limited, waiting 5s...
  Rate limited, waiting 5s...
  Rate limited, waiting 5s...
  Rate limited, waiting 5s...
  Rate limited, waiting 5s...
  Rate limited, waiting 5s...
  Rate limited, waiting 5s...
  Rate limited, waiting 5s...
  Rate limited, waiting 5s...
  Rate limited, waiting 5s...
  Rate limited, waiting 5s...
  Rate limited, waiting 5s...
  Rate limited, waiting 5s...
  Rate limited, waiting 5s...
  Rate limited, waiting 5s...
  Rate limited, waiting 5s...
  Rate limited, waiting 5s...
  Rate limited, waiting 5s...
  Rate limited, waiting 5s...
  Rate limited, waiting 5s...
  Rate limited, waiting 5s...
  Rate limited, waiting 5s...
  Rate limited, waiting 5s...
  Rate limited, waiting 5s...
  Rate limited, waiting 5s...
  Rate limited, waiting 5s...
  Rate limited, waiting 5s...
  Rate limited, waiting 5s...
  Rate limited, waiting 5s...
  Rate limited, waiting 5s...
  Rate limited, waiting 5s...
  Rate limited, waiting 5s...
  Rate limited, waiting 5s...
  Rate limited, waiting 5s...
  Rate limited, waiting 5s...
  Rate limited, waiting 5s...
  Rate limited, waiting 5s...
  Rate limited, waiting 5s...
  Rate limited, waiting 5s...
  Rate limited, waiting 5s...
  Rate limited, waiting 5s...
  Rate limited, waiting 5s...
  Rate limited, waiting 5s...
  Rate limited, waiting 5s...
  Rate limited, waiting 5s...
  Rate limited, waiting 5s...
  Rate limited, waiting 5s...
  Rate limited, waiting 5s...
  Rate limited, waiting 5s...
  Rate limited, waiting 5s...
  Rate limited, waiting 5s...
  Rate limited, waiting 5s...
  Rate limited, waiting 5s...
  Rate limited, waiting 5s...
  Rate limited, waiting 5s...
  Rate limited, waiting 5s...
  Rate limited, waiting 5s...
  Rate limited, waiting 5s...
  Rate limited, waiting 5s...
  Rate limited, waiting 5s...
  Rate limited, waiting 5s...
  Rate limited, waiting 5s...
  Rate limited, waiting 5s...
  Rate limited, waiting 5s...
  Rate limited, waiting 5s...
  Rate limited, waiting 5s...
  Rate limited, waiting 5s...
  Rate limited, waiting 5s...
  Rate limited, waiting 5s...
  Rate limited, waiting 5s...
  Rate limited, waiting 5s...
  Rate limited, waiting 5s...
  Rate limited, waiting 5s...
  Rate limited, waiting 5s...
  Rate limited, waiting 5s...
  Rate limited, waiting 5s...
  Rate limited, waiting 5s...
  Rate limited, waiting 5s...
  Rate limited, waiting 5s...
  Rate limited, waiting 5s...
  Rate limited, waiting 5s...
  Rate limited, waiting 5s...
  Rate limited, waiting 5s...
  Rate limited, waiting 5s...
  Rate limited, waiting 5s...
  Rate limited, waiting 5s...
  Rate limited, waiting 5s...
  Rate limited, waiting 5s...
  Rate limited, waiting 5s...
  Rate limited, waiting 5s...
  Rate limited, waiting 5s...
  Rate limited, waiting 5s...
  Rate limited, waiting 5s...
  Rate limited, waiting 5s...
  Rate limited, waiting 5s...
  Rate limited, waiting 5s...
  Rate limited, waiting 5s...
  Rate limited, waiting 5s...
  Rate limited, waiting 5s...
  Rate limited, waiting 5s...
  Rate limited, waiting 5s...
  Rate limited, waiting 5s...
  Rate limited, waiting 5s...
  Rate limited, waiting 5s...
  Rate limited, waiting 5s...
  Rate limited, waiting 5s...
  Rate limited, waiting 5s...
  Rate limited, waiting 5s...
  Rate limited, waiting 5s...
  Rate limited, waiting 5s...
  Rate limited, waiting 5s...
  Rate limited, waiting 5s...
  Rate limited, waiting 5s...
  Rate limited, waiting 5s...
  Rate limited, waiting 5s...
  Rate limited, waiting 5s...
  Rate limited, waiting 5s...
  Rate limited, waiting 5s...
  Rate limited, waiting 5s...
  Rate limited, waiting 5s...
  Rate limited, waiting 5s...
Batch done: processed 750 | fixed 749 | images 0 | skipped 0 | since_id 10411191206161
  Rate limited, waiting 5s...
  Rate limited, waiting 5s...
  Rate limited, waiting 5s...
  Rate limited, waiting 5s...
  Rate limited, waiting 5s...
  Rate limited, waiting 5s...
  Rate limited, waiting 5s...
  Rate limited, waiting 5s...
  Rate limited, waiting 5s...
  Rate limited, waiting 5s...
  Rate limited, waiting 5s...
  Rate limited, waiting 5s...
  Rate limited, waiting 5s...
  Rate limited, waiting 5s...
  Rate limited, waiting 5s...
  Rate limited, waiting 5s...
  Rate limited, waiting 5s...
  Rate limited, waiting 5s...
  Rate limited, waiting 5s...
  Rate limited, waiting 5s...
  Rate limited, waiting 5s...
  Rate limited, waiting 5s...
  Rate limited, waiting 5s...
  Rate limited, waiting 5s...
  Rate limited, waiting 5s...
  Rate limited, waiting 5s...
  Rate limited, waiting 5s...
  Rate limited, waiting 5s...
  Rate limited, waiting 5s...
  Rate limited, waiting 5s...
  Rate limited, waiting 5s...
  Rate limited, waiting 5s...
  Rate limited, waiting 5s...
  Rate limited, waiting 5s...
  Rate limited, waiting 5s...
  Rate limited, waiting 5s...
  Rate limited, waiting 5s...
  Rate limited, waiting 5s...
  Rate limited, waiting 5s...
  Rate limited, waiting 5s...
  Rate limited, waiting 5s...
  Rate limited, waiting 5s...
  Rate limited, waiting 5s...
  Rate limited, waiting 5s...
  Rate limited, waiting 5s...
  Rate limited, waiting 5s...
  Rate limited, waiting 5s...
  Rate limited, waiting 5s...
  Rate limited, waiting 5s...
  Rate limited, waiting 5s...
  Rate limited, waiting 5s...
  Rate limited, waiting 5s...
  Rate limited, waiting 5s...
  Rate limited, waiting 5s...
  Rate limited, waiting 5s...
  Rate limited, waiting 5s...
  Rate limited, waiting 5s...
  Rate limited, waiting 5s...
  Rate limited, waiting 5s...
  Rate limited, waiting 5s...
  Rate limited, waiting 5s...
  Rate limited, waiting 5s...
  Rate limited, waiting 5s...
  Rate limited, waiting 5s...
  Rate limited, waiting 5s...
  Rate limited, waiting 5s...
  Rate limited, waiting 5s...
  Rate limited, waiting 5s...
  Rate limited, waiting 5s...
  Rate limited, waiting 5s...
  Rate limited, waiting 5s...
  Rate limited, waiting 5s...
  Rate limited, waiting 5s...
  Rate limited, waiting 5s...
  Rate limited, waiting 5s...
  Rate limited, waiting 5s...
  Rate limited, waiting 5s...
  Rate limited, waiting 5s...
  Rate limited, waiting 5s...
  Rate limited, waiting 5s...
  Rate limited, waiting 5s...
  Rate limited, waiting 5s...
  Rate limited, waiting 5s...
  Rate limited, waiting 5s...
  Rate limited, waiting 5s...
  Rate limited, waiting 5s...
  Rate limited, waiting 5s...
  Rate limited, waiting 5s...
  Rate limited, waiting 5s...
  Rate limited, waiting 5s...
  Rate limited, waiting 5s...
  Rate limited, waiting 5s...
  Rate limited, waiting 5s...
  Rate limited, waiting 5s...
  Rate limited, waiting 5s...
  Rate limited, waiting 5s...
  Rate limited, waiting 5s...
  Rate limited, waiting 5s...
  Rate limited, waiting 5s...
  Rate limited, waiting 5s...
  Rate limited, waiting 5s...
  Rate limited, waiting 5s...
  Rate limited, waiting 5s...
  Rate limited, waiting 5s...
  Rate limited, waiting 5s...
  Rate limited, waiting 5s...
  Rate limited, waiting 5s...
  Rate limited, waiting 5s...
  Rate limited, waiting 5s...
  Rate limited, waiting 5s...
  Rate limited, waiting 5s...
  Rate limited, waiting 5s...
  Rate limited, waiting 5s...
  Rate limited, waiting 5s...
  Rate limited, waiting 5s...
  Rate limited, waiting 5s...
  Rate limited, waiting 5s...
  Rate limited, waiting 5s...
  Rate limited, waiting 5s...
  Rate limited, waiting 5s...
  Rate limited, waiting 5s...
  Rate limited, waiting 5s...
  Rate limited, waiting 5s...
  Rate limited, waiting 5s...
  Rate limited, waiting 5s...
  Rate limited, waiting 5s...
  Rate limited, waiting 5s...
  Rate limited, waiting 5s...
  Rate limited, waiting 5s...
  Rate limited, waiting 5s...
  Rate limited, waiting 5s...
  Rate limited, waiting 5s...
  Rate limited, waiting 5s...
  Rate limited, waiting 5s...
  Rate limited, waiting 5s...
  Rate limited, waiting 5s...
  Rate limited, waiting 5s...
  Rate limited, waiting 5s...
  Rate limited, waiting 5s...
  Rate limited, waiting 5s...
  Rate limited, waiting 5s...
  Rate limited, waiting 5s...
  Rate limited, waiting 5s...
  Rate limited, waiting 5s...
  Rate limited, waiting 5s...
  Rate limited, waiting 5s...
  Rate limited, waiting 5s...
  Rate limited, waiting 5s...
  Rate limited, waiting 5s...
  Rate limited, waiting 5s...
  Rate limited, waiting 5s...
  Rate limited, waiting 5s...
  Rate limited, waiting 5s...
  Rate limited, waiting 5s...
  Rate limited, waiting 5s...
  Rate limited, waiting 5s...
  Rate limited, waiting 5s...
  Rate limited, waiting 5s...
  Rate limited, waiting 5s...
  Rate limited, waiting 5s...
  Rate limited, waiting 5s...
  Rate limited, waiting 5s...
  Rate limited, waiting 5s...
  Rate limited, waiting 5s...
  Rate limited, waiting 5s...
  Rate limited, waiting 5s...
  Rate limited, waiting 5s...
  Rate limited, waiting 5s...
  Rate limited, waiting 5s...
  Rate limited, waiting 5s...
  Rate limited, waiting 5s...
  Rate limited, waiting 5s...
  Rate limited, waiting 5s...
  Rate limited, waiting 5s...
  Rate limited, waiting 5s...
  Rate limited, waiting 5s...
  Rate limited, waiting 5s...
  Rate limited, waiting 5s...
  Rate limited, waiting 5s...
  Rate limited, waiting 5s...
  Rate limited, waiting 5s...
  Rate limited, waiting 5s...
  Rate limited, waiting 5s...
  Rate limited, waiting 5s...
  Rate limited, waiting 5s...
  Rate limited, waiting 5s...
  Rate limited, waiting 5s...
Batch done: processed 1000 | fixed 999 | images 0 | skipped 0 | since_id 10411210146065
  Rate limited, waiting 5s...
  Rate limited, waiting 5s...
  Rate limited, waiting 5s...
  Rate limited, waiting 5s...
  Rate limited, waiting 5s...
  Rate limited, waiting 5s...
  Rate limited, waiting 5s...
  Rate limited, waiting 5s...
  Rate limited, waiting 5s...
  Rate limited, waiting 5s...
  Rate limited, waiting 5s...
  Rate limited, waiting 5s...
  Rate limited, waiting 5s...
  Rate limited, waiting 5s...
  Rate limited, waiting 5s...
  Rate limited, waiting 5s...
  Rate limited, waiting 5s...
  Rate limited, waiting 5s...
  Rate limited, waiting 5s...
  Rate limited, waiting 5s...
  Rate limited, waiting 5s...
  Rate limited, waiting 5s...
  Rate limited, waiting 5s...
  Rate limited, waiting 5s...
  Rate limited, waiting 5s...
  Rate limited, waiting 5s...
  Rate limited, waiting 5s...
  Rate limited, waiting 5s...
  Rate limited, waiting 5s...
  Rate limited, waiting 5s...
  Rate limited, waiting 5s...
  Rate limited, waiting 5s...
  Rate limited, waiting 5s...
  Rate limited, waiting 5s...
  Rate limited, waiting 5s...
  Rate limited, waiting 5s...
  Rate limited, waiting 5s...
  Rate limited, waiting 5s...
  Rate limited, waiting 5s...
  Rate limited, waiting 5s...
  Rate limited, waiting 5s...
  Rate limited, waiting 5s...
  Rate limited, waiting 5s...
  Rate limited, waiting 5s...
  Rate limited, waiting 5s...
  Rate limited, waiting 5s...
  Rate limited, waiting 5s...
  Rate limited, waiting 5s...
  Rate limited, waiting 5s...
  Rate limited, waiting 5s...
  Rate limited, waiting 5s...
  Rate limited, waiting 5s...
  Rate limited, waiting 5s...
  Rate limited, waiting 5s...
  Rate limited, waiting 5s...
  Rate limited, waiting 5s...
  Rate limited, waiting 5s...
  Rate limited, waiting 5s...
  Rate limited, waiting 5s...
  Rate limited, waiting 5s...
  Rate limited, waiting 5s...
  Rate limited, waiting 5s...
  Rate limited, waiting 5s...
  Rate limited, waiting 5s...
  Rate limited, waiting 5s...
  Rate limited, waiting 5s...
  Rate limited, waiting 5s...
  Rate limited, waiting 5s...
  Rate limited, waiting 5s...
  Rate limited, waiting 5s...
  Rate limited, waiting 5s...
  Rate limited, waiting 5s...
  Rate limited, waiting 5s...
  Rate limited, waiting 5s...
  Rate limited, waiting 5s...
  Rate limited, waiting 5s...
  Rate limited, waiting 5s...
  Rate limited, waiting 5s...
  Rate limited, waiting 5s...
  Rate limited, waiting 5s...
  Rate limited, waiting 5s...
  Rate limited, waiting 5s...
  Rate limited, waiting 5s...
  Rate limited, waiting 5s...
  Rate limited, waiting 5s...
  Rate limited, waiting 5s...
  Rate limited, waiting 5s...
  Rate limited, waiting 5s...
  Rate limited, waiting 5s...
  Rate limited, waiting 5s...
  Rate limited, waiting 5s...
  Rate limited, waiting 5s...
  Rate limited, waiting 5s...
  Rate limited, waiting 5s...
  Rate limited, waiting 5s...
  Rate limited, waiting 5s...
  Rate limited, waiting 5s...
  Rate limited, waiting 5s...
  Rate limited, waiting 5s...
  Rate limited, waiting 5s...
  Rate limited, waiting 5s...
  Rate limited, waiting 5s...
  Rate limited, waiting 5s...
  Rate limited, waiting 5s...
  Rate limited, waiting 5s...
  Rate limited, waiting 5s...
  Rate limited, waiting 5s...
Batch done: processed 1250 | fixed 1249 | images 0 | skipped 0 | since_id 10411225973009
  Rate limited, waiting 5s...
  Rate limited, waiting 5s...
  Rate limited, waiting 5s...
  Rate limited, waiting 5s...
  Rate limited, waiting 5s...
  Rate limited, waiting 5s...
  Rate limited, waiting 5s...
  Rate limited, waiting 5s...
  Rate limited, waiting 5s...
  Rate limited, waiting 5s...
  Rate limited, waiting 5s...
  Rate limited, waiting 5s...
  Rate limited, waiting 5s...
  Rate limited, waiting 5s...
  Rate limited, waiting 5s...
  Rate limited, waiting 5s...
  Rate limited, waiting 5s...
  Rate limited, waiting 5s...
  Rate limited, waiting 5s...
  Rate limited, waiting 5s...
  Rate limited, waiting 5s...
  Rate limited, waiting 5s...
  Rate limited, waiting 5s...
  Rate limited, waiting 5s...
  Rate limited, waiting 5s...
  Rate limited, waiting 5s...
  Rate limited, waiting 5s...
  Rate limited, waiting 5s...
  Rate limited, waiting 5s...
  Rate limited, waiting 5s...
  Rate limited, waiting 5s...
  Rate limited, waiting 5s...
  Rate limited, waiting 5s...
  Rate limited, waiting 5s...
  Rate limited, waiting 5s...
  Rate limited, waiting 5s...
  Rate limited, waiting 5s...
  Rate limited, waiting 5s...
  Rate limited, waiting 5s...
  Rate limited, waiting 5s...
  Rate limited, waiting 5s...
  Rate limited, waiting 5s...
  Rate limited, waiting 5s...
  Rate limited, waiting 5s...
  Rate limited, waiting 5s...
  Rate limited, waiting 5s...
  Rate limited, waiting 5s...
  Rate limited, waiting 5s...
  Rate limited, waiting 5s...
  Rate limited, waiting 5s...
  Rate limited, waiting 5s...
  Rate limited, waiting 5s...
  Rate limited, waiting 5s...
  Rate limited, waiting 5s...
  Rate limited, waiting 5s...
  Rate limited, waiting 5s...
  Rate limited, waiting 5s...
  Rate limited, waiting 5s...
  Rate limited, waiting 5s...
  Rate limited, waiting 5s...
  Rate limited, waiting 5s...
  Rate limited, waiting 5s...
  Rate limited, waiting 5s...
  Rate limited, waiting 5s...
  Rate limited, waiting 5s...
  Rate limited, waiting 5s...
  Rate limited, waiting 5s...
  Rate limited, waiting 5s...
  Rate limited, waiting 5s...
  Rate limited, waiting 5s...
  Rate limited, waiting 5s...
  Rate limited, waiting 5s...
  Rate limited, waiting 5s...
  Rate limited, waiting 5s...
  Rate limited, waiting 5s...
  Rate limited, waiting 5s...
  Rate limited, waiting 5s...
  Rate limited, waiting 5s...
  Rate limited, waiting 5s...
  Rate limited, waiting 5s...
  Rate limited, waiting 5s...
  Rate limited, waiting 5s...
  Rate limited, waiting 5s...
  Rate limited, waiting 5s...
  Rate limited, waiting 5s...
  Rate limited, waiting 5s...
  Rate limited, waiting 5s...
  Rate limited, waiting 5s...
  Rate limited, waiting 5s...
  Rate limited, waiting 5s...
  Rate limited, waiting 5s...
  Rate limited, waiting 5s...
  Rate limited, waiting 5s...
  Rate limited, waiting 5s...
  Rate limited, waiting 5s...
  Rate limited, waiting 5s...
  Rate limited, waiting 5s...
  Rate limited, waiting 5s...
  Rate limited, waiting 5s...
  Rate limited, waiting 5s...
  Rate limited, waiting 5s...
  Rate limited, waiting 5s...
  Rate limited, waiting 5s...
  Rate limited, waiting 5s...
  Rate limited, waiting 5s...
  Rate limited, waiting 5s...
  Rate limited, waiting 5s...
  Rate limited, waiting 5s...
  Rate limited, waiting 5s...
  Rate limited, waiting 5s...
  Rate limited, waiting 5s...
  Rate limited, waiting 5s...
  Rate limited, waiting 5s...
  Rate limited, waiting 5s...
  Rate limited, waiting 5s...
  Rate limited, waiting 5s...
  Rate limited, waiting 5s...
  Rate limited, waiting 5s...
  Rate limited, waiting 5s...
  Rate limited, waiting 5s...
  Rate limited, waiting 5s...
  Rate limited, waiting 5s...
  Rate limited, waiting 5s...
  Rate limited, waiting 5s...
  Rate limited, waiting 5s...
  Rate limited, waiting 5s...
  Rate limited, waiting 5s...
  Rate limited, waiting 5s...
  Rate limited, waiting 5s...
  Rate limited, waiting 5s...
  Rate limited, waiting 5s...
  Rate limited, waiting 5s...
  Rate limited, waiting 5s...
  Rate limited, waiting 5s...
  Rate limited, waiting 5s...
  Rate limited, waiting 5s...
  Rate limited, waiting 5s...
  Rate limited, waiting 5s...
  Rate limited, waiting 5s...
  Rate limited, waiting 5s...
  Rate limited, waiting 5s...
  Rate limited, waiting 5s...
  Rate limited, waiting 5s...
  Rate limited, waiting 5s...
  Rate limited, waiting 5s...
  Rate limited, waiting 5s...
  Rate limited, waiting 5s...
  Rate limited, waiting 5s...
  Rate limited, waiting 5s...
  Rate limited, waiting 5s...
  Rate limited, waiting 5s...
  Rate limited, waiting 5s...
  Rate limited, waiting 5s...
  Rate limited, waiting 5s...
  Rate limited, waiting 5s...
  Rate limited, waiting 5s...
  Rate limited, waiting 5s...
  Rate limited, waiting 5s...
Batch done: processed 1500 | fixed 1499 | images 0 | skipped 0 | since_id 10411245961489
  Rate limited, waiting 5s...
  Rate limited, waiting 5s...
  Rate limited, waiting 5s...
  Rate limited, waiting 5s...
  Rate limited, waiting 5s...
  Rate limited, waiting 5s...
  Rate limited, waiting 5s...
  Rate limited, waiting 5s...
  Rate limited, waiting 5s...
  Rate limited, waiting 5s...
  Rate limited, waiting 5s...
  Rate limited, waiting 5s...
  Rate limited, waiting 5s...
  Rate limited, waiting 5s...
  Rate limited, waiting 5s...
  Rate limited, waiting 5s...
  Rate limited, waiting 5s...
  Rate limited, waiting 5s...
  Rate limited, waiting 5s...
  Rate limited, waiting 5s...
  Rate limited, waiting 5s...
  Rate limited, waiting 5s...
  Rate limited, waiting 5s...
  Rate limited, waiting 5s...
  Rate limited, waiting 5s...
  Rate limited, waiting 5s...
  Rate limited, waiting 5s...
  Rate limited, waiting 5s...
  Rate limited, waiting 5s...
  Rate limited, waiting 5s...
  Rate limited, waiting 5s...
  Rate limited, waiting 5s...
  Rate limited, waiting 5s...
  Rate limited, waiting 5s...
  Rate limited, waiting 5s...
  Rate limited, waiting 5s...
  Rate limited, waiting 5s...
  Rate limited, waiting 5s...
  Rate limited, waiting 5s...
  Rate limited, waiting 5s...
  Rate limited, waiting 5s...
  Rate limited, waiting 5s...
  Rate limited, waiting 5s...
  Rate limited, waiting 5s...
  Rate limited, waiting 5s...
  Rate limited, waiting 5s...
  Rate limited, waiting 5s...
  Rate limited, waiting 5s...
  Rate limited, waiting 5s...
  Rate limited, waiting 5s...
  Rate limited, waiting 5s...
  Rate limited, waiting 5s...
  Rate limited, waiting 5s...
  Rate limited, waiting 5s...
  Rate limited, waiting 5s...
  Rate limited, waiting 5s...
  Rate limited, waiting 5s...
  Rate limited, waiting 5s...
  Rate limited, waiting 5s...
  Rate limited, waiting 5s...
  Rate limited, waiting 5s...
  Rate limited, waiting 5s...
  Rate limited, waiting 5s...
  Rate limited, waiting 5s...
  Rate limited, waiting 5s...
  Rate limited, waiting 5s...
  Rate limited, waiting 5s...
  Rate limited, waiting 5s...
  Rate limited, waiting 5s...
  Rate limited, waiting 5s...
  Rate limited, waiting 5s...
  Rate limited, waiting 5s...
  Rate limited, waiting 5s...
  Rate limited, waiting 5s...
  Rate limited, waiting 5s...
  Rate limited, waiting 5s...
  Rate limited, waiting 5s...
  Rate limited, waiting 5s...
  Rate limited, waiting 5s...
  Rate limited, waiting 5s...
  Rate limited, waiting 5s...
  Rate limited, waiting 5s...
  Rate limited, waiting 5s...
  Rate limited, waiting 5s...
  Rate limited, waiting 5s...
  Rate limited, waiting 5s...
  Rate limited, waiting 5s...
  Rate limited, waiting 5s...
  Rate limited, waiting 5s...
  Rate limited, waiting 5s...
  Rate limited, waiting 5s...
  Rate limited, waiting 5s...
  Rate limited, waiting 5s...
  Rate limited, waiting 5s...
  Rate limited, waiting 5s...
  Rate limited, waiting 5s...
  Rate limited, waiting 5s...
  Rate limited, waiting 5s...
  Rate limited, waiting 5s...
  Rate limited, waiting 5s...
  Rate limited, waiting 5s...
  Rate limited, waiting 5s...
  Rate limited, waiting 5s...
  Rate limited, waiting 5s...
  Rate limited, waiting 5s...
  Rate limited, waiting 5s...
  Rate limited, waiting 5s...
  Rate limited, waiting 5s...
  Rate limited, waiting 5s...
  Rate limited, waiting 5s...
  Rate limited, waiting 5s...
  Rate limited, waiting 5s...
  Rate limited, waiting 5s...
  Rate limited, waiting 5s...
  Rate limited, waiting 5s...
  Rate limited, waiting 5s...
  Rate limited, waiting 5s...
  Rate limited, waiting 5s...
  Rate limited, waiting 5s...
  Rate limited, waiting 5s...
  Rate limited, waiting 5s...
  Rate limited, waiting 5s...
  Rate limited, waiting 5s...
  Rate limited, waiting 5s...
  Rate limited, waiting 5s...
  Rate limited, waiting 5s...
  Rate limited, waiting 5s...
  Rate limited, waiting 5s...
  Rate limited, waiting 5s...
  Rate limited, waiting 5s...
  Rate limited, waiting 5s...
Batch done: processed 1750 | fixed 1749 | images 0 | skipped 0 | since_id 10411259003153
  Rate limited, waiting 5s...
  Rate limited, waiting 5s...
  Rate limited, waiting 5s...
  Rate limited, waiting 5s...
  Rate limited, waiting 5s...
  Rate limited, waiting 5s...
  Rate limited, waiting 5s...
  Rate limited, waiting 5s...
  Rate limited, waiting 5s...
  Rate limited, waiting 5s...
  Rate limited, waiting 5s...
  Rate limited, waiting 5s...
  Rate limited, waiting 5s...
  Rate limited, waiting 5s...
  Rate limited, waiting 5s...
  Rate limited, waiting 5s...
  Rate limited, waiting 5s...
  Rate limited, waiting 5s...
  Rate limited, waiting 5s...
  Rate limited, waiting 5s...
  Rate limited, waiting 5s...
  Rate limited, waiting 5s...
  Rate limited, waiting 5s...
  Rate limited, waiting 5s...
  Rate limited, waiting 5s...
  Rate limited, waiting 5s...
  Rate limited, waiting 5s...
  Rate limited, waiting 5s...
  Rate limited, waiting 5s...
  Rate limited, waiting 5s...
  Rate limited, waiting 5s...
  Rate limited, waiting 5s...
  Rate limited, waiting 5s...
  Rate limited, waiting 5s...
  Rate limited, waiting 5s...
  Rate limited, waiting 5s...
  Rate limited, waiting 5s...
  Rate limited, waiting 5s...
  Rate limited, waiting 5s...
  Rate limited, waiting 5s...
  Rate limited, waiting 5s...
  Rate limited, waiting 5s...
  Rate limited, waiting 5s...
  Rate limited, waiting 5s...
  Rate limited, waiting 5s...
  Rate limited, waiting 5s...
  Rate limited, waiting 5s...
  Rate limited, waiting 5s...
  Rate limited, waiting 5s...
  Rate limited, waiting 5s...
  Rate limited, waiting 5s...
  Rate limited, waiting 5s...
  Rate limited, waiting 5s...
  Rate limited, waiting 5s...
  Rate limited, waiting 5s...
  Rate limited, waiting 5s...
  Rate limited, waiting 5s...
  Rate limited, waiting 5s...
  Rate limited, waiting 5s...
  Rate limited, waiting 5s...
  Rate limited, waiting 5s...
  Rate limited, waiting 5s...
  Rate limited, waiting 5s...
  Rate limited, waiting 5s...
  Rate limited, waiting 5s...
  Rate limited, waiting 5s...
  Rate limited, waiting 5s...
  Rate limited, waiting 5s...
  Rate limited, waiting 5s...
  Rate limited, waiting 5s...
  Rate limited, waiting 5s...
  Rate limited, waiting 5s...
  Rate limited, waiting 5s...
  Rate limited, waiting 5s...
  Rate limited, waiting 5s...
  Rate limited, waiting 5s...
  Rate limited, waiting 5s...
  Rate limited, waiting 5s...
  Rate limited, waiting 5s...
  Rate limited, waiting 5s...
  Rate limited, waiting 5s...
  Rate limited, waiting 5s...
  Rate limited, waiting 5s...
  Rate limited, waiting 5s...
  Rate limited, waiting 5s...
  Rate limited, waiting 5s...
  Rate limited, waiting 5s...
  Rate limited, waiting 5s...
  Rate limited, waiting 5s...
  Rate limited, waiting 5s...
  Rate limited, waiting 5s...
  Rate limited, waiting 5s...
  Rate limited, waiting 5s...
  Rate limited, waiting 5s...
  Rate limited, waiting 5s...
  Rate limited, waiting 5s...
  Rate limited, waiting 5s...
  Rate limited, waiting 5s...
  Rate limited, waiting 5s...
  Rate limited, waiting 5s...
  Rate limited, waiting 5s...
  Rate limited, waiting 5s...
  Rate limited, waiting 5s...
  Rate limited, waiting 5s...
  Rate limited, waiting 5s...
  Rate limited, waiting 5s...
  Rate limited, waiting 5s...
  Rate limited, waiting 5s...
  Rate limited, waiting 5s...
  Rate limited, waiting 5s...
  Rate limited, waiting 5s...
  Rate limited, waiting 5s...
  Rate limited, waiting 5s...
  Rate limited, waiting 5s...
  Rate limited, waiting 5s...
  Rate limited, waiting 5s...
  Rate limited, waiting 5s...
  Rate limited, waiting 5s...
  Rate limited, waiting 5s...
  Rate limited, waiting 5s...
  Rate limited, waiting 5s...
  Rate limited, waiting 5s...
  Rate limited, waiting 5s...
  Rate limited, waiting 5s...
  Rate limited, waiting 5s...
  Rate limited, waiting 5s...
  Rate limited, waiting 5s...
  Rate limited, waiting 5s...
  Rate limited, waiting 5s...
  Rate limited, waiting 5s...
  Rate limited, waiting 5s...
  Rate limited, waiting 5s...
  Rate limited, waiting 5s...
  Rate limited, waiting 5s...
  Rate limited, waiting 5s...
  Rate limited, waiting 5s...
  Rate limited, waiting 5s...
  Rate limited, waiting 5s...
  Rate limited, waiting 5s...
  Rate limited, waiting 5s...
Batch done: processed 2000 | fixed 1999 | images 0 | skipped 0 | since_id 10411269619985
  Rate limited, waiting 5s...
  Rate limited, waiting 5s...
  Rate limited, waiting 5s...
  Rate limited, waiting 5s...
  Rate limited, waiting 5s...
  Rate limited, waiting 5s...
  Rate limited, waiting 5s...
  Rate limited, waiting 5s...
  Rate limited, waiting 5s...
  Rate limited, waiting 5s...
  Rate limited, waiting 5s...
  Rate limited, waiting 5s...
  Rate limited, waiting 5s...
  Rate limited, waiting 5s...
  Rate limited, waiting 5s...
  Rate limited, waiting 5s...
  Rate limited, waiting 5s...
  Rate limited, waiting 5s...
  Rate limited, waiting 5s...
  Rate limited, waiting 5s...
  Rate limited, waiting 5s...
  Rate limited, waiting 5s...
  Rate limited, waiting 5s...
  Rate limited, waiting 5s...
  Rate limited, waiting 5s...
  Rate limited, waiting 5s...
  Rate limited, waiting 5s...
  Rate limited, waiting 5s...
  Rate limited, waiting 5s...
  Rate limited, waiting 5s...
  Rate limited, waiting 5s...
  Rate limited, waiting 5s...
  Rate limited, waiting 5s...
  Rate limited, waiting 5s...
  Rate limited, waiting 5s...
  Rate limited, waiting 5s...
  Rate limited, waiting 5s...
  Rate limited, waiting 5s...
  Rate limited, waiting 5s...
  Rate limited, waiting 5s...
  Rate limited, waiting 5s...
  Rate limited, waiting 5s...
  Rate limited, waiting 5s...
  Rate limited, waiting 5s...
  Rate limited, waiting 5s...
  Rate limited, waiting 5s...
  Rate limited, waiting 5s...
  Rate limited, waiting 5s...
  Rate limited, waiting 5s...
  Rate limited, waiting 5s...
  Rate limited, waiting 5s...
  Rate limited, waiting 5s...
  Rate limited, waiting 5s...
  Rate limited, waiting 5s...
  Rate limited, waiting 5s...
  Rate limited, waiting 5s...
  Rate limited, waiting 5s...
  Rate limited, waiting 5s...
  Rate limited, waiting 5s...
  Rate limited, waiting 5s...
  Rate limited, waiting 5s...
  Rate limited, waiting 5s...
  Rate limited, waiting 5s...
  Rate limited, waiting 5s...
  Rate limited, waiting 5s...
  Rate limited, waiting 5s...
  Rate limited, waiting 5s...
  Rate limited, waiting 5s...
  Rate limited, waiting 5s...
  Rate limited, waiting 5s...
  Rate limited, waiting 5s...
  Rate limited, waiting 5s...
  Rate limited, waiting 5s...
  Rate limited, waiting 5s...
  Rate limited, waiting 5s...
  Rate limited, waiting 5s...
  Rate limited, waiting 5s...
  Rate limited, waiting 5s...
  Rate limited, waiting 5s...
  Rate limited, waiting 5s...
  Rate limited, waiting 5s...
  Rate limited, waiting 5s...
  Rate limited, waiting 5s...
  Rate limited, waiting 5s...
Batch done: processed 2250 | fixed 2249 | images 0 | skipped 0 | since_id 10411282465041
  Rate limited, waiting 5s...
  Rate limited, waiting 5s...
  Rate limited, waiting 5s...
  Rate limited, waiting 5s...
  Rate limited, waiting 5s...
  Rate limited, waiting 5s...
  Rate limited, waiting 5s...
  Rate limited, waiting 5s...
  Rate limited, waiting 5s...
  Rate limited, waiting 5s...
  Rate limited, waiting 5s...
  Rate limited, waiting 5s...
  Rate limited, waiting 5s...
  Rate limited, waiting 5s...
  Rate limited, waiting 5s...
  Rate limited, waiting 5s...
  Rate limited, waiting 5s...
  Rate limited, waiting 5s...
  Rate limited, waiting 5s...
  Rate limited, waiting 5s...
  Rate limited, waiting 5s...
  Rate limited, waiting 5s...
  Rate limited, waiting 5s...
  Rate limited, waiting 5s...
  Rate limited, waiting 5s...
  Rate limited, waiting 5s...
  Rate limited, waiting 5s...
  Rate limited, waiting 5s...
  Rate limited, waiting 5s...
  Rate limited, waiting 5s...
  Rate limited, waiting 5s...
  Rate limited, waiting 5s...
  Rate limited, waiting 5s...
  Rate limited, waiting 5s...
  Rate limited, waiting 5s...
  Rate limited, waiting 5s...
  Rate limited, waiting 5s...
  Rate limited, waiting 5s...
  Rate limited, waiting 5s...
  Rate limited, waiting 5s...
  Rate limited, waiting 5s...
  Rate limited, waiting 5s...
  Rate limited, waiting 5s...
  Rate limited, waiting 5s...
  Rate limited, waiting 5s...
  Rate limited, waiting 5s...
  Rate limited, waiting 5s...
  Rate limited, waiting 5s...
  Rate limited, waiting 5s...
  Rate limited, waiting 5s...
  Rate limited, waiting 5s...
  Rate limited, waiting 5s...
  Rate limited, waiting 5s...
  Rate limited, waiting 5s...
  Rate limited, waiting 5s...
  Rate limited, waiting 5s...
  Rate limited, waiting 5s...
  Rate limited, waiting 5s...
  Rate limited, waiting 5s...
  Rate limited, waiting 5s...
  Rate limited, waiting 5s...
  Rate limited, waiting 5s...
  Rate limited, waiting 5s...
  Rate limited, waiting 5s...
Batch done: processed 2500 | fixed 2499 | images 0 | skipped 0 | since_id 10411299602705
  Rate limited, waiting 5s...
  Rate limited, waiting 5s...
  Rate limited, waiting 5s...
  Rate limited, waiting 5s...
  Rate limited, waiting 5s...
  Rate limited, waiting 5s...
  Rate limited, waiting 5s...
  Rate limited, waiting 5s...
  Rate limited, waiting 5s...
  Rate limited, waiting 5s...
  Rate limited, waiting 5s...
  Rate limited, waiting 5s...
  Rate limited, waiting 5s...
  Rate limited, waiting 5s...
  Rate limited, waiting 5s...
  Rate limited, waiting 5s...
  Rate limited, waiting 5s...
  Rate limited, waiting 5s...
  Rate limited, waiting 5s...
  Rate limited, waiting 5s...
  Rate limited, waiting 5s...
  Rate limited, waiting 5s...
  Rate limited, waiting 5s...
  Rate limited, waiting 5s...
  Rate limited, waiting 5s...
  Rate limited, waiting 5s...
  Rate limited, waiting 5s...
  Rate limited, waiting 5s...
  Rate limited, waiting 5s...
  Rate limited, waiting 5s...
  Rate limited, waiting 5s...
  Rate limited, waiting 5s...
  Rate limited, waiting 5s...
  Rate limited, waiting 5s...
  Rate limited, waiting 5s...
  Rate limited, waiting 5s...
  Rate limited, waiting 5s...
  Rate limited, waiting 5s...
  Rate limited, waiting 5s...
  Rate limited, waiting 5s...
  Rate limited, waiting 5s...
  Rate limited, waiting 5s...
  Rate limited, waiting 5s...
  Rate limited, waiting 5s...
  Rate limited, waiting 5s...
  Rate limited, waiting 5s...
  Rate limited, waiting 5s...
  Rate limited, waiting 5s...
  Rate limited, waiting 5s...
  Rate limited, waiting 5s...
  Rate limited, waiting 5s...
  Rate limited, waiting 5s...
  Rate limited, waiting 5s...
  Rate limited, waiting 5s...
  Rate limited, waiting 5s...
  Rate limited, waiting 5s...
  Rate limited, waiting 5s...
  Rate limited, waiting 5s...
  Rate limited, waiting 5s...
  Rate limited, waiting 5s...
  Rate limited, waiting 5s...
  Rate limited, waiting 5s...
  Rate limited, waiting 5s...
  Rate limited, waiting 5s...
  Rate limited, waiting 5s...
  Rate limited, waiting 5s...
  Rate limited, waiting 5s...
  Rate limited, waiting 5s...
  Rate limited, waiting 5s...
  Rate limited, waiting 5s...
  Rate limited, waiting 5s...
  Rate limited, waiting 5s...
Batch done: processed 2750 | fixed 2749 | images 0 | skipped 0 | since_id 10411309007121
  Rate limited, waiting 5s...
  Rate limited, waiting 5s...
  Rate limited, waiting 5s...
  Rate limited, waiting 5s...
  Rate limited, waiting 5s...
  Rate limited, waiting 5s...
  Rate limited, waiting 5s...
  Rate limited, waiting 5s...
  Rate limited, waiting 5s...
  Rate limited, waiting 5s...
  Rate limited, waiting 5s...
  Rate limited, waiting 5s...
  Rate limited, waiting 5s...
  Rate limited, waiting 5s...
  Rate limited, waiting 5s...
  Rate limited, waiting 5s...
  Rate limited, waiting 5s...
  Rate limited, waiting 5s...
  Rate limited, waiting 5s...
  Rate limited, waiting 5s...
  Rate limited, waiting 5s...
  Rate limited, waiting 5s...
  Rate limited, waiting 5s...
  Rate limited, waiting 5s...
  Rate limited, waiting 5s...
  Rate limited, waiting 5s...
  Rate limited, waiting 5s...
  Rate limited, waiting 5s...
  Rate limited, waiting 5s...
  Rate limited, waiting 5s...
  Rate limited, waiting 5s...
  Rate limited, waiting 5s...
  Rate limited, waiting 5s...
  Rate limited, waiting 5s...
  Rate limited, waiting 5s...
  Rate limited, waiting 5s...
  Rate limited, waiting 5s...
  Rate limited, waiting 5s...
  Rate limited, waiting 5s...
  Rate limited, waiting 5s...
  Rate limited, waiting 5s...
  Rate limited, waiting 5s...
  Rate limited, waiting 5s...
  Rate limited, waiting 5s...
  Rate limited, waiting 5s...
  Rate limited, waiting 5s...
  Rate limited, waiting 5s...
  Rate limited, waiting 5s...
  Rate limited, waiting 5s...
  Rate limited, waiting 5s...
  Rate limited, waiting 5s...
  Rate limited, waiting 5s...
  Rate limited, waiting 5s...
  Rate limited, waiting 5s...
  Rate limited, waiting 5s...
  Rate limited, waiting 5s...
  Rate limited, waiting 5s...
  Rate limited, waiting 5s...
  Rate limited, waiting 5s...
  Rate limited, waiting 5s...
  Rate limited, waiting 5s...
  Rate limited, waiting 5s...
  Rate limited, waiting 5s...
  Rate limited, waiting 5s...
  Rate limited, waiting 5s...
  Rate limited, waiting 5s...
  Rate limited, waiting 5s...
  Rate limited, waiting 5s...
  Rate limited, waiting 5s...
  Rate limited, waiting 5s...
  Rate limited, waiting 5s...
  Rate limited, waiting 5s...
  Rate limited, waiting 5s...
  Rate limited, waiting 5s...
  Rate limited, waiting 5s...
  Rate limited, waiting 5s...
  Rate limited, waiting 5s...
  Rate limited, waiting 5s...
  Rate limited, waiting 5s...
  Rate limited, waiting 5s...
  Rate limited, waiting 5s...
  Rate limited, waiting 5s...
Batch done: processed 3000 | fixed 2999 | images 0 | skipped 0 | since_id 10411328897297
  Rate limited, waiting 5s...
  Rate limited, waiting 5s...
  Rate limited, waiting 5s...
  Rate limited, waiting 5s...
  Rate limited, waiting 5s...
  Rate limited, waiting 5s...
  Rate limited, waiting 5s...
  Rate limited, waiting 5s...
  Rate limited, waiting 5s...
  Rate limited, waiting 5s...
  Rate limited, waiting 5s...
  Rate limited, waiting 5s...
  Rate limited, waiting 5s...
  Rate limited, waiting 5s...
  Rate limited, waiting 5s...
  Rate limited, waiting 5s...
  Rate limited, waiting 5s...
  Rate limited, waiting 5s...
  Rate limited, waiting 5s...
  Rate limited, waiting 5s...
  Rate limited, waiting 5s...
  Rate limited, waiting 5s...
  Rate limited, waiting 5s...
  Rate limited, waiting 5s...
  Rate limited, waiting 5s...
  Rate limited, waiting 5s...
  Rate limited, waiting 5s...
  Rate limited, waiting 5s...
  Rate limited, waiting 5s...
  Rate limited, waiting 5s...
  Rate limited, waiting 5s...
  Rate limited, waiting 5s...
  Rate limited, waiting 5s...
  Rate limited, waiting 5s...
  Rate limited, waiting 5s...
  Rate limited, waiting 5s...
  Rate limited, waiting 5s...
  Rate limited, waiting 5s...
  Rate limited, waiting 5s...
  Rate limited, waiting 5s...
  Rate limited, waiting 5s...
  Rate limited, waiting 5s...
  Rate limited, waiting 5s...
  Rate limited, waiting 5s...
  Rate limited, waiting 5s...
  Rate limited, waiting 5s...
  Rate limited, waiting 5s...
  Rate limited, waiting 5s...
  Rate limited, waiting 5s...
  Rate limited, waiting 5s...
  Rate limited, waiting 5s...
  Rate limited, waiting 5s...
  Rate limited, waiting 5s...
  Rate limited, waiting 5s...
  Rate limited, waiting 5s...
  Rate limited, waiting 5s...
  Rate limited, waiting 5s...
  Rate limited, waiting 5s...
  Rate limited, waiting 5s...
  Rate limited, waiting 5s...
  Rate limited, waiting 5s...
  Rate limited, waiting 5s...
  Rate limited, waiting 5s...
  Rate limited, waiting 5s...
  Rate limited, waiting 5s...
  Rate limited, waiting 5s...
  Rate limited, waiting 5s...
  Rate limited, waiting 5s...
  Rate limited, waiting 5s...
  Rate limited, waiting 5s...
  Rate limited, waiting 5s...
  Rate limited, waiting 5s...
  Rate limited, waiting 5s...
  Rate limited, waiting 5s...
  Rate limited, waiting 5s...
  Rate limited, waiting 5s...
  Rate limited, waiting 5s...
  Rate limited, waiting 5s...
  Rate limited, waiting 5s...
  Rate limited, waiting 5s...
  Rate limited, waiting 5s...
  Rate limited, waiting 5s...
  Rate limited, waiting 5s...
  Rate limited, waiting 5s...
  Rate limited, waiting 5s...
  Rate limited, waiting 5s...
  Rate limited, waiting 5s...
  Rate limited, waiting 5s...
  Rate limited, waiting 5s...
  Rate limited, waiting 5s...
  Rate limited, waiting 5s...
  Rate limited, waiting 5s...
  Rate limited, waiting 5s...
  Rate limited, waiting 5s...
  Rate limited, waiting 5s...
  Rate limited, waiting 5s...
  Rate limited, waiting 5s...
  Rate limited, waiting 5s...
  Rate limited, waiting 5s...
  Rate limited, waiting 5s...
  Rate limited, waiting 5s...
  Rate limited, waiting 5s...
  Rate limited, waiting 5s...
  Rate limited, waiting 5s...
  Rate limited, waiting 5s...
  Rate limited, waiting 5s...
  Rate limited, waiting 5s...
  Rate limited, waiting 5s...
  Rate limited, waiting 5s...
  Rate limited, waiting 5s...
  Rate limited, waiting 5s...
  Rate limited, waiting 5s...
  Rate limited, waiting 5s...
  Rate limited, waiting 5s...
  Rate limited, waiting 5s...
  Rate limited, waiting 5s...
  Rate limited, waiting 5s...
  Rate limited, waiting 5s...
  Rate limited, waiting 5s...
  Rate limited, waiting 5s...
  Rate limited, waiting 5s...
  Rate limited, waiting 5s...
  Rate limited, waiting 5s...
  Rate limited, waiting 5s...
  Rate limited, waiting 5s...
  Rate limited, waiting 5s...
  Rate limited, waiting 5s...
  Rate limited, waiting 5s...
  Rate limited, waiting 5s...
  Rate limited, waiting 5s...
  Rate limited, waiting 5s...
  Rate limited, waiting 5s...
  Rate limited, waiting 5s...
  Rate limited, waiting 5s...
  Rate limited, waiting 5s...
  Rate limited, waiting 5s...
  Rate limited, waiting 5s...
  Rate limited, waiting 5s...
  Rate limited, waiting 5s...
  Rate limited, waiting 5s...
  Rate limited, waiting 5s...
  Rate limited, waiting 5s...
Batch done: processed 3250 | fixed 3249 | images 0 | skipped 0 | since_id 10411351015697
  Rate limited, waiting 5s...
  Rate limited, waiting 5s...
  Rate limited, waiting 5s...
  Rate limited, waiting 5s...
  Rate limited, waiting 5s...
  Rate limited, waiting 5s...
  Rate limited, waiting 5s...
  Rate limited, waiting 5s...
  Rate limited, waiting 5s...
  Rate limited, waiting 5s...
  Rate limited, waiting 5s...
  Rate limited, waiting 5s...
  Rate limited, waiting 5s...
  Rate limited, waiting 5s...
  Rate limited, waiting 5s...
  Rate limited, waiting 5s...
  Rate limited, waiting 5s...
  Rate limited, waiting 5s...
  Rate limited, waiting 5s...
  Rate limited, waiting 5s...
  Rate limited, waiting 5s...
  Rate limited, waiting 5s...
  Rate limited, waiting 5s...
  Rate limited, waiting 5s...
  Rate limited, waiting 5s...
  Rate limited, waiting 5s...
  Rate limited, waiting 5s...
  Rate limited, waiting 5s...
  Rate limited, waiting 5s...
  Rate limited, waiting 5s...
  Rate limited, waiting 5s...
  Rate limited, waiting 5s...
  Rate limited, waiting 5s...
  Rate limited, waiting 5s...
  Rate limited, waiting 5s...
  Rate limited, waiting 5s...
  Rate limited, waiting 5s...
  Rate limited, waiting 5s...
  Rate limited, waiting 5s...
  Rate limited, waiting 5s...
  Rate limited, waiting 5s...
  Rate limited, waiting 5s...
  Rate limited, waiting 5s...
  Rate limited, waiting 5s...
  Rate limited, waiting 5s...
  Rate limited, waiting 5s...
  Rate limited, waiting 5s...
  Rate limited, waiting 5s...
  Rate limited, waiting 5s...
  Rate limited, waiting 5s...
  Rate limited, waiting 5s...
  Rate limited, waiting 5s...
  Rate limited, waiting 5s...
  Rate limited, waiting 5s...
  Rate limited, waiting 5s...
  Rate limited, waiting 5s...
  Rate limited, waiting 5s...
  Rate limited, waiting 5s...
  Rate limited, waiting 5s...
  Rate limited, waiting 5s...
  Rate limited, waiting 5s...
  Rate limited, waiting 5s...
  Rate limited, waiting 5s...
  Rate limited, waiting 5s...
  Rate limited, waiting 5s...
  Rate limited, waiting 5s...
  Rate limited, waiting 5s...
  Rate limited, waiting 5s...
  Rate limited, waiting 5s...
  Rate limited, waiting 5s...
  Rate limited, waiting 5s...
  Rate limited, waiting 5s...
  Rate limited, waiting 5s...
  Rate limited, waiting 5s...
  Rate limited, waiting 5s...
  Rate limited, waiting 5s...
  Rate limited, waiting 5s...
  Rate limited, waiting 5s...
  Rate limited, waiting 5s...
  Rate limited, waiting 5s...
  Rate limited, waiting 5s...
  Rate limited, waiting 5s...
  Rate limited, waiting 5s...
  Rate limited, waiting 5s...
  Rate limited, waiting 5s...
  Rate limited, waiting 5s...
  Rate limited, waiting 5s...
  Rate limited, waiting 5s...
  Rate limited, waiting 5s...
  Rate limited, waiting 5s...
  Rate limited, waiting 5s...
  Rate limited, waiting 5s...
  Rate limited, waiting 5s...
  Rate limited, waiting 5s...
  Rate limited, waiting 5s...
  Rate limited, waiting 5s...
  Rate limited, waiting 5s...
  Rate limited, waiting 5s...
  Rate limited, waiting 5s...
  Rate limited, waiting 5s...
  Rate limited, waiting 5s...
  Rate limited, waiting 5s...
  Rate limited, waiting 5s...
  Rate limited, waiting 5s...
  Rate limited, waiting 5s...
  Rate limited, waiting 5s...
  Rate limited, waiting 5s...
  Rate limited, waiting 5s...
  Rate limited, waiting 5s...
  Rate limited, waiting 5s...
  Rate limited, waiting 5s...
  Rate limited, waiting 5s...
  Rate limited, waiting 5s...
  Rate limited, waiting 5s...
  Rate limited, waiting 5s...
  Rate limited, waiting 5s...
  Rate limited, waiting 5s...
  Rate limited, waiting 5s...
  Rate limited, waiting 5s...
  Rate limited, waiting 5s...
  Rate limited, waiting 5s...
  Rate limited, waiting 5s...
  Rate limited, waiting 5s...
  Rate limited, waiting 5s...
  Rate limited, waiting 5s...
  Rate limited, waiting 5s...
  Rate limited, waiting 5s...
  Rate limited, waiting 5s...
  Rate limited, waiting 5s...
  Rate limited, waiting 5s...
  Rate limited, waiting 5s...
  Rate limited, waiting 5s...
  Rate limited, waiting 5s...
  Rate limited, waiting 5s...
  Rate limited, waiting 5s...
  Rate limited, waiting 5s...
  Rate limited, waiting 5s...
Batch done: processed 3500 | fixed 3499 | images 0 | skipped 0 | since_id 10411364253969
  Rate limited, waiting 5s...
  Rate limited, waiting 5s...
  Rate limited, waiting 5s...
  Rate limited, waiting 5s...
  Rate limited, waiting 5s...
  Rate limited, waiting 5s...
  Rate limited, waiting 5s...
  Rate limited, waiting 5s...
  Rate limited, waiting 5s...
  Rate limited, waiting 5s...
  Rate limited, waiting 5s...
  Rate limited, waiting 5s...
  Rate limited, waiting 5s...
  Rate limited, waiting 5s...
  Rate limited, waiting 5s...
  Rate limited, waiting 5s...
  Rate limited, waiting 5s...
  Rate limited, waiting 5s...
  Rate limited, waiting 5s...
  Rate limited, waiting 5s...
  Rate limited, waiting 5s...
  Rate limited, waiting 5s...
  Rate limited, waiting 5s...
  Rate limited, waiting 5s...
  Rate limited, waiting 5s...
  Rate limited, waiting 5s...
  Rate limited, waiting 5s...
  Rate limited, waiting 5s...
  Rate limited, waiting 5s...
  Rate limited, waiting 5s...
  Rate limited, waiting 5s...
  Rate limited, waiting 5s...
  Rate limited, waiting 5s...
  Rate limited, waiting 5s...
  Rate limited, waiting 5s...
  Rate limited, waiting 5s...
  Rate limited, waiting 5s...
  Rate limited, waiting 5s...
  Rate limited, waiting 5s...
  Rate limited, waiting 5s...
  Rate limited, waiting 5s...
  Rate limited, waiting 5s...
  Rate limited, waiting 5s...
  Rate limited, waiting 5s...
  Rate limited, waiting 5s...
  Rate limited, waiting 5s...
  Rate limited, waiting 5s...
  Rate limited, waiting 5s...
  Rate limited, waiting 5s...
  Rate limited, waiting 5s...
  Rate limited, waiting 5s...
  Rate limited, waiting 5s...
  Rate limited, waiting 5s...
  Rate limited, waiting 5s...
  Rate limited, waiting 5s...
  Rate limited, waiting 5s...
  Rate limited, waiting 5s...
  Rate limited, waiting 5s...
  Rate limited, waiting 5s...
  Rate limited, waiting 5s...
  Rate limited, waiting 5s...
  Rate limited, waiting 5s...
  Rate limited, waiting 5s...
  Rate limited, waiting 5s...
  Rate limited, waiting 5s...
  Rate limited, waiting 5s...
  Rate limited, waiting 5s...
  Rate limited, waiting 5s...
  Rate limited, waiting 5s...
  Rate limited, waiting 5s...
  Rate limited, waiting 5s...
  Rate limited, waiting 5s...
  Rate limited, waiting 5s...
  Rate limited, waiting 5s...
  Rate limited, waiting 5s...
  Rate limited, waiting 5s...
  Rate limited, waiting 5s...
  Rate limited, waiting 5s...
  Rate limited, waiting 5s...
  Rate limited, waiting 5s...
  Rate limited, waiting 5s...
  Rate limited, waiting 5s...
  Rate limited, waiting 5s...
  Rate limited, waiting 5s...
  Rate limited, waiting 5s...
  Rate limited, waiting 5s...
  Rate limited, waiting 5s...
  Rate limited, waiting 5s...
  Rate limited, waiting 5s...
  Rate limited, waiting 5s...
  Rate limited, waiting 5s...
  Rate limited, waiting 5s...
  Rate limited, waiting 5s...
  Rate limited, waiting 5s...
  Rate limited, waiting 5s...
  Rate limited, waiting 5s...
  Rate limited, waiting 5s...
  Rate limited, waiting 5s...
  Rate limited, waiting 5s...
  Rate limited, waiting 5s...
  Rate limited, waiting 5s...
  Rate limited, waiting 5s...
  Rate limited, waiting 5s...
  Rate limited, waiting 5s...
  Rate limited, waiting 5s...
  Rate limited, waiting 5s...
  Rate limited, waiting 5s...
  Rate limited, waiting 5s...
  Rate limited, waiting 5s...
  Rate limited, waiting 5s...
  Rate limited, waiting 5s...
  Rate limited, waiting 5s...
  Rate limited, waiting 5s...
  Rate limited, waiting 5s...
  Rate limited, waiting 5s...
  Rate limited, waiting 5s...
  Rate limited, waiting 5s...
  Rate limited, waiting 5s...
  Rate limited, waiting 5s...
  Rate limited, waiting 5s...
  Rate limited, waiting 5s...
  Rate limited, waiting 5s...
  Rate limited, waiting 5s...
  Rate limited, waiting 5s...
  Rate limited, waiting 5s...
  Rate limited, waiting 5s...
  Rate limited, waiting 5s...
  Rate limited, waiting 5s...
  Rate limited, waiting 5s...
  Rate limited, waiting 5s...
  Rate limited, waiting 5s...
  Rate limited, waiting 5s...
  Rate limited, waiting 5s...
Batch done: processed 3750 | fixed 3749 | images 0 | skipped 0 | since_id 10411379523857
  Rate limited, waiting 5s...
  Rate limited, waiting 5s...
  Rate limited, waiting 5s...
  Rate limited, waiting 5s...
  Rate limited, waiting 5s...
  Rate limited, waiting 5s...
  Rate limited, waiting 5s...
  Rate limited, waiting 5s...
  Rate limited, waiting 5s...
  Rate limited, waiting 5s...
  Rate limited, waiting 5s...
  Rate limited, waiting 5s...
  Rate limited, waiting 5s...
  Rate limited, waiting 5s...
  Rate limited, waiting 5s...
  Rate limited, waiting 5s...
  Rate limited, waiting 5s...
  Rate limited, waiting 5s...
  Rate limited, waiting 5s...
  Rate limited, waiting 5s...
  Rate limited, waiting 5s...
  Rate limited, waiting 5s...
  Rate limited, waiting 5s...
  Rate limited, waiting 5s...
  Rate limited, waiting 5s...
  Rate limited, waiting 5s...
  Rate limited, waiting 5s...
  Rate limited, waiting 5s...
  Rate limited, waiting 5s...
  Rate limited, waiting 5s...
  Rate limited, waiting 5s...
  Rate limited, waiting 5s...
  Rate limited, waiting 5s...
  Rate limited, waiting 5s...
  Rate limited, waiting 5s...
  Rate limited, waiting 5s...
  Rate limited, waiting 5s...
  Rate limited, waiting 5s...
  Rate limited, waiting 5s...
  Rate limited, waiting 5s...
  Rate limited, waiting 5s...
  Rate limited, waiting 5s...
  Rate limited, waiting 5s...
  Rate limited, waiting 5s...
  Rate limited, waiting 5s...
  Rate limited, waiting 5s...
  Rate limited, waiting 5s...
  Rate limited, waiting 5s...
  Rate limited, waiting 5s...
  Rate limited, waiting 5s...
  Rate limited, waiting 5s...
  Rate limited, waiting 5s...
  Rate limited, waiting 5s...
  Rate limited, waiting 5s...
  Rate limited, waiting 5s...
  Rate limited, waiting 5s...
  Rate limited, waiting 5s...
  Rate limited, waiting 5s...
  Rate limited, waiting 5s...
  Rate limited, waiting 5s...
  Rate limited, waiting 5s...
  Rate limited, waiting 5s...
  Rate limited, waiting 5s...
  Rate limited, waiting 5s...
  Rate limited, waiting 5s...
  Rate limited, waiting 5s...
  Rate limited, waiting 5s...
  Rate limited, waiting 5s...
  Rate limited, waiting 5s...
  Rate limited, waiting 5s...
  Rate limited, waiting 5s...
  Rate limited, waiting 5s...
  Rate limited, waiting 5s...
  Rate limited, waiting 5s...
  Rate limited, waiting 5s...
  Rate limited, waiting 5s...
  Rate limited, waiting 5s...
  Rate limited, waiting 5s...
  Rate limited, waiting 5s...
  Rate limited, waiting 5s...
  Rate limited, waiting 5s...
Batch done: processed 4000 | fixed 3999 | images 0 | skipped 0 | since_id 10411403247889
  Rate limited, waiting 5s...
  Rate limited, waiting 5s...
  Rate limited, waiting 5s...
  Rate limited, waiting 5s...
  Rate limited, waiting 5s...
  Rate limited, waiting 5s...
  Rate limited, waiting 5s...
  Rate limited, waiting 5s...
  Rate limited, waiting 5s...
  Rate limited, waiting 5s...
  Rate limited, waiting 5s...
  Rate limited, waiting 5s...
  Rate limited, waiting 5s...
  Rate limited, waiting 5s...
  Rate limited, waiting 5s...
  Rate limited, waiting 5s...
  Rate limited, waiting 5s...
  Rate limited, waiting 5s...
  Rate limited, waiting 5s...
  Rate limited, waiting 5s...
  Rate limited, waiting 5s...
  Rate limited, waiting 5s...
  Rate limited, waiting 5s...
  Rate limited, waiting 5s...
  Rate limited, waiting 5s...
  Rate limited, waiting 5s...
  Rate limited, waiting 5s...
  Rate limited, waiting 5s...
  Rate limited, waiting 5s...
  Rate limited, waiting 5s...
  Rate limited, waiting 5s...
  Rate limited, waiting 5s...
  Rate limited, waiting 5s...
  Rate limited, waiting 5s...
  Rate limited, waiting 5s...
  Rate limited, waiting 5s...
  Rate limited, waiting 5s...
  Rate limited, waiting 5s...
  Rate limited, waiting 5s...
  Rate limited, waiting 5s...
  Rate limited, waiting 5s...
  Rate limited, waiting 5s...
  Rate limited, waiting 5s...
  Rate limited, waiting 5s...
  Rate limited, waiting 5s...
  Rate limited, waiting 5s...
  Rate limited, waiting 5s...
  Rate limited, waiting 5s...
  Rate limited, waiting 5s...
  Rate limited, waiting 5s...
  Rate limited, waiting 5s...
  Rate limited, waiting 5s...
  Rate limited, waiting 5s...
  Rate limited, waiting 5s...
  Rate limited, waiting 5s...
  Rate limited, waiting 5s...
  Rate limited, waiting 5s...
  Rate limited, waiting 5s...
  Rate limited, waiting 5s...
  Rate limited, waiting 5s...
  Rate limited, waiting 5s...
  Rate limited, waiting 5s...
  Rate limited, waiting 5s...
  Rate limited, waiting 5s...
  Rate limited, waiting 5s...
  Rate limited, waiting 5s...
  Rate limited, waiting 5s...
  Rate limited, waiting 5s...
  Rate limited, waiting 5s...
  Rate limited, waiting 5s...
  Rate limited, waiting 5s...
  Rate limited, waiting 5s...
  Rate limited, waiting 5s...
  Rate limited, waiting 5s...
  Rate limited, waiting 5s...
  Rate limited, waiting 5s...
  Rate limited, waiting 5s...
  Rate limited, waiting 5s...
  Rate limited, waiting 5s...
  Rate limited, waiting 5s...
  Rate limited, waiting 5s...
  Rate limited, waiting 5s...
  Rate limited, waiting 5s...
  Rate limited, waiting 5s...
  Rate limited, waiting 5s...
  Rate limited, waiting 5s...
  Rate limited, waiting 5s...
  Rate limited, waiting 5s...
  Rate limited, waiting 5s...
  Rate limited, waiting 5s...
  Rate limited, waiting 5s...
  Rate limited, waiting 5s...
  Rate limited, waiting 5s...
  Rate limited, waiting 5s...
  Rate limited, waiting 5s...
  Rate limited, waiting 5s...
  Rate limited, waiting 5s...
  Rate limited, waiting 5s...
  Rate limited, waiting 5s...
  Rate limited, waiting 5s...
Batch done: processed 4250 | fixed 4248 | images 0 | skipped 0 | since_id 10411419664657
  Rate limited, waiting 5s...
  Rate limited, waiting 5s...
  Rate limited, waiting 5s...
  Rate limited, waiting 5s...
  Rate limited, waiting 5s...
  Rate limited, waiting 5s...
  Rate limited, waiting 5s...
  Rate limited, waiting 5s...
  Rate limited, waiting 5s...
  Rate limited, waiting 5s...
  Rate limited, waiting 5s...
  Rate limited, waiting 5s...
  Rate limited, waiting 5s...
  Rate limited, waiting 5s...
  Rate limited, waiting 5s...
  Rate limited, waiting 5s...
  Rate limited, waiting 5s...
  Rate limited, waiting 5s...
  Rate limited, waiting 5s...
  Rate limited, waiting 5s...
  Rate limited, waiting 5s...
  Rate limited, waiting 5s...
  Rate limited, waiting 5s...
  Rate limited, waiting 5s...
  Rate limited, waiting 5s...
  Rate limited, waiting 5s...
  Rate limited, waiting 5s...
  Rate limited, waiting 5s...
  Rate limited, waiting 5s...
  Rate limited, waiting 5s...
  Rate limited, waiting 5s...
  Rate limited, waiting 5s...
  Rate limited, waiting 5s...
  Rate limited, waiting 5s...
  Rate limited, waiting 5s...
  Rate limited, waiting 5s...
  Rate limited, waiting 5s...
  Rate limited, waiting 5s...
  Rate limited, waiting 5s...
  Rate limited, waiting 5s...
  Rate limited, waiting 5s...
  Rate limited, waiting 5s...
  Rate limited, waiting 5s...
  Rate limited, waiting 5s...
  Rate limited, waiting 5s...
  Rate limited, waiting 5s...
  Rate limited, waiting 5s...
  Rate limited, waiting 5s...
  Rate limited, waiting 5s...
  Rate limited, waiting 5s...
  Rate limited, waiting 5s...
  Rate limited, waiting 5s...
  Rate limited, waiting 5s...
  Rate limited, waiting 5s...
  Rate limited, waiting 5s...
  Rate limited, waiting 5s...
  Rate limited, waiting 5s...
  Rate limited, waiting 5s...
  Rate limited, waiting 5s...
  Rate limited, waiting 5s...
  Rate limited, waiting 5s...
  Rate limited, waiting 5s...
  Rate limited, waiting 5s...
  Rate limited, waiting 5s...
  Rate limited, waiting 5s...
  Rate limited, waiting 5s...
  Rate limited, waiting 5s...
  Rate limited, waiting 5s...
  Rate limited, waiting 5s...
  Rate limited, waiting 5s...
  Rate limited, waiting 5s...
  Rate limited, waiting 5s...
  Rate limited, waiting 5s...
  Rate limited, waiting 5s...
  Rate limited, waiting 5s...
  Rate limited, waiting 5s...
  Rate limited, waiting 5s...
  Rate limited, waiting 5s...
  Rate limited, waiting 5s...
  Rate limited, waiting 5s...
  Rate limited, waiting 5s...
  Rate limited, waiting 5s...
  Rate limited, waiting 5s...
  Rate limited, waiting 5s...
  Rate limited, waiting 5s...
  Rate limited, waiting 5s...
  Rate limited, waiting 5s...
  Rate limited, waiting 5s...
  Rate limited, waiting 5s...
Batch done: processed 4500 | fixed 4498 | images 0 | skipped 0 | since_id 10411436966161
  Rate limited, waiting 5s...
  Rate limited, waiting 5s...
  Rate limited, waiting 5s...
  Rate limited, waiting 5s...
  Rate limited, waiting 5s...
  Rate limited, waiting 5s...
  Rate limited, waiting 5s...
  Rate limited, waiting 5s...
  Rate limited, waiting 5s...
  Rate limited, waiting 5s...
  Rate limited, waiting 5s...
  Rate limited, waiting 5s...
  Rate limited, waiting 5s...
  Rate limited, waiting 5s...
  Rate limited, waiting 5s...
  Rate limited, waiting 5s...
  Rate limited, waiting 5s...
  Rate limited, waiting 5s...
  Rate limited, waiting 5s...
  Rate limited, waiting 5s...
  Rate limited, waiting 5s...
  Rate limited, waiting 5s...
  Rate limited, waiting 5s...
  Rate limited, waiting 5s...
  Rate limited, waiting 5s...
  Rate limited, waiting 5s...
  Rate limited, waiting 5s...
  Rate limited, waiting 5s...
  Rate limited, waiting 5s...
  Rate limited, waiting 5s...
  Rate limited, waiting 5s...
  Rate limited, waiting 5s...
  Rate limited, waiting 5s...
  Rate limited, waiting 5s...
  Rate limited, waiting 5s...
  Rate limited, waiting 5s...
  Rate limited, waiting 5s...
  Rate limited, waiting 5s...
  Rate limited, waiting 5s...
  Rate limited, waiting 5s...
  Rate limited, waiting 5s...
  Rate limited, waiting 5s...
  Rate limited, waiting 5s...
  Rate limited, waiting 5s...
  Rate limited, waiting 5s...
  Rate limited, waiting 5s...
  Rate limited, waiting 5s...
  Rate limited, waiting 5s...
  Rate limited, waiting 5s...
  Rate limited, waiting 5s...
  Rate limited, waiting 5s...
  Rate limited, waiting 5s...
  Rate limited, waiting 5s...
  Rate limited, waiting 5s...
  Rate limited, waiting 5s...
  Rate limited, waiting 5s...
  Rate limited, waiting 5s...
  Rate limited, waiting 5s...
  Rate limited, waiting 5s...
  Rate limited, waiting 5s...
  Rate limited, waiting 5s...
  Rate limited, waiting 5s...
  Rate limited, waiting 5s...
  Rate limited, waiting 5s...
  Rate limited, waiting 5s...
  Rate limited, waiting 5s...
  Rate limited, waiting 5s...
  Rate limited, waiting 5s...
  Rate limited, waiting 5s...
  Rate limited, waiting 5s...
  Rate limited, waiting 5s...
  Rate limited, waiting 5s...
  Rate limited, waiting 5s...
  Rate limited, waiting 5s...
  Rate limited, waiting 5s...
  Rate limited, waiting 5s...
  Rate limited, waiting 5s...
  Rate limited, waiting 5s...
  Rate limited, waiting 5s...
Batch done: processed 4750 | fixed 4748 | images 0 | skipped 0 | since_id 10411451646225
  Rate limited, waiting 5s...
  Rate limited, waiting 5s...
  Rate limited, waiting 5s...
  Rate limited, waiting 5s...
  Rate limited, waiting 5s...
  Rate limited, waiting 5s...
  Rate limited, waiting 5s...
  Rate limited, waiting 5s...
  Rate limited, waiting 5s...
  Rate limited, waiting 5s...
  Rate limited, waiting 5s...
  Rate limited, waiting 5s...
  Rate limited, waiting 5s...
  Rate limited, waiting 5s...
  Rate limited, waiting 5s...
  Rate limited, waiting 5s...
  Rate limited, waiting 5s...
  Rate limited, waiting 5s...
  Rate limited, waiting 5s...
  Rate limited, waiting 5s...
  Rate limited, waiting 5s...
  Rate limited, waiting 5s...
  Rate limited, waiting 5s...
  Rate limited, waiting 5s...
  Rate limited, waiting 5s...
  Rate limited, waiting 5s...
  Rate limited, waiting 5s...
  Rate limited, waiting 5s...
  Rate limited, waiting 5s...
  Rate limited, waiting 5s...
  Rate limited, waiting 5s...
  Rate limited, waiting 5s...
  Rate limited, waiting 5s...
  Rate limited, waiting 5s...
  Rate limited, waiting 5s...
  Rate limited, waiting 5s...
  Rate limited, waiting 5s...
  Rate limited, waiting 5s...
  Rate limited, waiting 5s...
  Rate limited, waiting 5s...
  Rate limited, waiting 5s...
  Rate limited, waiting 5s...
  Rate limited, waiting 5s...
  Rate limited, waiting 5s...
  Rate limited, waiting 5s...
  Rate limited, waiting 5s...
  Rate limited, waiting 5s...
  Rate limited, waiting 5s...
  Rate limited, waiting 5s...
  Rate limited, waiting 5s...
  Rate limited, waiting 5s...
  Rate limited, waiting 5s...
  Rate limited, waiting 5s...
  Rate limited, waiting 5s...
  Rate limited, waiting 5s...
  Rate limited, waiting 5s...
  Rate limited, waiting 5s...
  Rate limited, waiting 5s...
  Rate limited, waiting 5s...
  Rate limited, waiting 5s...
  Rate limited, waiting 5s...
  Rate limited, waiting 5s...
  Rate limited, waiting 5s...
  Rate limited, waiting 5s...
  Rate limited, waiting 5s...
  Rate limited, waiting 5s...
  Rate limited, waiting 5s...
  Rate limited, waiting 5s...
  Rate limited, waiting 5s...
  Rate limited, waiting 5s...
  Rate limited, waiting 5s...
  Rate limited, waiting 5s...
  Rate limited, waiting 5s...
  Rate limited, waiting 5s...
Batch done: processed 5000 | fixed 4998 | images 0 | skipped 0 | since_id 10411465146641
  Rate limited, waiting 5s...
  Rate limited, waiting 5s...
  Rate limited, waiting 5s...
  Rate limited, waiting 5s...
  Rate limited, waiting 5s...
  Rate limited, waiting 5s...
  Rate limited, waiting 5s...
  Rate limited, waiting 5s...
  Rate limited, waiting 5s...
  Rate limited, waiting 5s...
  Rate limited, waiting 5s...
  Rate limited, waiting 5s...
  Rate limited, waiting 5s...
  Rate limited, waiting 5s...
  Rate limited, waiting 5s...
  Rate limited, waiting 5s...
  Rate limited, waiting 5s...
  Rate limited, waiting 5s...
  Rate limited, waiting 5s...
  Rate limited, waiting 5s...
  Rate limited, waiting 5s...
  Rate limited, waiting 5s...
  Rate limited, waiting 5s...
  Rate limited, waiting 5s...
  Rate limited, waiting 5s...
  Rate limited, waiting 5s...
  Rate limited, waiting 5s...
  Rate limited, waiting 5s...
  Rate limited, waiting 5s...
  Rate limited, waiting 5s...
  Rate limited, waiting 5s...
  Rate limited, waiting 5s...
  Rate limited, waiting 5s...
  Rate limited, waiting 5s...
  Rate limited, waiting 5s...
  Rate limited, waiting 5s...
  Rate limited, waiting 5s...
  Rate limited, waiting 5s...
  Rate limited, waiting 5s...
  Rate limited, waiting 5s...
  Rate limited, waiting 5s...
  Rate limited, waiting 5s...
  Rate limited, waiting 5s...
  Rate limited, waiting 5s...
  Rate limited, waiting 5s...
  Rate limited, waiting 5s...
  Rate limited, waiting 5s...
  Rate limited, waiting 5s...
  Rate limited, waiting 5s...
  Rate limited, waiting 5s...
  Rate limited, waiting 5s...
  Rate limited, waiting 5s...
  Rate limited, waiting 5s...
  Rate limited, waiting 5s...
  Rate limited, waiting 5s...
Batch done: processed 5250 | fixed 5248 | images 0 | skipped 0 | since_id 10411498275089
  Rate limited, waiting 5s...
  Rate limited, waiting 5s...
  Rate limited, waiting 5s...
  Rate limited, waiting 5s...
  Rate limited, waiting 5s...
  Rate limited, waiting 5s...
  Rate limited, waiting 5s...
  Rate limited, waiting 5s...
  Rate limited, waiting 5s...
  Rate limited, waiting 5s...
  Rate limited, waiting 5s...
  Rate limited, waiting 5s...
  Rate limited, waiting 5s...
  Rate limited, waiting 5s...
  Rate limited, waiting 5s...
  Rate limited, waiting 5s...
  Rate limited, waiting 5s...
  Rate limited, waiting 5s...
  Rate limited, waiting 5s...
  Rate limited, waiting 5s...
  Rate limited, waiting 5s...
  Rate limited, waiting 5s...
  Rate limited, waiting 5s...
  Rate limited, waiting 5s...
  Rate limited, waiting 5s...
  Rate limited, waiting 5s...
  Rate limited, waiting 5s...
  Rate limited, waiting 5s...
  Rate limited, waiting 5s...
  Rate limited, waiting 5s...
  Rate limited, waiting 5s...
  Rate limited, waiting 5s...
  Rate limited, waiting 5s...
  Rate limited, waiting 5s...
  Rate limited, waiting 5s...
  Rate limited, waiting 5s...
  Rate limited, waiting 5s...
  Rate limited, waiting 5s...
  Rate limited, waiting 5s...
  Rate limited, waiting 5s...
  Rate limited, waiting 5s...
  Rate limited, waiting 5s...
  Rate limited, waiting 5s...
  Rate limited, waiting 5s...
  Rate limited, waiting 5s...
  Rate limited, waiting 5s...
  Rate limited, waiting 5s...
  Rate limited, waiting 5s...
  Rate limited, waiting 5s...
  Rate limited, waiting 5s...
  Rate limited, waiting 5s...
  Rate limited, waiting 5s...
  Rate limited, waiting 5s...
  Rate limited, waiting 5s...
  Rate limited, waiting 5s...
  Rate limited, waiting 5s...
  Rate limited, waiting 5s...
  Rate limited, waiting 5s...
  Rate limited, waiting 5s...
  Rate limited, waiting 5s...
  Rate limited, waiting 5s...
  Rate limited, waiting 5s...
  Rate limited, waiting 5s...
  Rate limited, waiting 5s...
  Rate limited, waiting 5s...
  Rate limited, waiting 5s...
  Rate limited, waiting 5s...
  Rate limited, waiting 5s...
  Rate limited, waiting 5s...
Batch done: processed 5500 | fixed 5498 | images 0 | skipped 0 | since_id 10411514102033
  Rate limited, waiting 5s...
  Rate limited, waiting 5s...
  Rate limited, waiting 5s...
  Rate limited, waiting 5s...
  Rate limited, waiting 5s...
  Rate limited, waiting 5s...
  Rate limited, waiting 5s...
  Rate limited, waiting 5s...
  Rate limited, waiting 5s...
  Rate limited, waiting 5s...
  Rate limited, waiting 5s...
  Rate limited, waiting 5s...
  Rate limited, waiting 5s...
  Rate limited, waiting 5s...
  Rate limited, waiting 5s...
  Rate limited, waiting 5s...
  Rate limited, waiting 5s...
  Rate limited, waiting 5s...
  Rate limited, waiting 5s...
  Rate limited, waiting 5s...
  Rate limited, waiting 5s...
  Rate limited, waiting 5s...
  Rate limited, waiting 5s...
  Rate limited, waiting 5s...
  Rate limited, waiting 5s...
  Rate limited, waiting 5s...
  Rate limited, waiting 5s...
  Rate limited, waiting 5s...
  Rate limited, waiting 5s...
  Rate limited, waiting 5s...
  Rate limited, waiting 5s...
  Rate limited, waiting 5s...
  Rate limited, waiting 5s...
  Rate limited, waiting 5s...
  Rate limited, waiting 5s...
  Rate limited, waiting 5s...
  Rate limited, waiting 5s...
  Rate limited, waiting 5s...
  Rate limited, waiting 5s...
  Rate limited, waiting 5s...
  Rate limited, waiting 5s...
  Rate limited, waiting 5s...
  Rate limited, waiting 5s...
  Rate limited, waiting 5s...
  Rate limited, waiting 5s...
  Rate limited, waiting 5s...
  Rate limited, waiting 5s...
  Rate limited, waiting 5s...
  Rate limited, waiting 5s...
  Rate limited, waiting 5s...
  Rate limited, waiting 5s...
  Rate limited, waiting 5s...
  Rate limited, waiting 5s...
  Rate limited, waiting 5s...
  Rate limited, waiting 5s...
Batch done: processed 5750 | fixed 5748 | images 0 | skipped 0 | since_id 10411538907409
  Rate limited, waiting 5s...
  Rate limited, waiting 5s...
  Rate limited, waiting 5s...
  Rate limited, waiting 5s...
  Rate limited, waiting 5s...
  Rate limited, waiting 5s...
  Rate limited, waiting 5s...
  Rate limited, waiting 5s...
  Rate limited, waiting 5s...
  Rate limited, waiting 5s...
  Rate limited, waiting 5s...
  Rate limited, waiting 5s...
  Rate limited, waiting 5s...
  Rate limited, waiting 5s...
  Rate limited, waiting 5s...
  Rate limited, waiting 5s...
  Rate limited, waiting 5s...
  Rate limited, waiting 5s...
  Rate limited, waiting 5s...
  Rate limited, waiting 5s...
  Rate limited, waiting 5s...
  Rate limited, waiting 5s...
  Rate limited, waiting 5s...
  Rate limited, waiting 5s...
  Rate limited, waiting 5s...
  Rate limited, waiting 5s...
  Rate limited, waiting 5s...
  Rate limited, waiting 5s...
  Rate limited, waiting 5s...
  Rate limited, waiting 5s...
  Rate limited, waiting 5s...
  Rate limited, waiting 5s...
  Rate limited, waiting 5s...
  Rate limited, waiting 5s...
  Rate limited, waiting 5s...
  Rate limited, waiting 5s...
  Rate limited, waiting 5s...
  Rate limited, waiting 5s...
  Rate limited, waiting 5s...
  Rate limited, waiting 5s...
  Rate limited, waiting 5s...
  Rate limited, waiting 5s...
  Rate limited, waiting 5s...
  Rate limited, waiting 5s...
  Rate limited, waiting 5s...
  Rate limited, waiting 5s...
  Rate limited, waiting 5s...
  Rate limited, waiting 5s...
  Rate limited, waiting 5s...
  Rate limited, waiting 5s...
  Rate limited, waiting 5s...
  Rate limited, waiting 5s...
  Rate limited, waiting 5s...
  Rate limited, waiting 5s...
  Rate limited, waiting 5s...
  Rate limited, waiting 5s...
  Rate limited, waiting 5s...
Batch done: processed 6000 | fixed 5998 | images 0 | skipped 0 | since_id 10411586879761
  Rate limited, waiting 5s...
  Rate limited, waiting 5s...
  Rate limited, waiting 5s...
  Rate limited, waiting 5s...
  Rate limited, waiting 5s...
  Rate limited, waiting 5s...
  Rate limited, waiting 5s...
  Rate limited, waiting 5s...
  Rate limited, waiting 5s...
  Rate limited, waiting 5s...
  Rate limited, waiting 5s...
  Rate limited, waiting 5s...
  Rate limited, waiting 5s...
  Rate limited, waiting 5s...
  Rate limited, waiting 5s...
  Rate limited, waiting 5s...
  Rate limited, waiting 5s...
  Rate limited, waiting 5s...
  Rate limited, waiting 5s...
  Rate limited, waiting 5s...
  Rate limited, waiting 5s...
  Rate limited, waiting 5s...
  Rate limited, waiting 5s...
  Rate limited, waiting 5s...
  Rate limited, waiting 5s...
  Rate limited, waiting 5s...
  Rate limited, waiting 5s...
  Rate limited, waiting 5s...
  Rate limited, waiting 5s...
  Rate limited, waiting 5s...
  Rate limited, waiting 5s...
  Rate limited, waiting 5s...
  Rate limited, waiting 5s...
  Rate limited, waiting 5s...
  Rate limited, waiting 5s...
  Rate limited, waiting 5s...
  Rate limited, waiting 5s...
  Rate limited, waiting 5s...
  Rate limited, waiting 5s...
  Rate limited, waiting 5s...
  Rate limited, waiting 5s...
  Rate limited, waiting 5s...
  Rate limited, waiting 5s...
  Rate limited, waiting 5s...
  Rate limited, waiting 5s...
  Rate limited, waiting 5s...
  Rate limited, waiting 5s...
  Rate limited, waiting 5s...
  Rate limited, waiting 5s...
  Rate limited, waiting 5s...
  Rate limited, waiting 5s...
  Rate limited, waiting 5s...
  Rate limited, waiting 5s...
  Rate limited, waiting 5s...
Batch done: processed 6250 | fixed 6248 | images 0 | skipped 0 | since_id 10411618205969
  Rate limited, waiting 5s...
  Rate limited, waiting 5s...
  Rate limited, waiting 5s...
  Rate limited, waiting 5s...
  Rate limited, waiting 5s...
  Rate limited, waiting 5s...
  Rate limited, waiting 5s...
  Rate limited, waiting 5s...
  Rate limited, waiting 5s...
  Rate limited, waiting 5s...
  Rate limited, waiting 5s...
  Rate limited, waiting 5s...
  Rate limited, waiting 5s...
  Rate limited, waiting 5s...
  Rate limited, waiting 5s...
  Rate limited, waiting 5s...
  Rate limited, waiting 5s...
  Rate limited, waiting 5s...
  Rate limited, waiting 5s...
  Rate limited, waiting 5s...
  Rate limited, waiting 5s...
  Rate limited, waiting 5s...
  Rate limited, waiting 5s...
  Rate limited, waiting 5s...
  Rate limited, waiting 5s...
  Rate limited, waiting 5s...
  Rate limited, waiting 5s...
  Rate limited, waiting 5s...
  Rate limited, waiting 5s...
  Rate limited, waiting 5s...
  Rate limited, waiting 5s...
  Rate limited, waiting 5s...
  Rate limited, waiting 5s...
  Rate limited, waiting 5s...
  Rate limited, waiting 5s...
  Rate limited, waiting 5s...
  Rate limited, waiting 5s...
  Rate limited, waiting 5s...
  Rate limited, waiting 5s...
  Rate limited, waiting 5s...
  Rate limited, waiting 5s...
  Rate limited, waiting 5s...
  Rate limited, waiting 5s...
  Rate limited, waiting 5s...
  Rate limited, waiting 5s...
  Rate limited, waiting 5s...
  Rate limited, waiting 5s...
  Rate limited, waiting 5s...
  Rate limited, waiting 5s...
  Rate limited, waiting 5s...
  Rate limited, waiting 5s...
  Rate limited, waiting 5s...
  Rate limited, waiting 5s...
  Rate limited, waiting 5s...
  Rate limited, waiting 5s...
  Rate limited, waiting 5s...
  Rate limited, waiting 5s...
  Rate limited, waiting 5s...
  Rate limited, waiting 5s...
  Rate limited, waiting 5s...
  Rate limited, waiting 5s...
  Rate limited, waiting 5s...
  Rate limited, waiting 5s...
  Rate limited, waiting 5s...
  Rate limited, waiting 5s...
  Rate limited, waiting 5s...
  Rate limited, waiting 5s...
  Rate limited, waiting 5s...
  Rate limited, waiting 5s...
  Rate limited, waiting 5s...
  Rate limited, waiting 5s...
  Rate limited, waiting 5s...
  Rate limited, waiting 5s...
  Rate limited, waiting 5s...
Batch done: processed 6500 | fixed 6498 | images 0 | skipped 0 | since_id 10411641536785
  Rate limited, waiting 5s...
  Rate limited, waiting 5s...
  Rate limited, waiting 5s...
  Rate limited, waiting 5s...
  Rate limited, waiting 5s...
  Rate limited, waiting 5s...
  Rate limited, waiting 5s...
  Rate limited, waiting 5s...
  Rate limited, waiting 5s...
  Rate limited, waiting 5s...
  Rate limited, waiting 5s...
  Rate limited, waiting 5s...
  Rate limited, waiting 5s...
  Rate limited, waiting 5s...
  Rate limited, waiting 5s...
  Rate limited, waiting 5s...
  Rate limited, waiting 5s...
  Rate limited, waiting 5s...
  Rate limited, waiting 5s...
  Rate limited, waiting 5s...
  Rate limited, waiting 5s...
  Rate limited, waiting 5s...
  Rate limited, waiting 5s...
  Rate limited, waiting 5s...
  Rate limited, waiting 5s...
  Rate limited, waiting 5s...
  Rate limited, waiting 5s...
  Rate limited, waiting 5s...
  Rate limited, waiting 5s...
  Rate limited, waiting 5s...
  Rate limited, waiting 5s...
  Rate limited, waiting 5s...
  Rate limited, waiting 5s...
  Rate limited, waiting 5s...
  Rate limited, waiting 5s...
  Rate limited, waiting 5s...
  Rate limited, waiting 5s...
  Rate limited, waiting 5s...
  Rate limited, waiting 5s...
  Rate limited, waiting 5s...
  Rate limited, waiting 5s...
  Rate limited, waiting 5s...
  Rate limited, waiting 5s...
  Rate limited, waiting 5s...
  Rate limited, waiting 5s...
  Rate limited, waiting 5s...
  Rate limited, waiting 5s...
  Rate limited, waiting 5s...
  Rate limited, waiting 5s...
  Rate limited, waiting 5s...
  Rate limited, waiting 5s...
  Rate limited, waiting 5s...
  Rate limited, waiting 5s...
  Rate limited, waiting 5s...
  Rate limited, waiting 5s...
  Rate limited, waiting 5s...
  Rate limited, waiting 5s...
  Rate limited, waiting 5s...
  Rate limited, waiting 5s...
  Rate limited, waiting 5s...
  Rate limited, waiting 5s...
  Rate limited, waiting 5s...
  Rate limited, waiting 5s...
  Rate limited, waiting 5s...
  Rate limited, waiting 5s...
  Rate limited, waiting 5s...
  Rate limited, waiting 5s...
  Rate limited, waiting 5s...
  Rate limited, waiting 5s...
  Rate limited, waiting 5s...
  Rate limited, waiting 5s...
  Rate limited, waiting 5s...
  Rate limited, waiting 5s...
  Rate limited, waiting 5s...
  Rate limited, waiting 5s...
  Rate limited, waiting 5s...
  Rate limited, waiting 5s...
  Rate limited, waiting 5s...
  Rate limited, waiting 5s...
  Rate limited, waiting 5s...
Batch done: processed 6750 | fixed 6748 | images 0 | skipped 0 | since_id 10411656741137
  Rate limited, waiting 5s...
  Rate limited, waiting 5s...
  Rate limited, waiting 5s...
  Rate limited, waiting 5s...
  Rate limited, waiting 5s...
  Rate limited, waiting 5s...
  Rate limited, waiting 5s...
  Rate limited, waiting 5s...
  Rate limited, waiting 5s...
  Rate limited, waiting 5s...
  Rate limited, waiting 5s...
  Rate limited, waiting 5s...
  Rate limited, waiting 5s...
  Rate limited, waiting 5s...
  Rate limited, waiting 5s...
  Rate limited, waiting 5s...
  Rate limited, waiting 5s...
  Rate limited, waiting 5s...
  Rate limited, waiting 5s...
  Rate limited, waiting 5s...
  Rate limited, waiting 5s...
  Rate limited, waiting 5s...
  Rate limited, waiting 5s...
  Rate limited, waiting 5s...
  Rate limited, waiting 5s...
  Rate limited, waiting 5s...
  Rate limited, waiting 5s...
  Rate limited, waiting 5s...
  Rate limited, waiting 5s...
  Rate limited, waiting 5s...
  Rate limited, waiting 5s...
  Rate limited, waiting 5s...
  Rate limited, waiting 5s...
  Rate limited, waiting 5s...
  Rate limited, waiting 5s...
  Rate limited, waiting 5s...
  Rate limited, waiting 5s...
  Rate limited, waiting 5s...
  Rate limited, waiting 5s...
  Rate limited, waiting 5s...
  Rate limited, waiting 5s...
  Rate limited, waiting 5s...
  Rate limited, waiting 5s...
  Rate limited, waiting 5s...
  Rate limited, waiting 5s...
  Rate limited, waiting 5s...
  Rate limited, waiting 5s...
  Rate limited, waiting 5s...
  Rate limited, waiting 5s...
  Rate limited, waiting 5s...
  Rate limited, waiting 5s...
  Rate limited, waiting 5s...
  Rate limited, waiting 5s...
  Rate limited, waiting 5s...
  Rate limited, waiting 5s...
  Rate limited, waiting 5s...
  Rate limited, waiting 5s...
  Rate limited, waiting 5s...
  Rate limited, waiting 5s...
  Rate limited, waiting 5s...
  Rate limited, waiting 5s...
Batch done: processed 7000 | fixed 6998 | images 0 | skipped 0 | since_id 10411678630161
  Rate limited, waiting 5s...
  Rate limited, waiting 5s...
  Rate limited, waiting 5s...
  Rate limited, waiting 5s...
  Rate limited, waiting 5s...
  Rate limited, waiting 5s...
  Rate limited, waiting 5s...
  Rate limited, waiting 5s...
  Rate limited, waiting 5s...
  Rate limited, waiting 5s...
  Rate limited, waiting 5s...
  Rate limited, waiting 5s...
  Rate limited, waiting 5s...
  Rate limited, waiting 5s...
  Rate limited, waiting 5s...
  Rate limited, waiting 5s...
  Rate limited, waiting 5s...
  Rate limited, waiting 5s...
  Rate limited, waiting 5s...
  Rate limited, waiting 5s...
  Rate limited, waiting 5s...
  Rate limited, waiting 5s...
  Rate limited, waiting 5s...
  Rate limited, waiting 5s...
  Rate limited, waiting 5s...
  Rate limited, waiting 5s...
  Rate limited, waiting 5s...
  Rate limited, waiting 5s...
  Rate limited, waiting 5s...
  Rate limited, waiting 5s...
  Rate limited, waiting 5s...
  Rate limited, waiting 5s...
  Rate limited, waiting 5s...
  Rate limited, waiting 5s...
  Rate limited, waiting 5s...
  Rate limited, waiting 5s...
  Rate limited, waiting 5s...
  Rate limited, waiting 5s...
  Rate limited, waiting 5s...
  Rate limited, waiting 5s...
  Rate limited, waiting 5s...
  Rate limited, waiting 5s...
  Rate limited, waiting 5s...
  Rate limited, waiting 5s...
  Rate limited, waiting 5s...
  Rate limited, waiting 5s...
  Rate limited, waiting 5s...
  Rate limited, waiting 5s...
  Rate limited, waiting 5s...
  Rate limited, waiting 5s...
  Rate limited, waiting 5s...
  Rate limited, waiting 5s...
  Rate limited, waiting 5s...
  Rate limited, waiting 5s...
  Rate limited, waiting 5s...
  Rate limited, waiting 5s...
  Rate limited, waiting 5s...
  Rate limited, waiting 5s...
  Rate limited, waiting 5s...
  Rate limited, waiting 5s...
  Rate limited, waiting 5s...
  Rate limited, waiting 5s...
Batch done: processed 7250 | fixed 7248 | images 0 | skipped 0 | since_id 10411702812945
  Rate limited, waiting 5s...
  Rate limited, waiting 5s...
  Rate limited, waiting 5s...
  Rate limited, waiting 5s...
  Rate limited, waiting 5s...
  Rate limited, waiting 5s...
  Rate limited, waiting 5s...
  Rate limited, waiting 5s...
  Rate limited, waiting 5s...
  Rate limited, waiting 5s...
  Rate limited, waiting 5s...
  Rate limited, waiting 5s...
  Rate limited, waiting 5s...
  Rate limited, waiting 5s...
  Rate limited, waiting 5s...
  Rate limited, waiting 5s...
  Rate limited, waiting 5s...
  Rate limited, waiting 5s...
  Rate limited, waiting 5s...
  Rate limited, waiting 5s...
  Rate limited, waiting 5s...
  Rate limited, waiting 5s...
  Rate limited, waiting 5s...
  Rate limited, waiting 5s...
  Rate limited, waiting 5s...
  Rate limited, waiting 5s...
  Rate limited, waiting 5s...
  Rate limited, waiting 5s...
  Rate limited, waiting 5s...
  Rate limited, waiting 5s...
  Rate limited, waiting 5s...
  Rate limited, waiting 5s...
  Rate limited, waiting 5s...
  Rate limited, waiting 5s...
  Rate limited, waiting 5s...
  Rate limited, waiting 5s...
  Rate limited, waiting 5s...
  Rate limited, waiting 5s...
  Rate limited, waiting 5s...
  Rate limited, waiting 5s...
  Rate limited, waiting 5s...
  Rate limited, waiting 5s...
  Rate limited, waiting 5s...
  Rate limited, waiting 5s...
  Rate limited, waiting 5s...
  Rate limited, waiting 5s...
  Rate limited, waiting 5s...
  Rate limited, waiting 5s...
  Rate limited, waiting 5s...
  Rate limited, waiting 5s...
  Rate limited, waiting 5s...
  Rate limited, waiting 5s...
  Rate limited, waiting 5s...
  Rate limited, waiting 5s...
  Rate limited, waiting 5s...
  Rate limited, waiting 5s...
  Rate limited, waiting 5s...
  Rate limited, waiting 5s...
  Rate limited, waiting 5s...
  Rate limited, waiting 5s...
  Rate limited, waiting 5s...
  Rate limited, waiting 5s...
  Rate limited, waiting 5s...
Batch done: processed 7500 | fixed 7498 | images 0 | skipped 0 | since_id 10411727913233
  Rate limited, waiting 5s...
  Rate limited, waiting 5s...
  Rate limited, waiting 5s...
  Rate limited, waiting 5s...
  Rate limited, waiting 5s...
  Rate limited, waiting 5s...
  Rate limited, waiting 5s...
  Rate limited, waiting 5s...
  Rate limited, waiting 5s...
  Rate limited, waiting 5s...
  Rate limited, waiting 5s...
  Rate limited, waiting 5s...
  Rate limited, waiting 5s...
  Rate limited, waiting 5s...
  Rate limited, waiting 5s...
  Rate limited, waiting 5s...
  Rate limited, waiting 5s...
  Rate limited, waiting 5s...
  Rate limited, waiting 5s...
  Rate limited, waiting 5s...
  Rate limited, waiting 5s...
  Rate limited, waiting 5s...
  Rate limited, waiting 5s...
  Rate limited, waiting 5s...
  Rate limited, waiting 5s...
  Rate limited, waiting 5s...
  Rate limited, waiting 5s...
  Rate limited, waiting 5s...
  Rate limited, waiting 5s...
  Rate limited, waiting 5s...
  Rate limited, waiting 5s...
  Rate limited, waiting 5s...
  Rate limited, waiting 5s...
  Rate limited, waiting 5s...
  Rate limited, waiting 5s...
  Rate limited, waiting 5s...
  Rate limited, waiting 5s...
  Rate limited, waiting 5s...
  Rate limited, waiting 5s...
  Rate limited, waiting 5s...
  Rate limited, waiting 5s...
  Rate limited, waiting 5s...
  Rate limited, waiting 5s...
  Rate limited, waiting 5s...
  Rate limited, waiting 5s...
  Rate limited, waiting 5s...
  Rate limited, waiting 5s...
  Rate limited, waiting 5s...
  Rate limited, waiting 5s...
  Rate limited, waiting 5s...
  Rate limited, waiting 5s...
  Rate limited, waiting 5s...
  Rate limited, waiting 5s...
  Rate limited, waiting 5s...
  Rate limited, waiting 5s...
  Rate limited, waiting 5s...
  Rate limited, waiting 5s...
  Rate limited, waiting 5s...
  Rate limited, waiting 5s...
  Rate limited, waiting 5s...
  Rate limited, waiting 5s...
  Rate limited, waiting 5s...
  Rate limited, waiting 5s...
  Rate limited, waiting 5s...
  Rate limited, waiting 5s...
  Rate limited, waiting 5s...
  Rate limited, waiting 5s...
  Rate limited, waiting 5s...
  Rate limited, waiting 5s...
  Rate limited, waiting 5s...
  Rate limited, waiting 5s...
  Rate limited, waiting 5s...
  Rate limited, waiting 5s...
  Rate limited, waiting 5s...
  Rate limited, waiting 5s...
  Rate limited, waiting 5s...
  Rate limited, waiting 5s...
Batch done: processed 7750 | fixed 7748 | images 0 | skipped 0 | since_id 10411746328849
  Rate limited, waiting 5s...
  Rate limited, waiting 5s...
  Rate limited, waiting 5s...
  Rate limited, waiting 5s...
  Rate limited, waiting 5s...
  Rate limited, waiting 5s...
  Rate limited, waiting 5s...
  Rate limited, waiting 5s...
  Rate limited, waiting 5s...
  Rate limited, waiting 5s...
  Rate limited, waiting 5s...
  Rate limited, waiting 5s...
  Rate limited, waiting 5s...
  Rate limited, waiting 5s...
  Rate limited, waiting 5s...
  Rate limited, waiting 5s...
  Rate limited, waiting 5s...
  Rate limited, waiting 5s...
  Rate limited, waiting 5s...
  Rate limited, waiting 5s...
  Rate limited, waiting 5s...
  Rate limited, waiting 5s...
  Rate limited, waiting 5s...
  Rate limited, waiting 5s...
  Rate limited, waiting 5s...
  Rate limited, waiting 5s...
  Rate limited, waiting 5s...
  Rate limited, waiting 5s...
  Rate limited, waiting 5s...
  Rate limited, waiting 5s...
  Rate limited, waiting 5s...
  Rate limited, waiting 5s...
  Rate limited, waiting 5s...
  Rate limited, waiting 5s...
  Rate limited, waiting 5s...
  Rate limited, waiting 5s...
  Rate limited, waiting 5s...
  Rate limited, waiting 5s...
  Rate limited, waiting 5s...
  Rate limited, waiting 5s...
  Rate limited, waiting 5s...
  Rate limited, waiting 5s...
  Rate limited, waiting 5s...
  Rate limited, waiting 5s...
  Rate limited, waiting 5s...
  Rate limited, waiting 5s...
  Rate limited, waiting 5s...
  Rate limited, waiting 5s...
  Rate limited, waiting 5s...
  Rate limited, waiting 5s...
  Rate limited, waiting 5s...
  Rate limited, waiting 5s...
  Rate limited, waiting 5s...
  Rate limited, waiting 5s...
  Rate limited, waiting 5s...
  Rate limited, waiting 5s...
  Rate limited, waiting 5s...
  Rate limited, waiting 5s...
  Rate limited, waiting 5s...
  Rate limited, waiting 5s...
  Rate limited, waiting 5s...
  Rate limited, waiting 5s...
  Rate limited, waiting 5s...
  Rate limited, waiting 5s...
  Rate limited, waiting 5s...
  Rate limited, waiting 5s...
  Rate limited, waiting 5s...
  Rate limited, waiting 5s...
  Rate limited, waiting 5s...
  Rate limited, waiting 5s...
Batch done: processed 8000 | fixed 7998 | images 0 | skipped 0 | since_id 10411763630353
  Rate limited, waiting 5s...
  Rate limited, waiting 5s...
  Rate limited, waiting 5s...
  Rate limited, waiting 5s...
  Rate limited, waiting 5s...
  Rate limited, waiting 5s...
  Rate limited, waiting 5s...
  Rate limited, waiting 5s...
  Rate limited, waiting 5s...
  Rate limited, waiting 5s...
  Rate limited, waiting 5s...
  Rate limited, waiting 5s...
  Rate limited, waiting 5s...
  Rate limited, waiting 5s...
  Rate limited, waiting 5s...
  Rate limited, waiting 5s...
  Rate limited, waiting 5s...
  Rate limited, waiting 5s...
  Rate limited, waiting 5s...
  Rate limited, waiting 5s...
  Rate limited, waiting 5s...
  Rate limited, waiting 5s...
  Rate limited, waiting 5s...
  Rate limited, waiting 5s...
  Rate limited, waiting 5s...
  Rate limited, waiting 5s...
  Rate limited, waiting 5s...
  Rate limited, waiting 5s...
  Rate limited, waiting 5s...
  Rate limited, waiting 5s...
  Rate limited, waiting 5s...
  Rate limited, waiting 5s...
  Rate limited, waiting 5s...
  Rate limited, waiting 5s...
  Rate limited, waiting 5s...
  Rate limited, waiting 5s...
  Rate limited, waiting 5s...
  Rate limited, waiting 5s...
  Rate limited, waiting 5s...
  Rate limited, waiting 5s...
  Rate limited, waiting 5s...
  Rate limited, waiting 5s...
  Rate limited, waiting 5s...
  Rate limited, waiting 5s...
  Rate limited, waiting 5s...
  Rate limited, waiting 5s...
  Rate limited, waiting 5s...
  Rate limited, waiting 5s...
  Rate limited, waiting 5s...
  Rate limited, waiting 5s...
  Rate limited, waiting 5s...
  Rate limited, waiting 5s...
  Rate limited, waiting 5s...
  Rate limited, waiting 5s...
  Rate limited, waiting 5s...
  Rate limited, waiting 5s...
  Rate limited, waiting 5s...
  Rate limited, waiting 5s...
  Rate limited, waiting 5s...
  Rate limited, waiting 5s...
  Rate limited, waiting 5s...
  Rate limited, waiting 5s...
  Rate limited, waiting 5s...
  Rate limited, waiting 5s...
  Rate limited, waiting 5s...
  Rate limited, waiting 5s...
  Rate limited, waiting 5s...
  Rate limited, waiting 5s...
  Rate limited, waiting 5s...
  Rate limited, waiting 5s...
  Rate limited, waiting 5s...
  Rate limited, waiting 5s...
  Rate limited, waiting 5s...
  Rate limited, waiting 5s...
Batch done: processed 8250 | fixed 8248 | images 0 | skipped 0 | since_id 10411781554449
  Rate limited, waiting 5s...
  Rate limited, waiting 5s...
  Rate limited, waiting 5s...
  Rate limited, waiting 5s...
  Rate limited, waiting 5s...
  Rate limited, waiting 5s...
  Rate limited, waiting 5s...
  Rate limited, waiting 5s...
  Rate limited, waiting 5s...
  Rate limited, waiting 5s...
  Rate limited, waiting 5s...
  Rate limited, waiting 5s...
  Rate limited, waiting 5s...
  Rate limited, waiting 5s...
  Rate limited, waiting 5s...
  Rate limited, waiting 5s...
  Rate limited, waiting 5s...
  Rate limited, waiting 5s...
  Rate limited, waiting 5s...
  Rate limited, waiting 5s...
  Rate limited, waiting 5s...
  Rate limited, waiting 5s...
  Rate limited, waiting 5s...
  Rate limited, waiting 5s...
  Rate limited, waiting 5s...
  Rate limited, waiting 5s...
  Rate limited, waiting 5s...
  Rate limited, waiting 5s...
  Rate limited, waiting 5s...
  Rate limited, waiting 5s...
  Rate limited, waiting 5s...
  Rate limited, waiting 5s...
  Rate limited, waiting 5s...
  Rate limited, waiting 5s...
  Rate limited, waiting 5s...
  Rate limited, waiting 5s...
  Rate limited, waiting 5s...
  Rate limited, waiting 5s...
  Rate limited, waiting 5s...
  Rate limited, waiting 5s...
  Rate limited, waiting 5s...
  Rate limited, waiting 5s...
  Rate limited, waiting 5s...
  Rate limited, waiting 5s...
  Rate limited, waiting 5s...
  Rate limited, waiting 5s...
  Rate limited, waiting 5s...
  Rate limited, waiting 5s...
  Rate limited, waiting 5s...
  Rate limited, waiting 5s...
  Rate limited, waiting 5s...
  Rate limited, waiting 5s...
  Rate limited, waiting 5s...
  Rate limited, waiting 5s...
  Rate limited, waiting 5s...
  Rate limited, waiting 5s...
  Rate limited, waiting 5s...
  Rate limited, waiting 5s...
  Rate limited, waiting 5s...
  Rate limited, waiting 5s...
  Rate limited, waiting 5s...
  Rate limited, waiting 5s...
  Rate limited, waiting 5s...
  Rate limited, waiting 5s...
  Rate limited, waiting 5s...
  Rate limited, waiting 5s...
  Rate limited, waiting 5s...
  Rate limited, waiting 5s...
  Rate limited, waiting 5s...
  Rate limited, waiting 5s...
  Rate limited, waiting 5s...
  Rate limited, waiting 5s...
  Rate limited, waiting 5s...
  Rate limited, waiting 5s...
  Rate limited, waiting 5s...
  Rate limited, waiting 5s...
  Rate limited, waiting 5s...
  Rate limited, waiting 5s...
  Rate limited, waiting 5s...
Batch done: processed 8500 | fixed 8498 | images 0 | skipped 0 | since_id 10411797414161
  Rate limited, waiting 5s...
  Rate limited, waiting 5s...
  Rate limited, waiting 5s...
  Rate limited, waiting 5s...
  Rate limited, waiting 5s...
  Rate limited, waiting 5s...
  Rate limited, waiting 5s...
  Rate limited, waiting 5s...
  Rate limited, waiting 5s...
  Rate limited, waiting 5s...
  Rate limited, waiting 5s...
  Rate limited, waiting 5s...
  Rate limited, waiting 5s...
  Rate limited, waiting 5s...
  Rate limited, waiting 5s...
  Rate limited, waiting 5s...
  Rate limited, waiting 5s...
  Rate limited, waiting 5s...
  Rate limited, waiting 5s...
  Rate limited, waiting 5s...
  Rate limited, waiting 5s...
  Rate limited, waiting 5s...
  Rate limited, waiting 5s...
  Rate limited, waiting 5s...
  Rate limited, waiting 5s...
  Rate limited, waiting 5s...
  Rate limited, waiting 5s...
  Rate limited, waiting 5s...
  Rate limited, waiting 5s...
  Rate limited, waiting 5s...
  Rate limited, waiting 5s...
  Rate limited, waiting 5s...
  Rate limited, waiting 5s...
  Rate limited, waiting 5s...
  Rate limited, waiting 5s...
  Rate limited, waiting 5s...
  Rate limited, waiting 5s...
  Rate limited, waiting 5s...
  Rate limited, waiting 5s...
  Rate limited, waiting 5s...
  Rate limited, waiting 5s...
  Rate limited, waiting 5s...
  Rate limited, waiting 5s...
  Rate limited, waiting 5s...
  Rate limited, waiting 5s...
  Rate limited, waiting 5s...
  Rate limited, waiting 5s...
  Rate limited, waiting 5s...
  Rate limited, waiting 5s...
  Rate limited, waiting 5s...
  Rate limited, waiting 5s...
  Rate limited, waiting 5s...
  Rate limited, waiting 5s...
  Rate limited, waiting 5s...
  Rate limited, waiting 5s...
  Rate limited, waiting 5s...
  Rate limited, waiting 5s...
  Rate limited, waiting 5s...
  Rate limited, waiting 5s...
  Rate limited, waiting 5s...
  Rate limited, waiting 5s...
  Rate limited, waiting 5s...
  Rate limited, waiting 5s...
  Rate limited, waiting 5s...
  Rate limited, waiting 5s...
  Rate limited, waiting 5s...
  Rate limited, waiting 5s...
  Rate limited, waiting 5s...
  Rate limited, waiting 5s...
  Rate limited, waiting 5s...
  Rate limited, waiting 5s...
  Rate limited, waiting 5s...
Batch done: processed 8750 | fixed 8748 | images 0 | skipped 0 | since_id 10411810914577
  Rate limited, waiting 5s...
  Rate limited, waiting 5s...
  Rate limited, waiting 5s...
  Rate limited, waiting 5s...
  Rate limited, waiting 5s...
  Rate limited, waiting 5s...
  Rate limited, waiting 5s...
  Rate limited, waiting 5s...
  Rate limited, waiting 5s...
  Rate limited, waiting 5s...
  Rate limited, waiting 5s...
  Rate limited, waiting 5s...
  Rate limited, waiting 5s...
  Rate limited, waiting 5s...
  Rate limited, waiting 5s...
  Rate limited, waiting 5s...
  Rate limited, waiting 5s...
  Rate limited, waiting 5s...
  Rate limited, waiting 5s...
  Rate limited, waiting 5s...
  Rate limited, waiting 5s...
  Rate limited, waiting 5s...
  Rate limited, waiting 5s...
  Rate limited, waiting 5s...
  Rate limited, waiting 5s...
  Rate limited, waiting 5s...
  Rate limited, waiting 5s...
  Rate limited, waiting 5s...
  Rate limited, waiting 5s...
  Rate limited, waiting 5s...
  Rate limited, waiting 5s...
  Rate limited, waiting 5s...
  Rate limited, waiting 5s...
  Rate limited, waiting 5s...
  Rate limited, waiting 5s...
  Rate limited, waiting 5s...
  Rate limited, waiting 5s...
  Rate limited, waiting 5s...
  Rate limited, waiting 5s...
  Rate limited, waiting 5s...
  Rate limited, waiting 5s...
  Rate limited, waiting 5s...
  Rate limited, waiting 5s...
  Rate limited, waiting 5s...
  Rate limited, waiting 5s...
  Rate limited, waiting 5s...
  Rate limited, waiting 5s...
  Rate limited, waiting 5s...
  Rate limited, waiting 5s...
  Rate limited, waiting 5s...
  Rate limited, waiting 5s...
  Rate limited, waiting 5s...
  Rate limited, waiting 5s...
  Rate limited, waiting 5s...
  Rate limited, waiting 5s...
  Rate limited, waiting 5s...
  Rate limited, waiting 5s...
  Rate limited, waiting 5s...
  Rate limited, waiting 5s...
  Rate limited, waiting 5s...
  Rate limited, waiting 5s...
  Rate limited, waiting 5s...
  Rate limited, waiting 5s...
  Rate limited, waiting 5s...
  Rate limited, waiting 5s...
  Rate limited, waiting 5s...
  Rate limited, waiting 5s...
  Rate limited, waiting 5s...
  Rate limited, waiting 5s...
  Rate limited, waiting 5s...
  Rate limited, waiting 5s...
  Rate limited, waiting 5s...
  Rate limited, waiting 5s...
  Rate limited, waiting 5s...
  Rate limited, waiting 5s...
  Rate limited, waiting 5s...
  Rate limited, waiting 5s...
  Rate limited, waiting 5s...
  Rate limited, waiting 5s...
  Rate limited, waiting 5s...
  Rate limited, waiting 5s...
  Rate limited, waiting 5s...
  Rate limited, waiting 5s...
  Rate limited, waiting 5s...
  Rate limited, waiting 5s...
  Rate limited, waiting 5s...
  Rate limited, waiting 5s...
Batch done: processed 9000 | fixed 8998 | images 0 | skipped 0 | since_id 10411824546065
  Rate limited, waiting 5s...
  Rate limited, waiting 5s...
  Rate limited, waiting 5s...
  Rate limited, waiting 5s...
  Rate limited, waiting 5s...
  Rate limited, waiting 5s...
  Rate limited, waiting 5s...
  Rate limited, waiting 5s...
  Rate limited, waiting 5s...
  Rate limited, waiting 5s...
  Rate limited, waiting 5s...
  Rate limited, waiting 5s...
  Rate limited, waiting 5s...
  Rate limited, waiting 5s...
  Rate limited, waiting 5s...
  Rate limited, waiting 5s...
  Rate limited, waiting 5s...
  Rate limited, waiting 5s...
  Rate limited, waiting 5s...
  Rate limited, waiting 5s...
  Rate limited, waiting 5s...
  Rate limited, waiting 5s...
  Rate limited, waiting 5s...
  Rate limited, waiting 5s...
  Rate limited, waiting 5s...
  Rate limited, waiting 5s...
  Rate limited, waiting 5s...
  Rate limited, waiting 5s...
  Rate limited, waiting 5s...
  Rate limited, waiting 5s...
  Rate limited, waiting 5s...
  Rate limited, waiting 5s...
  Rate limited, waiting 5s...
  Rate limited, waiting 5s...
  Rate limited, waiting 5s...
  Rate limited, waiting 5s...
  Rate limited, waiting 5s...
  Rate limited, waiting 5s...
  Rate limited, waiting 5s...
  Rate limited, waiting 5s...
  Rate limited, waiting 5s...
  Rate limited, waiting 5s...
  Rate limited, waiting 5s...
  Rate limited, waiting 5s...
  Rate limited, waiting 5s...
  Rate limited, waiting 5s...
  Rate limited, waiting 5s...
  Rate limited, waiting 5s...
  Rate limited, waiting 5s...
  Rate limited, waiting 5s...
  Rate limited, waiting 5s...
  Rate limited, waiting 5s...
  Rate limited, waiting 5s...
  Rate limited, waiting 5s...
  Rate limited, waiting 5s...
  Rate limited, waiting 5s...
  Rate limited, waiting 5s...
  Rate limited, waiting 5s...
  Rate limited, waiting 5s...
  Rate limited, waiting 5s...
  Rate limited, waiting 5s...
  Rate limited, waiting 5s...
  Rate limited, waiting 5s...
Batch done: processed 9250 | fixed 9248 | images 0 | skipped 0 | since_id 10411840471313
  Rate limited, waiting 5s...
  Rate limited, waiting 5s...
  Rate limited, waiting 5s...
  Rate limited, waiting 5s...
  Rate limited, waiting 5s...
  Rate limited, waiting 5s...
  Rate limited, waiting 5s...
  Rate limited, waiting 5s...
  Rate limited, waiting 5s...
  Rate limited, waiting 5s...
  Rate limited, waiting 5s...
  Rate limited, waiting 5s...
  Rate limited, waiting 5s...
  Rate limited, waiting 5s...
  Rate limited, waiting 5s...
  Rate limited, waiting 5s...
  Rate limited, waiting 5s...
  Rate limited, waiting 5s...
  Rate limited, waiting 5s...
  Rate limited, waiting 5s...
  Rate limited, waiting 5s...
  Rate limited, waiting 5s...
  Rate limited, waiting 5s...
  Rate limited, waiting 5s...
  Rate limited, waiting 5s...
  Rate limited, waiting 5s...
  Rate limited, waiting 5s...
  Rate limited, waiting 5s...
  Rate limited, waiting 5s...
  Rate limited, waiting 5s...
  Rate limited, waiting 5s...
  Rate limited, waiting 5s...
  Rate limited, waiting 5s...
  Rate limited, waiting 5s...
  Rate limited, waiting 5s...
  Rate limited, waiting 5s...
  Rate limited, waiting 5s...
  Rate limited, waiting 5s...
  Rate limited, waiting 5s...
  Rate limited, waiting 5s...
  Rate limited, waiting 5s...
  Rate limited, waiting 5s...
  Rate limited, waiting 5s...
  Rate limited, waiting 5s...
  Rate limited, waiting 5s...
  Rate limited, waiting 5s...
  Rate limited, waiting 5s...
  Rate limited, waiting 5s...
  Rate limited, waiting 5s...
  Rate limited, waiting 5s...
  Rate limited, waiting 5s...
  Rate limited, waiting 5s...
  Rate limited, waiting 5s...
  Rate limited, waiting 5s...
  Rate limited, waiting 5s...
  Rate limited, waiting 5s...
  Rate limited, waiting 5s...
  Rate limited, waiting 5s...
  Rate limited, waiting 5s...
  Rate limited, waiting 5s...
  Rate limited, waiting 5s...
  Rate limited, waiting 5s...
  Rate limited, waiting 5s...
  Rate limited, waiting 5s...
  Rate limited, waiting 5s...
  Rate limited, waiting 5s...
  Rate limited, waiting 5s...
  Rate limited, waiting 5s...
  Rate limited, waiting 5s...
  Rate limited, waiting 5s...
  Rate limited, waiting 5s...
  Rate limited, waiting 5s...
  Rate limited, waiting 5s...
  Rate limited, waiting 5s...
  Rate limited, waiting 5s...
  Rate limited, waiting 5s...
  Rate limited, waiting 5s...
  Rate limited, waiting 5s...
  Rate limited, waiting 5s...
  Rate limited, waiting 5s...
  Rate limited, waiting 5s...
  Rate limited, waiting 5s...
  Rate limited, waiting 5s...
  Rate limited, waiting 5s...
  Rate limited, waiting 5s...
  Rate limited, waiting 5s...
  Rate limited, waiting 5s...
  Rate limited, waiting 5s...
  Rate limited, waiting 5s...
  Rate limited, waiting 5s...
Batch done: processed 9500 | fixed 9498 | images 0 | skipped 0 | since_id 10411853414673
  Rate limited, waiting 5s...
  Rate limited, waiting 5s...
  Rate limited, waiting 5s...
  Rate limited, waiting 5s...
  Rate limited, waiting 5s...
  Rate limited, waiting 5s...
  Rate limited, waiting 5s...
  Rate limited, waiting 5s...
  Rate limited, waiting 5s...
  Rate limited, waiting 5s...
  Rate limited, waiting 5s...
  Rate limited, waiting 5s...
  Rate limited, waiting 5s...
  Rate limited, waiting 5s...
  Rate limited, waiting 5s...
  Rate limited, waiting 5s...
  Rate limited, waiting 5s...
  Rate limited, waiting 5s...
  Rate limited, waiting 5s...
  Rate limited, waiting 5s...
  Rate limited, waiting 5s...
  Rate limited, waiting 5s...
  Rate limited, waiting 5s...
  Rate limited, waiting 5s...
  Rate limited, waiting 5s...
  Rate limited, waiting 5s...
  Rate limited, waiting 5s...
  Rate limited, waiting 5s...
  Rate limited, waiting 5s...
  Rate limited, waiting 5s...
  Rate limited, waiting 5s...
  Rate limited, waiting 5s...
  Rate limited, waiting 5s...
  Rate limited, waiting 5s...
  Rate limited, waiting 5s...
  Rate limited, waiting 5s...
  Rate limited, waiting 5s...
  Rate limited, waiting 5s...
  Rate limited, waiting 5s...
  Rate limited, waiting 5s...
  Rate limited, waiting 5s...
  Rate limited, waiting 5s...
  Rate limited, waiting 5s...
  Rate limited, waiting 5s...
  Rate limited, waiting 5s...
  Rate limited, waiting 5s...
  Rate limited, waiting 5s...
  Rate limited, waiting 5s...
  Rate limited, waiting 5s...
  Rate limited, waiting 5s...
  Rate limited, waiting 5s...
  Rate limited, waiting 5s...
  Rate limited, waiting 5s...
  Rate limited, waiting 5s...
  Rate limited, waiting 5s...
  Rate limited, waiting 5s...
  Rate limited, waiting 5s...
  Rate limited, waiting 5s...
  Rate limited, waiting 5s...
  Rate limited, waiting 5s...
  Rate limited, waiting 5s...
  Rate limited, waiting 5s...
  Rate limited, waiting 5s...
  Rate limited, waiting 5s...
  Rate limited, waiting 5s...
  Rate limited, waiting 5s...
  Rate limited, waiting 5s...
  Rate limited, waiting 5s...
Batch done: processed 9750 | fixed 9748 | images 0 | skipped 0 | since_id 10411867865361
  Rate limited, waiting 5s...
  Rate limited, waiting 5s...
  Rate limited, waiting 5s...
  Rate limited, waiting 5s...
  Rate limited, waiting 5s...
  Rate limited, waiting 5s...
  Rate limited, waiting 5s...
  Rate limited, waiting 5s...
  Rate limited, waiting 5s...
  Rate limited, waiting 5s...
  Rate limited, waiting 5s...
  Rate limited, waiting 5s...
  Rate limited, waiting 5s...
  Rate limited, waiting 5s...
  Rate limited, waiting 5s...
  Rate limited, waiting 5s...
  Rate limited, waiting 5s...
  Rate limited, waiting 5s...
  Rate limited, waiting 5s...
  Rate limited, waiting 5s...
  Rate limited, waiting 5s...
  Rate limited, waiting 5s...
  Rate limited, waiting 5s...
  Rate limited, waiting 5s...
  Rate limited, waiting 5s...
  Rate limited, waiting 5s...
  Rate limited, waiting 5s...
  Rate limited, waiting 5s...
  Rate limited, waiting 5s...
  Rate limited, waiting 5s...
  Rate limited, waiting 5s...
  Rate limited, waiting 5s...
  Rate limited, waiting 5s...
  Rate limited, waiting 5s...
  Rate limited, waiting 5s...
  Rate limited, waiting 5s...
  Rate limited, waiting 5s...
  Rate limited, waiting 5s...
  Rate limited, waiting 5s...
  Rate limited, waiting 5s...
  Rate limited, waiting 5s...
  Rate limited, waiting 5s...
  Rate limited, waiting 5s...
  Rate limited, waiting 5s...
  Rate limited, waiting 5s...
  Rate limited, waiting 5s...
  Rate limited, waiting 5s...
  Rate limited, waiting 5s...
  Rate limited, waiting 5s...
  Rate limited, waiting 5s...
  Rate limited, waiting 5s...
  Rate limited, waiting 5s...
  Rate limited, waiting 5s...
  Rate limited, waiting 5s...
  Rate limited, waiting 5s...
  Rate limited, waiting 5s...
  Rate limited, waiting 5s...
  Rate limited, waiting 5s...
  Rate limited, waiting 5s...
  Rate limited, waiting 5s...
  Rate limited, waiting 5s...
  Rate limited, waiting 5s...
  Rate limited, waiting 5s...
  Rate limited, waiting 5s...
  Rate limited, waiting 5s...
  Rate limited, waiting 5s...
  Rate limited, waiting 5s...
  Rate limited, waiting 5s...
  Rate limited, waiting 5s...
  Rate limited, waiting 5s...
  Rate limited, waiting 5s...
  Rate limited, waiting 5s...
  Rate limited, waiting 5s...
  Rate limited, waiting 5s...
  Rate limited, waiting 5s...
  Rate limited, waiting 5s...
  Rate limited, waiting 5s...
  Rate limited, waiting 5s...
  Rate limited, waiting 5s...
  Rate limited, waiting 5s...
  Rate limited, waiting 5s...
  Rate limited, waiting 5s...
  Rate limited, waiting 5s...
  Rate limited, waiting 5s...
  Rate limited, waiting 5s...
Batch done: processed 10000 | fixed 9998 | images 0 | skipped 0 | since_id 10411884511505
  Rate limited, waiting 5s...
  Rate limited, waiting 5s...
  Rate limited, waiting 5s...
  Rate limited, waiting 5s...
  Rate limited, waiting 5s...
  Rate limited, waiting 5s...
  Rate limited, waiting 5s...
  Rate limited, waiting 5s...
  Rate limited, waiting 5s...
  Rate limited, waiting 5s...
  Rate limited, waiting 5s...
  Rate limited, waiting 5s...
  Rate limited, waiting 5s...
  Rate limited, waiting 5s...
  Rate limited, waiting 5s...
  Rate limited, waiting 5s...
  Rate limited, waiting 5s...
  Rate limited, waiting 5s...
  Rate limited, waiting 5s...
  Rate limited, waiting 5s...
  Rate limited, waiting 5s...
  Rate limited, waiting 5s...
  Rate limited, waiting 5s...
  Rate limited, waiting 5s...
  Rate limited, waiting 5s...
  Rate limited, waiting 5s...
  Rate limited, waiting 5s...
  Rate limited, waiting 5s...
  Rate limited, waiting 5s...
  Rate limited, waiting 5s...
  Rate limited, waiting 5s...
  Rate limited, waiting 5s...
  Rate limited, waiting 5s...
  Rate limited, waiting 5s...
  Rate limited, waiting 5s...
  Rate limited, waiting 5s...
  Rate limited, waiting 5s...
  Rate limited, waiting 5s...
  Rate limited, waiting 5s...
  Rate limited, waiting 5s...
  Rate limited, waiting 5s...
  Rate limited, waiting 5s...
  Rate limited, waiting 5s...
  Rate limited, waiting 5s...
  Rate limited, waiting 5s...
  Rate limited, waiting 5s...
  Rate limited, waiting 5s...
  Rate limited, waiting 5s...
  Rate limited, waiting 5s...
  Rate limited, waiting 5s...
  Rate limited, waiting 5s...
  Rate limited, waiting 5s...
  Rate limited, waiting 5s...
  Rate limited, waiting 5s...
  Rate limited, waiting 5s...
  Rate limited, waiting 5s...
  Rate limited, waiting 5s...
  Rate limited, waiting 5s...
  Rate limited, waiting 5s...
  Rate limited, waiting 5s...
  Rate limited, waiting 5s...
  Rate limited, waiting 5s...
  Rate limited, waiting 5s...
  Rate limited, waiting 5s...
  Rate limited, waiting 5s...
  Rate limited, waiting 5s...
Batch done: processed 10250 | fixed 10248 | images 0 | skipped 0 | since_id 10411904434449
  Rate limited, waiting 5s...
  Rate limited, waiting 5s...
  Rate limited, waiting 5s...
  Rate limited, waiting 5s...
  Rate limited, waiting 5s...
  Rate limited, waiting 5s...
  Rate limited, waiting 5s...
  Rate limited, waiting 5s...
  Rate limited, waiting 5s...
  Rate limited, waiting 5s...
  Rate limited, waiting 5s...
  Rate limited, waiting 5s...
  Rate limited, waiting 5s...
  Rate limited, waiting 5s...
  Rate limited, waiting 5s...
  Rate limited, waiting 5s...
  Rate limited, waiting 5s...
  Rate limited, waiting 5s...
  Rate limited, waiting 5s...
  Rate limited, waiting 5s...
  Rate limited, waiting 5s...
  Rate limited, waiting 5s...
  Rate limited, waiting 5s...
  Rate limited, waiting 5s...
  Rate limited, waiting 5s...
  Rate limited, waiting 5s...
  Rate limited, waiting 5s...
  Rate limited, waiting 5s...
  Rate limited, waiting 5s...
  Rate limited, waiting 5s...
  Rate limited, waiting 5s...
  Rate limited, waiting 5s...
  Rate limited, waiting 5s...
  Rate limited, waiting 5s...
  Rate limited, waiting 5s...
  Rate limited, waiting 5s...
  Rate limited, waiting 5s...
  Rate limited, waiting 5s...
  Rate limited, waiting 5s...
  Rate limited, waiting 5s...
  Rate limited, waiting 5s...
  Rate limited, waiting 5s...
  Rate limited, waiting 5s...
Batch done: processed 10500 | fixed 10498 | images 0 | skipped 0 | since_id 10411923046673
  Rate limited, waiting 5s...
  Rate limited, waiting 5s...
  Rate limited, waiting 5s...
  Rate limited, waiting 5s...
  Rate limited, waiting 5s...
  Rate limited, waiting 5s...
  Rate limited, waiting 5s...
  Rate limited, waiting 5s...
  Rate limited, waiting 5s...
  Rate limited, waiting 5s...
  Rate limited, waiting 5s...
  Rate limited, waiting 5s...
  Rate limited, waiting 5s...
  Rate limited, waiting 5s...
  Rate limited, waiting 5s...
  Rate limited, waiting 5s...
  Rate limited, waiting 5s...
  Rate limited, waiting 5s...
  Rate limited, waiting 5s...
  Rate limited, waiting 5s...
  Rate limited, waiting 5s...
  Rate limited, waiting 5s...
  Rate limited, waiting 5s...
  Rate limited, waiting 5s...
  Rate limited, waiting 5s...
  Rate limited, waiting 5s...
  Rate limited, waiting 5s...
  Rate limited, waiting 5s...
  Rate limited, waiting 5s...
  Rate limited, waiting 5s...
  Rate limited, waiting 5s...
  Rate limited, waiting 5s...
  Rate limited, waiting 5s...
  Rate limited, waiting 5s...
  Rate limited, waiting 5s...
  Rate limited, waiting 5s...
  Rate limited, waiting 5s...
  Rate limited, waiting 5s...
  Rate limited, waiting 5s...
  Rate limited, waiting 5s...
  Rate limited, waiting 5s...
  Rate limited, waiting 5s...
  Rate limited, waiting 5s...
  Rate limited, waiting 5s...
  Rate limited, waiting 5s...
  Rate limited, waiting 5s...
  Rate limited, waiting 5s...
  Rate limited, waiting 5s...
  Rate limited, waiting 5s...
  Rate limited, waiting 5s...
  Rate limited, waiting 5s...
  Rate limited, waiting 5s...
  Rate limited, waiting 5s...
  Rate limited, waiting 5s...
  Rate limited, waiting 5s...
  Rate limited, waiting 5s...
  Rate limited, waiting 5s...
  Rate limited, waiting 5s...
  Rate limited, waiting 5s...
  Rate limited, waiting 5s...
  Rate limited, waiting 5s...
  Rate limited, waiting 5s...
  Rate limited, waiting 5s...
  Rate limited, waiting 5s...
  Rate limited, waiting 5s...
  Rate limited, waiting 5s...
  Rate limited, waiting 5s...
  Rate limited, waiting 5s...
  Rate limited, waiting 5s...
  Rate limited, waiting 5s...
  Rate limited, waiting 5s...
  Rate limited, waiting 5s...
  Rate limited, waiting 5s...
  Rate limited, waiting 5s...
  Rate limited, waiting 5s...
  Rate limited, waiting 5s...
Batch done: processed 10750 | fixed 10748 | images 0 | skipped 0 | since_id 10411937792273
  Rate limited, waiting 5s...
  Rate limited, waiting 5s...
  Rate limited, waiting 5s...
  Rate limited, waiting 5s...
  Rate limited, waiting 5s...
  Rate limited, waiting 5s...
  Rate limited, waiting 5s...
  Rate limited, waiting 5s...
  Rate limited, waiting 5s...
  Rate limited, waiting 5s...
  Rate limited, waiting 5s...
  Rate limited, waiting 5s...
  Rate limited, waiting 5s...
  Rate limited, waiting 5s...
  Rate limited, waiting 5s...
  Rate limited, waiting 5s...
  Rate limited, waiting 5s...
  Rate limited, waiting 5s...
  Rate limited, waiting 5s...
  Rate limited, waiting 5s...
  Rate limited, waiting 5s...
  Rate limited, waiting 5s...
  Rate limited, waiting 5s...
  Rate limited, waiting 5s...
  Rate limited, waiting 5s...
  Rate limited, waiting 5s...
  Rate limited, waiting 5s...
  Rate limited, waiting 5s...
  Rate limited, waiting 5s...
  Rate limited, waiting 5s...
  Rate limited, waiting 5s...
  Rate limited, waiting 5s...
  Rate limited, waiting 5s...
  Rate limited, waiting 5s...
  Rate limited, waiting 5s...
  Rate limited, waiting 5s...
  Rate limited, waiting 5s...
  Rate limited, waiting 5s...
  Rate limited, waiting 5s...
  Rate limited, waiting 5s...
  Rate limited, waiting 5s...
  Rate limited, waiting 5s...
  Rate limited, waiting 5s...
  Rate limited, waiting 5s...
  Rate limited, waiting 5s...
  Rate limited, waiting 5s...
  Rate limited, waiting 5s...
  Rate limited, waiting 5s...
  Rate limited, waiting 5s...
  Rate limited, waiting 5s...
  Rate limited, waiting 5s...
  Rate limited, waiting 5s...
  Rate limited, waiting 5s...
  Rate limited, waiting 5s...
  Rate limited, waiting 5s...
  Rate limited, waiting 5s...
  Rate limited, waiting 5s...
  Rate limited, waiting 5s...
Batch done: processed 11000 | fixed 10998 | images 0 | skipped 0 | since_id 10411974131985
  Rate limited, waiting 5s...
  Rate limited, waiting 5s...
  Rate limited, waiting 5s...
  Rate limited, waiting 5s...
  Rate limited, waiting 5s...
  Rate limited, waiting 5s...
  Rate limited, waiting 5s...
  Rate limited, waiting 5s...
  Rate limited, waiting 5s...
  Rate limited, waiting 5s...
  Rate limited, waiting 5s...
  Rate limited, waiting 5s...
  Rate limited, waiting 5s...
  Rate limited, waiting 5s...
  Rate limited, waiting 5s...
  Rate limited, waiting 5s...
  Rate limited, waiting 5s...
  Rate limited, waiting 5s...
  Rate limited, waiting 5s...
  Rate limited, waiting 5s...
  Rate limited, waiting 5s...
  Rate limited, waiting 5s...
  Rate limited, waiting 5s...
  Rate limited, waiting 5s...
  Rate limited, waiting 5s...
  Rate limited, waiting 5s...
  Rate limited, waiting 5s...
  Rate limited, waiting 5s...
  Rate limited, waiting 5s...
  Rate limited, waiting 5s...
  Rate limited, waiting 5s...
  Rate limited, waiting 5s...
  Rate limited, waiting 5s...
  Rate limited, waiting 5s...
  Rate limited, waiting 5s...
  Rate limited, waiting 5s...
  Rate limited, waiting 5s...
  Rate limited, waiting 5s...
  Rate limited, waiting 5s...
  Rate limited, waiting 5s...
  Rate limited, waiting 5s...
  Rate limited, waiting 5s...
  Rate limited, waiting 5s...
  Rate limited, waiting 5s...
  Rate limited, waiting 5s...
  Rate limited, waiting 5s...
  Rate limited, waiting 5s...
  Rate limited, waiting 5s...
  Rate limited, waiting 5s...
  Rate limited, waiting 5s...
  Rate limited, waiting 5s...
  Rate limited, waiting 5s...
  Rate limited, waiting 5s...
  Rate limited, waiting 5s...
  Rate limited, waiting 5s...
  Rate limited, waiting 5s...
  Rate limited, waiting 5s...
  Rate limited, waiting 5s...
  Rate limited, waiting 5s...
  Rate limited, waiting 5s...
  Rate limited, waiting 5s...
  Rate limited, waiting 5s...
  Rate limited, waiting 5s...
  Rate limited, waiting 5s...
  Rate limited, waiting 5s...
  Rate limited, waiting 5s...
  Rate limited, waiting 5s...
  Rate limited, waiting 5s...
  Rate limited, waiting 5s...
  Rate limited, waiting 5s...
  Rate limited, waiting 5s...
  Rate limited, waiting 5s...
  Rate limited, waiting 5s...
  Rate limited, waiting 5s...
  Rate limited, waiting 5s...
  Rate limited, waiting 5s...
  Rate limited, waiting 5s...
  Rate limited, waiting 5s...
  Rate limited, waiting 5s...
  Rate limited, waiting 5s...
  Rate limited, waiting 5s...
  Rate limited, waiting 5s...
  Rate limited, waiting 5s...
  Rate limited, waiting 5s...
Batch done: processed 11250 | fixed 11248 | images 0 | skipped 0 | since_id 10411987042577
  Rate limited, waiting 5s...
  Rate limited, waiting 5s...
  Rate limited, waiting 5s...
  Rate limited, waiting 5s...
  Rate limited, waiting 5s...
  Rate limited, waiting 5s...
  Rate limited, waiting 5s...
  Rate limited, waiting 5s...
  Rate limited, waiting 5s...
  Rate limited, waiting 5s...
  Rate limited, waiting 5s...
  Rate limited, waiting 5s...
  Rate limited, waiting 5s...
  Rate limited, waiting 5s...
  Rate limited, waiting 5s...
  Rate limited, waiting 5s...
  Rate limited, waiting 5s...
  Rate limited, waiting 5s...
  Rate limited, waiting 5s...
  Rate limited, waiting 5s...
  Rate limited, waiting 5s...
  Rate limited, waiting 5s...
  Rate limited, waiting 5s...
  Rate limited, waiting 5s...
  Rate limited, waiting 5s...
  Rate limited, waiting 5s...
  Rate limited, waiting 5s...
  Rate limited, waiting 5s...
  Rate limited, waiting 5s...
  Rate limited, waiting 5s...
  Rate limited, waiting 5s...
  Rate limited, waiting 5s...
  Rate limited, waiting 5s...
  Rate limited, waiting 5s...
  Rate limited, waiting 5s...
  Rate limited, waiting 5s...
  Rate limited, waiting 5s...
  Rate limited, waiting 5s...
  Rate limited, waiting 5s...
  Rate limited, waiting 5s...
  Rate limited, waiting 5s...
  Rate limited, waiting 5s...
  Rate limited, waiting 5s...
  Rate limited, waiting 5s...
  Rate limited, waiting 5s...
  Rate limited, waiting 5s...
  Rate limited, waiting 5s...
  Rate limited, waiting 5s...
  Rate limited, waiting 5s...
  Rate limited, waiting 5s...
  Rate limited, waiting 5s...
  Rate limited, waiting 5s...
  Rate limited, waiting 5s...
  Rate limited, waiting 5s...
  Rate limited, waiting 5s...
  Rate limited, waiting 5s...
  Rate limited, waiting 5s...
  Rate limited, waiting 5s...
Batch done: processed 11500 | fixed 11498 | images 0 | skipped 0 | since_id 10412002246929
  Rate limited, waiting 5s...
  Rate limited, waiting 5s...
  Rate limited, waiting 5s...
  Rate limited, waiting 5s...
  Rate limited, waiting 5s...
  Rate limited, waiting 5s...
  Rate limited, waiting 5s...
  Rate limited, waiting 5s...
  Rate limited, waiting 5s...
  Rate limited, waiting 5s...
  Rate limited, waiting 5s...
  Rate limited, waiting 5s...
  Rate limited, waiting 5s...
  Rate limited, waiting 5s...
  Rate limited, waiting 5s...
  Rate limited, waiting 5s...
  Rate limited, waiting 5s...
  Rate limited, waiting 5s...
  Rate limited, waiting 5s...
  Rate limited, waiting 5s...
  Rate limited, waiting 5s...
  Rate limited, waiting 5s...
  Rate limited, waiting 5s...
  Rate limited, waiting 5s...
  Rate limited, waiting 5s...
  Rate limited, waiting 5s...
  Rate limited, waiting 5s...
  Rate limited, waiting 5s...
  Rate limited, waiting 5s...
  Rate limited, waiting 5s...
  Rate limited, waiting 5s...
  Rate limited, waiting 5s...
  Rate limited, waiting 5s...
  Rate limited, waiting 5s...
  Rate limited, waiting 5s...
  Rate limited, waiting 5s...
  Rate limited, waiting 5s...
  Rate limited, waiting 5s...
  Rate limited, waiting 5s...
  Rate limited, waiting 5s...
  Rate limited, waiting 5s...
  Rate limited, waiting 5s...
  Rate limited, waiting 5s...
  Rate limited, waiting 5s...
  Rate limited, waiting 5s...
  Rate limited, waiting 5s...
  Rate limited, waiting 5s...
  Rate limited, waiting 5s...
  Rate limited, waiting 5s...
  Rate limited, waiting 5s...
  Rate limited, waiting 5s...
  Rate limited, waiting 5s...
  Rate limited, waiting 5s...
  Rate limited, waiting 5s...
  Rate limited, waiting 5s...
  Rate limited, waiting 5s...
  Rate limited, waiting 5s...
  Rate limited, waiting 5s...
  Rate limited, waiting 5s...
  Rate limited, waiting 5s...
  Rate limited, waiting 5s...
  Rate limited, waiting 5s...
  Rate limited, waiting 5s...
  Rate limited, waiting 5s...
  Rate limited, waiting 5s...
  Rate limited, waiting 5s...
  Rate limited, waiting 5s...
  Rate limited, waiting 5s...
  Rate limited, waiting 5s...
  Rate limited, waiting 5s...
  Rate limited, waiting 5s...
  Rate limited, waiting 5s...
  Rate limited, waiting 5s...
  Rate limited, waiting 5s...
  Rate limited, waiting 5s...
  Rate limited, waiting 5s...
  Rate limited, waiting 5s...
  Rate limited, waiting 5s...
  Rate limited, waiting 5s...
  Rate limited, waiting 5s...
  Rate limited, waiting 5s...
  Rate limited, waiting 5s...
  Rate limited, waiting 5s...
  Rate limited, waiting 5s...
  Rate limited, waiting 5s...
  Rate limited, waiting 5s...
  Rate limited, waiting 5s...
  Rate limited, waiting 5s...
  Rate limited, waiting 5s...
  Rate limited, waiting 5s...
Batch done: processed 11750 | fixed 11748 | images 0 | skipped 0 | since_id 10412023742737
  Rate limited, waiting 5s...
  Rate limited, waiting 5s...
  Rate limited, waiting 5s...
  Rate limited, waiting 5s...
  Rate limited, waiting 5s...
  Rate limited, waiting 5s...
  Rate limited, waiting 5s...
  Rate limited, waiting 5s...
  Rate limited, waiting 5s...
  Rate limited, waiting 5s...
  Rate limited, waiting 5s...
  Rate limited, waiting 5s...
  Rate limited, waiting 5s...
  Rate limited, waiting 5s...
  Rate limited, waiting 5s...
  Rate limited, waiting 5s...
  Rate limited, waiting 5s...
  Rate limited, waiting 5s...
  Rate limited, waiting 5s...
Batch done: processed 12000 | fixed 11998 | images 0 | skipped 0 | since_id 10412037243153
Batch done: processed 12250 | fixed 12248 | images 0 | skipped 0 | since_id 10412057952529
  Rate limited, waiting 5s...
Batch done: processed 12500 | fixed 12498 | images 0 | skipped 0 | since_id 10412077973777
  Rate limited, waiting 5s...
  Rate limited, waiting 5s...
Batch done: processed 12750 | fixed 12748 | images 0 | skipped 0 | since_id 10412097306897
  Rate limited, waiting 5s...
  Rate limited, waiting 5s...
  Rate limited, waiting 5s...
  Rate limited, waiting 5s...
  Rate limited, waiting 5s...
  Rate limited, waiting 5s...
  Rate limited, waiting 5s...
  Rate limited, waiting 5s...
  Rate limited, waiting 5s...
  Rate limited, waiting 5s...
  Rate limited, waiting 5s...
  Rate limited, waiting 5s...
  Rate limited, waiting 5s...
  Rate limited, waiting 5s...
  Rate limited, waiting 5s...
  Rate limited, waiting 5s...
  Rate limited, waiting 5s...
  Rate limited, waiting 5s...
  Rate limited, waiting 5s...
  Rate limited, waiting 5s...
  Rate limited, waiting 5s...
  Rate limited, waiting 5s...
  Rate limited, waiting 5s...
  Rate limited, waiting 5s...
  Rate limited, waiting 5s...
  Rate limited, waiting 5s...
  Rate limited, waiting 5s...
  Rate limited, waiting 5s...
  Rate limited, waiting 5s...
  Rate limited, waiting 5s...
  Rate limited, waiting 5s...
  Rate limited, waiting 5s...
  Rate limited, waiting 5s...
  Rate limited, waiting 5s...
  Rate limited, waiting 5s...
  Rate limited, waiting 5s...
  Rate limited, waiting 5s...
  Rate limited, waiting 5s...
  Rate limited, waiting 5s...
  Rate limited, waiting 5s...
  Rate limited, waiting 5s...
  Rate limited, waiting 5s...
  Rate limited, waiting 5s...
  Rate limited, waiting 5s...
  Rate limited, waiting 5s...
  Rate limited, waiting 5s...
  Rate limited, waiting 5s...
  Rate limited, waiting 5s...
Batch done: processed 13000 | fixed 12998 | images 0 | skipped 0 | since_id 10412111757585
  Rate limited, waiting 5s...
  Rate limited, waiting 5s...
  Rate limited, waiting 5s...
  Rate limited, waiting 5s...
  Rate limited, waiting 5s...
  Rate limited, waiting 5s...
  Rate limited, waiting 5s...
  Rate limited, waiting 5s...
Batch done: processed 13250 | fixed 13248 | images 0 | skipped 0 | since_id 10412125421841
  Rate limited, waiting 5s...
  Rate limited, waiting 5s...
  Rate limited, waiting 5s...
  Rate limited, waiting 5s...
  Rate limited, waiting 5s...
  Rate limited, waiting 5s...
  Rate limited, waiting 5s...
  Rate limited, waiting 5s...
  Rate limited, waiting 5s...
Batch done: processed 13500 | fixed 13498 | images 0 | skipped 0 | since_id 10412144034065
  Rate limited, waiting 5s...
  Rate limited, waiting 5s...
  Rate limited, waiting 5s...
  Rate limited, waiting 5s...
  Rate limited, waiting 5s...
Batch done: processed 13750 | fixed 13748 | images 0 | skipped 0 | since_id 10412161827089
  Rate limited, waiting 5s...
  Rate limited, waiting 5s...
  Rate limited, waiting 5s...
  Rate limited, waiting 5s...
  Rate limited, waiting 5s...
  Rate limited, waiting 5s...
  Rate limited, waiting 5s...
  Rate limited, waiting 5s...
  Rate limited, waiting 5s...
  Rate limited, waiting 5s...
  Rate limited, waiting 5s...
  Rate limited, waiting 5s...
  Rate limited, waiting 5s...
  Rate limited, waiting 5s...
  Rate limited, waiting 5s...
  Rate limited, waiting 5s...
  Rate limited, waiting 5s...
  Rate limited, waiting 5s...
  Rate limited, waiting 5s...
  Rate limited, waiting 5s...
  Rate limited, waiting 5s...
  Rate limited, waiting 5s...
  Rate limited, waiting 5s...
  Rate limited, waiting 5s...
  Rate limited, waiting 5s...
  Rate limited, waiting 5s...
  Rate limited, waiting 5s...
  Rate limited, waiting 5s...
  Rate limited, waiting 5s...
  Rate limited, waiting 5s...
  Rate limited, waiting 5s...
  Rate limited, waiting 5s...
  Rate limited, waiting 5s...
  Rate limited, waiting 5s...
  Rate limited, waiting 5s...
Batch done: processed 14000 | fixed 13998 | images 0 | skipped 0 | since_id 10412177424657
  Rate limited, waiting 5s...
  Rate limited, waiting 5s...
  Rate limited, waiting 5s...
  Rate limited, waiting 5s...
  Rate limited, waiting 5s...
  Rate limited, waiting 5s...
  Rate limited, waiting 5s...
  Rate limited, waiting 5s...
  Rate limited, waiting 5s...
  Rate limited, waiting 5s...
  Rate limited, waiting 5s...
  Rate limited, waiting 5s...
  Rate limited, waiting 5s...
  Rate limited, waiting 5s...
  Rate limited, waiting 5s...
  Rate limited, waiting 5s...
Batch done: processed 14250 | fixed 14248 | images 0 | skipped 0 | since_id 10412196331793
  Rate limited, waiting 5s...
  Rate limited, waiting 5s...
  Rate limited, waiting 5s...
  Rate limited, waiting 5s...
  Rate limited, waiting 5s...
  Rate limited, waiting 5s...
  Rate limited, waiting 5s...
  Rate limited, waiting 5s...
Batch done: processed 14500 | fixed 14498 | images 0 | skipped 0 | since_id 10412208652561
  Rate limited, waiting 5s...
  Rate limited, waiting 5s...
  Rate limited, waiting 5s...
  Rate limited, waiting 5s...
  Rate limited, waiting 5s...
  Rate limited, waiting 5s...
  Rate limited, waiting 5s...
  Rate limited, waiting 5s...
  Rate limited, waiting 5s...
  Rate limited, waiting 5s...
  Rate limited, waiting 5s...
  Rate limited, waiting 5s...
  Rate limited, waiting 5s...
  Rate limited, waiting 5s...
  Rate limited, waiting 5s...
  Rate limited, waiting 5s...
  Rate limited, waiting 5s...
Batch done: processed 14750 | fixed 14748 | images 0 | skipped 0 | since_id 10412230148369
  Rate limited, waiting 5s...
  Rate limited, waiting 5s...
  Rate limited, waiting 5s...
  Rate limited, waiting 5s...
  Rate limited, waiting 5s...
  Rate limited, waiting 5s...
Batch done: processed 15000 | fixed 14998 | images 0 | skipped 0 | since_id 10412249514257
  Rate limited, waiting 5s...
  Rate limited, waiting 5s...
  Rate limited, waiting 5s...
  Rate limited, waiting 5s...
  Rate limited, waiting 5s...
  Rate limited, waiting 5s...
  Rate limited, waiting 5s...
  Rate limited, waiting 5s...
  Rate limited, waiting 5s...
  Rate limited, waiting 5s...
  Rate limited, waiting 5s...
  Rate limited, waiting 5s...
  Rate limited, waiting 5s...
  Rate limited, waiting 5s...
  Rate limited, waiting 5s...
  Rate limited, waiting 5s...
  Rate limited, waiting 5s...
  Rate limited, waiting 5s...
  Rate limited, waiting 5s...
  Rate limited, waiting 5s...
  Rate limited, waiting 5s...
  Rate limited, waiting 5s...
  Rate limited, waiting 5s...
  Rate limited, waiting 5s...
  Rate limited, waiting 5s...
  Rate limited, waiting 5s...
  Rate limited, waiting 5s...
Batch done: processed 15250 | fixed 15248 | images 0 | skipped 0 | since_id 10412262031633
  Rate limited, waiting 5s...
  Rate limited, waiting 5s...
Batch done: processed 15500 | fixed 15498 | images 0 | skipped 0 | since_id 10412277498129
  Rate limited, waiting 5s...
  Rate limited, waiting 5s...
  Rate limited, waiting 5s...
  Rate limited, waiting 5s...
  Rate limited, waiting 5s...
Batch done: processed 15750 | fixed 15748 | images 0 | skipped 0 | since_id 10412290244881
Batch done: processed 16000 | fixed 15998 | images 0 | skipped 0 | since_id 10412310954257
  Rate limited, waiting 5s...
  Rate limited, waiting 5s...
Batch done: processed 16250 | fixed 16248 | images 0 | skipped 0 | since_id 10412333564177
  Rate limited, waiting 5s...
  Rate limited, waiting 5s...
  Rate limited, waiting 5s...
  Rate limited, waiting 5s...
  Rate limited, waiting 5s...
  Rate limited, waiting 5s...
Batch done: processed 16500 | fixed 16498 | images 0 | skipped 0 | since_id 10412353847569
  Rate limited, waiting 5s...
  Rate limited, waiting 5s...
  Rate limited, waiting 5s...
  Rate limited, waiting 5s...
  Rate limited, waiting 5s...
  Rate limited, waiting 5s...
  Rate limited, waiting 5s...
  Rate limited, waiting 5s...
  Rate limited, waiting 5s...
  Rate limited, waiting 5s...
  Rate limited, waiting 5s...
  Rate limited, waiting 5s...
  Rate limited, waiting 5s...
  Rate limited, waiting 5s...
Batch done: processed 16750 | fixed 16748 | images 0 | skipped 0 | since_id 10412364169489
Batch done: processed 17000 | fixed 16998 | images 0 | skipped 0 | since_id 10412381372689
  Rate limited, waiting 5s...
  Rate limited, waiting 5s...
  Rate limited, waiting 5s...
  Rate limited, waiting 5s...
  Rate limited, waiting 5s...
  Rate limited, waiting 5s...
  Rate limited, waiting 5s...
  Rate limited, waiting 5s...
  Rate limited, waiting 5s...
  Rate limited, waiting 5s...
  Rate limited, waiting 5s...
  Rate limited, waiting 5s...
  Rate limited, waiting 5s...
  Rate limited, waiting 5s...
  Rate limited, waiting 5s...
  Rate limited, waiting 5s...
  Rate limited, waiting 5s...
Batch done: processed 17250 | fixed 17248 | images 0 | skipped 0 | since_id 10412408963345
  Rate limited, waiting 5s...
  Rate limited, waiting 5s...
  Rate limited, waiting 5s...
  Rate limited, waiting 5s...
  Rate limited, waiting 5s...
  Rate limited, waiting 5s...
  Rate limited, waiting 5s...
  Rate limited, waiting 5s...
  Rate limited, waiting 5s...
  Rate limited, waiting 5s...
  Rate limited, waiting 5s...
  Rate limited, waiting 5s...
  Rate limited, waiting 5s...
  Rate limited, waiting 5s...
  Rate limited, waiting 5s...
  Rate limited, waiting 5s...
  Rate limited, waiting 5s...
  Rate limited, waiting 5s...
Batch done: processed 17500 | fixed 17498 | images 0 | skipped 0 | since_id 10412432523537
  Rate limited, waiting 5s...
  Rate limited, waiting 5s...
  Rate limited, waiting 5s...
  Rate limited, waiting 5s...
◇ injected env (3) from ../../.env // tip: ⌘ custom filepath { path: '/custom/path/.env' }
Resuming from since_id: 10460947022097 | Total fixed: 46937 | Images fixed: 0
  Rate limited, waiting 5s...
  Rate limited, waiting 5s...
  Rate limited, waiting 5s...
  Rate limited, waiting 5s...
  Rate limited, waiting 5s...
  Rate limited, waiting 5s...
  Rate limited, waiting 5s...
  Rate limited, waiting 5s...
  Rate limited, waiting 5s...
Batch done: processed 250 | fixed 0 | images 0 | skipped 250 | since_id 10461023600913
  Rate limited, waiting 5s...
  Rate limited, waiting 5s...
  Rate limited, waiting 5s...
  Rate limited, waiting 5s...
  Rate limited, waiting 5s...
  Rate limited, waiting 5s...
  Rate limited, waiting 5s...
  Rate limited, waiting 5s...
  Rate limited, waiting 5s...
  Rate limited, waiting 5s...
  Rate limited, waiting 5s...
  Rate limited, waiting 5s...
  Rate limited, waiting 5s...
  Rate limited, waiting 5s...
Batch done: processed 500 | fixed 0 | images 0 | skipped 500 | since_id 10464811450641
Batch done: processed 750 | fixed 0 | images 0 | skipped 750 | since_id 10464838025489
Batch done: processed 1000 | fixed 0 | images 0 | skipped 1000 | since_id 10464940753169
Batch done: processed 1250 | fixed 0 | images 0 | skipped 1250 | since_id 10467781542161
Batch done: processed 1500 | fixed 0 | images 0 | skipped 1500 | since_id 10467877781777
Batch done: processed 1750 | fixed 0 | images 0 | skipped 1750 | since_id 10468457611537
Batch done: processed 2000 | fixed 0 | images 0 | skipped 2000 | since_id 10470521864465
Batch done: processed 2250 | fixed 0 | images 0 | skipped 2250 | since_id 10471388545297
Batch done: processed 2500 | fixed 0 | images 0 | skipped 2500 | since_id 10472351400209
Batch done: processed 2750 | fixed 4 | images 0 | skipped 2746 | since_id 10475993399569
Batch done: processed 3000 | fixed 6 | images 0 | skipped 2994 | since_id 10477922910481
Batch done: processed 3250 | fixed 6 | images 0 | skipped 3244 | since_id 10482986746129
Batch done: processed 3500 | fixed 14 | images 0 | skipped 3486 | since_id 10489282035985
Batch done: processed 3750 | fixed 14 | images 0 | skipped 3736 | since_id 10490930626833
Batch done: processed 4000 | fixed 14 | images 0 | skipped 3986 | since_id 10491701756177
Batch done: processed 4250 | fixed 18 | images 0 | skipped 4232 | since_id 10495110643985
Batch done: processed 4500 | fixed 18 | images 0 | skipped 4482 | since_id 10497465024785
Batch done: processed 4750 | fixed 18 | images 0 | skipped 4732 | since_id 10497655898385
Batch done: processed 5000 | fixed 18 | images 0 | skipped 4982 | since_id 10498070020369

=== RUN COMPLETE ===
This run: 18 products, 0 images fixed
Cumulative: 46955 products, 0 images
Next since_id: 10498070020369
◇ injected env (3) from ../../.env // tip: ⌘ override existing { override: true }
Resuming from since_id: 10498070020369 | Total fixed: 46955 | Images fixed: 0
Batch done: processed 250 | fixed 0 | images 0 | skipped 250 | since_id 10498083553553
Batch done: processed 500 | fixed 0 | images 0 | skipped 500 | since_id 10498113863953
Batch done: processed 750 | fixed 0 | images 0 | skipped 750 | since_id 10498144436497
Batch done: processed 1000 | fixed 0 | images 0 | skipped 1000 | since_id 10499168207121
Batch done: processed 1250 | fixed 0 | images 0 | skipped 1250 | since_id 10499363045649
Batch done: processed 1500 | fixed 0 | images 0 | skipped 1500 | since_id 10499383787793
Batch done: processed 1750 | fixed 0 | images 0 | skipped 1750 | since_id 10499465117969
Batch done: processed 2000 | fixed 0 | images 0 | skipped 2000 | since_id 10500038918417
Batch done: processed 2250 | fixed 0 | images 0 | skipped 2250 | since_id 10500051239185
Batch done: processed 2500 | fixed 0 | images 0 | skipped 2500 | since_id 10500068344081
Batch done: processed 2750 | fixed 0 | images 0 | skipped 2750 | since_id 10500082237713
Batch done: processed 3000 | fixed 0 | images 0 | skipped 3000 | since_id 10500152787217
Batch done: processed 3250 | fixed 0 | images 0 | skipped 3250 | since_id 10500163502353
Batch done: processed 3500 | fixed 0 | images 0 | skipped 3500 | since_id 10500176511249
Batch done: processed 3750 | fixed 0 | images 0 | skipped 3750 | since_id 10500190765329
Batch done: processed 4000 | fixed 0 | images 0 | skipped 4000 | since_id 10500202594577
Batch done: processed 4250 | fixed 0 | images 0 | skipped 4250 | since_id 10500214817041
Batch done: processed 4500 | fixed 0 | images 0 | skipped 4500 | since_id 10500563566865
Batch done: processed 4750 | fixed 0 | images 0 | skipped 4750 | since_id 10500572381457
Batch done: processed 5000 | fixed 0 | images 0 | skipped 5000 | since_id 10500585095441

=== RUN COMPLETE ===
This run: 0 products, 0 images fixed
Cumulative: 46955 products, 0 images
Next since_id: 10500585095441
◇ injected env (3) from ../../.env // tip: ⌁ auth for agents [www.vestauth.com]
Resuming from since_id: 10500585095441 | Total fixed: 46955 | Images fixed: 0
Batch done: processed 250 | fixed 0 | images 0 | skipped 250 | since_id 10500902748433
  Rate limited, waiting 5s...
  Rate limited, waiting 5s...
  Rate limited, waiting 5s...
  Rate limited, waiting 5s...
  Rate limited, waiting 5s...
  Rate limited, waiting 5s...
  Rate limited, waiting 5s...
  Rate limited, waiting 5s...
  Rate limited, waiting 5s...
  Rate limited, waiting 5s...
Batch done: processed 500 | fixed 0 | images 0 | skipped 500 | since_id 10500911038737
  Rate limited, waiting 5s...
  Rate limited, waiting 5s...
  Rate limited, waiting 5s...
  Rate limited, waiting 5s...
  Rate limited, waiting 5s...
  Rate limited, waiting 5s...
  Rate limited, waiting 5s...
  Rate limited, waiting 5s...
  Rate limited, waiting 5s...
  Rate limited, waiting 5s...
Batch done: processed 750 | fixed 0 | images 0 | skipped 750 | since_id 10500920508689
  Rate limited, waiting 5s...
  Rate limited, waiting 5s...
  Rate limited, waiting 5s...
  Rate limited, waiting 5s...
  Rate limited, waiting 5s...
  Rate limited, waiting 5s...
  Rate limited, waiting 5s...
  Rate limited, waiting 5s...
Batch done: processed 1000 | fixed 0 | images 0 | skipped 1000 | since_id 10500933058833
  Rate limited, waiting 5s...
  Rate limited, waiting 5s...
Batch done: processed 1250 | fixed 0 | images 0 | skipped 1250 | since_id 10502039535889
  Rate limited, waiting 5s...
  Rate limited, waiting 5s...
Batch done: processed 1500 | fixed 0 | images 0 | skipped 1500 | since_id 10502101860625
Batch done: processed 1750 | fixed 0 | images 0 | skipped 1750 | since_id 10502129418513
Batch done: processed 2000 | fixed 0 | images 0 | skipped 2000 | since_id 10502155272465
Batch done: processed 2250 | fixed 0 | images 0 | skipped 2250 | since_id 10503499907345
Batch done: processed 2500 | fixed 0 | images 0 | skipped 2500 | since_id 10503510491409
Batch done: processed 2750 | fixed 0 | images 0 | skipped 2750 | since_id 10503534182673
Batch done: processed 3000 | fixed 0 | images 0 | skipped 3000 | since_id 10503552172305
Batch done: processed 3250 | fixed 0 | images 0 | skipped 3250 | since_id 10504434417937
Batch done: processed 3500 | fixed 0 | images 0 | skipped 3500 | since_id 10504469053713
Batch done: processed 3750 | fixed 0 | images 0 | skipped 3750 | since_id 10504478654737
Batch done: processed 4000 | fixed 0 | images 0 | skipped 4000 | since_id 10504527249681
Batch done: processed 4250 | fixed 0 | images 0 | skipped 4250 | since_id 10505424568593
Batch done: processed 4500 | fixed 0 | images 0 | skipped 4500 | since_id 10505437085969
Batch done: processed 4750 | fixed 0 | images 0 | skipped 4750 | since_id 10505446981905
Batch done: processed 5000 | fixed 0 | images 0 | skipped 5000 | since_id 10505457697041

=== RUN COMPLETE ===
This run: 0 products, 0 images fixed
Cumulative: 46955 products, 0 images
Next since_id: 10505457697041
◇ injected env (4) from ../../.env // tip: ⌁ auth for agents [www.vestauth.com]
Resuming from since_id: 10505457697041 | Total fixed: 46955 | Images fixed: 0
  Rate limited, waiting 5s...
Batch done: processed 250 | fixed 0 | images 0 | skipped 250 | since_id 10506097525009
  Rate limited, waiting 5s...
  Rate limited, waiting 5s...
  Rate limited, waiting 5s...
  Rate limited, waiting 5s...
  Rate limited, waiting 5s...
  Rate limited, waiting 5s...
  Rate limited, waiting 5s...
  Rate limited, waiting 5s...
  Rate limited, waiting 5s...
  Rate limited, waiting 5s...
Batch done: processed 500 | fixed 0 | images 0 | skipped 500 | since_id 10506114007313
  Rate limited, waiting 5s...
Batch done: processed 750 | fixed 0 | images 0 | skipped 750 | since_id 10506126197009
Batch done: processed 1000 | fixed 0 | images 0 | skipped 1000 | since_id 10506139009297
Batch done: processed 1250 | fixed 0 | images 0 | skipped 1250 | since_id 10506803675409
Batch done: processed 1500 | fixed 0 | images 0 | skipped 1500 | since_id 10506843848977
Batch done: processed 1750 | fixed 0 | images 0 | skipped 1750 | since_id 10506854957329
Batch done: processed 2000 | fixed 0 | images 0 | skipped 2000 | since_id 10506864591121
Batch done: processed 2250 | fixed 0 | images 0 | skipped 2250 | since_id 10507620024593
Batch done: processed 2500 | fixed 0 | images 0 | skipped 2500 | since_id 10507628609809
Batch done: processed 2750 | fixed 0 | images 0 | skipped 2750 | since_id 10507656724753
Batch done: processed 3000 | fixed 0 | images 0 | skipped 3000 | since_id 10507673469201
Error: socket hang up
◇ injected env (6) from ../../.env // tip: ⌘ enable debugging { debug: true }
Resuming from since_id: 10505457697041 | Total fixed: 46955 | Images fixed: 0
  Rate limited, waiting 5s...
  Rate limited, waiting 5s...
  Rate limited, waiting 5s...
  Rate limited, waiting 5s...
  Rate limited, waiting 5s...
  Rate limited, waiting 5s...
  Rate limited, waiting 5s...
Batch done: processed 250 | fixed 0 | images 0 | skipped 250 | since_id 10506097525009
  Rate limited, waiting 5s...
  Rate limited, waiting 5s...
  Rate limited, waiting 5s...
  Rate limited, waiting 5s...
  Rate limited, waiting 5s...
  Rate limited, waiting 5s...
  Rate limited, waiting 5s...
  Rate limited, waiting 5s...
  Rate limited, waiting 5s...
  Rate limited, waiting 5s...
  Rate limited, waiting 5s...
  Rate limited, waiting 5s...
  Rate limited, waiting 5s...
  Rate limited, waiting 5s...
  Rate limited, waiting 5s...
  Rate limited, waiting 5s...
  Rate limited, waiting 5s...
Batch done: processed 500 | fixed 0 | images 0 | skipped 500 | since_id 10506114007313
  Rate limited, waiting 5s...
  Rate limited, waiting 5s...
  Rate limited, waiting 5s...
  Rate limited, waiting 5s...
  Rate limited, waiting 5s...
  Rate limited, waiting 5s...
  Rate limited, waiting 5s...
  Rate limited, waiting 5s...
  Rate limited, waiting 5s...
  Rate limited, waiting 5s...
  Rate limited, waiting 5s...
  Rate limited, waiting 5s...
  Rate limited, waiting 5s...
  Rate limited, waiting 5s...
  Rate limited, waiting 5s...
  Rate limited, waiting 5s...
  Rate limited, waiting 5s...
  Rate limited, waiting 5s...
  Rate limited, waiting 5s...
  Rate limited, waiting 5s...
  Rate limited, waiting 5s...
  Rate limited, waiting 5s...
  Rate limited, waiting 5s...
  Rate limited, waiting 5s...
  Rate limited, waiting 5s...
  Rate limited, waiting 5s...
  Rate limited, waiting 5s...
  Rate limited, waiting 5s...
  Rate limited, waiting 5s...
  Rate limited, waiting 5s...
  Rate limited, waiting 5s...
  Rate limited, waiting 5s...
  Rate limited, waiting 5s...
  Rate limited, waiting 5s...
  Rate limited, waiting 5s...
  Rate limited, waiting 5s...
  Rate limited, waiting 5s...
  Rate limited, waiting 5s...
  Rate limited, waiting 5s...
  Rate limited, waiting 5s...
  Rate limited, waiting 5s...
  Rate limited, waiting 5s...
  Rate limited, waiting 5s...
  Rate limited, waiting 5s...
  Rate limited, waiting 5s...
  Rate limited, waiting 5s...
  Rate limited, waiting 5s...
  Rate limited, waiting 5s...
  Rate limited, waiting 5s...
  Rate limited, waiting 5s...
  Rate limited, waiting 5s...
  Rate limited, waiting 5s...
  Rate limited, waiting 5s...
Batch done: processed 750 | fixed 0 | images 0 | skipped 749 | since_id 10506126197009
  Rate limited, waiting 5s...
  Rate limited, waiting 5s...
  Rate limited, waiting 5s...
  Rate limited, waiting 5s...
  Rate limited, waiting 5s...
  Rate limited, waiting 5s...
  Rate limited, waiting 5s...
  Rate limited, waiting 5s...
  Rate limited, waiting 5s...
  Rate limited, waiting 5s...
  Rate limited, waiting 5s...
  Rate limited, waiting 5s...
  Rate limited, waiting 5s...
  Rate limited, waiting 5s...
  Rate limited, waiting 5s...
  Rate limited, waiting 5s...
  Rate limited, waiting 5s...
  Rate limited, waiting 5s...
  Rate limited, waiting 5s...
  Rate limited, waiting 5s...
  Rate limited, waiting 5s...
  Rate limited, waiting 5s...
  Rate limited, waiting 5s...
  Rate limited, waiting 5s...
  Rate limited, waiting 5s...
  Rate limited, waiting 5s...
  Rate limited, waiting 5s...
  Rate limited, waiting 5s...
  Rate limited, waiting 5s...
  Rate limited, waiting 5s...
  Rate limited, waiting 5s...
  Rate limited, waiting 5s...
  Rate limited, waiting 5s...
  Rate limited, waiting 5s...
  Rate limited, waiting 5s...
  Rate limited, waiting 5s...
  Rate limited, waiting 5s...
  Rate limited, waiting 5s...
  Rate limited, waiting 5s...
  Rate limited, waiting 5s...
  Rate limited, waiting 5s...
  Rate limited, waiting 5s...
  Rate limited, waiting 5s...
  Rate limited, waiting 5s...
  Rate limited, waiting 5s...
  Rate limited, waiting 5s...
  Rate limited, waiting 5s...
  Rate limited, waiting 5s...
  Rate limited, waiting 5s...
Batch done: processed 1000 | fixed 0 | images 0 | skipped 999 | since_id 10506139009297
  Rate limited, waiting 5s...
  Rate limited, waiting 5s...
  Rate limited, waiting 5s...
  Rate limited, waiting 5s...
  Rate limited, waiting 5s...
  Rate limited, waiting 5s...
  Rate limited, waiting 5s...
  Rate limited, waiting 5s...
  Rate limited, waiting 5s...
  Rate limited, waiting 5s...
  Rate limited, waiting 5s...
  Rate limited, waiting 5s...
  Rate limited, waiting 5s...
  Rate limited, waiting 5s...
  Rate limited, waiting 5s...
  Rate limited, waiting 5s...
  Rate limited, waiting 5s...
  Rate limited, waiting 5s...
  Rate limited, waiting 5s...
  Rate limited, waiting 5s...
  Rate limited, waiting 5s...
  Rate limited, waiting 5s...
  Rate limited, waiting 5s...
  Rate limited, waiting 5s...
  Rate limited, waiting 5s...
  Rate limited, waiting 5s...
  Rate limited, waiting 5s...
  Rate limited, waiting 5s...
  Rate limited, waiting 5s...
  Rate limited, waiting 5s...
  Rate limited, waiting 5s...
  Rate limited, waiting 5s...
  Rate limited, waiting 5s...
  Rate limited, waiting 5s...
  Rate limited, waiting 5s...
  Rate limited, waiting 5s...
  Rate limited, waiting 5s...
  Rate limited, waiting 5s...
  Rate limited, waiting 5s...
  Rate limited, waiting 5s...
  Rate limited, waiting 5s...
  Rate limited, waiting 5s...
  Rate limited, waiting 5s...
  Rate limited, waiting 5s...
  Rate limited, waiting 5s...
  Rate limited, waiting 5s...
  Rate limited, waiting 5s...
  Rate limited, waiting 5s...
Batch done: processed 1250 | fixed 0 | images 0 | skipped 1249 | since_id 10506803675409
  Rate limited, waiting 5s...
  Rate limited, waiting 5s...
  Rate limited, waiting 5s...
  Rate limited, waiting 5s...
  Rate limited, waiting 5s...
  Rate limited, waiting 5s...
  Rate limited, waiting 5s...
  Rate limited, waiting 5s...
  Rate limited, waiting 5s...
  Rate limited, waiting 5s...
  Rate limited, waiting 5s...
  Rate limited, waiting 5s...
  Rate limited, waiting 5s...
  Rate limited, waiting 5s...
  Rate limited, waiting 5s...
  Rate limited, waiting 5s...
  Rate limited, waiting 5s...
  Rate limited, waiting 5s...
  Rate limited, waiting 5s...
  Rate limited, waiting 5s...
  Rate limited, waiting 5s...
  Rate limited, waiting 5s...
Batch done: processed 1500 | fixed 0 | images 0 | skipped 1499 | since_id 10506843848977
  Rate limited, waiting 5s...
  Rate limited, waiting 5s...
  Rate limited, waiting 5s...
  Rate limited, waiting 5s...
  Rate limited, waiting 5s...
  Rate limited, waiting 5s...
  Rate limited, waiting 5s...
  Rate limited, waiting 5s...
  Rate limited, waiting 5s...
  Rate limited, waiting 5s...
  Rate limited, waiting 5s...
  Rate limited, waiting 5s...
  Rate limited, waiting 5s...
  Rate limited, waiting 5s...
  Rate limited, waiting 5s...
  Rate limited, waiting 5s...
  Rate limited, waiting 5s...
  Rate limited, waiting 5s...
  Rate limited, waiting 5s...
Batch done: processed 1750 | fixed 0 | images 0 | skipped 1749 | since_id 10506854957329
Batch done: processed 2000 | fixed 0 | images 0 | skipped 1999 | since_id 10506864591121
Batch done: processed 2250 | fixed 0 | images 0 | skipped 2249 | since_id 10507620024593
Batch done: processed 2500 | fixed 0 | images 0 | skipped 2499 | since_id 10507628609809
Batch done: processed 2750 | fixed 0 | images 0 | skipped 2749 | since_id 10507656724753
Batch done: processed 3000 | fixed 0 | images 0 | skipped 2999 | since_id 10507673469201
Batch done: processed 3250 | fixed 0 | images 0 | skipped 3249 | since_id 10508242780433
Batch done: processed 3500 | fixed 0 | images 0 | skipped 3499 | since_id 10508254282001
Batch done: processed 3750 | fixed 0 | images 0 | skipped 3749 | since_id 10508264767761
Batch done: processed 4000 | fixed 44 | images 0 | skipped 3955 | since_id 10508282888465
Batch done: processed 4250 | fixed 44 | images 0 | skipped 4205 | since_id 10508509380881
Batch done: processed 4500 | fixed 44 | images 0 | skipped 4455 | since_id 10508635603217
Batch done: processed 4750 | fixed 44 | images 0 | skipped 4705 | since_id 10508645892369
Batch done: processed 5000 | fixed 44 | images 0 | skipped 4955 | since_id 10508665061649

=== RUN COMPLETE ===
This run: 44 products, 0 images fixed
Cumulative: 46999 products, 0 images
Next since_id: 10508665061649
◇ injected env (6) from ../../.env // tip: ⌘ enable debugging { debug: true }
Resuming from since_id: 10508665061649 | Total fixed: 46999 | Images fixed: 0
No more products — ALL DONE!

=== RUN COMPLETE ===
This run: 0 products, 0 images fixed
Cumulative: 46999 products, 0 images
Next since_id: 10508665061649
