[2026-07-26 21:38:43] ============================================================
[2026-07-26 21:38:43] whatarebest.com product staleness check starting
[2026-07-26 21:38:43] Extracting ASINs from build script...
[2026-07-26 21:38:43] Found 464 categories with 6363 total ASINs
[2026-07-26 21:38:43] Priority (not checked in 48h): 464 slugs
[2026-07-26 21:38:43] Already recent: 0 slugs
[2026-07-26 21:38:43] Checking 1471 ASINs across 100 categories...
[2026-07-26 21:38:44]   ⚪ Error checking B0CSZ7WBYW: Response too small (3788 bytes)
[2026-07-26 21:38:44]   ⚪ Error checking B0D9WCC5KH: Response too small (3788 bytes)
[2026-07-26 21:38:45]   ⚪ Error checking B07WRM6NJG: Response too small (3788 bytes)
[2026-07-26 21:38:45]   ⚪ Error checking B00FLYWNYQ: Response too small (3788 bytes)
[2026-07-26 21:38:46]   ⚪ Error checking B06Y1YD5W7: Response too small (3788 bytes)
[2026-07-26 21:38:46]   ⚪ Error checking B01NBKTPTS: Response too small (3788 bytes)
[2026-07-26 21:38:47]   ⚪ Error checking B08PPZWNCV: Response too small (3788 bytes)
[2026-07-26 21:38:47]   ⚪ Error checking B08PQ2KWHS: Response too small (3788 bytes)
[2026-07-26 21:38:48]   ⚪ Error checking B09MZTSSR2: Response too small (3788 bytes)
[2026-07-26 21:38:48]   ⚪ Error checking B0FKQNJKLX: Response too small (3788 bytes)
[2026-07-26 21:38:49]   ⚪ Error checking B089TQWJKK: Response too small (3788 bytes)
[2026-07-26 21:38:49]   ⚪ Error checking B08DZC32BB: Response too small (3788 bytes)
[2026-07-26 21:38:50]   ⚪ Error checking B0FKQVB2GB: Response too small (3788 bytes)
[2026-07-26 21:38:50]   ⚪ Error checking B0G1FVQYH1: Response too small (3788 bytes)
[2026-07-26 21:38:51]   ⚪ Error checking B007WQ9YNO: Response too small (3788 bytes)
[2026-07-26 21:38:52]   ⚪ Error checking B0DR8YXB29: Response too small (3788 bytes)
[2026-07-26 21:38:52]   ⚪ Error checking B0C1LDRFSK: Response too small (3788 bytes)
[2026-07-26 21:38:53]   ⚪ Error checking B0DCCY5JCP: Response too small (3788 bytes)
[2026-07-26 21:38:53]   ⚪ Error checking B0CKLXZRMC: Response too small (3788 bytes)
[2026-07-26 21:38:54]   ⚪ Error checking B00LU2I428: Response too small (3788 bytes)
[2026-07-26 21:38:54]   ⚪ Error checking B0B4T992R8: Response too small (3788 bytes)
[2026-07-26 21:38:55]   ⚪ Error checking B09NPCV3DC: Response too small (3788 bytes)
[2026-07-26 21:38:55]   ⚪ Error checking B0FHBXMFC1: Response too small (3788 bytes)
[2026-07-26 21:38:56]   ⚪ Error checking B0FRB6HNKC: Response too small (3788 bytes)
[2026-07-26 21:38:56]   ⚪ Error checking B0DS5FD8W5: Response too small (3788 bytes)
[2026-07-26 21:38:57]   ⚪ Error checking B0BYLX91ZL: Response too small (3788 bytes)
[2026-07-26 21:38:57]   ⚪ Error checking B0F7H7FKMY: Response too small (3788 bytes)
[2026-07-26 21:38:58]   ⚪ Error checking B0CRBK6W7F: Response too small (3788 bytes)
[2026-07-26 21:38:58]   ⚪ Error checking B0GJFW5VTH: Response too small (3788 bytes)
[2026-07-26 21:38:59]   ⚪ Error checking B000WEMGM4: Response too small (3788 bytes)
[2026-07-26 21:38:59]   ⚪ Error checking B0GJFWK1PD: Response too small (3788 bytes)
[2026-07-26 21:39:00]   ⚪ Error checking B07MWY7SJR: Response too small (3788 bytes)
[2026-07-26 21:39:01]   ⚪ Error checking B07XJRF5TW: Response too small (3788 bytes)
[2026-07-26 21:39:01]   ⚪ Error checking B0DHWTBDM3: Response too small (3788 bytes)
[2026-07-26 21:39:02]   ⚪ Error checking B07XJRF5TW: Response too small (3788 bytes)
[2026-07-26 21:39:02]   ⚪ Error checking B0DHWV615D: Response too small (3788 bytes)
[2026-07-26 21:39:03]   ⚪ Error checking B07KJGR9JZ: Response too small (3788 bytes)
[2026-07-26 21:39:03]   ⚪ Error checking B0FQ4WZBTT: Response too small (3788 bytes)
[2026-07-26 21:39:04]   ⚪ Error checking B0GCHT1YFC: Response too small (3788 bytes)
[2026-07-26 21:39:05]   ⚪ Error checking B0FKGSLYWJ: Response too small (3788 bytes)
[2026-07-26 21:39:06]   ⚪ Error checking B0828613J4: Response too small (3788 bytes)
[2026-07-26 21:39:06]   ⚪ Error checking B08M4FD4WR: Response too small (3788 bytes)
[2026-07-26 21:39:07]   ⚪ Error checking B0FGD197QX: Response too small (3788 bytes)
[2026-07-26 21:39:07]   ⚪ Error checking B0G2CYCQS9: Response too small (3788 bytes)
[2026-07-26 21:39:08]   ⚪ Error checking B0G2CZYNS1: Response too small (3788 bytes)
[2026-07-26 21:39:08]   ⚪ Error checking B0G2D1SXLQ: Response too small (3788 bytes)
[2026-07-26 21:39:09]   ⚪ Error checking B0G2CXSBBF: Response too small (3788 bytes)
[2026-07-26 21:39:09]   ⚪ Error checking B00IWOJRSM: Response too small (3788 bytes)
[2026-07-26 21:39:10]   ⚪ Error checking B001L3AI0M: Response too small (3788 bytes)
[2026-07-26 21:39:10]   ⚪ Error checking B0CWGV674H: Response too small (3788 bytes)
[2026-07-26 21:39:11]   ⚪ Error checking B001CH0ZLE: Response too small (3788 bytes)
[2026-07-26 21:39:11]   ⚪ Error checking B08W41ZN2P: Response too small (3788 bytes)
[2026-07-26 21:39:12]   ⚪ Error checking B08FB31NH5: Response too small (3788 bytes)
[2026-07-26 21:39:12]   ⚪ Error checking B0FVFMFRKR: Response too small (3788 bytes)
[2026-07-26 21:39:13]   ⚠️  STALE B07665GLFH (kitchen): Page says: Currently unavailable
[2026-07-26 21:39:13]   ⚪ Error checking B07DD385JN: Response too small (3788 bytes)
[2026-07-26 21:39:14]   ⚪ Error checking B0CHZBZ25Y: Response too small (3788 bytes)
[2026-07-26 21:39:14]   ⚪ Error checking B00VA5HG0Q: Response too small (3788 bytes)
[2026-07-26 21:39:15]   ⚪ Error checking B0924GVJTS: Response too small (3788 bytes)
[2026-07-26 21:39:15]   ⚪ Error checking B09ZHZ3L5Z: Response too small (3788 bytes)
[2026-07-26 21:39:16]   ⚪ Error checking B0C9SY6R4H: Response too small (3788 bytes)
[2026-07-26 21:39:16]   ⚪ Error checking B0BHYZ1KH7: Response too small (3788 bytes)
[2026-07-26 21:39:17]   ⚪ Error checking B0H4141HVT: Response too small (3788 bytes)
[2026-07-26 21:39:17]   ⚪ Error checking B07C8V4FDR: Response too small (3788 bytes)
[2026-07-26 21:39:18]   ⚪ Error checking B01COO5O50: Response too small (3788 bytes)
[2026-07-26 21:39:18]   ⚪ Error checking B088P9H3V7: Response too small (3788 bytes)
[2026-07-26 21:39:19]   ⚪ Error checking B0026RHI3M: Response too small (3788 bytes)
[2026-07-26 21:39:19]   ⚪ Error checking B0C5JG697C: Response too small (3788 bytes)
[2026-07-26 21:39:20]   ⚪ Error checking B0F1SLYH15: Response too small (3788 bytes)
[2026-07-26 21:39:20]   ⚠️  STALE B07DD3CPMW (kitchen): Page says: Currently unavailable
[2026-07-26 21:39:21]   ⚪ Error checking B0G1LY6YHM: Response too small (3788 bytes)
[2026-07-26 21:39:21]   ⚪ Error checking B0G1M8K6ZT: Response too small (3788 bytes)
[2026-07-26 21:39:22]   ⚪ Error checking B08598F7JT: Response too small (3788 bytes)
[2026-07-26 21:39:23]   ⚪ Error checking B0725GYNG6: Response too small (3788 bytes)
[2026-07-26 21:39:23]   ⚪ Error checking B005D6GFFA: Response too small (3788 bytes)
[2026-07-26 21:39:24]   ⚪ Error checking B08ZMVYWMD: Response too small (3788 bytes)
[2026-07-26 21:39:24]   ⚪ Error checking B082HCZ44Z: Response too small (3788 bytes)
[2026-07-26 21:39:25]   ⚠️  STALE B0049C2S32 (kitchen): Page says: Currently unavailable
[2026-07-26 21:39:25]   ⚪ Error checking B08RCKDZZN: Response too small (3788 bytes)
[2026-07-26 21:39:26]   ⚪ Error checking B0CPPCV11Y: Response too small (3788 bytes)
[2026-07-26 21:39:26]   ⚪ Error checking B0CX56FQBR: Response too small (3788 bytes)
[2026-07-26 21:39:27]   ⚪ Error checking B0FHKNX6TF: Response too small (3788 bytes)
[2026-07-26 21:39:27]   ⚪ Error checking B07CTH3722: Response too small (3788 bytes)
[2026-07-26 21:39:28]   ⚪ Error checking B0F9PD5LP4: Response too small (3788 bytes)
[2026-07-26 21:39:28]   ⚪ Error checking B0DBLKMPCG: Response too small (3788 bytes)
[2026-07-26 21:39:29]   ⚪ Error checking B08559K7CN: Response too small (3788 bytes)
[2026-07-26 21:39:29]   ⚪ Error checking B08JXHQ3YF: Response too small (3788 bytes)
[2026-07-26 21:39:30]   ⚪ Error checking B09SH9XH37: Response too small (3788 bytes)
[2026-07-26 21:39:30]   ⚪ Error checking B09SHCHNNH: Response too small (3788 bytes)
[2026-07-26 21:39:31]   ⚪ Error checking B09SHBCJ5W: Response too small (3788 bytes)
[2026-07-26 21:39:31]   ⚠️  STALE B0CWPNBC4Z (kitchen): Page says: Currently unavailable
[2026-07-26 21:39:32]   ⚪ Error checking B0CPLVLFK2: Response too small (3788 bytes)
[2026-07-26 21:39:32]   ⚪ Error checking B09P8C9Q1H: Response too small (3788 bytes)
[2026-07-26 21:39:33]   ⚪ Error checking B08CF77W3B: Response too small (3788 bytes)
[2026-07-26 21:39:33]   ⚪ Error checking B0CDM1FZBX: Response too small (3788 bytes)
[2026-07-26 21:39:34]   ⚪ Error checking B0H1R8VHZV: Response too small (3788 bytes)
[2026-07-26 21:39:34]   ⚪ Error checking B0H217RFDG: Response too small (3788 bytes)
[2026-07-26 21:39:35]   ⚠️  STALE B07M7M898T (kitchen): Page says: Currently unavailable
[2026-07-26 21:39:35]   ⚪ Error checking B0G2VVYW93: Response too small (3788 bytes)
[2026-07-26 21:39:36]   ⚪ Error checking B0H4QTPNZ3: Response too small (3788 bytes)
[2026-07-26 21:39:36]   ⚪ Error checking B0F83M3QYX: Response too small (3788 bytes)
[2026-07-26 21:39:37]   ⚪ Error checking B0BR8HZL9V: Response too small (3788 bytes)
[2026-07-26 21:39:37]   ⚪ Error checking B0FBSP99LX: Response too small (3788 bytes)
[2026-07-26 21:39:38]   ⚪ Error checking B093DYPBYR: Response too small (3788 bytes)
[2026-07-26 21:39:38]   ⚪ Error checking B074MMJV8N: Response too small (3788 bytes)
[2026-07-26 21:39:39]   ⚪ Error checking B01GJOMWVA: Response too small (3788 bytes)
[2026-07-26 21:39:39]   ⚪ Error checking B00MVWGQX0: Response too small (3788 bytes)
[2026-07-26 21:39:40]   ⚪ Error checking B0D9QGF1WX: Response too small (3788 bytes)
[2026-07-26 21:39:40]   ⚪ Error checking B07S98411N: Response too small (3788 bytes)
[2026-07-26 21:39:41]   ⚪ Error checking B077K9YW7D: Response too small (3788 bytes)
[2026-07-26 21:39:41]   ⚪ Error checking B01CTIYU60: Response too small (3788 bytes)
[2026-07-26 21:39:42]   ⚪ Error checking B0BWMNPJKH: Response too small (3788 bytes)
[2026-07-26 21:39:42]   ⚪ Error checking B0CGWS1M51: Response too small (3788 bytes)
[2026-07-26 21:39:43]   ⚠️  STALE B076MJSRRC (kitchen): Page says: Currently unavailable
[2026-07-26 21:39:43]   ⚪ Error checking B08BGB9Q62: Response too small (3788 bytes)
[2026-07-26 21:39:44]   ⚪ Error checking B0DDKGDCDY: Response too small (3788 bytes)
[2026-07-26 21:39:44]   ⚪ Error checking B0FY3YWNQN: Response too small (3788 bytes)
[2026-07-26 21:39:45]   ⚪ Error checking B0FX9LDLMX: Response too small (3788 bytes)
[2026-07-26 21:39:45]   ⚪ Error checking B0GX63LBSZ: Response too small (3788 bytes)
[2026-07-26 21:39:46]   ⚪ Error checking B0GFJTQSBQ: Response too small (3788 bytes)
[2026-07-26 21:39:46]   ⚪ Error checking B0FVXHV6GP: Response too small (3788 bytes)
[2026-07-26 21:39:47]   ⚪ Error checking B0GTM8CJ7K: Response too small (3788 bytes)
[2026-07-26 21:39:47]   ⚪ Error checking B0GYPVM45R: Response too small (3788 bytes)
[2026-07-26 21:39:48]   ⚪ Error checking B0GTQ9PKPJ: Response too small (3788 bytes)
[2026-07-26 21:39:48]   ⚪ Error checking B0GTPY8H3L: Response too small (3788 bytes)
[2026-07-26 21:39:49]   ⚪ Error checking B0GTPZ5TC3: Response too small (3788 bytes)
[2026-07-26 21:39:49]   ⚪ Error checking B0F913GLMC: Response too small (3788 bytes)
[2026-07-26 21:39:50]   ⚪ Error checking B0DBQJ4MRS: Response too small (3788 bytes)
[2026-07-26 21:39:50]   ⚪ Error checking B0GTLM8B99: Response too small (3788 bytes)
[2026-07-26 21:39:51]   ⚪ Error checking B0GSHRF4SB: Response too small (3788 bytes)
[2026-07-26 21:39:51]   ⚪ Error checking B0CJ6NT4F8: Response too small (3788 bytes)
[2026-07-26 21:39:52]   ⚪ Error checking B00G2XGC88: Response too small (3788 bytes)
[2026-07-26 21:39:53]   ⚪ Error checking B00WTSCY0U: Response too small (3788 bytes)
[2026-07-26 21:39:53]   ⚪ Error checking B00006JSUA: Response too small (3788 bytes)
[2026-07-26 21:39:54]   ⚪ Error checking B0BFXS6KNY: Response too small (3788 bytes)
[2026-07-26 21:39:54]   ⚪ Error checking B00WTSCXIS: Response too small (3788 bytes)
[2026-07-26 21:39:55]   ⚪ Error checking B09ZV37WC6: Response too small (3788 bytes)
[2026-07-26 21:39:55]   ⚪ Error checking B09Y25BY8G: Response too small (3788 bytes)
[2026-07-26 21:39:56]   ⚪ Error checking B07W99LGGT: Response too small (3788 bytes)
[2026-07-26 21:39:56]   ⚠️  STALE B0DQ7954NG (kitchen): Page says: Currently unavailable
[2026-07-26 21:39:57]   ⚪ Error checking B08CS95K8L: Response too small (3788 bytes)
[2026-07-26 21:39:57]   ⚪ Error checking B086PHS2V8: Response too small (3788 bytes)
[2026-07-26 21:39:58]   ⚪ Error checking B09HR771DL: Response too small (3788 bytes)
[2026-07-26 21:39:58]   ⚪ Error checking B09S12WX42: Response too small (3788 bytes)
[2026-07-26 21:39:59]   ⚪ Error checking B09S158K61: Response too small (3788 bytes)
[2026-07-26 21:39:59]   ⚪ Error checking B0FVW82JFG: Response too small (3788 bytes)
[2026-07-26 21:40:00]   ⚪ Error checking B001AS8ZU8: Response too small (3788 bytes)
[2026-07-26 21:40:00]   ⚪ Error checking B0BH6KKVSP: Response too small (3788 bytes)
[2026-07-26 21:40:01]   ⚪ Error checking B0FB4DNM1H: Response too small (3788 bytes)
[2026-07-26 21:40:01]   ⚪ Error checking B08CZWT4XD: Response too small (3788 bytes)
[2026-07-26 21:40:02]   ⚪ Error checking B08CYD9137: Response too small (3788 bytes)
[2026-07-26 21:40:02]   ⚪ Error checking B0GT4S98NK: Response too small (3788 bytes)
[2026-07-26 21:40:03]   ⚪ Error checking B0GT49W5FF: Response too small (3788 bytes)
[2026-07-26 21:40:03]   ⚪ Error checking B08HMWZLZY: Response too small (3788 bytes)
[2026-07-26 21:40:04]   ⚪ Error checking B08HMXMG2H: Response too small (3788 bytes)
[2026-07-26 21:40:04]   ⚪ Error checking B0BB3CSPLJ: Response too small (3788 bytes)
[2026-07-26 21:40:05]   ⚪ Error checking B0FMJW45CF: Response too small (3788 bytes)
[2026-07-26 21:40:06]   ⚪ Error checking B084DQYNNM: Response too small (3788 bytes)
[2026-07-26 21:40:06]   ⚪ Error checking B08XLDWJYV: Response too small (3788 bytes)
[2026-07-26 21:40:07]   ⚪ Error checking B0C8HPJW4J: Response too small (3788 bytes)
[2026-07-26 21:40:08]   ⚪ Error checking B0B2K47S1T: Response too small (3788 bytes)
[2026-07-26 21:40:08]   ⚪ Error checking B0DGLVW188: Response too small (3788 bytes)
[2026-07-26 21:40:10]   ⚪ Error checking B0CF2NBX28: Response too small (3788 bytes)
[2026-07-26 21:40:10]   ⚪ Error checking B0GJRJ63JR: Response too small (3788 bytes)
[2026-07-26 21:40:11]   ⚪ Error checking B0C12WJ5BG: Response too small (3788 bytes)
[2026-07-26 21:40:11]   ⚪ Error checking B0BTTLVYJW: Response too small (3788 bytes)
[2026-07-26 21:40:12]   ⚪ Error checking B0H1W5JDXB: Response too small (3788 bytes)
[2026-07-26 21:40:12]   ⚪ Error checking B083NT96KR: Response too small (3788 bytes)
[2026-07-26 21:40:13]   ⚪ Error checking B09Z6HGKKK: Response too small (3788 bytes)
[2026-07-26 21:40:13]   ⚪ Error checking B09Z6HCZH3: Response too small (3788 bytes)
[2026-07-26 21:40:14]   ⚠️  STALE B09GRXQGRN (kitchen): Page says: Currently unavailable
[2026-07-26 21:40:14]   ⚪ Error checking B09Z6JCGQC: Response too small (3788 bytes)
[2026-07-26 21:40:15]   ⚪ Error checking B0GHDPFQ88: Response too small (3788 bytes)
[2026-07-26 21:40:15]   ⚪ Error checking B0DJ2YM5H1: Response too small (3788 bytes)
[2026-07-26 21:40:16]   ⚪ Error checking B00004RFMT: Response too small (3788 bytes)
[2026-07-26 21:40:16]   ⚪ Error checking B085V653KM: Response too small (3788 bytes)
[2026-07-26 21:40:17]   ⚪ Error checking B00DT1XFSQ: Response too small (3788 bytes)
[2026-07-26 21:40:17]   ⚪ Error checking B001S41SH6: Response too small (3788 bytes)
[2026-07-26 21:40:19]   ⚪ Error checking B0BFR8TJVX: Response too small (3788 bytes)
[2026-07-26 21:40:19]   ⚪ Error checking B09B9Q8TMC: Response too small (3788 bytes)
[2026-07-26 21:40:20]   ⚪ Error checking B09G6QX21B: Response too small (3788 bytes)
[2026-07-26 21:40:21]   ⚪ Error checking B0C1YBPJ43: Response too small (3788 bytes)
[2026-07-26 21:40:21]   ⚪ Error checking B0C1CFYQ5F: Response too small (3788 bytes)
[2026-07-26 21:40:22]   ⚪ Error checking B0C3V2KT65: Response too small (3788 bytes)
[2026-07-26 21:40:22]   ⚪ Error checking B000PS1HS6: Response too small (3788 bytes)
[2026-07-26 21:40:23]   ⚪ Error checking B011CY8Y78: Response too small (3788 bytes)
[2026-07-26 21:40:23]   ⚪ Error checking B0G4LD32JX: Response too small (3788 bytes)
[2026-07-26 21:40:24]   ⚪ Error checking B00MYI0VYG: Response too small (3788 bytes)
[2026-07-26 21:40:25]   ⚪ Error checking B08JYKN185: Response too small (3788 bytes)
[2026-07-26 21:40:25]   ⚪ Error checking B09JNL2MWZ: Response too small (3788 bytes)
[2026-07-26 21:40:26]   ⚪ Error checking B0DCJYL35J: Response too small (3788 bytes)
[2026-07-26 21:40:26]   ⚪ Error checking B0D3HSDQ7Q: Response too small (3788 bytes)
[2026-07-26 21:40:27]   ⚪ Error checking B00006IUWM: Response too small (3788 bytes)
[2026-07-26 21:40:27]   ⚪ Error checking B0018RSEMU: Response too small (3788 bytes)
[2026-07-26 21:40:28]   ⚪ Error checking B0D2P1HSCV: Response too small (3788 bytes)
[2026-07-26 21:40:28]   ⚪ Error checking B0GWNK6DX9: Response too small (3788 bytes)
[2026-07-26 21:40:29]   ⚪ Error checking B07WFF17BQ: Response too small (3788 bytes)
[2026-07-26 21:40:29]   ⚪ Error checking B016OP6N3M: Response too small (3788 bytes)
[2026-07-26 21:40:30]   ⚪ Error checking B0D7M8QB9Y: Response too small (3788 bytes)
[2026-07-26 21:40:30]   ⚪ Error checking B0FXZXWLW9: Response too small (3788 bytes)
[2026-07-26 21:40:31]   ⚪ Error checking B0DCKCK326: Response too small (3788 bytes)
[2026-07-26 21:40:31]   ⚪ Error checking B0FH6YL3XC: Response too small (3788 bytes)
[2026-07-26 21:40:32]   ⚪ Error checking B0B72DL8KL: Response too small (3788 bytes)
[2026-07-26 21:40:32]   ⚪ Error checking B0D1X4TBQS: Response too small (3788 bytes)
[2026-07-26 21:40:33]   ⚪ Error checking B000YDO2LG: Response too small (3788 bytes)
[2026-07-26 21:40:33]   ⚪ Error checking B0D1CWD525: Response too small (3788 bytes)
[2026-07-26 21:40:34]   ⚪ Error checking B09YH81B9Z: Response too small (3788 bytes)
[2026-07-26 21:40:34]   ⚪ Error checking B0FM323HPY: Response too small (3788 bytes)
[2026-07-26 21:40:35]   ⚪ Error checking B0D1FWNSYM: Response too small (3788 bytes)
[2026-07-26 21:40:35]   ⚪ Error checking B0FM2YQ5HV: Response too small (3788 bytes)
[2026-07-26 21:40:36]   ⚪ Error checking B0FM2W1YTY: Response too small (3788 bytes)
[2026-07-26 21:40:36]   ⚪ Error checking B0FM2WXZKR: Response too small (3788 bytes)
[2026-07-26 21:40:37]   ⚪ Error checking B0GRTKQBCN: Response too small (3788 bytes)
[2026-07-26 21:40:37]   ⚪ Error checking B0GRTLQHSS: Response too small (3788 bytes)
[2026-07-26 21:40:38]   ⚪ Error checking B0GRTHD2TR: Response too small (3788 bytes)
[2026-07-26 21:40:38]   ⚪ Error checking B0GRTFRMZY: Response too small (3788 bytes)
[2026-07-26 21:40:39]   ⚪ Error checking B0GRTFNGNL: Response too small (3788 bytes)
[2026-07-26 21:40:39]   ⚪ Error checking B08BR9HBZ3: Response too small (3788 bytes)
[2026-07-26 21:40:40]   ⚪ Error checking B0D3ZBWNZT: Response too small (3788 bytes)
[2026-07-26 21:40:40]   ⚪ Error checking B0D91CQ69R: Response too small (3788 bytes)
[2026-07-26 21:40:41]   ⚪ Error checking B0D3ZBFMW6: Response too small (3788 bytes)
[2026-07-26 21:40:41]   ⚪ Error checking B0CS3FBC6W: Response too small (3788 bytes)
[2026-07-26 21:40:42]   ⚪ Error checking B0F2HJFNBV: Response too small (3788 bytes)
[2026-07-26 21:40:42]   ⚪ Error checking B08F72TY67: Response too small (3788 bytes)
[2026-07-27 19:13:08] ============================================================
[2026-07-27 19:13:08] whatarebest.com product staleness check starting
[2026-07-27 19:13:08] Extracting ASINs from build script...
[2026-07-27 19:13:08] Found 421 categories with 5367 total ASINs
[2026-07-27 19:13:08] Priority (not checked in 48h): 421 slugs
[2026-07-27 19:13:08] Already recent: 0 slugs
[2026-07-27 19:13:08] Checking 1351 ASINs across 100 categories...
[2026-07-27 19:13:11]   ⚠️  STALE B0C33CHG99 (kitchen): Page says: Currently unavailable
[2026-07-27 19:13:12]   ⚠️  STALE B0CSZ7WBYW (kitchen): Page says: Currently unavailable
[2026-07-27 19:13:13]   ⚠️  STALE B00FLYWNYQ (kitchen): Page says: Currently unavailable
[2026-07-27 19:13:14]   ⚠️  STALE B08PPZWNCV (kitchen): Page says: Currently unavailable
[2026-07-27 19:13:14]   ⚠️  STALE B01NBKTPTS (kitchen): Page says: Currently unavailable
[2026-07-27 19:13:15]   ⚠️  STALE B08PQ2KWHS (kitchen): Page says: Currently unavailable
[2026-07-27 19:13:15]   ⚠️  STALE B09MZTSSR2 (kitchen): Page says: Currently unavailable
[2026-07-27 19:13:16]   ⚠️  STALE B089TQWJKK (kitchen): Page says: Currently unavailable
[2026-07-27 19:13:18]   ⚠️  STALE B0DCCY5JCP (kitchen): Page says: Currently unavailable
[2026-07-27 19:13:18]   ⚠️  STALE B0CKLXZRMC (kitchen): Page says: Currently unavailable
[2026-07-27 19:13:20]   ⚠️  STALE B09NPCV3DC (kitchen): Page says: Currently unavailable
[2026-07-27 19:13:21]   ⚠️  STALE B0BYLX91ZL (kitchen): Page says: Currently unavailable
[2026-07-27 19:13:21]   ⚠️  STALE B0FRB6HNKC (kitchen): Page says: Currently unavailable
[2026-07-27 19:13:22]   ⚠️  STALE B0DS5FD8W5 (kitchen): Page says: Currently unavailable
[2026-07-27 19:13:26]   ⚠️  STALE B07XJRF5TW (kitchen): Page says: Currently unavailable
[2026-07-27 19:13:27]   ⚠️  STALE B0DHWRHKSM (kitchen): Page says: Currently unavailable
[2026-07-27 19:13:28]   ⚠️  STALE B07KJGR9JZ (kitchen): Page says: Currently unavailable
[2026-07-27 19:13:29]   ⚠️  STALE B07665GLFH (kitchen): Page says: Currently unavailable
[2026-07-27 19:13:33]   ⚠️  STALE B0G2CYCQS9 (kitchen): Page says: Currently unavailable
[2026-07-27 19:13:33]   ⚠️  STALE B0G2CZYNS1 (kitchen): Page says: Currently unavailable
[2026-07-27 19:13:34]   ⚠️  STALE B0G2D1SXLQ (kitchen): Page says: Currently unavailable
[2026-07-27 19:13:35]   ⚠️  STALE B00IWOJRSM (kitchen): Page says: Currently unavailable
[2026-07-27 19:13:35]   ⚠️  STALE B001L3AI0M (kitchen): Page says: Currently unavailable
[2026-07-27 19:13:37]   ⚠️  STALE B001CH0ZLE (kitchen): Page says: Currently unavailable
[2026-07-27 19:13:40]   ⚠️  STALE B0924GVJTS (kitchen): Page says: Currently unavailable
[2026-07-27 19:13:40]   ⚠️  STALE B00VA5HG0Q (kitchen): Page says: Currently unavailable
[2026-07-27 19:13:43]   ⚠️  STALE B01COO5O50 (kitchen): Page says: Currently unavailable
[2026-07-27 19:13:47]   ⚠️  STALE B005D6GFFA (kitchen): Page says: Currently unavailable
[2026-07-27 19:13:48]   ⚠️  STALE B08RCKDZZN (kitchen): Page says: Currently unavailable
[2026-07-27 19:13:49]   ⚠️  STALE B0CX56FQBR (kitchen): Page says: Currently unavailable
[2026-07-27 19:13:53]   ⚠️  STALE B09SHCHNNH (kitchen): Page says: Currently unavailable
[2026-07-27 19:13:54]   ⚠️  STALE B09SHBCJ5W (kitchen): Page says: Currently unavailable
[2026-07-27 19:13:54]   ⚠️  STALE B076MJSRRC (kitchen): Page says: Currently unavailable
[2026-07-27 19:13:55]   ⚠️  STALE B09P8C9Q1H (kitchen): Page says: Currently unavailable
[2026-07-27 19:13:56]   ⚠️  STALE B08CF77W3B (kitchen): Page says: Currently unavailable
[2026-07-27 19:13:57]   ⚠️  STALE B0H1R8VHZV (kitchen): Page says: Currently unavailable
[2026-07-27 19:13:58]   ⚠️  STALE B0H4QTPNZ3 (kitchen): Page says: Currently unavailable
[2026-07-27 19:13:58]   ⚠️  STALE B0G2VVYW93 (kitchen): Page says: Currently unavailable
[2026-07-27 19:13:59]   ⚠️  STALE B0F83M3QYX (kitchen): Page says: Currently unavailable
[2026-07-27 19:14:00]   ⚠️  STALE B0FBSP99LX (kitchen): Page says: Currently unavailable
[2026-07-27 19:14:01]   ⚠️  STALE B01GJOMWVA (kitchen): Page says: Currently unavailable
[2026-07-27 19:14:02]   ⚠️  STALE B00MVWGQX0 (kitchen): Page says: Currently unavailable
[2026-07-27 19:14:02]   ⚠️  STALE B0D9QGF1WX (kitchen): Page says: Currently unavailable
[2026-07-27 19:14:03]   ⚠️  STALE B077K9YW7D (kitchen): Page says: Currently unavailable
[2026-07-27 19:14:04]   ⚠️  STALE B01CTIYU60 (kitchen): Page says: Currently unavailable
[2026-07-27 19:14:04]   ⚠️  STALE B0BWMNPJKH (kitchen): Page says: Currently unavailable
[2026-07-27 19:14:06]   ⚠️  STALE B0DDKGDCDY (kitchen): Page says: Currently unavailable
[2026-07-27 19:14:06]   ⚠️  STALE B0FY3YWNQN (kitchen): Page says: Currently unavailable
[2026-07-27 19:14:08]   ⚠️  STALE B0FX9LDLMX (kitchen): Page says: Currently unavailable
[2026-07-27 19:14:08]   ⚠️  STALE B0FVXHV6GP (kitchen): Page says: Currently unavailable
[2026-07-27 19:14:10]   ⚠️  STALE B0GTM8CJ7K (kitchen): Page says: Currently unavailable
[2026-07-27 19:14:10]   ⚠️  STALE B0GTQ9PKPJ (kitchen): Page says: Currently unavailable
[2026-07-27 19:14:12]   ⚠️  STALE B0GTPZ5TC3 (kitchen): Page says: Currently unavailable
[2026-07-27 19:14:12]   ⚠️  STALE B0F913GLMC (kitchen): Page says: Currently unavailable
[2026-07-27 19:14:13]   ⚠️  STALE B0DBQJ4MRS (kitchen): Page says: Currently unavailable
[2026-07-27 19:14:14]   ⚠️  STALE B0GSHRF4SB (kitchen): Page says: Currently unavailable
[2026-07-27 19:14:14]   ⚠️  STALE B0GTLM8B99 (kitchen): Page says: Currently unavailable
[2026-07-27 19:14:15]   ⚠️  STALE B07W99LGGT (kitchen): Page says: Currently unavailable
[2026-07-27 19:14:16]   ⚠️  STALE B09ZV37WC6 (kitchen): Page says: Currently unavailable
[2026-07-27 19:14:17]   ⚠️  STALE B086PHS2V8 (kitchen): Page says: Currently unavailable
[2026-07-27 19:14:17]   ⚠️  STALE B09HR771DL (kitchen): Page says: Currently unavailable
[2026-07-27 19:14:18]   ⚠️  STALE B09S12WX42 (kitchen): Page says: Currently unavailable
[2026-07-27 19:14:19]   ⚠️  STALE B09S158K61 (kitchen): Page says: Currently unavailable
[2026-07-27 19:14:20]   ⚠️  STALE B0FVW82JFG (kitchen): Page says: Currently unavailable
[2026-07-27 19:14:22]   ⚠️  STALE B08CYD9137 (kitchen): Page says: Currently unavailable
[2026-07-27 19:14:22]   ⚠️  STALE B0GT4S98NK (kitchen): Page says: Currently unavailable
[2026-07-27 19:14:23]   ⚠️  STALE B0GT49W5FF (kitchen): Page says: Currently unavailable
[2026-07-27 19:14:23]   ⚠️  STALE B0GT43RBV9 (kitchen): Page says: Currently unavailable
[2026-07-27 19:14:24]   ⚠️  STALE B08XM1B6ZX (kitchen): Page says: Currently unavailable
[2026-07-27 19:14:26]   ⚠️  STALE B0DGLVW188 (kitchen): Page says: Currently unavailable
[2026-07-27 19:14:29]   ⚠️  STALE B0BTTLVYJW (kitchen): Page says: Currently unavailable
[2026-07-27 19:14:31]   ⚠️  STALE B09Z6HGKKK (kitchen): Page says: Currently unavailable
[2026-07-27 19:14:32]   ⚠️  STALE B0DJ2XF8DZ (kitchen): Page says: Currently unavailable
[2026-07-27 19:14:32]   ⚠️  STALE B0DJ2YM5H1 (kitchen): Page says: Currently unavailable
[2026-07-27 19:14:33]   ⚠️  STALE B09B9Q8TMC (kitchen): Page says: Currently unavailable
[2026-07-27 19:14:34]   ⚠️  STALE B0BFR8TJVX (kitchen): Page says: Currently unavailable
[2026-07-27 19:14:36]   ⚠️  STALE B0C1CFYQ5F (kitchen): Page says: Currently unavailable
[2026-07-27 19:14:37]   ⚠️  STALE B011CY8Y78 (kitchen): Page says: Currently unavailable
[2026-07-27 19:14:39]   ⚠️  STALE B07WFF17BQ (kitchen): Page says: Currently unavailable
[2026-07-27 19:14:41]   ⚠️  STALE B0D1CWD525 (kitchen): Page says: Currently unavailable
[2026-07-27 19:14:43]   ⚠️  STALE B0FM2YQ5HV (kitchen): Page says: Currently unavailable
[2026-07-27 19:14:45]   ⚠️  STALE B0GRTLQHSS (kitchen): Page says: Currently unavailable
[2026-07-27 19:14:45]   ⚠️  STALE B0GRTFRMZY (kitchen): Page says: Currently unavailable
[2026-07-27 19:14:46]   ⚠️  STALE B0GRTHD2TR (kitchen): Page says: Currently unavailable
[2026-07-27 19:14:48]   ⚠️  STALE B0D3ZBFMW6 (kitchen): Page says: Currently unavailable
[2026-07-27 19:14:48]   ⚠️  STALE B0D3ZBWNZT (kitchen): Page says: Currently unavailable
[2026-07-27 19:14:49]   ⚠️  STALE B0D3Z8VWBH (kitchen): Page says: Currently unavailable
[2026-07-27 19:14:49]   ⚠️  STALE B0D91CQ69R (kitchen): Page says: Currently unavailable
[2026-07-27 19:14:51]   ⚠️  STALE B0B2WDFQL8 (kitchen): Page says: Currently unavailable
[2026-07-27 19:14:52]   ⚠️  STALE B094981GTD (kitchen): Page says: Currently unavailable
[2026-07-27 19:14:53]   ⚠️  STALE B0036OQU56 (kitchen): Page says: Currently unavailable
[2026-07-27 19:14:53]   ⚠️  STALE B0C57FV4JS (kitchen): Page says: Currently unavailable
[2026-07-27 19:14:55]   ⚠️  STALE B0BMFKGVXD (kitchen): Page says: Currently unavailable
[2026-07-27 19:14:57]   ⚠️  STALE B000J2DGZ0 (kitchen): Page says: Currently unavailable
[2026-07-27 19:14:58]   ⚠️  STALE B07PGFF7W2 (kitchen): Page says: Currently unavailable
[2026-07-27 19:14:59]   ⚠️  STALE B097YBGF7V (kitchen): Page says: Currently unavailable
[2026-07-27 19:14:59]   ⚠️  STALE B08FD64QGT (kitchen): Page says: Currently unavailable
[2026-07-27 19:15:01]   ⚠️  STALE B0CGZPR3X9 (kitchen): Page says: Currently unavailable
[2026-07-27 19:15:02]   ⚠️  STALE B0CGZSCZYP (kitchen): Page says: Currently unavailable
[2026-07-27 19:15:03]   ⚠️  STALE B0DKC1HCQQ (kitchen): Page says: Currently unavailable
[2026-07-27 19:15:03]   ⚠️  STALE B07V4B65VR (kitchen): HTTP 404
[2026-07-27 19:15:06]   ⚠️  STALE B00T4RH8E6 (kitchen): Page says: Currently unavailable
[2026-07-27 19:15:07]   ⚠️  STALE B000SAS5GI (kitchen): Page says: Currently unavailable
[2026-07-27 19:15:07]   ⚠️  STALE B000AX13US (kitchen): Page says: Currently unavailable
[2026-07-27 19:15:08]   ⚠️  STALE B0FNRC6CJ9 (kitchen): Page says: Currently unavailable
[2026-07-27 19:15:38] ============================================================
[2026-07-27 19:15:38] whatarebest.com product staleness check starting
[2026-07-27 19:15:38] Extracting ASINs from build script...
[2026-07-27 19:15:38] Found 421 categories with 5367 total ASINs
[2026-07-27 19:15:38] Priority (not checked in 48h): 421 slugs
[2026-07-27 19:15:38] Already recent: 0 slugs
[2026-07-27 19:15:38] Checking 1351 ASINs across 100 categories...
[2026-07-27 19:15:43]   ⚠️  STALE B06Y1YD5W7 (kitchen): Page says: Currently unavailable
[2026-07-27 19:15:44]   ⚠️  STALE B08PPZWNCV (kitchen): Page says: Currently unavailable
[2026-07-27 19:15:45]   ⚠️  STALE B08DZC32BB (kitchen): Page says: Currently unavailable
[2026-07-27 19:15:46]   ⚠️  STALE B0C1LDRFSK (kitchen): Page says: Currently unavailable
[2026-07-27 19:15:47]   ⚠️  STALE B0D7N8HJRZ (kitchen): Page says: Currently unavailable
[2026-07-27 19:15:47]   ⚠️  STALE B0DCCY5JCP (kitchen): Page says: Currently unavailable
[2026-07-27 19:15:49]   ⚠️  STALE B09NPCV3DC (kitchen): Page says: Currently unavailable
[2026-07-27 19:15:50]   ⚠️  STALE B0FHBXMFC1 (kitchen): Page says: Currently unavailable
[2026-07-27 19:15:52]   ⚠️  STALE B0F7H7FKMY (kitchen): Page says: Currently unavailable
[2026-07-27 19:15:52]   ⚠️  STALE B000WEMGM4 (kitchen): Page says: Currently unavailable
[2026-07-27 19:15:53]   ⚠️  STALE B0GJFW5VTH (kitchen): Page says: Currently unavailable
[2026-07-27 19:15:54]   ⚠️  STALE B0GJFWK1PD (kitchen): Page says: Currently unavailable
[2026-07-27 19:15:56]   ⚠️  STALE B07XJRF5TW (kitchen): Page says: Currently unavailable
[2026-07-27 19:15:56]   ⚠️  STALE B0DHWTBDM3 (kitchen): Page says: Currently unavailable
[2026-07-27 19:15:59]   ⚠️  STALE B0GCHT1YFC (kitchen): Page says: Currently unavailable
[2026-07-27 19:16:00]   ⚠️  STALE B0828613J4 (kitchen): Page says: Currently unavailable
[2026-07-27 19:16:00]   ⚠️  STALE B0FKGSLYWJ (kitchen): Page says: Currently unavailable
[2026-07-27 19:16:02]   ⚠️  STALE B0G2CYCQS9 (kitchen): Page says: Currently unavailable
[2026-07-27 19:16:02]   ⚠️  STALE B0G2CZYNS1 (kitchen): Page says: Currently unavailable
[2026-07-27 19:16:03]   ⚠️  STALE B0G2CXSBBF (kitchen): Page says: Currently unavailable
[2026-07-27 19:16:04]   ⚠️  STALE B001L3AI0M (kitchen): Page says: Currently unavailable
[2026-07-27 19:16:06]   ⚠️  STALE B001CH0ZLE (kitchen): Page says: Currently unavailable
[2026-07-27 19:16:07]   ⚠️  STALE B0FVFMFRKR (kitchen): Page says: Currently unavailable
[2026-07-27 19:16:08]   ⚠️  STALE B08FB31NH5 (kitchen): Page says: Currently unavailable
[2026-07-27 19:16:08]   ⚠️  STALE B0CHZBZ25Y (kitchen): Page says: Currently unavailable
[2026-07-27 19:16:10]   ⚠️  STALE B09ZHZ3L5Z (kitchen): Page says: Currently unavailable
[2026-07-27 19:16:10]   ⚠️  STALE B0C9SY6R4H (kitchen): Page says: Currently unavailable
[2026-07-27 19:16:12]   ⚠️  STALE B0H4141HVT (kitchen): Page says: Currently unavailable
[2026-07-27 19:16:13]   ⚠️  STALE B01COO5O50 (kitchen): Page says: Currently unavailable
[2026-07-27 19:16:14]   ⚠️  STALE B09YMQMBDT (kitchen): Page says: Currently unavailable
[2026-07-27 19:16:15]   ⚠️  STALE B0C5JG697C (kitchen): Page says: Currently unavailable
[2026-07-27 19:16:17]   ⚠️  STALE B082HCZ44Z (kitchen): Page says: Currently unavailable
[2026-07-27 19:16:17]   ⚠️  STALE B08RCKDZZN (kitchen): Page says: Currently unavailable
[2026-07-27 19:16:18]   ⚠️  STALE B0CPPCV11Y (kitchen): Page says: Currently unavailable
[2026-07-27 19:16:18]   ⚠️  STALE B0CX56FQBR (kitchen): Page says: Currently unavailable
[2026-07-27 19:16:19]   ⚠️  STALE B0FHKNX6TF (kitchen): Page says: Currently unavailable
[2026-07-27 19:16:21]   ⚠️  STALE B07M7M898T (kitchen): Page says: Currently unavailable
[2026-07-27 19:16:22]   ⚠️  STALE B09SHCHNNH (kitchen): Page says: Currently unavailable
[2026-07-27 19:16:22]   ⚠️  STALE B08559K7CN (kitchen): Page says: Currently unavailable
[2026-07-27 19:16:23]   ⚠️  STALE B09SH9XH37 (kitchen): Page says: Currently unavailable
[2026-07-27 19:16:23]   ⚠️  STALE B09SHBCJ5W (kitchen): Page says: Currently unavailable
[2026-07-27 19:16:24]   ⚠️  STALE B076MJSRRC (kitchen): Page says: Currently unavailable
[2026-07-27 19:16:25]   ⚠️  STALE B09P8C9Q1H (kitchen): Page says: Currently unavailable
[2026-07-27 19:16:25]   ⚠️  STALE B08CF77W3B (kitchen): Page says: Currently unavailable
[2026-07-27 19:16:26]   ⚠️  STALE B0H1R8VHZV (kitchen): Page says: Currently unavailable
[2026-07-27 19:16:26]   ⚠️  STALE B0CDM1FZBX (kitchen): Page says: Currently unavailable
[2026-07-27 19:16:28]   ⚠️  STALE B0H4QTPNZ3 (kitchen): Page says: Currently unavailable
[2026-07-27 19:16:28]   ⚠️  STALE B0G2VVYW93 (kitchen): Page says: Currently unavailable
[2026-07-27 19:16:29]   ⚠️  STALE B0BR8HZL9V (kitchen): Page says: Currently unavailable
[2026-07-27 19:16:31]   ⚠️  STALE B093DYPBYR (kitchen): Page says: Currently unavailable
[2026-07-27 19:16:32]   ⚠️  STALE B00MVWGQX0 (kitchen): Page says: Currently unavailable
[2026-07-27 19:16:32]   ⚠️  STALE B0D9QGF1WX (kitchen): Page says: Currently unavailable
[2026-07-27 19:16:34]   ⚠️  STALE B01CTIYU60 (kitchen): Page says: Currently unavailable
[2026-07-27 19:16:35]   ⚠️  STALE B0CGWS1M51 (kitchen): Page says: Currently unavailable
[2026-07-27 19:16:36]   ⚠️  STALE B0DDKGDCDY (kitchen): Page says: Currently unavailable
[2026-07-27 19:16:36]   ⚠️  STALE B0FY3YWNQN (kitchen): Page says: Currently unavailable
[2026-07-27 19:16:37]   ⚠️  STALE B0GX63LBSZ (kitchen): Page says: Currently unavailable
[2026-07-27 19:16:37]   ⚠️  STALE B0FX9LDLMX (kitchen): Page says: Currently unavailable
[2026-07-27 19:16:38]   ⚠️  STALE B0GFJTQSBQ (kitchen): Page says: Currently unavailable
[2026-07-27 19:16:38]   ⚠️  STALE B0FVXHV6GP (kitchen): Page says: Currently unavailable
[2026-07-27 19:16:40]   ⚠️  STALE B0GTQ9PKPJ (kitchen): Page says: Currently unavailable
[2026-07-27 19:16:42]   ⚠️  STALE B0GTPZ5TC3 (kitchen): Page says: Currently unavailable
[2026-07-27 19:16:43]   ⚠️  STALE B0F913GLMC (kitchen): Page says: Currently unavailable
[2026-07-27 19:16:44]   ⚠️  STALE B0GSHRF4SB (kitchen): Page says: Currently unavailable
[2026-07-27 19:16:44]   ⚠️  STALE B0CJ6NT4F8 (kitchen): Page says: Currently unavailable
[2026-07-27 19:16:45]   ⚠️  STALE B07W99LGGT (kitchen): Page says: Currently unavailable
[2026-07-27 19:16:46]   ⚠️  STALE B086PHS2V8 (kitchen): Page says: Currently unavailable
[2026-07-27 19:16:47]   ⚠️  STALE B09HR771DL (kitchen): Page says: Currently unavailable
[2026-07-27 19:16:49]   ⚠️  STALE B0FB4DNM1H (kitchen): Page says: Currently unavailable
[2026-07-27 19:16:50]   ⚠️  STALE B0BH6KKVSP (kitchen): Page says: Currently unavailable
[2026-07-27 19:16:52]   ⚠️  STALE B08CYD9137 (kitchen): Page says: Currently unavailable
[2026-07-27 19:16:53]   ⚠️  STALE B0GT43RBV9 (kitchen): Page says: Currently unavailable
[2026-07-27 19:16:54]   ⚠️  STALE B08XM1B6ZX (kitchen): Page says: Currently unavailable
[2026-07-27 19:16:54]   ⚠️  STALE B0C1QK1XG1 (kitchen): Page says: Currently unavailable
[2026-07-27 19:16:56]   ⚠️  STALE B0DGLVW188 (kitchen): Page says: Currently unavailable
[2026-07-27 19:16:57]   ⚠️  STALE B0GJRJ63JR (kitchen): Page says: Currently unavailable
[2026-07-27 19:16:57]   ⚠️  STALE B0C12WJ5BG (kitchen): Page says: Currently unavailable
[2026-07-27 19:16:59]   ⚠️  STALE B09Z6HGKKK (kitchen): Page says: Currently unavailable
[2026-07-27 19:17:00]   ⚠️  STALE B09Z6JCGQC (kitchen): Page says: Currently unavailable
[2026-07-27 19:17:01]   ⚠️  STALE B09Z6K4SSJ (kitchen): Page says: Currently unavailable
[2026-07-27 19:17:01]   ⚠️  STALE B0DJ2XF8DZ (kitchen): Page says: Currently unavailable
[2026-07-27 19:17:02]   ⚠️  STALE B0BFR5K1YF (kitchen): Page says: Currently unavailable
[2026-07-27 19:17:03]   ⚠️  STALE B0BFR8TJVX (kitchen): Page says: Currently unavailable
[2026-07-27 19:17:04]   ⚠️  STALE B09G6QX21B (kitchen): Page says: Currently unavailable
[2026-07-27 19:17:05]   ⚠️  STALE B0G4LD32JX (kitchen): Page says: Currently unavailable
[2026-07-27 19:17:06]   ⚪ Error checking B011CY8Y78: Response too small (3788 bytes)
[2026-07-27 19:17:06]   ⚠️  STALE B0C3V2KT65 (kitchen): Page says: Currently unavailable
[2026-07-27 19:17:09]   ⚪ Error checking B0FH6YL3XC: Response too small (3788 bytes)
[2026-07-27 19:17:10]   ⚪ Error checking B0D1CWD525: Response too small (3788 bytes)
[2026-07-27 19:17:11]   ⚪ Error checking B0D1FWNSYM: Response too small (3788 bytes)
[2026-07-27 19:17:12]   ⚪ Error checking B0FM2W1YTY: Response too small (3788 bytes)
[2026-07-27 19:17:13]   ⚠️  STALE B016OP6N3M (kitchen): Page says: Currently unavailable
[2026-07-27 19:17:14]   ⚪ Error checking B0GRTLQHSS: Response too small (3788 bytes)
[2026-07-27 19:17:15]   ⚠️  STALE B0GRTKQBCN (kitchen): Page says: Currently unavailable
[2026-07-27 19:17:16]   ⚠️  STALE B0GRTFRMZY (kitchen): Page says: Currently unavailable
[2026-07-27 19:17:16]   ⚠️  STALE B0GRTFNGNL (kitchen): Page says: Currently unavailable
[2026-07-27 19:17:17]   ⚪ Error checking B0D3Z8VWBH: Response too small (3788 bytes)
[2026-07-27 19:17:19]   ⚠️  STALE B0D91CQ69R (kitchen): Page says: Currently unavailable
[2026-07-27 19:17:19]   ⚪ Error checking B094981GTD: Response too small (3788 bytes)
[2026-07-27 19:17:20]   ⚪ Error checking B0B2WDFQL8: Response too small (3788 bytes)
[2026-07-27 19:17:20]   ⚠️  STALE B08F72TY67 (kitchen): Page says: Currently unavailable
[2026-07-27 19:17:21]   ⚠️  STALE B0CS3FBC6W (kitchen): Page says: Currently unavailable
[2026-07-27 19:17:22]   ⚠️  STALE B0CSFM5X73 (kitchen): Page says: Currently unavailable
[2026-07-27 19:17:22]   ⚪ Error checking B0DP8P1N7G: Response too small (3788 bytes)
[2026-07-27 19:17:23]   ⚪ Error checking B0B9BDQTV9: Response too small (3788 bytes)
[2026-07-27 19:17:24]   ⚠️  STALE B0CKY4YGX3 (kitchen): Page says: Currently unavailable
[2026-07-27 19:17:25]   ⚪ Error checking B0BMFKGVXD: Response too small (3788 bytes)
[2026-07-27 19:17:25]   ⚠️  STALE B0B46NPJY9 (kitchen): Page says: Currently unavailable
[2026-07-27 19:17:27]   ⚠️  STALE B07PGFF7W2 (kitchen): Page says: Currently unavailable
[2026-07-27 19:17:28]   ⚪ Error checking B07J5KDFH9: Response too small (3788 bytes)
[2026-07-27 19:17:29]   ⚪ Error checking B0CGZPR3X9: Response too small (3788 bytes)
[2026-07-27 19:17:30]   ⚪ Error checking B0CGZSCZYP: Response too small (3788 bytes)
[2026-07-27 19:17:30]   ⚠️  STALE B08FD64QGT (kitchen): Page says: Currently unavailable
[2026-07-27 19:17:31]   ⚪ Error checking B0CGZR4VNQ: Response too small (3788 bytes)
[2026-07-27 19:17:31]   ⚪ Error checking B0DKC1HCQQ: Response too small (3788 bytes)
[2026-07-27 19:17:33]   ⚪ Error checking B07V4B65VR: Response too small (3788 bytes)
[2026-07-27 19:17:34]   ⚪ Error checking B0BMVLW785: Response too small (3788 bytes)
[2026-07-27 19:17:34]   ⚪ Error checking B08VKWDB46: Response too small (3788 bytes)
[2026-07-27 19:17:35]   ⚠️  STALE B0DC8MWQ8K (kitchen): Page says: Currently unavailable
[2026-07-27 19:17:36]   ⚪ Error checking B0CPBW6N99: Response too small (3788 bytes)
[2026-07-27 19:17:38]   ⚪ Error checking B0G8V8H1T2: Response too small (3788 bytes)
[2026-07-27 19:17:39]   ⚪ Error checking B0H4MMNZ3V: Response too small (3788 bytes)
[2026-07-27 19:17:40]   ⚪ Error checking B00XWDLBKK: Response too small (3788 bytes)
[2026-07-27 19:17:40]   ⚪ Error checking B01N43UELZ: Response too small (3788 bytes)
[2026-07-27 19:17:41]   ⚪ Error checking B07LBCYKT4: Response too small (3788 bytes)
[2026-07-27 19:17:42]   ⚠️  STALE B00004OCKR (kitchen): Page says: Currently unavailable
[2026-07-27 19:17:43]   ⚪ Error checking B0GKNHNS6L: Response too small (3788 bytes)
[2026-07-27 19:17:45]   ⚪ Error checking B0D9WCC5KH: Response too small (3788 bytes)
[2026-07-27 19:17:46]   ⚪ Error checking B00FLYWNYQ: Response too small (3788 bytes)
[2026-07-27 19:17:46]   ⚪ Error checking B06Y1YD5W7: Response too small (3788 bytes)
[2026-07-27 19:17:47]   ⚪ Error checking B01NBKTPTS: Response too small (3788 bytes)
[2026-07-27 19:17:48]   ⚪ Error checking B08DZC32BB: Response too small (3788 bytes)
[2026-07-27 19:17:49]   ⚪ Error checking B089TQWJKK: Response too small (3788 bytes)
[2026-07-27 19:17:49]   ⚠️  STALE B08PPZWNCV (cooking-appliances): Page says: Currently unavailable
[2026-07-27 19:17:50]   ⚠️  STALE B08PQ2KWHS (cooking-appliances): Page says: Currently unavailable
[2026-07-27 19:17:50]   ⚪ Error checking B0C1LDRFSK: Response too small (3788 bytes)
[2026-07-27 19:17:51]   ⚪ Error checking B0CKLXZRMC: Response too small (3788 bytes)
[2026-07-27 19:17:51]   ⚪ Error checking B00LU2I428: Response too small (3788 bytes)
[2026-07-27 19:17:52]   ⚪ Error checking B09NPCV3DC: Response too small (3788 bytes)
[2026-07-27 19:17:53]   ⚠️  STALE B0DCCY5JCP (cooking-appliances): Page says: Currently unavailable
[2026-07-27 19:17:55]   ⚠️  STALE B0F7H7FKMY (cooking-appliances): Page says: Currently unavailable
[2026-07-27 19:17:56]   ⚠️  STALE B0DS5FD8W5 (cooking-appliances): Page says: Currently unavailable
[2026-07-27 19:17:56]   ⚠️  STALE B000WEMGM4 (cooking-appliances): Page says: Currently unavailable
[2026-07-27 19:17:57]   ⚪ Error checking B0GJG929GX: Response too small (3788 bytes)
[2026-07-27 19:17:58]   ⚪ Error checking B07MWY7SJR: Response too small (3788 bytes)
[2026-07-27 19:17:59]   ⚪ Error checking B07XJRF5TW: Response too small (3788 bytes)
[2026-07-27 19:17:59]   ⚪ Error checking B0DHWTBDM3: Response too small (3788 bytes)
[2026-07-27 19:18:00]   ⚪ Error checking B0DHWV615D: Response too small (3788 bytes)
[2026-07-27 19:18:00]   ⚪ Error checking B07KJGR9JZ: Response too small (3788 bytes)
[2026-07-27 19:18:01]   ⚠️  STALE B07XJRF5TW (cooking-appliances): Page says: Currently unavailable
[2026-07-27 19:18:02]   ⚪ Error checking B0GCHT1YFC: Response too small (3788 bytes)
[2026-07-27 19:18:02]   ⚪ Error checking B0828613J4: Response too small (3788 bytes)
[2026-07-27 19:18:03]   ⚪ Error checking B0FKGSLYWJ: Response too small (3788 bytes)
[2026-07-27 19:18:04]   ⚪ Error checking B08M4FD4WR: Response too small (3788 bytes)
[2026-07-27 19:18:04]   ⚪ Error checking B0G2CYCQS9: Response too small (3788 bytes)
[2026-07-27 19:18:05]   ⚪ Error checking B0G2CZYNS1: Response too small (3788 bytes)
[2026-07-27 19:18:05]   ⚠️  STALE B07665GLFH (cooking-appliances): Page says: Currently unavailable
[2026-07-27 19:18:06]   ⚪ Error checking B0G2CXSBBF: Response too small (3788 bytes)
[2026-07-27 19:18:07]   ⚪ Error checking B00IWOJRSM: Response too small (3788 bytes)
[2026-07-27 19:18:07]   ⚪ Error checking B0C33CHG99: Response too small (3788 bytes)
[2026-07-27 19:18:08]   ⚪ Error checking B0CSZ7WBYW: Response too small (3788 bytes)
[2026-07-27 19:18:08]   ⚪ Error checking B07WRM6NJG: Response too small (3788 bytes)
[2026-07-27 19:18:09]   ⚪ Error checking B06Y1YD5W7: Response too small (3788 bytes)
[2026-07-27 19:18:10]   ⚪ Error checking B01NBKTPTS: Response too small (3788 bytes)
[2026-07-27 19:18:11]   ⚠️  STALE B0G2D1SXLQ (cooking-appliances): Page says: Currently unavailable
[2026-07-27 19:18:12]   ⚪ Error checking B09MZTSSR2: Response too small (3788 bytes)
[2026-07-27 19:18:12]   ⚪ Error checking B08DZC32BB: Response too small (3788 bytes)
[2026-07-27 19:18:13]   ⚪ Error checking B089TQWJKK: Response too small (3788 bytes)
[2026-07-27 19:18:13]   ⚪ Error checking B0C1LDRFSK: Response too small (3788 bytes)
[2026-07-27 19:18:14]   ⚪ Error checking B0D7N8HJRZ: Response too small (3788 bytes)
[2026-07-27 19:18:14]   ⚠️  STALE B00FLYWNYQ (best-instant-pots): Page says: Currently unavailable
[2026-07-27 19:18:15]   ⚪ Error checking B0DCCY5JCP: Response too small (3788 bytes)
[2026-07-27 19:18:15]   ⚪ Error checking B0CKLXZRMC: Response too small (3788 bytes)
[2026-07-27 19:18:16]   ⚪ Error checking B00LU2I428: Response too small (3788 bytes)
[2026-07-27 19:18:16]   ⚪ Error checking B0FHBXMFC1: Response too small (3788 bytes)
[2026-07-27 19:18:17]   ⚪ Error checking B0FRB6HNKC: Response too small (3788 bytes)
[2026-07-27 19:18:19]   ⚠️  STALE B09NPCV3DC (best-electric-skillets): Page says: Currently unavailable
[2026-07-27 19:18:19]   ⚠️  STALE B0DS5FD8W5 (best-electric-skillets): Page says: Currently unavailable
[2026-07-27 19:18:20]   ⚪ Error checking B000WEMGM4: Response too small (3788 bytes)
[2026-07-27 19:18:20]   ⚪ Error checking B0CRBK6W7F: Response too small (3788 bytes)
[2026-07-27 19:18:21]   ⚪ Error checking B0GJFWK1PD: Response too small (3788 bytes)
[2026-07-27 19:18:21]   ⚪ Error checking B0GJFW5VTH: Response too small (3788 bytes)
[2026-07-27 19:18:22]   ⚪ Error checking B0GJG929GX: Response too small (3788 bytes)
[2026-07-27 19:18:22]   ⚪ Error checking B07MWY7SJR: Response too small (3788 bytes)
[2026-07-27 19:18:23]   ⚪ Error checking B07XJRF5TW: Response too small (3788 bytes)
[2026-07-27 19:18:23]   ⚪ Error checking B0DHWTBDM3: Response too small (3788 bytes)
[2026-07-27 19:18:24]   ⚪ Error checking B0DHWV615D: Response too small (3788 bytes)
[2026-07-27 19:18:24]   ⚪ Error checking B0DHWRHKSM: Response too small (3788 bytes)
[2026-07-27 19:18:25]   ⚪ Error checking B07KJGR9JZ: Response too small (3788 bytes)
[2026-07-27 19:18:25]   ⚠️  STALE B0F7H7FKMY (best-electric-skillets): Page says: Currently unavailable
[2026-07-27 19:18:26]   ⚪ Error checking B0828613J4: Response too small (3788 bytes)
[2026-07-27 19:18:27]   ⚪ Error checking B0FKGSLYWJ: Response too small (3788 bytes)
[2026-07-27 19:18:28]   ⚠️  STALE B07665GLFH (best-deep-fryers): Page says: Currently unavailable
[2026-07-27 19:18:28]   ⚪ Error checking B0FGD197QX: Response too small (3788 bytes)
[2026-07-27 19:18:29]   ⚪ Error checking B08M4FD4WR: Response too small (3788 bytes)
[2026-07-27 19:18:29]   ⚪ Error checking B0G2CYCQS9: Response too small (3788 bytes)
[2026-07-27 19:18:30]   ⚪ Error checking B0G2CZYNS1: Response too small (3788 bytes)
[2026-07-27 19:18:30]   ⚪ Error checking B0G2CXSBBF: Response too small (3788 bytes)
[2026-07-27 19:18:31]   ⚪ Error checking B00IWOJRSM: Response too small (3788 bytes)
[2026-07-27 19:18:31]   ⚪ Error checking B001L3AI0M: Response too small (3788 bytes)
[2026-07-27 19:18:32]   ⚪ Error checking B08W41ZN2P: Response too small (3788 bytes)
[2026-07-27 19:18:32]   ⚠️  STALE B0GCHT1YFC (best-food-dehydrators): Page says: Currently unavailable
[2026-07-27 19:18:33]   ⚪ Error checking B0CWGV674H: Response too small (3788 bytes)
[2026-07-27 19:18:33]   ⚪ Error checking B07DD3CPMW: Response too small (3788 bytes)
[2026-07-27 19:18:35]   ⚠️  STALE B0FVFMFRKR (baking): Page says: Currently unavailable
[2026-07-27 19:18:35]   ⚪ Error checking B0CHZBZ25Y: Response too small (3788 bytes)
[2026-07-27 19:18:36]   ⚪ Error checking B09ZHZ3L5Z: Response too small (3788 bytes)
[2026-07-27 19:18:37]   ⚪ Error checking B0C9SY6R4H: Response too small (3788 bytes)
[2026-07-27 19:18:37]   ⚪ Error checking B0924GVJTS: Response too small (3788 bytes)
[2026-07-27 19:18:38]   ⚪ Error checking B0BHYZ1KH7: Response too small (3788 bytes)
[2026-07-27 19:18:38]   ⚪ Error checking B07C8V4FDR: Response too small (3788 bytes)
[2026-07-27 19:18:39]   ⚠️  STALE B07DD385JN (baking): Page says: Currently unavailable
[2026-07-27 19:18:40]   ⚠️  STALE B00VA5HG0Q (baking): Page says: Currently unavailable
[2026-07-27 19:18:40]   ⚪ Error checking B09YMQMBDT: Response too small (3788 bytes)
[2026-07-27 19:18:41]   ⚪ Error checking B0026RHI3M: Response too small (3788 bytes)
[2026-07-27 19:18:42]   ⚪ Error checking B08ZMVYWMD: Response too small (3788 bytes)
[2026-07-27 19:18:42]   ⚪ Error checking B005D6GFFA: Response too small (3788 bytes)
[2026-07-27 19:18:43]   ⚠️  STALE B0049C2S32 (baking): Page says: Currently unavailable
[2026-07-27 19:18:43]   ⚪ Error checking B08RCKDZZN: Response too small (3788 bytes)
[2026-07-27 19:18:44]   ⚪ Error checking B0CPPCV11Y: Response too small (3788 bytes)
[2026-07-27 19:18:44]   ⚪ Error checking B0CX56FQBR: Response too small (3788 bytes)
[2026-07-27 19:18:45]   ⚪ Error checking B0FHKNX6TF: Response too small (3788 bytes)
[2026-07-27 19:18:46]   ⚪ Error checking B07CTH3722: Response too small (3788 bytes)
[2026-07-27 19:18:46]   ⚪ Error checking B0DBLKMPCG: Response too small (3788 bytes)
[2026-07-27 19:18:47]   ⚠️  STALE B0C5JG697C (baking): Page says: Currently unavailable
[2026-07-27 19:18:48]   ⚪ Error checking B0F9PD5LP4: Response too small (3788 bytes)
[2026-07-27 19:18:48]   ⚪ Error checking B08W41ZN2P: Response too small (3788 bytes)
[2026-07-27 19:18:49]   ⚪ Error checking B0CWGV674H: Response too small (3788 bytes)
[2026-07-27 19:18:49]   ⚪ Error checking B001CH0ZLE: Response too small (3788 bytes)
[2026-07-27 19:18:50]   ⚪ Error checking B08FB31NH5: Response too small (3788 bytes)
[2026-07-27 19:18:50]   ⚪ Error checking B0FVFMFRKR: Response too small (3788 bytes)
[2026-07-27 19:18:51]   ⚪ Error checking B07DD385JN: Response too small (3788 bytes)
[2026-07-27 19:18:52]   ⚠️  STALE B001L3AI0M (best-stand-mixers): Page says: Currently unavailable
[2026-07-27 19:18:52]   ⚪ Error checking B0924GVJTS: Response too small (3788 bytes)
[2026-07-27 19:18:53]   ⚠️  STALE B07DD3CPMW (best-hand-mixers): Page says: Currently unavailable
[2026-07-27 19:18:53]   ⚪ Error checking B09ZHZ3L5Z: Response too small (3788 bytes)
[2026-07-27 19:18:54]   ⚪ Error checking B0C9SY6R4H: Response too small (3788 bytes)
[2026-07-27 19:18:54]   ⚪ Error checking B0BHYZ1KH7: Response too small (3788 bytes)
[2026-07-27 19:18:55]   ⚪ Error checking B0H4141HVT: Response too small (3788 bytes)
[2026-07-27 19:18:55]   ⚪ Error checking B07C8V4FDR: Response too small (3788 bytes)
[2026-07-27 19:18:56]   ⚪ Error checking B01COO5O50: Response too small (3788 bytes)
[2026-07-27 19:18:56]   ⚠️  STALE B0CHZBZ25Y (best-dutch-ovens): Page says: Currently unavailable
[2026-07-27 19:18:57]   ⚪ Error checking B0049C2S32: Response too small (3788 bytes)
[2026-07-27 19:18:57]   ⚪ Error checking B088P9H3V7: Response too small (3788 bytes)
[2026-07-27 19:18:58]   ⚠️  STALE B00VA5HG0Q (best-dutch-ovens): Page says: Currently unavailable
[2026-07-27 19:18:58]   ⚪ Error checking B08ZMVYWMD: Response too small (3788 bytes)
[2026-07-27 19:18:59]   ⚪ Error checking B005D6GFFA: Response too small (3788 bytes)
[2026-07-27 19:18:59]   ⚪ Error checking B082HCZ44Z: Response too small (3788 bytes)
[2026-07-27 19:19:00]   ⚠️  STALE B0C5JG697C (best-baking-sheets): Page says: Currently unavailable
[2026-07-27 19:19:01]   ⚪ Error checking B0FHKNX6TF: Response too small (3788 bytes)
[2026-07-27 19:19:02]   ⚪ Error checking B07CTH3722: Response too small (3788 bytes)
[2026-07-27 19:19:02]   ⚪ Error checking B0DBLKMPCG: Response too small (3788 bytes)
[2026-07-27 19:19:03]   ⚪ Error checking B0F9PD5LP4: Response too small (3788 bytes)
[2026-07-27 19:19:03]   ⚠️  STALE B08RCKDZZN (best-rolling-pins): Page says: Currently unavailable
[2026-07-27 19:19:04]   ⚠️  STALE B0CPPCV11Y (best-rolling-pins): Page says: Currently unavailable
[2026-07-27 19:19:04]   ⚪ Error checking B08JXHQ3YF: Response too small (3788 bytes)
[2026-07-27 19:19:05]   ⚪ Error checking B09SH9XH37: Response too small (3788 bytes)
[2026-07-27 19:19:05]   ⚪ Error checking B09SHCHNNH: Response too small (3788 bytes)
[2026-07-27 19:19:06]   ⚪ Error checking B09SHBCJ5W: Response too small (3788 bytes)
[2026-07-27 19:19:07]   ⚠️  STALE B07M7M898T (best-cake-decorating-kits): Page says: Currently unavailable
[2026-07-27 19:19:07]   ⚠️  STALE B08559K7CN (blending-and-processing): Page says: Currently unavailable
[2026-07-27 19:19:08]   ⚪ Error checking B0CDM1FZBX: Response too small (3788 bytes)
[2026-07-27 19:19:09]   ⚪ Error checking B0H1R8VHZV: Response too small (3788 bytes)
[2026-07-27 19:19:10]   ⚠️  STALE B08CF77W3B (blending-and-processing): Page says: Currently unavailable
[2026-07-27 19:19:10]   ⚪ Error checking B0H217RFDG: Response too small (3788 bytes)
[2026-07-27 19:19:11]   ⚪ Error checking B0G2VVYW93: Response too small (3788 bytes)
[2026-07-27 19:19:11]   ⚪ Error checking B0F83M3QYX: Response too small (3788 bytes)
[2026-07-27 19:19:12]   ⚪ Error checking B074MMJV8N: Response too small (3788 bytes)
[2026-07-27 19:19:12]   ⚠️  STALE B09P8C9Q1H (blending-and-processing): Page says: Currently unavailable
[2026-07-27 19:19:13]   ⚪ Error checking B093DYPBYR: Response too small (3788 bytes)
[2026-07-27 19:19:13]   ⚪ Error checking B01GJOMWVA: Response too small (3788 bytes)
[2026-07-27 19:19:14]   ⚪ Error checking B00MVWGQX0: Response too small (3788 bytes)
[2026-07-27 19:19:15]   ⚪ Error checking B0D9QGF1WX: Response too small (3788 bytes)
[2026-07-27 19:19:15]   ⚪ Error checking B077K9YW7D: Response too small (3788 bytes)
[2026-07-27 19:19:16]   ⚪ Error checking B01CTIYU60: Response too small (3788 bytes)
[2026-07-27 19:19:17]   ⚠️  STALE B0BR8HZL9V (blending-and-processing): Page says: Currently unavailable
[2026-07-27 19:19:17]   ⚪ Error checking B0CGWS1M51: Response too small (3788 bytes)
[2026-07-27 19:19:18]   ⚪ Error checking B0DDKGDCDY: Response too small (3788 bytes)
[2026-07-27 19:19:18]   ⚪ Error checking B08BGB9Q62: Response too small (3788 bytes)
[2026-07-27 19:19:19]   ⚪ Error checking B0FY3YWNQN: Response too small (3788 bytes)
[2026-07-27 19:19:19]   ⚪ Error checking B0GX63LBSZ: Response too small (3788 bytes)
[2026-07-27 19:19:20]   ⚪ Error checking B0FX9LDLMX: Response too small (3788 bytes)
[2026-07-27 19:19:20]   ⚪ Error checking B0GFJTQSBQ: Response too small (3788 bytes)
[2026-07-27 19:19:21]   ⚪ Error checking B0FVXHV6GP: Response too small (3788 bytes)
[2026-07-27 19:19:21]   ⚪ Error checking B0GYPVM45R: Response too small (3788 bytes)
[2026-07-27 19:19:22]   ⚪ Error checking B0GTPXHMNQ: Response too small (3788 bytes)
[2026-07-27 19:19:22]   ⚪ Error checking B0GTQ9PKPJ: Response too small (3788 bytes)
[2026-07-27 19:19:23]   ⚠️  STALE B07S98411N (blending-and-processing): Page says: Currently unavailable
[2026-07-27 19:19:23]   ⚪ Error checking B0GTPY8H3L: Response too small (3788 bytes)
[2026-07-27 19:19:24]   ⚪ Error checking B0GTPZ5TC3: Response too small (3788 bytes)
[2026-07-27 19:19:24]   ⚪ Error checking B0DQ7954NG: Response too small (3788 bytes)
[2026-07-27 19:19:25]   ⚪ Error checking B0F913GLMC: Response too small (3788 bytes)
[2026-07-27 19:19:26]   ⚪ Error checking B0DBQJ4MRS: Response too small (3788 bytes)
[2026-07-27 19:19:26]   ⚪ Error checking B0GSHRF4SB: Response too small (3788 bytes)
[2026-07-27 19:19:27]   ⚪ Error checking B0GTLM8B99: Response too small (3788 bytes)
[2026-07-27 19:19:27]   ⚪ Error checking B08559K7CN: Response too small (3788 bytes)
[2026-07-27 19:19:28]   ⚪ Error checking B09SH9XH37: Response too small (3788 bytes)
[2026-07-27 19:19:28]   ⚪ Error checking B09SHCHNNH: Response too small (3788 bytes)
[2026-07-27 19:19:29]   ⚪ Error checking B09SHBCJ5W: Response too small (3788 bytes)
[2026-07-27 19:19:29]   ⚪ Error checking B076MJSRRC: Response too small (3788 bytes)
[2026-07-27 19:19:30]   ⚠️  STALE B0GTM8CJ7K (blending-and-processing): Page says: Currently unavailable
[2026-07-27 19:19:31]   ⚪ Error checking B09P8C9Q1H: Response too small (3788 bytes)
[2026-07-27 19:19:31]   ⚪ Error checking B08CF77W3B: Response too small (3788 bytes)
[2026-07-27 19:19:32]   ⚪ Error checking B0CDM1FZBX: Response too small (3788 bytes)
[2026-07-27 19:19:32]   ⚪ Error checking B0H1R8VHZV: Response too small (3788 bytes)
[2026-07-27 19:19:33]   ⚪ Error checking B0H217RFDG: Response too small (3788 bytes)
[2026-07-27 19:19:33]   ⚪ Error checking B0H4QTPNZ3: Response too small (3788 bytes)
[2026-07-27 19:19:34]   ⚪ Error checking B0G2VVYW93: Response too small (3788 bytes)
[2026-07-27 19:19:35]   ⚪ Error checking B074MMJV8N: Response too small (3788 bytes)
[2026-07-27 19:19:35]   ⚪ Error checking B0FBSP99LX: Response too small (3788 bytes)
[2026-07-27 19:19:36]   ⚪ Error checking B093DYPBYR: Response too small (3788 bytes)
[2026-07-27 19:19:37]   ⚠️  STALE B0CPLVLFK2 (best-immersion-blenders): Page says: Currently unavailable
[2026-07-27 19:19:37]   ⚪ Error checking B01GJOMWVA: Response too small (3788 bytes)
[2026-07-27 19:19:38]   ⚪ Error checking B00MVWGQX0: Response too small (3788 bytes)
[2026-07-27 19:19:38]   ⚪ Error checking B0D9QGF1WX: Response too small (3788 bytes)
[2026-07-27 19:19:39]   ⚪ Error checking B07S98411N: Response too small (3788 bytes)
[2026-07-27 19:19:39]   ⚪ Error checking B077K9YW7D: Response too small (3788 bytes)
[2026-07-27 19:19:40]   ⚪ Error checking B01CTIYU60: Response too small (3788 bytes)
[2026-07-27 19:19:40]   ⚪ Error checking B0BWMNPJKH: Response too small (3788 bytes)
[2026-07-27 19:19:41]   ⚪ Error checking B0CGWS1M51: Response too small (3788 bytes)
[2026-07-27 19:19:41]   ⚪ Error checking B08BGB9Q62: Response too small (3788 bytes)
[2026-07-27 19:19:42]   ⚪ Error checking B0FY3YWNQN: Response too small (3788 bytes)
[2026-07-27 19:19:43]   ⚪ Error checking B0GX63LBSZ: Response too small (3788 bytes)
[2026-07-27 19:19:43]   ⚪ Error checking B0FX9LDLMX: Response too small (3788 bytes)
[2026-07-27 19:19:44]   ⚪ Error checking B0GFJTQSBQ: Response too small (3788 bytes)
[2026-07-27 19:19:44]   ⚪ Error checking B0FVXHV6GP: Response too small (3788 bytes)
[2026-07-27 19:19:45]   ⚪ Error checking B0GYPVM45R: Response too small (3788 bytes)
[2026-07-27 19:19:45]   ⚪ Error checking B0GTQ9PKPJ: Response too small (3788 bytes)
[2026-07-27 19:19:46]   ⚪ Error checking B0GTPY8H3L: Response too small (3788 bytes)
[2026-07-27 19:19:46]   ⚠️  STALE B0DDKGDCDY (best-cold-brew-makers): Page says: Currently unavailable
[2026-07-27 19:19:47]   ⚪ Error checking B0DQ7954NG: Response too small (3788 bytes)
[2026-07-27 19:19:48]   ⚪ Error checking B0F913GLMC: Response too small (3788 bytes)
[2026-07-27 19:19:50]   ⚪ Error checking B0GSHRF4SB: Response too small (3788 bytes)
[2026-07-27 19:19:50]   ⚪ Error checking B09ZV37WC6: Response too small (3788 bytes)
[2026-07-27 19:19:51]   ⚪ Error checking B09Y25BY8G: Response too small (3788 bytes)
[2026-07-27 19:19:51]   ⚪ Error checking B07W99LGGT: Response too small (3788 bytes)
[2026-07-27 19:19:52]   ⚪ Error checking B086PHS2V8: Response too small (3788 bytes)
[2026-07-27 19:19:52]   ⚪ Error checking B08CS95K8L: Response too small (3788 bytes)
[2026-07-27 19:19:53]   ⚪ Error checking B09S12WX42: Response too small (3788 bytes)
[2026-07-27 19:19:53]   ⚪ Error checking B09S158K61: Response too small (3788 bytes)
[2026-07-27 19:19:54]   ⚪ Error checking B0FVW82JFG: Response too small (3788 bytes)
[2026-07-27 19:19:54]   ⚠️  STALE B0GTLM8B99 (best-nut-milk-makers): Page says: Currently unavailable
[2026-07-27 19:19:55]   ⚠️  STALE B0CJ6NT4F8 (best-nut-milk-makers): Page says: Currently unavailable
[2026-07-27 19:19:55]   ⚪ Error checking B001AS8ZU8: Response too small (3788 bytes)
[2026-07-27 19:19:56]   ⚪ Error checking B08CZWT4XD: Response too small (3788 bytes)
[2026-07-27 19:19:56]   ⚠️  STALE B0FB4DNM1H (cookware): Page says: Currently unavailable
[2026-07-27 19:19:57]   ⚠️  STALE B09HR771DL (cookware): Page says: Currently unavailable
[2026-07-27 19:19:57]   ⚪ Error checking B08CYD9137: Response too small (3788 bytes)
[2026-07-27 19:19:58]   ⚪ Error checking B0GT49W5FF: Response too small (3788 bytes)
[2026-07-27 19:19:59]   ⚪ Error checking B08XLDWJYV: Response too small (3788 bytes)
[2026-07-27 19:20:00]   ⚪ Error checking B0C8HPJW4J: Response too small (3788 bytes)
[2026-07-27 19:20:01]   ⚪ Error checking B0C1QK1XG1: Response too small (3788 bytes)
[2026-07-27 19:20:01]   ⚪ Error checking B0B2K47S1T: Response too small (3788 bytes)
[2026-07-27 19:20:02]   ⚪ Error checking B0DGLVW188: Response too small (3788 bytes)
[2026-07-27 19:20:02]   ⚪ Error checking B0GJRJ63JR: Response too small (3788 bytes)
[2026-07-27 19:20:03]   ⚪ Error checking B0C12WJ5BG: Response too small (3788 bytes)
[2026-07-27 19:20:03]   ⚪ Error checking B0H1W5JDXB: Response too small (3788 bytes)
[2026-07-27 19:20:04]   ⚪ Error checking B0BTTLVYJW: Response too small (3788 bytes)
[2026-07-27 19:20:04]   ⚪ Error checking B083NT96KR: Response too small (3788 bytes)
[2026-07-27 19:20:05]   ⚪ Error checking B09Z6HGKKK: Response too small (3788 bytes)
[2026-07-27 19:20:05]   ⚪ Error checking B09Z6HCZH3: Response too small (3788 bytes)
[2026-07-27 19:20:06]   ⚪ Error checking B09Z6JCGQC: Response too small (3788 bytes)
[2026-07-27 19:20:07]   ⚪ Error checking B09Z6K4SSJ: Response too small (3788 bytes)
[2026-07-27 19:20:07]   ⚪ Error checking B0DJ2YM5H1: Response too small (3788 bytes)
[2026-07-27 19:20:08]   ⚪ Error checking B09ZV37WC6: Response too small (3788 bytes)
[2026-07-27 19:20:08]   ⚠️  STALE B08XM1B6ZX (cookware): Page says: Currently unavailable
[2026-07-27 19:20:09]   ⚪ Error checking B09Y25BY8G: Response too small (3788 bytes)
[2026-07-27 19:20:09]   ⚪ Error checking B08CS95K8L: Response too small (3788 bytes)
[2026-07-27 19:20:10]   ⚪ Error checking B086PHS2V8: Response too small (3788 bytes)
[2026-07-27 19:20:10]   ⚪ Error checking B09HR771DL: Response too small (3788 bytes)
[2026-07-27 19:20:11]   ⚪ Error checking B09S12WX42: Response too small (3788 bytes)
[2026-07-27 19:20:11]   ⚪ Error checking B0FVW82JFG: Response too small (3788 bytes)
[2026-07-27 19:20:12]   ⚪ Error checking B0FB4DNM1H: Response too small (3788 bytes)
[2026-07-27 19:20:13]   ⚪ Error checking B001AS8ZU8: Response too small (3788 bytes)
[2026-07-27 19:20:13]   ⚪ Error checking B0BH6KKVSP: Response too small (3788 bytes)
[2026-07-27 19:20:14]   ⚪ Error checking B08CYD9137: Response too small (3788 bytes)
[2026-07-27 19:20:15]   ⚪ Error checking B0GT4S98NK: Response too small (3788 bytes)
[2026-07-27 19:20:15]   ⚪ Error checking B0GT49W5FF: Response too small (3788 bytes)
[2026-07-27 19:20:16]   ⚪ Error checking B0GT43RBV9: Response too small (3788 bytes)
[2026-07-27 19:20:16]   ⚪ Error checking B08XM1B6ZX: Response too small (3788 bytes)
[2026-07-27 19:20:17]   ⚪ Error checking B08XLDWJYV: Response too small (3788 bytes)
[2026-07-27 19:20:17]   ⚪ Error checking B0C1QK1XG1: Response too small (3788 bytes)
[2026-07-27 19:20:18]   ⚪ Error checking B0B2K47S1T: Response too small (3788 bytes)
[2026-07-27 19:20:18]   ⚪ Error checking B0DGLVW188: Response too small (3788 bytes)
[2026-07-27 19:20:19]   ⚠️  STALE B08CZWT4XD (best-carbon-steel-pans): Page says: Currently unavailable
[2026-07-27 19:20:20]   ⚪ Error checking B0GJRJ63JR: Response too small (3788 bytes)
[2026-07-27 19:20:21]   ⚪ Error checking B0C12WJ5BG: Response too small (3788 bytes)
[2026-07-27 19:20:21]   ⚪ Error checking B0H1W5JDXB: Response too small (3788 bytes)
[2026-07-27 19:20:22]   ⚪ Error checking B083NT96KR: Response too small (3788 bytes)
[2026-07-27 19:20:22]   ⚪ Error checking B09Z6HGKKK: Response too small (3788 bytes)
[2026-07-27 19:20:23]   ⚠️  STALE B0CF2NBX28 (best-stock-pots): Page says: Currently unavailable
[2026-07-27 19:20:23]   ⚪ Error checking B09Z6HCZH3: Response too small (3788 bytes)
[2026-07-27 19:20:24]   ⚪ Error checking B09Z6JCGQC: Response too small (3788 bytes)
[2026-07-27 19:20:24]   ⚪ Error checking B09Z6K4SSJ: Response too small (3788 bytes)
[2026-07-27 19:20:25]   ⚪ Error checking B0DJ2XF8DZ: Response too small (3788 bytes)
[2026-07-27 19:20:25]   ⚪ Error checking B0DJ2YM5H1: Response too small (3788 bytes)
[2026-07-27 19:20:26]   ⚪ Error checking B09B9Q8TMC: Response too small (3788 bytes)
[2026-07-27 19:20:27]   ⚪ Error checking B09G6QX21B: Response too small (3788 bytes)
[2026-07-27 19:20:27]   ⚪ Error checking B0C1CFYQ5F: Response too small (3788 bytes)
[2026-07-27 19:20:28]   ⚪ Error checking B0G4LD32JX: Response too small (3788 bytes)
[2026-07-27 19:20:28]   ⚪ Error checking B0C3V2KT65: Response too small (3788 bytes)
[2026-07-27 19:20:29]   ⚪ Error checking B000PS1HS6: Response too small (3788 bytes)
[2026-07-27 19:20:30]   ⚪ Error checking B011CY8Y78: Response too small (3788 bytes)
[2026-07-27 19:20:31]   ⚪ Error checking B0D2P1HSCV: Response too small (3788 bytes)
[2026-07-27 19:20:31]   ⚪ Error checking B0GWNK6DX9: Response too small (3788 bytes)
[2026-07-27 19:20:32]   ⚪ Error checking B016OP6N3M: Response too small (3788 bytes)
[2026-07-27 19:20:32]   ⚪ Error checking B07WFF17BQ: Response too small (3788 bytes)
[2026-07-27 19:20:33]   ⚪ Error checking B0FH6YL3XC: Response too small (3788 bytes)
[2026-07-27 19:20:33]   ⚪ Error checking B0D7M8QB9Y: Response too small (3788 bytes)
[2026-07-27 19:20:34]   ⚪ Error checking B0FM323HPY: Response too small (3788 bytes)
[2026-07-27 19:20:35]   ⚪ Error checking B0D1FWNSYM: Response too small (3788 bytes)
[2026-07-27 19:20:35]   ⚪ Error checking B0D1CWD525: Response too small (3788 bytes)
[2026-07-27 19:20:36]   ⚪ Error checking B0FM2W1YTY: Response too small (3788 bytes)
[2026-07-27 19:20:36]   ⚪ Error checking B0FM2YQ5HV: Response too small (3788 bytes)
[2026-07-27 19:20:37]   ⚪ Error checking B0FM2WXZKR: Response too small (3788 bytes)
[2026-07-27 19:20:37]   ⚪ Error checking B0BFR8TJVX: Response too small (3788 bytes)
[2026-07-27 19:20:38]   ⚪ Error checking B09B9Q8TMC: Response too small (3788 bytes)
[2026-07-27 19:22:24] ============================================================
[2026-07-27 19:22:24] whatarebest.com product staleness check starting
[2026-07-27 19:22:24] Extracting ASINs from build script...
[2026-07-27 19:22:24] Found 421 categories with 5367 total ASINs
[2026-07-27 19:22:24] Priority (not checked in 48h): 421 slugs
[2026-07-27 19:22:24] Already recent: 0 slugs
[2026-07-27 19:22:24] Checking 1351 ASINs across 100 categories...
[2026-07-27 19:22:24]   ⚪ Error checking B0CSZ7WBYW: Response too small (3788 bytes)
[2026-07-27 19:22:25]   ⚪ Error checking B0C33CHG99: Response too small (3788 bytes)
[2026-07-27 19:22:25]   ⚪ Error checking B07WRM6NJG: Response too small (3788 bytes)
[2026-07-27 19:22:26]   ⚪ Error checking B0D9WCC5KH: Response too small (3788 bytes)
[2026-07-27 19:22:26]   ⚪ Error checking B00FLYWNYQ: Response too small (3788 bytes)
[2026-07-27 19:22:27]   ⚪ Error checking B06Y1YD5W7: Response too small (3788 bytes)
[2026-07-27 19:22:27]   ⚪ Error checking B01NBKTPTS: Response too small (3788 bytes)
[2026-07-27 19:22:28]   ⚪ Error checking B08PPZWNCV: Response too small (3788 bytes)
[2026-07-27 19:22:28]   ⚪ Error checking B08PQ2KWHS: Response too small (3788 bytes)
[2026-07-27 19:22:29]   ⚪ Error checking B089TQWJKK: Response too small (3788 bytes)
[2026-07-27 19:22:29]   ⚪ Error checking B09MZTSSR2: Response too small (3788 bytes)
[2026-07-27 19:22:30]   ⚪ Error checking B0C1LDRFSK: Response too small (3788 bytes)
[2026-07-27 19:22:30]   ⚪ Error checking B0D7N8HJRZ: Response too small (3788 bytes)
[2026-07-27 19:22:31]   ⚪ Error checking B0CKLXZRMC: Response too small (3788 bytes)
[2026-07-27 19:22:31]   ⚠️  STALE B08DZC32BB (kitchen): Page says: Currently unavailable
[2026-07-27 19:22:32]   ⚪ Error checking B09NPCV3DC: Response too small (3788 bytes)
[2026-07-27 19:22:32]   ⚪ Error checking B0FHBXMFC1: Response too small (3788 bytes)
[2026-07-27 19:22:33]   ⚪ Error checking B0FRB6HNKC: Response too small (3788 bytes)
[2026-07-27 19:22:33]   ⚪ Error checking B0BYLX91ZL: Response too small (3788 bytes)
[2026-07-27 19:22:35]   ⚪ Error checking B0F7H7FKMY: Response too small (3788 bytes)
[2026-07-27 19:22:35]   ⚪ Error checking B0DS5FD8W5: Response too small (3788 bytes)
[2026-07-27 19:22:36]   ⚠️  STALE B0DCCY5JCP (kitchen): Page says: Currently unavailable
[2026-07-27 19:22:36]   ⚪ Error checking B0CRBK6W7F: Response too small (3788 bytes)
[2026-07-27 19:22:37]   ⚪ Error checking B0GJFW5VTH: Response too small (3788 bytes)
[2026-07-27 19:22:37]   ⚪ Error checking B000WEMGM4: Response too small (3788 bytes)
[2026-07-27 19:22:38]   ⚪ Error checking B0GJFWK1PD: Response too small (3788 bytes)
[2026-07-27 19:22:38]   ⚪ Error checking B0GJG929GX: Response too small (3788 bytes)
[2026-07-27 19:22:39]   ⚪ Error checking B07XJRF5TW: Response too small (3788 bytes)
[2026-07-27 19:22:39]   ⚪ Error checking B07MWY7SJR: Response too small (3788 bytes)
[2026-07-27 19:24:48] ============================================================
[2026-07-27 19:24:48] whatarebest.com product staleness check starting
[2026-07-27 19:24:48] Extracting ASINs from build script...
[2026-07-27 19:24:48] Found 421 categories with 5367 total ASINs
[2026-07-27 19:24:48] Priority (not checked in 48h): 421 slugs
[2026-07-27 19:24:48] Already recent: 0 slugs
[2026-07-27 19:24:48] Checking 1351 ASINs across 100 categories...
[2026-07-27 19:24:48]   ⚪ Error checking B0D9WCC5KH: Response too small (3788 bytes)
[2026-07-27 19:24:49]   ⚪ Error checking B0CSZ7WBYW: Response too small (3788 bytes)
[2026-07-27 19:24:49]   ⚪ Error checking B0C33CHG99: Response too small (3788 bytes)
[2026-07-27 19:24:50]   ⚪ Error checking B07WRM6NJG: Response too small (3788 bytes)
[2026-07-27 19:24:50]   ⚪ Error checking B06Y1YD5W7: Response too small (3788 bytes)
[2026-07-27 19:24:51]   ⚪ Error checking B00FLYWNYQ: Response too small (3788 bytes)
[2026-07-27 19:24:51]   ⚪ Error checking B01NBKTPTS: Response too small (3788 bytes)
[2026-07-27 19:24:52]   ⚪ Error checking B08PQ2KWHS: Response too small (3788 bytes)
[2026-07-27 19:24:52]   ⚪ Error checking B09MZTSSR2: Response too small (3788 bytes)
[2026-07-27 19:24:53]   ⚪ Error checking B08DZC32BB: Response too small (3788 bytes)
[2026-07-27 19:24:53]   ⚪ Error checking B0D7N8HJRZ: Response too small (3788 bytes)
[2026-07-27 19:24:54]   ⚪ Error checking B089TQWJKK: Response too small (3788 bytes)
[2026-07-27 19:24:54]   ⚪ Error checking B0C1LDRFSK: Response too small (3788 bytes)
[2026-07-27 19:24:55]   ⚪ Error checking B00LU2I428: Response too small (3788 bytes)
[2026-07-27 19:24:55]   ⚪ Error checking B0CKLXZRMC: Response too small (3788 bytes)
[2026-07-27 19:24:56]   ⚪ Error checking B0B4T992R8: Response too small (3788 bytes)
[2026-07-27 19:24:57]   ⚪ Error checking B09NPCV3DC: Response too small (3788 bytes)
[2026-07-27 19:24:57]   ⚪ Error checking B0FHBXMFC1: Response too small (3788 bytes)
[2026-07-27 19:24:58]   ⚪ Error checking B0FRB6HNKC: Response too small (3788 bytes)
[2026-07-27 19:24:59]   ⚪ Error checking B0BYLX91ZL: Response too small (3788 bytes)
[2026-07-27 19:24:59]   ⚪ Error checking B0DS5FD8W5: Response too small (3788 bytes)
[2026-07-27 19:25:00]   ⚪ Error checking B000WEMGM4: Response too small (3788 bytes)
[2026-07-27 19:25:01]   ⚪ Error checking B0CRBK6W7F: Response too small (3788 bytes)
[2026-07-27 19:25:01]   ⚪ Error checking B0GJG929GX: Response too small (3788 bytes)
[2026-07-27 19:25:02]   ⚪ Error checking B0GJFW5VTH: Response too small (3788 bytes)
[2026-07-27 19:25:02]   ⚪ Error checking B07MWY7SJR: Response too small (3788 bytes)
[2026-07-27 19:25:03]   ⚪ Error checking B07XJRF5TW: Response too small (3788 bytes)
[2026-07-27 19:25:03]   ⚪ Error checking B07XJRF5TW: Response too small (3788 bytes)
[2026-07-27 19:25:04]   ⚪ Error checking B0DHWTBDM3: Response too small (3788 bytes)
[2026-07-27 19:25:04]   ⚪ Error checking B0DHWV615D: Response too small (3788 bytes)
[2026-07-27 19:25:05]   ⚪ Error checking B0DHWRHKSM: Response too small (3788 bytes)
[2026-07-27 19:25:06]   ⚪ Error checking B07665GLFH: Response too small (3788 bytes)
[2026-07-27 19:25:06]   ⚪ Error checking B07KJGR9JZ: Response too small (3788 bytes)
[2026-07-27 19:25:07]   ⚪ Error checking B0828613J4: Response too small (3788 bytes)
[2026-07-27 19:25:07]   ⚪ Error checking B0GCHT1YFC: Response too small (3788 bytes)
[2026-07-27 19:25:08]   ⚪ Error checking B0FQ4WZBTT: Response too small (3788 bytes)
[2026-07-27 19:25:08]   ⚪ Error checking B0FGD197QX: Response too small (3788 bytes)
[2026-07-27 19:25:09]   ⚪ Error checking B0G2CYCQS9: Response too small (3788 bytes)
[2026-07-27 19:25:10]   ⚪ Error checking B0G2CZYNS1: Response too small (3788 bytes)
[2026-07-27 19:25:10]   ⚪ Error checking B0G2CXSBBF: Response too small (3788 bytes)
[2026-07-27 19:25:11]   ⚪ Error checking B0G2D1SXLQ: Response too small (3788 bytes)
[2026-07-27 19:25:11]   ⚪ Error checking B00IWOJRSM: Response too small (3788 bytes)
[2026-07-27 19:25:12]   ⚪ Error checking B08W41ZN2P: Response too small (3788 bytes)
[2026-07-27 19:25:13]   ⚪ Error checking B001L3AI0M: Response too small (3788 bytes)
[2026-07-27 19:25:14]   ⚪ Error checking B0CWGV674H: Response too small (3788 bytes)
[2026-07-27 19:25:14]   ⚪ Error checking B001CH0ZLE: Response too small (3788 bytes)
[2026-07-27 19:25:15]   ⚪ Error checking B08FB31NH5: Response too small (3788 bytes)
[2026-07-27 19:25:15]   ⚪ Error checking B0FVFMFRKR: Response too small (3788 bytes)
[2026-07-27 19:25:16]   ⚪ Error checking B07DD385JN: Response too small (3788 bytes)
[2026-07-27 19:25:16]   ⚪ Error checking B07DD3CPMW: Response too small (3788 bytes)
[2026-07-27 19:25:17]   ⚪ Error checking B0CHZBZ25Y: Response too small (3788 bytes)
[2026-07-27 19:25:17]   ⚪ Error checking B00VA5HG0Q: Response too small (3788 bytes)
[2026-07-27 19:25:18]   ⚪ Error checking B0924GVJTS: Response too small (3788 bytes)
[2026-07-27 19:25:18]   ⚪ Error checking B09ZHZ3L5Z: Response too small (3788 bytes)
[2026-07-27 19:25:19]   ⚪ Error checking B0BHYZ1KH7: Response too small (3788 bytes)
[2026-07-27 19:25:19]   ⚪ Error checking B0H4141HVT: Response too small (3788 bytes)
[2026-07-27 19:25:20]   ⚪ Error checking B07C8V4FDR: Response too small (3788 bytes)
[2026-07-27 19:25:20]   ⚪ Error checking B0C9SY6R4H: Response too small (3788 bytes)
[2026-07-27 19:25:21]   ⚪ Error checking B0049C2S32: Response too small (3788 bytes)
[2026-07-27 19:25:21]   ⚪ Error checking B09YMQMBDT: Response too small (3788 bytes)
[2026-07-27 19:25:22]   ⚪ Error checking B088P9H3V7: Response too small (3788 bytes)
[2026-07-27 19:25:22]   ⚪ Error checking B0C5JG697C: Response too small (3788 bytes)
[2026-07-27 19:25:23]   ⚪ Error checking B0026RHI3M: Response too small (3788 bytes)
[2026-07-27 19:25:23]   ⚪ Error checking B08ZMVYWMD: Response too small (3788 bytes)
[2026-07-27 19:25:24]   ⚪ Error checking B082HCZ44Z: Response too small (3788 bytes)
[2026-07-27 19:25:24]   ⚪ Error checking B08RCKDZZN: Response too small (3788 bytes)
[2026-07-27 19:25:25]   ⚪ Error checking B0CPPCV11Y: Response too small (3788 bytes)
[2026-07-27 19:25:25]   ⚪ Error checking B0CX56FQBR: Response too small (3788 bytes)
[2026-07-27 19:25:26]   ⚪ Error checking B07CTH3722: Response too small (3788 bytes)
[2026-07-27 19:25:26]   ⚪ Error checking B0FHKNX6TF: Response too small (3788 bytes)
[2026-07-27 19:25:27]   ⚪ Error checking B0F9PD5LP4: Response too small (3788 bytes)
[2026-07-27 19:25:27]   ⚪ Error checking B0DBLKMPCG: Response too small (3788 bytes)
[2026-07-27 19:25:28]   ⚪ Error checking B07M7M898T: Response too small (3788 bytes)
[2026-07-27 19:25:28]   ⚪ Error checking B08JXHQ3YF: Response too small (3788 bytes)
[2026-07-27 19:25:29]   ⚪ Error checking B08559K7CN: Response too small (3788 bytes)
[2026-07-27 19:25:29]   ⚪ Error checking B09SH9XH37: Response too small (3788 bytes)
[2026-07-27 19:25:30]   ⚠️  STALE B01COO5O50 (kitchen): Page says: Currently unavailable
[2026-07-27 19:25:30]   ⚪ Error checking B09SHBCJ5W: Response too small (3788 bytes)
[2026-07-27 19:25:31]   ⚪ Error checking B076MJSRRC: Response too small (3788 bytes)
[2026-07-27 19:25:32]   ⚪ Error checking B09P8C9Q1H: Response too small (3788 bytes)
[2026-07-27 19:25:32]   ⚪ Error checking B08CF77W3B: Response too small (3788 bytes)
[2026-07-27 19:25:33]   ⚪ Error checking B0H1R8VHZV: Response too small (3788 bytes)
[2026-07-27 19:25:33]   ⚪ Error checking B0H217RFDG: Response too small (3788 bytes)
[2026-07-27 19:25:34]   ⚪ Error checking B0H4QTPNZ3: Response too small (3788 bytes)
[2026-07-27 19:25:34]   ⚪ Error checking B0G2VVYW93: Response too small (3788 bytes)
[2026-07-27 19:25:35]   ⚪ Error checking B0F83M3QYX: Response too small (3788 bytes)
[2026-07-27 19:25:36]   ⚠️  STALE B09SHCHNNH (kitchen): Page says: Currently unavailable
[2026-07-27 19:25:37]   ⚪ Error checking B0FBSP99LX: Response too small (3788 bytes)
[2026-07-27 19:25:37]   ⚪ Error checking B074MMJV8N: Response too small (3788 bytes)
[2026-07-27 19:25:38]   ⚪ Error checking B093DYPBYR: Response too small (3788 bytes)
[2026-07-27 19:25:38]   ⚪ Error checking B0BR8HZL9V: Response too small (3788 bytes)
[2026-07-27 19:25:39]   ⚪ Error checking B01GJOMWVA: Response too small (3788 bytes)
[2026-07-27 19:25:39]   ⚪ Error checking B0D9QGF1WX: Response too small (3788 bytes)
[2026-07-27 19:25:40]   ⚪ Error checking B07S98411N: Response too small (3788 bytes)
[2026-07-27 19:25:40]   ⚪ Error checking B077K9YW7D: Response too small (3788 bytes)
[2026-07-27 19:25:41]   ⚪ Error checking B0BWMNPJKH: Response too small (3788 bytes)
[2026-07-27 19:25:41]   ⚪ Error checking B0CGWS1M51: Response too small (3788 bytes)
[2026-07-27 19:25:42]   ⚪ Error checking B08BGB9Q62: Response too small (3788 bytes)
[2026-07-27 19:25:42]   ⚪ Error checking B01CTIYU60: Response too small (3788 bytes)
[2026-07-27 19:25:43]   ⚪ Error checking B0DDKGDCDY: Response too small (3788 bytes)
[2026-07-27 19:25:43]   ⚪ Error checking B0FY3YWNQN: Response too small (3788 bytes)
[2026-07-27 19:25:44]   ⚪ Error checking B0GX63LBSZ: Response too small (3788 bytes)
[2026-07-27 19:25:44]   ⚪ Error checking B0FX9LDLMX: Response too small (3788 bytes)
[2026-07-27 19:25:45]   ⚪ Error checking B0GFJTQSBQ: Response too small (3788 bytes)
[2026-07-27 19:25:45]   ⚪ Error checking B0FVXHV6GP: Response too small (3788 bytes)
[2026-07-27 19:25:46]   ⚪ Error checking B0GYPVM45R: Response too small (3788 bytes)
[2026-07-27 19:25:46]   ⚪ Error checking B0GTM8CJ7K: Response too small (3788 bytes)
[2026-07-27 19:25:47]   ⚪ Error checking B0GTPXHMNQ: Response too small (3788 bytes)
[2026-07-27 19:25:47]   ⚪ Error checking B0GTQ9PKPJ: Response too small (3788 bytes)
[2026-07-27 19:25:48]   ⚪ Error checking B0GTPY8H3L: Response too small (3788 bytes)
[2026-07-27 19:25:48]   ⚪ Error checking B0GTPZ5TC3: Response too small (3788 bytes)
[2026-07-27 19:25:49]   ⚪ Error checking B0F913GLMC: Response too small (3788 bytes)
[2026-07-27 19:25:50]   ⚪ Error checking B0DBQJ4MRS: Response too small (3788 bytes)
[2026-07-27 19:25:50]   ⚪ Error checking B0DQ7954NG: Response too small (3788 bytes)
[2026-07-27 19:25:51]   ⚪ Error checking B0GTLM8B99: Response too small (3788 bytes)
[2026-07-27 19:25:51]   ⚪ Error checking B09ZV37WC6: Response too small (3788 bytes)
[2026-07-27 19:25:52]   ⚪ Error checking B0GSHRF4SB: Response too small (3788 bytes)
[2026-07-27 19:25:52]   ⚪ Error checking B0CJ6NT4F8: Response too small (3788 bytes)
[2026-07-27 19:25:53]   ⚪ Error checking B09Y25BY8G: Response too small (3788 bytes)
[2026-07-27 19:25:53]   ⚪ Error checking B07W99LGGT: Response too small (3788 bytes)
[2026-07-27 19:25:54]   ⚪ Error checking B086PHS2V8: Response too small (3788 bytes)
[2026-07-27 19:25:54]   ⚪ Error checking B08CS95K8L: Response too small (3788 bytes)
[2026-07-27 19:25:55]   ⚪ Error checking B09HR771DL: Response too small (3788 bytes)
[2026-07-27 19:25:55]   ⚪ Error checking B09S158K61: Response too small (3788 bytes)
[2026-07-27 19:25:56]   ⚪ Error checking B09S12WX42: Response too small (3788 bytes)
[2026-07-27 19:25:56]   ⚪ Error checking B0FVW82JFG: Response too small (3788 bytes)
[2026-07-27 19:25:57]   ⚪ Error checking B0FB4DNM1H: Response too small (3788 bytes)
[2026-07-27 19:25:57]   ⚪ Error checking B001AS8ZU8: Response too small (3788 bytes)
[2026-07-27 19:25:58]   ⚪ Error checking B0BH6KKVSP: Response too small (3788 bytes)
[2026-07-27 19:25:58]   ⚪ Error checking B08CZWT4XD: Response too small (3788 bytes)
[2026-07-27 19:25:59]   ⚪ Error checking B08CYD9137: Response too small (3788 bytes)
[2026-07-27 19:25:59]   ⚪ Error checking B0GT4S98NK: Response too small (3788 bytes)
[2026-07-27 19:26:00]   ⚪ Error checking B0GT49W5FF: Response too small (3788 bytes)
[2026-07-27 19:26:00]   ⚪ Error checking B0GT43RBV9: Response too small (3788 bytes)
[2026-07-27 19:26:01]   ⚪ Error checking B08XLDWJYV: Response too small (3788 bytes)
[2026-07-27 19:26:01]   ⚪ Error checking B08XM1B6ZX: Response too small (3788 bytes)
[2026-07-27 19:26:02]   ⚪ Error checking B0C8HPJW4J: Response too small (3788 bytes)
[2026-07-27 19:26:02]   ⚪ Error checking B0C1QK1XG1: Response too small (3788 bytes)
[2026-07-27 19:26:03]   ⚪ Error checking B0B2K47S1T: Response too small (3788 bytes)
[2026-07-27 19:26:03]   ⚪ Error checking B0CF2NBX28: Response too small (3788 bytes)
[2026-07-27 19:26:04]   ⚪ Error checking B0DGLVW188: Response too small (3788 bytes)
[2026-07-27 19:26:04]   ⚪ Error checking B0GJRJ63JR: Response too small (3788 bytes)
[2026-07-27 19:26:05]   ⚪ Error checking B0C12WJ5BG: Response too small (3788 bytes)
[2026-07-27 19:26:05]   ⚪ Error checking B0BTTLVYJW: Response too small (3788 bytes)
[2026-07-27 19:26:06]   ⚪ Error checking B083NT96KR: Response too small (3788 bytes)
[2026-07-27 19:26:06]   ⚪ Error checking B09Z6HGKKK: Response too small (3788 bytes)
[2026-07-27 19:26:07]   ⚪ Error checking B0H1W5JDXB: Response too small (3788 bytes)
[2026-07-27 19:26:07]   ⚪ Error checking B0DJ2XF8DZ: Response too small (3788 bytes)
[2026-07-27 19:26:08]   ⚪ Error checking B0DJ2YM5H1: Response too small (3788 bytes)
[2026-07-27 19:26:09]   ⚪ Error checking B09B9Q8TMC: Response too small (3788 bytes)
[2026-07-27 19:26:10]   ⚪ Error checking B0BFR8TJVX: Response too small (3788 bytes)
[2026-07-27 19:26:11]   ⚪ Error checking B0C1YBPJ43: Response too small (3788 bytes)
[2026-07-27 19:26:11]   ⚪ Error checking B09G6QX21B: Response too small (3788 bytes)
[2026-07-27 19:26:12]   ⚪ Error checking B0C1CFYQ5F: Response too small (3788 bytes)
[2026-07-27 19:26:12]   ⚪ Error checking B0G4LD32JX: Response too small (3788 bytes)
[2026-07-27 19:26:13]   ⚪ Error checking B000PS1HS6: Response too small (3788 bytes)
[2026-07-27 19:26:13]   ⚪ Error checking B011CY8Y78: Response too small (3788 bytes)
[2026-07-27 19:26:14]   ⚪ Error checking B0C3V2KT65: Response too small (3788 bytes)
[2026-07-27 19:26:15]   ⚪ Error checking B00MYI0VYG: Response too small (3788 bytes)
[2026-07-27 19:26:15]   ⚪ Error checking B0D2P1HSCV: Response too small (3788 bytes)
[2026-07-27 19:26:16]   ⚪ Error checking B07WFF17BQ: Response too small (3788 bytes)
[2026-07-27 19:26:16]   ⚪ Error checking B016OP6N3M: Response too small (3788 bytes)
[2026-07-27 19:26:17]   ⚪ Error checking B0FH6YL3XC: Response too small (3788 bytes)
[2026-07-27 19:26:17]   ⚪ Error checking B0D7M8QB9Y: Response too small (3788 bytes)
[2026-07-27 19:26:18]   ⚪ Error checking B0D1CWD525: Response too small (3788 bytes)
[2026-07-27 19:26:18]   ⚪ Error checking B0FM323HPY: Response too small (3788 bytes)
[2026-07-27 19:26:19]   ⚪ Error checking B0FM2YQ5HV: Response too small (3788 bytes)
[2026-07-27 19:26:19]   ⚪ Error checking B0FM2W1YTY: Response too small (3788 bytes)
[2026-07-27 19:26:20]   ⚪ Error checking B0FM2WXZKR: Response too small (3788 bytes)
[2026-07-27 19:26:20]   ⚪ Error checking B0GRTKQBCN: Response too small (3788 bytes)
[2026-07-27 19:26:21]   ⚪ Error checking B0GRTLQHSS: Response too small (3788 bytes)
[2026-07-27 19:26:21]   ⚪ Error checking B0GRTFRMZY: Response too small (3788 bytes)
[2026-07-27 19:26:22]   ⚪ Error checking B0GRTHD2TR: Response too small (3788 bytes)
[2026-07-27 19:26:22]   ⚪ Error checking B0GRTFNGNL: Response too small (3788 bytes)
[2026-07-27 19:26:23]   ⚪ Error checking B08BR9HBZ3: Response too small (3788 bytes)
[2026-07-27 19:26:24]   ⚠️  STALE B0GWNK6DX9 (kitchen): Page says: Currently unavailable
[2026-07-27 19:26:24]   ⚪ Error checking B0D3Z8VWBH: Response too small (3788 bytes)
[2026-07-27 19:26:25]   ⚪ Error checking B0D3ZBWNZT: Response too small (3788 bytes)
[2026-07-27 19:26:25]   ⚪ Error checking B0F2HJFNBV: Response too small (3788 bytes)
[2026-07-27 19:26:26]   ⚪ Error checking B08F72TY67: Response too small (3788 bytes)
[2026-07-27 19:26:26]   ⚪ Error checking B0CS3FBC6W: Response too small (3788 bytes)
[2026-07-27 19:26:27]   ⚪ Error checking B094981GTD: Response too small (3788 bytes)
[2026-07-27 19:26:27]   ⚪ Error checking B0B2WDFQL8: Response too small (3788 bytes)
[2026-07-27 19:26:28]   ⚪ Error checking B0CSFM5X73: Response too small (3788 bytes)
[2026-07-27 19:26:28]   ⚪ Error checking B0036OQU56: Response too small (3788 bytes)
[2026-07-27 19:26:29]   ⚪ Error checking B0C57FV4JS: Response too small (3788 bytes)
[2026-07-27 19:26:29]   ⚪ Error checking B0CKY4YGX3: Response too small (3788 bytes)
[2026-07-27 19:26:30]   ⚪ Error checking B0DP8P1N7G: Response too small (3788 bytes)
[2026-07-27 19:26:31]   ⚪ Error checking B0B9BDQTV9: Response too small (3788 bytes)
[2026-07-27 19:26:32]   ⚪ Error checking B0B46NPJY9: Response too small (3788 bytes)
[2026-07-27 19:26:32]   ⚪ Error checking B0BMFKGVXD: Response too small (3788 bytes)
[2026-07-27 19:26:33]   ⚪ Error checking B000J2DGZ0: Response too small (3788 bytes)
[2026-07-27 19:26:33]   ⚪ Error checking B07PGFF7W2: Response too small (3788 bytes)
[2026-07-27 19:26:34]   ⚪ Error checking B0B3WSZ3QP: Response too small (3788 bytes)
[2026-07-27 19:26:34]   ⚪ Error checking B0036OQU2E: Response too small (3788 bytes)
[2026-07-27 19:26:35]   ⚪ Error checking B08FD64QGT: Response too small (3788 bytes)
[2026-07-27 19:26:35]   ⚪ Error checking B097YBGF7V: Response too small (3788 bytes)
[2026-07-27 19:26:36]   ⚪ Error checking B07H7TF69J: Response too small (3788 bytes)
[2026-07-27 19:26:36]   ⚪ Error checking B09M8BLMTG: Response too small (3788 bytes)
[2026-07-27 19:26:37]   ⚪ Error checking B0CGZPR3X9: Response too small (3788 bytes)
[2026-07-27 19:26:37]   ⚪ Error checking B0CGZSCZYP: Response too small (3788 bytes)
[2026-07-27 19:26:38]   ⚪ Error checking B0CGZR4VNQ: Response too small (3788 bytes)
[2026-07-27 19:26:38]   ⚪ Error checking B0DKC1HCQQ: Response too small (3788 bytes)
[2026-07-27 19:26:39]   ⚪ Error checking B079D9B82W: Response too small (3788 bytes)
[2026-07-27 19:26:40]   ⚪ Error checking B0DC8MWQ8K: Response too small (3788 bytes)
[2026-07-27 19:26:40]   ⚪ Error checking B0BMVLW785: Response too small (3788 bytes)
[2026-07-27 19:26:41]   ⚪ Error checking B07V4B65VR: Response too small (3788 bytes)
[2026-07-27 19:26:41]   ⚪ Error checking B00T4RH8E6: Response too small (3788 bytes)
[2026-07-27 19:26:42]   ⚪ Error checking B08VKWDB46: Response too small (3788 bytes)
[2026-07-27 19:26:43]   ⚪ Error checking B000SAS5GI: Response too small (3788 bytes)
[2026-07-27 19:26:43]   ⚪ Error checking B000AX13US: Response too small (3788 bytes)
[2026-07-27 19:26:44]   ⚪ Error checking B0CPBW6N99: Response too small (3788 bytes)
[2026-07-27 19:26:44]   ⚪ Error checking B0FNRC6CJ9: Response too small (3788 bytes)
[2026-07-27 19:26:45]   ⚪ Error checking B0G8V8H1T2: Response too small (3788 bytes)
[2026-07-27 19:26:45]   ⚪ Error checking B0H111X5ZQ: Response too small (3788 bytes)
[2026-07-27 19:26:46]   ⚪ Error checking B00004OCKR: Response too small (3788 bytes)
[2026-07-27 19:26:46]   ⚪ Error checking B084NY86RS: Response too small (3788 bytes)
[2026-07-27 19:26:47]   ⚪ Error checking B0H4MMNZ3V: Response too small (3788 bytes)
[2026-07-27 19:26:48]   ⚪ Error checking B00XWDLBKK: Response too small (3788 bytes)
[2026-07-27 19:29:03] ============================================================
[2026-07-27 19:29:03] whatarebest.com product staleness check starting
[2026-07-27 19:29:03] Extracting ASINs from build script...
[2026-07-27 19:29:03] Found 421 categories with 5367 total ASINs
[2026-07-27 19:29:03] Priority (not checked in 48h): 421 slugs
[2026-07-27 19:29:03] Already recent: 0 slugs
[2026-07-27 19:29:03] Checking 1351 ASINs across 100 categories...
[2026-07-27 19:29:04]   ⚪ Error checking B0C33CHG99: Response too small (3788 bytes)
[2026-07-27 19:29:04]   ⚪ Error checking B07WRM6NJG: Response too small (3788 bytes)
[2026-07-27 19:29:05]   ⚪ Error checking B0D9WCC5KH: Response too small (3788 bytes)
[2026-07-27 19:29:05]   ⚪ Error checking B0CSZ7WBYW: Response too small (3788 bytes)
[2026-07-27 19:29:06]   ⚪ Error checking B01NBKTPTS: Response too small (3788 bytes)
[2026-07-27 19:29:06]   ⚪ Error checking B00FLYWNYQ: Response too small (3788 bytes)
[2026-07-27 19:29:07]   ⚪ Error checking B06Y1YD5W7: Response too small (3788 bytes)
[2026-07-27 19:29:07]   ⚪ Error checking B08PPZWNCV: Response too small (3788 bytes)
[2026-07-27 19:29:08]   ⚪ Error checking B09MZTSSR2: Response too small (3788 bytes)
[2026-07-27 19:29:08]   ⚪ Error checking B08DZC32BB: Response too small (3788 bytes)
[2026-07-27 19:29:09]   ⚪ Error checking B089TQWJKK: Response too small (3788 bytes)
[2026-07-27 19:29:09]   ⚪ Error checking B0C1LDRFSK: Response too small (3788 bytes)
[2026-07-27 19:29:10]   ⚪ Error checking B0D7N8HJRZ: Response too small (3788 bytes)
[2026-07-27 19:29:10]   ⚪ Error checking B0CKLXZRMC: Response too small (3788 bytes)
[2026-07-27 19:29:11]   ⚪ Error checking B0DCCY5JCP: Response too small (3788 bytes)
[2026-07-27 19:29:11]   ⚪ Error checking B09NPCV3DC: Response too small (3788 bytes)
[2026-07-27 19:29:12]   ⚪ Error checking B0B4T992R8: Response too small (3788 bytes)
[2026-07-27 19:29:12]   ⚪ Error checking B0FHBXMFC1: Response too small (3788 bytes)
[2026-07-27 19:29:13]   ⚪ Error checking B0FRB6HNKC: Response too small (3788 bytes)
[2026-07-27 19:29:13]   ⚪ Error checking B0BYLX91ZL: Response too small (3788 bytes)
[2026-07-27 19:29:14]   ⚪ Error checking B0DS5FD8W5: Response too small (3788 bytes)
[2026-07-27 19:29:15]   ⚪ Error checking B000WEMGM4: Response too small (3788 bytes)
[2026-07-27 19:29:15]   ⚪ Error checking B0CRBK6W7F: Response too small (3788 bytes)
[2026-07-27 19:29:16]   ⚪ Error checking B0GJFW5VTH: Response too small (3788 bytes)
[2026-07-27 19:29:17]   ⚪ Error checking B0GJFWK1PD: Response too small (3788 bytes)
[2026-07-27 19:29:17]   ⚪ Error checking B0GJG929GX: Response too small (3788 bytes)
[2026-07-27 19:29:18]   ⚪ Error checking B07MWY7SJR: Response too small (3788 bytes)
[2026-07-27 19:29:18]   ⚪ Error checking B07XJRF5TW: Response too small (3788 bytes)
[2026-07-27 19:29:19]   ⚪ Error checking B07XJRF5TW: Response too small (3788 bytes)
[2026-07-27 19:29:20]   ⚪ Error checking B0DHWV615D: Response too small (3788 bytes)
[2026-07-27 19:29:20]   ⚪ Error checking B0DHWRHKSM: Response too small (3788 bytes)
[2026-07-27 19:29:21]   ⚪ Error checking B07KJGR9JZ: Response too small (3788 bytes)
[2026-07-27 19:29:21]   ⚪ Error checking B0FQ4WZBTT: Response too small (3788 bytes)
[2026-07-27 19:29:22]   ⚪ Error checking B0GCHT1YFC: Response too small (3788 bytes)
[2026-07-27 19:29:22]   ⚪ Error checking B07665GLFH: Response too small (3788 bytes)
[2026-07-27 19:29:23]   ⚪ Error checking B0828613J4: Response too small (3788 bytes)
[2026-07-27 19:29:23]   ⚪ Error checking B0FKGSLYWJ: Response too small (3788 bytes)
[2026-07-27 19:29:24]   ⚪ Error checking B08M4FD4WR: Response too small (3788 bytes)
[2026-07-27 19:29:24]   ⚪ Error checking B0FGD197QX: Response too small (3788 bytes)
[2026-07-27 19:29:25]   ⚪ Error checking B0G2CYCQS9: Response too small (3788 bytes)
[2026-07-27 19:29:25]   ⚪ Error checking B0G2CZYNS1: Response too small (3788 bytes)
[2026-07-27 19:29:26]   ⚪ Error checking B0G2CXSBBF: Response too small (3788 bytes)
[2026-07-27 19:29:27]   ⚪ Error checking B0G2D1SXLQ: Response too small (3788 bytes)
[2026-07-27 19:29:27]   ⚪ Error checking B001L3AI0M: Response too small (3788 bytes)
[2026-07-27 19:29:28]   ⚪ Error checking B08W41ZN2P: Response too small (3788 bytes)
[2026-07-27 19:29:28]   ⚪ Error checking B0CWGV674H: Response too small (3788 bytes)
[2026-07-27 19:29:29]   ⚪ Error checking B001CH0ZLE: Response too small (3788 bytes)
[2026-07-27 19:29:29]   ⚪ Error checking B08FB31NH5: Response too small (3788 bytes)
[2026-07-27 19:29:30]   ⚪ Error checking B0FVFMFRKR: Response too small (3788 bytes)
[2026-07-27 19:29:30]   ⚪ Error checking B0CHZBZ25Y: Response too small (3788 bytes)
[2026-07-27 19:29:31]   ⚪ Error checking B00VA5HG0Q: Response too small (3788 bytes)
[2026-07-27 19:29:31]   ⚪ Error checking B0924GVJTS: Response too small (3788 bytes)
[2026-07-27 19:29:32]   ⚪ Error checking B09ZHZ3L5Z: Response too small (3788 bytes)
[2026-07-27 19:29:32]   ⚪ Error checking B0C9SY6R4H: Response too small (3788 bytes)
[2026-07-27 19:29:33]   ⚠️  STALE B00IWOJRSM (kitchen): Page says: Currently unavailable
[2026-07-27 19:29:33]   ⚪ Error checking B0BHYZ1KH7: Response too small (3788 bytes)
[2026-07-27 19:29:34]   ⚪ Error checking B07C8V4FDR: Response too small (3788 bytes)
[2026-07-27 19:29:35]   ⚠️  STALE B07DD3CPMW (kitchen): Page says: Currently unavailable
[2026-07-27 19:29:35]   ⚪ Error checking B01COO5O50: Response too small (3788 bytes)
[2026-07-27 19:29:36]   ⚪ Error checking B0049C2S32: Response too small (3788 bytes)
[2026-07-27 19:29:36]   ⚪ Error checking B09YMQMBDT: Response too small (3788 bytes)
[2026-07-27 19:29:37]   ⚪ Error checking B088P9H3V7: Response too small (3788 bytes)
[2026-07-27 19:29:37]   ⚪ Error checking B0026RHI3M: Response too small (3788 bytes)
[2026-07-27 19:29:38]   ⚪ Error checking B0C5JG697C: Response too small (3788 bytes)
[2026-07-27 19:29:38]   ⚪ Error checking B08ZMVYWMD: Response too small (3788 bytes)
[2026-07-27 19:29:39]   ⚪ Error checking B005D6GFFA: Response too small (3788 bytes)
[2026-07-27 19:29:39]   ⚪ Error checking B082HCZ44Z: Response too small (3788 bytes)
[2026-07-27 19:29:40]   ⚪ Error checking B08RCKDZZN: Response too small (3788 bytes)
[2026-07-27 19:29:40]   ⚪ Error checking B0CX56FQBR: Response too small (3788 bytes)
[2026-07-27 19:29:41]   ⚪ Error checking B0FHKNX6TF: Response too small (3788 bytes)
[2026-07-27 19:29:41]   ⚪ Error checking B0DBLKMPCG: Response too small (3788 bytes)
[2026-07-27 19:29:42]   ⚪ Error checking B07CTH3722: Response too small (3788 bytes)
[2026-07-27 19:29:42]   ⚪ Error checking B0F9PD5LP4: Response too small (3788 bytes)
[2026-07-27 19:29:43]   ⚪ Error checking B07M7M898T: Response too small (3788 bytes)
[2026-07-27 19:29:43]   ⚠️  STALE B0H4141HVT (kitchen): Page says: Currently unavailable
[2026-07-27 19:29:44]   ⚪ Error checking B08JXHQ3YF: Response too small (3788 bytes)
[2026-07-27 19:29:44]   ⚪ Error checking B08559K7CN: Response too small (3788 bytes)
[2026-07-27 19:29:45]   ⚪ Error checking B09SH9XH37: Response too small (3788 bytes)
[2026-07-27 19:29:45]   ⚪ Error checking B09SHCHNNH: Response too small (3788 bytes)
[2026-07-27 19:29:46]   ⚪ Error checking B09SHBCJ5W: Response too small (3788 bytes)
[2026-07-27 19:29:46]   ⚪ Error checking B076MJSRRC: Response too small (3788 bytes)
[2026-07-27 19:29:47]   ⚠️  STALE B0CPPCV11Y (kitchen): Page says: Currently unavailable
[2026-07-27 19:29:47]   ⚪ Error checking B09P8C9Q1H: Response too small (3788 bytes)
[2026-07-27 19:29:48]   ⚪ Error checking B08CF77W3B: Response too small (3788 bytes)
[2026-07-27 19:29:48]   ⚪ Error checking B0CPLVLFK2: Response too small (3788 bytes)
[2026-07-27 19:29:49]   ⚪ Error checking B0CDM1FZBX: Response too small (3788 bytes)
[2026-07-27 19:29:49]   ⚪ Error checking B0H1R8VHZV: Response too small (3788 bytes)
[2026-07-27 19:29:50]   ⚪ Error checking B0H217RFDG: Response too small (3788 bytes)
[2026-07-27 19:29:50]   ⚪ Error checking B0H4QTPNZ3: Response too small (3788 bytes)
[2026-07-27 19:29:51]   ⚪ Error checking B0G2VVYW93: Response too small (3788 bytes)
[2026-07-27 19:29:51]   ⚪ Error checking B0BR8HZL9V: Response too small (3788 bytes)
[2026-07-27 19:29:52]   ⚪ Error checking B074MMJV8N: Response too small (3788 bytes)
[2026-07-27 19:29:52]   ⚪ Error checking B0FBSP99LX: Response too small (3788 bytes)
[2026-07-27 19:29:53]   ⚪ Error checking B01GJOMWVA: Response too small (3788 bytes)
[2026-07-27 19:29:53]   ⚪ Error checking B00MVWGQX0: Response too small (3788 bytes)
[2026-07-27 19:29:54]   ⚪ Error checking B0D9QGF1WX: Response too small (3788 bytes)
[2026-07-27 19:29:54]   ⚪ Error checking B07S98411N: Response too small (3788 bytes)
[2026-07-27 19:29:55]   ⚪ Error checking B077K9YW7D: Response too small (3788 bytes)
[2026-07-27 19:29:55]   ⚪ Error checking B01CTIYU60: Response too small (3788 bytes)
[2026-07-27 19:29:56]   ⚪ Error checking B0BWMNPJKH: Response too small (3788 bytes)
[2026-07-27 19:29:56]   ⚪ Error checking B0CGWS1M51: Response too small (3788 bytes)
[2026-07-27 19:29:57]   ⚪ Error checking B08BGB9Q62: Response too small (3788 bytes)
[2026-07-27 19:29:57]   ⚪ Error checking B0DDKGDCDY: Response too small (3788 bytes)
[2026-07-27 19:29:58]   ⚪ Error checking B0FY3YWNQN: Response too small (3788 bytes)
[2026-07-27 19:29:59]   ⚪ Error checking B0FX9LDLMX: Response too small (3788 bytes)
[2026-07-27 19:29:59]   ⚪ Error checking B0GFJTQSBQ: Response too small (3788 bytes)
[2026-07-27 19:30:00]   ⚪ Error checking B0FVXHV6GP: Response too small (3788 bytes)
[2026-07-27 19:30:01]   ⚪ Error checking B0GYPVM45R: Response too small (3788 bytes)
[2026-07-27 19:30:01]   ⚪ Error checking B0GTPXHMNQ: Response too small (3788 bytes)
[2026-07-27 19:30:02]   ⚪ Error checking B0GTQ9PKPJ: Response too small (3788 bytes)
[2026-07-27 19:30:02]   ⚪ Error checking B0GTPY8H3L: Response too small (3788 bytes)
[2026-07-27 19:30:03]   ⚪ Error checking B0GTPZ5TC3: Response too small (3788 bytes)
[2026-07-27 19:30:04]   ⚪ Error checking B0F913GLMC: Response too small (3788 bytes)
[2026-07-27 19:30:04]   ⚪ Error checking B0GTLM8B99: Response too small (3788 bytes)
[2026-07-27 19:30:05]   ⚪ Error checking B0GSHRF4SB: Response too small (3788 bytes)
[2026-07-27 19:30:06]   ⚪ Error checking B0CJ6NT4F8: Response too small (3788 bytes)
[2026-07-27 19:30:07]   ⚪ Error checking B09ZV37WC6: Response too small (3788 bytes)
[2026-07-27 19:30:07]   ⚪ Error checking B09Y25BY8G: Response too small (3788 bytes)
[2026-07-27 19:30:08]   ⚪ Error checking B07W99LGGT: Response too small (3788 bytes)
[2026-07-27 19:30:08]   ⚪ Error checking B086PHS2V8: Response too small (3788 bytes)
[2026-07-27 19:30:09]   ⚪ Error checking B08CS95K8L: Response too small (3788 bytes)
[2026-07-27 19:30:09]   ⚪ Error checking B09HR771DL: Response too small (3788 bytes)
[2026-07-27 19:30:10]   ⚪ Error checking B09S12WX42: Response too small (3788 bytes)
[2026-07-27 19:30:10]   ⚪ Error checking B09S158K61: Response too small (3788 bytes)
[2026-07-27 19:30:11]   ⚪ Error checking B0FVW82JFG: Response too small (3788 bytes)
[2026-07-27 19:30:11]   ⚪ Error checking B0FB4DNM1H: Response too small (3788 bytes)
[2026-07-27 19:30:12]   ⚪ Error checking B001AS8ZU8: Response too small (3788 bytes)
[2026-07-27 19:30:12]   ⚪ Error checking B0BH6KKVSP: Response too small (3788 bytes)
[2026-07-27 19:30:13]   ⚠️  STALE B0DBQJ4MRS (kitchen): Page says: Currently unavailable
[2026-07-27 19:30:13]   ⚪ Error checking B08CZWT4XD: Response too small (3788 bytes)
[2026-07-27 19:30:14]   ⚪ Error checking B0GT4S98NK: Response too small (3788 bytes)
[2026-07-27 19:30:14]   ⚪ Error checking B0GT43RBV9: Response too small (3788 bytes)
[2026-07-27 19:30:15]   ⚪ Error checking B0GT49W5FF: Response too small (3788 bytes)
[2026-07-27 19:30:15]   ⚪ Error checking B08XM1B6ZX: Response too small (3788 bytes)
[2026-07-27 19:30:16]   ⚪ Error checking B08XLDWJYV: Response too small (3788 bytes)
[2026-07-27 19:30:16]   ⚪ Error checking B0C1QK1XG1: Response too small (3788 bytes)
[2026-07-27 19:30:17]   ⚪ Error checking B0C8HPJW4J: Response too small (3788 bytes)
[2026-07-27 19:30:17]   ⚪ Error checking B0B2K47S1T: Response too small (3788 bytes)
[2026-07-27 19:30:18]   ⚪ Error checking B0DGLVW188: Response too small (3788 bytes)
[2026-07-27 19:30:18]   ⚪ Error checking B0CF2NBX28: Response too small (3788 bytes)
[2026-07-27 19:30:19]   ⚪ Error checking B0GJRJ63JR: Response too small (3788 bytes)
[2026-07-27 19:30:19]   ⚪ Error checking B0H1W5JDXB: Response too small (3788 bytes)
[2026-07-27 19:30:20]   ⚪ Error checking B083NT96KR: Response too small (3788 bytes)
[2026-07-27 19:30:21]   ⚪ Error checking B09Z6HCZH3: Response too small (3788 bytes)
[2026-07-27 19:30:22]   ⚪ Error checking B09Z6K4SSJ: Response too small (3788 bytes)
[2026-07-27 19:30:23]   ⚪ Error checking B0DJ2XF8DZ: Response too small (3788 bytes)
[2026-07-27 19:30:24]   ⚪ Error checking B0DJ2YM5H1: Response too small (3788 bytes)
[2026-07-27 19:30:24]   ⚪ Error checking B09B9Q8TMC: Response too small (3788 bytes)
[2026-07-27 19:30:25]   ⚪ Error checking B0BFR5K1YF: Response too small (3788 bytes)
[2026-07-27 19:30:26]   ⚪ Error checking B0BFR8TJVX: Response too small (3788 bytes)
[2026-07-27 19:30:26]   ⚪ Error checking B0C1CFYQ5F: Response too small (3788 bytes)
[2026-07-27 19:30:27]   ⚪ Error checking B09G6QX21B: Response too small (3788 bytes)
[2026-07-27 19:30:27]   ⚪ Error checking B0C1YBPJ43: Response too small (3788 bytes)
[2026-07-27 19:30:28]   ⚪ Error checking B0G4LD32JX: Response too small (3788 bytes)
[2026-07-27 19:30:28]   ⚪ Error checking B0C3V2KT65: Response too small (3788 bytes)
[2026-07-27 19:30:29]   ⚪ Error checking B00MYI0VYG: Response too small (3788 bytes)
[2026-07-27 19:30:29]   ⚪ Error checking B0D2P1HSCV: Response too small (3788 bytes)
[2026-07-27 19:30:30]   ⚪ Error checking B0GWNK6DX9: Response too small (3788 bytes)
[2026-07-27 19:30:30]   ⚪ Error checking B07WFF17BQ: Response too small (3788 bytes)
[2026-07-27 19:30:31]   ⚪ Error checking B016OP6N3M: Response too small (3788 bytes)
[2026-07-27 19:30:31]   ⚪ Error checking B0FH6YL3XC: Response too small (3788 bytes)
[2026-07-27 19:30:32]   ⚪ Error checking B0D7M8QB9Y: Response too small (3788 bytes)
[2026-07-27 19:30:33]   ⚪ Error checking B0D1CWD525: Response too small (3788 bytes)
[2026-07-27 19:30:33]   ⚪ Error checking B0FM323HPY: Response too small (3788 bytes)
[2026-07-27 19:30:34]   ⚪ Error checking B0FM2YQ5HV: Response too small (3788 bytes)
[2026-07-27 19:30:34]   ⚪ Error checking B0D1FWNSYM: Response too small (3788 bytes)
[2026-07-27 19:30:35]   ⚪ Error checking B0FM2W1YTY: Response too small (3788 bytes)
[2026-07-27 19:30:35]   ⚪ Error checking B0FM2WXZKR: Response too small (3788 bytes)
[2026-07-27 19:30:36]   ⚪ Error checking B0GRTKQBCN: Response too small (3788 bytes)
[2026-07-27 19:30:36]   ⚪ Error checking B0GRTHD2TR: Response too small (3788 bytes)
[2026-07-27 19:30:37]   ⚪ Error checking B0GRTFRMZY: Response too small (3788 bytes)
[2026-07-27 19:30:37]   ⚠️  STALE B000PS1HS6 (kitchen): Page says: Currently unavailable
[2026-07-27 19:30:38]   ⚪ Error checking B0GRTFNGNL: Response too small (3788 bytes)
[2026-07-27 19:30:38]   ⚪ Error checking B0D3ZBFMW6: Response too small (3788 bytes)
[2026-07-27 19:30:39]   ⚪ Error checking B08BR9HBZ3: Response too small (3788 bytes)
[2026-07-27 19:30:39]   ⚪ Error checking B0D3ZBWNZT: Response too small (3788 bytes)
[2026-07-27 19:30:40]   ⚪ Error checking B0D3Z8VWBH: Response too small (3788 bytes)
[2026-07-27 19:30:40]   ⚪ Error checking B0D91CQ69R: Response too small (3788 bytes)
[2026-07-27 19:30:41]   ⚪ Error checking B08F72TY67: Response too small (3788 bytes)
[2026-07-27 19:30:41]   ⚪ Error checking B0F2HJFNBV: Response too small (3788 bytes)
[2026-07-27 19:30:42]   ⚪ Error checking B0CS3FBC6W: Response too small (3788 bytes)
[2026-07-27 19:30:42]   ⚪ Error checking B094981GTD: Response too small (3788 bytes)
[2026-07-27 19:30:43]   ⚪ Error checking B0B2WDFQL8: Response too small (3788 bytes)
[2026-07-27 19:30:44]   ⚪ Error checking B0CSFM5X73: Response too small (3788 bytes)
[2026-07-27 19:30:44]   ⚪ Error checking B0036OQU56: Response too small (3788 bytes)
[2026-07-27 19:30:45]   ⚪ Error checking B0CKY4YGX3: Response too small (3788 bytes)
[2026-07-27 19:30:45]   ⚪ Error checking B0DP8P1N7G: Response too small (3788 bytes)
[2026-07-27 19:30:46]   ⚪ Error checking B0B46NPJY9: Response too small (3788 bytes)
[2026-07-27 19:30:46]   ⚪ Error checking B0BMFKGVXD: Response too small (3788 bytes)
[2026-07-27 19:30:47]   ⚪ Error checking B000J2DGZ0: Response too small (3788 bytes)
[2026-07-27 19:30:47]   ⚪ Error checking B07PGFF7W2: Response too small (3788 bytes)
[2026-07-27 19:30:48]   ⚪ Error checking B0B3WSZ3QP: Response too small (3788 bytes)
[2026-07-27 19:30:48]   ⚪ Error checking B0036OQU2E: Response too small (3788 bytes)
[2026-07-27 19:30:49]   ⚪ Error checking B097YBGF7V: Response too small (3788 bytes)
[2026-07-27 19:30:50]   ⚪ Error checking B08FD64QGT: Response too small (3788 bytes)
[2026-07-27 19:30:51]   ⚪ Error checking B07J5KDFH9: Response too small (3788 bytes)
[2026-07-27 19:30:51]   ⚠️  STALE B0B9BDQTV9 (kitchen): Page says: Currently unavailable
[2026-07-27 19:30:52]   ⚪ Error checking B09M8BLMTG: Response too small (3788 bytes)
[2026-07-27 19:30:52]   ⚪ Error checking B07H7TF69J: Response too small (3788 bytes)
[2026-07-27 19:30:53]   ⚪ Error checking B0CGZR4VNQ: Response too small (3788 bytes)
[2026-07-27 19:30:53]   ⚪ Error checking B0CGZSCZYP: Response too small (3788 bytes)
[2026-07-27 19:30:54]   ⚪ Error checking B0DKC1HCQQ: Response too small (3788 bytes)
[2026-07-27 19:30:54]   ⚪ Error checking B0CGZPR3X9: Response too small (3788 bytes)
[2026-07-27 19:30:55]   ⚪ Error checking B0DC8MWQ8K: Response too small (3788 bytes)
[2026-07-27 19:30:55]   ⚪ Error checking B01F59K0KA: Response too small (3788 bytes)
[2026-07-27 19:30:56]   ⚪ Error checking B079D9B82W: Response too small (3788 bytes)
[2026-07-27 19:30:56]   ⚪ Error checking B07V4B65VR: Response too small (3788 bytes)
[2026-07-27 19:30:57]   ⚪ Error checking B00T4RH8E6: Response too small (3788 bytes)
[2026-07-27 19:30:57]   ⚪ Error checking B0BMVLW785: Response too small (3788 bytes)
[2026-07-27 19:30:58]   ⚪ Error checking B08VKWDB46: Response too small (3788 bytes)
[2026-07-27 19:30:58]   ⚪ Error checking B000SAS5GI: Response too small (3788 bytes)
[2026-07-27 19:30:59]   ⚪ Error checking B0CPBW6N99: Response too small (3788 bytes)
[2026-07-27 19:30:59]   ⚪ Error checking B0FNRC6CJ9: Response too small (3788 bytes)
[2026-07-27 19:31:00]   ⚪ Error checking B0G8V8H1T2: Response too small (3788 bytes)
[2026-07-27 19:31:00]   ⚪ Error checking B000AX13US: Response too small (3788 bytes)
[2026-07-27 19:31:01]   ⚪ Error checking B0H111X5ZQ: Response too small (3788 bytes)
[2026-07-27 19:31:01]   ⚪ Error checking B00004OCKR: Response too small (3788 bytes)
[2026-07-27 19:31:02]   ⚪ Error checking B0H4MMNZ3V: Response too small (3788 bytes)
[2026-07-27 19:31:02]   ⚪ Error checking B00XWDLBKK: Response too small (3788 bytes)
[2026-07-27 19:31:03]   ⚪ Error checking B01N43UELZ: Response too small (3788 bytes)
[2026-07-27 19:31:03]   ⚪ Error checking B091JXDLDX: Response too small (3788 bytes)
[2026-07-27 19:31:04]   ⚪ Error checking B0CBW78J4Q: Response too small (3788 bytes)
[2026-07-27 19:31:04]   ⚪ Error checking B0C33CHG99: Response too small (3788 bytes)
[2026-07-27 19:31:05]   ⚪ Error checking B0GKNHNS6L: Response too small (3788 bytes)
[2026-07-27 19:31:05]   ⚪ Error checking B07WRM6NJG: Response too small (3788 bytes)
[2026-07-27 19:31:06]   ⚪ Error checking B0CSZ7WBYW: Response too small (3788 bytes)
[2026-07-27 19:31:06]   ⚪ Error checking B0D9WCC5KH: Response too small (3788 bytes)
[2026-07-27 19:31:07]   ⚪ Error checking B00FLYWNYQ: Response too small (3788 bytes)
[2026-07-27 19:31:07]   ⚪ Error checking B06Y1YD5W7: Response too small (3788 bytes)
[2026-07-27 19:31:08]   ⚪ Error checking B08PPZWNCV: Response too small (3788 bytes)
[2026-07-27 19:31:09]   ⚠️  STALE B07LBCYKT4 (kitchen): Page says: Currently unavailable
[2026-07-27 19:31:09]   ⚪ Error checking B08PQ2KWHS: Response too small (3788 bytes)
[2026-07-27 19:31:10]   ⚪ Error checking B09MZTSSR2: Response too small (3788 bytes)
[2026-07-27 19:31:10]   ⚪ Error checking B089TQWJKK: Response too small (3788 bytes)
[2026-07-27 19:31:11]   ⚪ Error checking B0C1LDRFSK: Response too small (3788 bytes)
[2026-07-27 19:31:11]   ⚪ Error checking B0D7N8HJRZ: Response too small (3788 bytes)
[2026-07-27 19:31:12]   ⚪ Error checking B0DCCY5JCP: Response too small (3788 bytes)
[2026-07-27 19:31:12]   ⚪ Error checking B0CKLXZRMC: Response too small (3788 bytes)
[2026-07-27 19:31:13]   ⚪ Error checking B00LU2I428: Response too small (3788 bytes)
[2026-07-27 19:31:13]   ⚪ Error checking B09NPCV3DC: Response too small (3788 bytes)
[2026-07-27 19:31:14]   ⚪ Error checking B0FHBXMFC1: Response too small (3788 bytes)
[2026-07-27 19:31:15]   ⚠️  STALE B08DZC32BB (cooking-appliances): Page says: Currently unavailable
[2026-07-27 19:31:16]   ⚪ Error checking B0FRB6HNKC: Response too small (3788 bytes)
[2026-07-27 19:31:16]   ⚪ Error checking B0BYLX91ZL: Response too small (3788 bytes)
[2026-07-27 19:31:17]   ⚪ Error checking B0DS5FD8W5: Response too small (3788 bytes)
[2026-07-27 19:31:17]   ⚪ Error checking B000WEMGM4: Response too small (3788 bytes)
[2026-07-27 19:31:18]   ⚪ Error checking B0F7H7FKMY: Response too small (3788 bytes)
[2026-07-27 19:31:18]   ⚪ Error checking B0GJFW5VTH: Response too small (3788 bytes)
[2026-07-27 19:31:19]   ⚪ Error checking B0GJFWK1PD: Response too small (3788 bytes)
[2026-07-27 19:31:19]   ⚪ Error checking B0GJG929GX: Response too small (3788 bytes)
[2026-07-27 19:31:20]   ⚪ Error checking B07MWY7SJR: Response too small (3788 bytes)
[2026-07-27 19:31:21]   ⚪ Error checking B07XJRF5TW: Response too small (3788 bytes)
[2026-07-27 19:31:21]   ⚪ Error checking B07XJRF5TW: Response too small (3788 bytes)
[2026-07-27 19:31:22]   ⚪ Error checking B0DHWTBDM3: Response too small (3788 bytes)
[2026-07-27 19:31:22]   ⚪ Error checking B0DHWV615D: Response too small (3788 bytes)
[2026-07-27 19:31:23]   ⚪ Error checking B07KJGR9JZ: Response too small (3788 bytes)
[2026-07-27 19:31:24]   ⚪ Error checking B0FQ4WZBTT: Response too small (3788 bytes)
[2026-07-27 19:31:24]   ⚪ Error checking B0GCHT1YFC: Response too small (3788 bytes)
[2026-07-27 19:31:25]   ⚪ Error checking B0828613J4: Response too small (3788 bytes)
[2026-07-27 19:31:25]   ⚪ Error checking B0FKGSLYWJ: Response too small (3788 bytes)
[2026-07-27 19:31:26]   ⚪ Error checking B08M4FD4WR: Response too small (3788 bytes)
[2026-07-27 19:31:26]   ⚪ Error checking B0FGD197QX: Response too small (3788 bytes)
[2026-07-27 19:31:27]   ⚪ Error checking B0G2CYCQS9: Response too small (3788 bytes)
[2026-07-27 19:31:28]   ⚪ Error checking B0G2CZYNS1: Response too small (3788 bytes)
[2026-07-27 19:31:28]   ⚪ Error checking B0G2CXSBBF: Response too small (3788 bytes)
[2026-07-27 19:31:29]   ⚪ Error checking B0G2D1SXLQ: Response too small (3788 bytes)
[2026-07-27 19:31:30]   ⚪ Error checking B00IWOJRSM: Response too small (3788 bytes)
[2026-07-27 19:31:30]   ⚪ Error checking B0C33CHG99: Response too small (3788 bytes)
[2026-07-27 19:31:31]   ⚪ Error checking B07WRM6NJG: Response too small (3788 bytes)
[2026-07-27 19:31:31]   ⚪ Error checking B0D9WCC5KH: Response too small (3788 bytes)
[2026-07-27 19:31:32]   ⚪ Error checking B0CSZ7WBYW: Response too small (3788 bytes)
[2026-07-27 19:31:32]   ⚪ Error checking B00FLYWNYQ: Response too small (3788 bytes)
[2026-07-27 19:31:33]   ⚪ Error checking B06Y1YD5W7: Response too small (3788 bytes)
[2026-07-27 19:31:33]   ⚪ Error checking B08PPZWNCV: Response too small (3788 bytes)
[2026-07-27 19:31:34]   ⚪ Error checking B08PQ2KWHS: Response too small (3788 bytes)
[2026-07-27 19:31:34]   ⚪ Error checking B09MZTSSR2: Response too small (3788 bytes)
[2026-07-27 19:31:35]   ⚪ Error checking B08DZC32BB: Response too small (3788 bytes)
[2026-07-27 19:31:35]   ⚪ Error checking B089TQWJKK: Response too small (3788 bytes)
[2026-07-27 19:31:36]   ⚪ Error checking B0C1LDRFSK: Response too small (3788 bytes)
[2026-07-27 19:31:36]   ⚪ Error checking B0D7N8HJRZ: Response too small (3788 bytes)
[2026-07-27 19:31:37]   ⚪ Error checking B0DCCY5JCP: Response too small (3788 bytes)
[2026-07-27 19:31:37]   ⚪ Error checking B0CKLXZRMC: Response too small (3788 bytes)
[2026-07-27 19:31:38]   ⚪ Error checking B00LU2I428: Response too small (3788 bytes)
[2026-07-27 19:31:38]   ⚪ Error checking B0B4T992R8: Response too small (3788 bytes)
[2026-07-27 19:31:39]   ⚪ Error checking B09NPCV3DC: Response too small (3788 bytes)
[2026-07-27 19:31:39]   ⚪ Error checking B0FHBXMFC1: Response too small (3788 bytes)
[2026-07-27 19:31:40]   ⚪ Error checking B0FRB6HNKC: Response too small (3788 bytes)
[2026-07-27 19:31:40]   ⚪ Error checking B0BYLX91ZL: Response too small (3788 bytes)
[2026-07-27 19:31:41]   ⚪ Error checking B0DS5FD8W5: Response too small (3788 bytes)
[2026-07-27 19:31:41]   ⚪ Error checking B0F7H7FKMY: Response too small (3788 bytes)
[2026-07-27 19:31:42]   ⚪ Error checking B0CRBK6W7F: Response too small (3788 bytes)
[2026-07-27 19:31:42]   ⚪ Error checking B0GJFW5VTH: Response too small (3788 bytes)
[2026-07-27 19:31:43]   ⚪ Error checking B0GJFWK1PD: Response too small (3788 bytes)
[2026-07-27 19:31:44]   ⚪ Error checking B0GJG929GX: Response too small (3788 bytes)
[2026-07-27 19:31:44]   ⚪ Error checking B07MWY7SJR: Response too small (3788 bytes)
[2026-07-27 19:31:45]   ⚪ Error checking B07XJRF5TW: Response too small (3788 bytes)
[2026-07-27 19:31:45]   ⚪ Error checking B07XJRF5TW: Response too small (3788 bytes)
[2026-07-27 19:31:46]   ⚪ Error checking B0DHWTBDM3: Response too small (3788 bytes)
[2026-07-27 19:31:46]   ⚪ Error checking B0DHWRHKSM: Response too small (3788 bytes)
[2026-07-27 19:31:47]   ⚪ Error checking B0DHWV615D: Response too small (3788 bytes)
[2026-07-27 19:31:47]   ⚪ Error checking B07665GLFH: Response too small (3788 bytes)
[2026-07-27 19:31:48]   ⚪ Error checking B0FQ4WZBTT: Response too small (3788 bytes)
[2026-07-27 19:31:48]   ⚪ Error checking B0GCHT1YFC: Response too small (3788 bytes)
[2026-07-27 19:31:49]   ⚪ Error checking B0828613J4: Response too small (3788 bytes)
[2026-07-27 19:31:49]   ⚪ Error checking B0FKGSLYWJ: Response too small (3788 bytes)
[2026-07-27 19:31:50]   ⚪ Error checking B08M4FD4WR: Response too small (3788 bytes)
[2026-07-27 19:31:50]   ⚠️  STALE B000WEMGM4 (best-indoor-grills): Page says: Currently unavailable
[2026-07-27 19:31:51]   ⚪ Error checking B0FGD197QX: Response too small (3788 bytes)
[2026-07-27 19:31:51]   ⚪ Error checking B0G2CYCQS9: Response too small (3788 bytes)
[2026-07-27 19:31:52]   ⚪ Error checking B0G2CZYNS1: Response too small (3788 bytes)
[2026-07-27 19:31:52]   ⚪ Error checking B0G2D1SXLQ: Response too small (3788 bytes)
[2026-07-27 19:31:53]   ⚪ Error checking B00IWOJRSM: Response too small (3788 bytes)
[2026-07-27 19:31:53]   ⚪ Error checking B08W41ZN2P: Response too small (3788 bytes)
[2026-07-27 19:31:54]   ⚪ Error checking B0CWGV674H: Response too small (3788 bytes)
[2026-07-27 19:31:55]   ⚪ Error checking B001CH0ZLE: Response too small (3788 bytes)
[2026-07-27 19:31:55]   ⚪ Error checking B07DD3CPMW: Response too small (3788 bytes)
[2026-07-27 19:31:56]   ⚪ Error checking B0FVFMFRKR: Response too small (3788 bytes)
[2026-07-27 19:31:57]   ⚪ Error checking B07DD385JN: Response too small (3788 bytes)
[2026-07-27 19:31:57]   ⚠️  STALE B001L3AI0M (baking): Page says: Currently unavailable
[2026-07-27 19:31:58]   ⚪ Error checking B0CHZBZ25Y: Response too small (3788 bytes)
[2026-07-27 19:31:58]   ⚪ Error checking B00VA5HG0Q: Response too small (3788 bytes)
[2026-07-27 19:31:59]   ⚪ Error checking B0924GVJTS: Response too small (3788 bytes)
[2026-07-27 19:31:59]   ⚪ Error checking B0C9SY6R4H: Response too small (3788 bytes)
[2026-07-27 19:32:00]   ⚪ Error checking B0BHYZ1KH7: Response too small (3788 bytes)
[2026-07-27 19:32:00]   ⚪ Error checking B0H4141HVT: Response too small (3788 bytes)
[2026-07-27 19:32:01]   ⚪ Error checking B07C8V4FDR: Response too small (3788 bytes)
[2026-07-27 19:32:01]   ⚪ Error checking B01COO5O50: Response too small (3788 bytes)
[2026-07-27 19:32:02]   ⚪ Error checking B0049C2S32: Response too small (3788 bytes)
[2026-07-27 19:32:02]   ⚪ Error checking B088P9H3V7: Response too small (3788 bytes)
[2026-07-27 19:32:03]   ⚪ Error checking B09YMQMBDT: Response too small (3788 bytes)
[2026-07-27 19:32:03]   ⚪ Error checking B0C5JG697C: Response too small (3788 bytes)
[2026-07-27 19:32:04]   ⚪ Error checking B0026RHI3M: Response too small (3788 bytes)
[2026-07-27 19:32:04]   ⚪ Error checking B005D6GFFA: Response too small (3788 bytes)
[2026-07-27 19:32:05]   ⚪ Error checking B08ZMVYWMD: Response too small (3788 bytes)
[2026-07-27 19:32:05]   ⚠️  STALE B08FB31NH5 (baking): Page says: Currently unavailable
[2026-07-27 19:32:06]   ⚪ Error checking B082HCZ44Z: Response too small (3788 bytes)
[2026-07-27 19:32:06]   ⚪ Error checking B08RCKDZZN: Response too small (3788 bytes)
[2026-07-27 19:32:07]   ⚪ Error checking B0CPPCV11Y: Response too small (3788 bytes)
[2026-07-27 19:32:08]   ⚪ Error checking B0CX56FQBR: Response too small (3788 bytes)
[2026-07-27 19:32:08]   ⚪ Error checking B07CTH3722: Response too small (3788 bytes)
[2026-07-27 19:32:09]   ⚪ Error checking B0DBLKMPCG: Response too small (3788 bytes)
[2026-07-27 19:32:09]   ⚪ Error checking B0F9PD5LP4: Response too small (3788 bytes)
[2026-07-27 19:32:10]   ⚪ Error checking B07M7M898T: Response too small (3788 bytes)
[2026-07-27 19:32:10]   ⚪ Error checking B001L3AI0M: Response too small (3788 bytes)
[2026-07-27 19:32:11]   ⚪ Error checking B08W41ZN2P: Response too small (3788 bytes)
[2026-07-27 19:32:11]   ⚪ Error checking B001CH0ZLE: Response too small (3788 bytes)
[2026-07-27 19:32:12]   ⚪ Error checking B0CWGV674H: Response too small (3788 bytes)
[2026-07-27 19:32:12]   ⚪ Error checking B08FB31NH5: Response too small (3788 bytes)
[2026-07-27 19:32:13]   ⚪ Error checking B0FVFMFRKR: Response too small (3788 bytes)
[2026-07-27 19:32:14]   ⚪ Error checking B0CHZBZ25Y: Response too small (3788 bytes)
[2026-07-27 19:32:14]   ⚪ Error checking B07DD385JN: Response too small (3788 bytes)
[2026-07-27 19:32:15]   ⚪ Error checking B09ZHZ3L5Z: Response too small (3788 bytes)
[2026-07-27 19:32:15]   ⚪ Error checking B00VA5HG0Q: Response too small (3788 bytes)
[2026-07-27 19:32:16]   ⚪ Error checking B0924GVJTS: Response too small (3788 bytes)
[2026-07-27 19:32:16]   ⚪ Error checking B0C9SY6R4H: Response too small (3788 bytes)
[2026-07-27 19:32:17]   ⚪ Error checking B0BHYZ1KH7: Response too small (3788 bytes)
[2026-07-27 19:32:18]   ⚪ Error checking B07C8V4FDR: Response too small (3788 bytes)
[2026-07-27 19:32:18]   ⚪ Error checking B01COO5O50: Response too small (3788 bytes)
[2026-07-27 19:32:19]   ⚪ Error checking B088P9H3V7: Response too small (3788 bytes)
[2026-07-27 19:32:19]   ⚪ Error checking B0049C2S32: Response too small (3788 bytes)
[2026-07-27 19:32:20]   ⚪ Error checking B09YMQMBDT: Response too small (3788 bytes)
[2026-07-27 19:32:20]   ⚪ Error checking B0026RHI3M: Response too small (3788 bytes)
[2026-07-27 19:32:21]   ⚪ Error checking B08ZMVYWMD: Response too small (3788 bytes)
[2026-07-27 19:32:21]   ⚪ Error checking B0C5JG697C: Response too small (3788 bytes)
[2026-07-27 19:32:22]   ⚪ Error checking B082HCZ44Z: Response too small (3788 bytes)
[2026-07-27 19:32:22]   ⚪ Error checking B005D6GFFA: Response too small (3788 bytes)
[2026-07-27 19:32:23]   ⚪ Error checking B08RCKDZZN: Response too small (3788 bytes)
[2026-07-27 19:32:24]   ⚪ Error checking B0CPPCV11Y: Response too small (3788 bytes)
[2026-07-27 19:32:24]   ⚪ Error checking B0CX56FQBR: Response too small (3788 bytes)
[2026-07-27 19:32:25]   ⚪ Error checking B07CTH3722: Response too small (3788 bytes)
[2026-07-27 19:32:25]   ⚪ Error checking B0FHKNX6TF: Response too small (3788 bytes)
[2026-07-27 19:32:26]   ⚪ Error checking B0DBLKMPCG: Response too small (3788 bytes)
[2026-07-27 19:32:26]   ⚪ Error checking B0F9PD5LP4: Response too small (3788 bytes)
[2026-07-27 19:32:27]   ⚪ Error checking B07M7M898T: Response too small (3788 bytes)
[2026-07-27 19:32:27]   ⚪ Error checking B08JXHQ3YF: Response too small (3788 bytes)
[2026-07-27 19:32:28]   ⚪ Error checking B09SH9XH37: Response too small (3788 bytes)
[2026-07-27 19:32:28]   ⚪ Error checking B09SHCHNNH: Response too small (3788 bytes)
[2026-07-27 19:32:29]   ⚪ Error checking B076MJSRRC: Response too small (3788 bytes)
[2026-07-27 19:32:29]   ⚪ Error checking B0CPLVLFK2: Response too small (3788 bytes)
[2026-07-27 19:32:30]   ⚪ Error checking B09SHBCJ5W: Response too small (3788 bytes)
[2026-07-27 19:32:30]   ⚪ Error checking B08CF77W3B: Response too small (3788 bytes)
[2026-07-27 19:32:31]   ⚪ Error checking B0CDM1FZBX: Response too small (3788 bytes)
[2026-07-27 19:32:31]   ⚪ Error checking B0H217RFDG: Response too small (3788 bytes)
[2026-07-27 19:32:32]   ⚪ Error checking B0H4QTPNZ3: Response too small (3788 bytes)
[2026-07-27 19:32:32]   ⚪ Error checking B0G2VVYW93: Response too small (3788 bytes)
[2026-07-27 19:32:33]   ⚪ Error checking B0F83M3QYX: Response too small (3788 bytes)
[2026-07-27 19:32:34]   ⚪ Error checking B0BR8HZL9V: Response too small (3788 bytes)
[2026-07-27 19:32:35]   ⚠️  STALE B08559K7CN (blending-and-processing): Page says: Currently unavailable
[2026-07-27 19:32:35]   ⚪ Error checking B074MMJV8N: Response too small (3788 bytes)
[2026-07-27 19:32:36]   ⚪ Error checking B093DYPBYR: Response too small (3788 bytes)
[2026-07-27 19:32:36]   ⚪ Error checking B0FBSP99LX: Response too small (3788 bytes)
[2026-07-27 19:32:37]   ⚪ Error checking B01GJOMWVA: Response too small (3788 bytes)
[2026-07-27 19:32:37]   ⚪ Error checking B00MVWGQX0: Response too small (3788 bytes)
[2026-07-27 19:32:38]   ⚪ Error checking B0D9QGF1WX: Response too small (3788 bytes)
[2026-07-27 19:32:38]   ⚪ Error checking B07S98411N: Response too small (3788 bytes)
[2026-07-27 19:32:39]   ⚪ Error checking B01CTIYU60: Response too small (3788 bytes)
[2026-07-27 19:32:39]   ⚪ Error checking B0BWMNPJKH: Response too small (3788 bytes)
[2026-07-27 19:32:40]   ⚪ Error checking B0CGWS1M51: Response too small (3788 bytes)
[2026-07-27 19:32:40]   ⚪ Error checking B08BGB9Q62: Response too small (3788 bytes)
[2026-07-27 19:32:41]   ⚪ Error checking B0FY3YWNQN: Response too small (3788 bytes)
[2026-07-27 19:32:41]   ⚪ Error checking B0DDKGDCDY: Response too small (3788 bytes)
[2026-07-27 19:32:42]   ⚪ Error checking B0GX63LBSZ: Response too small (3788 bytes)
[2026-07-27 19:32:42]   ⚪ Error checking B0GFJTQSBQ: Response too small (3788 bytes)
[2026-07-27 19:32:43]   ⚪ Error checking B0FX9LDLMX: Response too small (3788 bytes)
[2026-07-27 19:32:43]   ⚪ Error checking B0GTM8CJ7K: Response too small (3788 bytes)
[2026-07-27 19:32:44]   ⚪ Error checking B0FVXHV6GP: Response too small (3788 bytes)
[2026-07-27 19:32:44]   ⚪ Error checking B0GYPVM45R: Response too small (3788 bytes)
[2026-07-27 19:32:45]   ⚪ Error checking B0GTPXHMNQ: Response too small (3788 bytes)
[2026-07-27 19:32:45]   ⚪ Error checking B0GTQ9PKPJ: Response too small (3788 bytes)
[2026-07-27 19:32:46]   ⚪ Error checking B0GTPZ5TC3: Response too small (3788 bytes)
[2026-07-27 19:32:46]   ⚪ Error checking B0DQ7954NG: Response too small (3788 bytes)
[2026-07-27 19:32:47]   ⚪ Error checking B0DBQJ4MRS: Response too small (3788 bytes)
[2026-07-27 19:32:47]   ⚪ Error checking B0F913GLMC: Response too small (3788 bytes)
[2026-07-27 19:32:48]   ⚪ Error checking B0GTLM8B99: Response too small (3788 bytes)
[2026-07-27 19:32:49]   ⚪ Error checking B0GSHRF4SB: Response too small (3788 bytes)
[2026-07-27 19:32:49]   ⚪ Error checking B0CJ6NT4F8: Response too small (3781 bytes)
[2026-07-27 19:32:50]   ⚪ Error checking B08JXHQ3YF: Response too small (3788 bytes)
[2026-07-27 19:32:50]   ⚪ Error checking B08559K7CN: Response too small (3788 bytes)
[2026-07-27 19:32:51]   ⚪ Error checking B09SH9XH37: Response too small (3788 bytes)
[2026-07-27 19:32:51]   ⚪ Error checking B09SHCHNNH: Response too small (3788 bytes)
[2026-07-27 19:32:52]   ⚪ Error checking B09SHBCJ5W: Response too small (3788 bytes)
[2026-07-27 19:32:52]   ⚪ Error checking B076MJSRRC: Response too small (3788 bytes)
[2026-07-27 19:32:53]   ⚪ Error checking B0CPLVLFK2: Response too small (3788 bytes)
[2026-07-27 19:32:53]   ⚪ Error checking B09P8C9Q1H: Response too small (3788 bytes)
[2026-07-27 19:32:54]   ⚪ Error checking B08CF77W3B: Response too small (3788 bytes)
[2026-07-27 19:32:54]   ⚪ Error checking B0H1R8VHZV: Response too small (3788 bytes)
[2026-07-27 19:32:55]   ⚪ Error checking B0CDM1FZBX: Response too small (3788 bytes)
[2026-07-27 19:32:55]   ⚪ Error checking B0H217RFDG: Response too small (3788 bytes)
[2026-07-27 19:32:56]   ⚪ Error checking B0H4QTPNZ3: Response too small (3788 bytes)
[2026-07-27 19:32:56]   ⚪ Error checking B0G2VVYW93: Response too small (3788 bytes)
[2026-07-27 19:32:57]   ⚪ Error checking B0BR8HZL9V: Response too small (3788 bytes)
[2026-07-27 19:32:57]   ⚪ Error checking B074MMJV8N: Response too small (3788 bytes)
[2026-07-27 19:32:58]   ⚪ Error checking B0FBSP99LX: Response too small (3788 bytes)
[2026-07-27 19:32:58]   ⚪ Error checking B093DYPBYR: Response too small (3788 bytes)
[2026-07-27 19:32:59]   ⚠️  STALE B0GTPY8H3L (blending-and-processing): Page says: Currently unavailable
[2026-07-27 19:32:59]   ⚪ Error checking B01GJOMWVA: Response too small (3788 bytes)
[2026-07-27 19:33:00]   ⚪ Error checking B00MVWGQX0: Response too small (3788 bytes)
[2026-07-27 19:33:00]   ⚪ Error checking B0D9QGF1WX: Response too small (3788 bytes)
[2026-07-27 19:33:01]   ⚪ Error checking B077K9YW7D: Response too small (3788 bytes)
[2026-07-27 19:33:01]   ⚪ Error checking B07S98411N: Response too small (3788 bytes)
[2026-07-27 19:33:02]   ⚪ Error checking B01CTIYU60: Response too small (3788 bytes)
[2026-07-27 19:33:02]   ⚪ Error checking B0CGWS1M51: Response too small (3788 bytes)
[2026-07-27 19:33:03]   ⚪ Error checking B08BGB9Q62: Response too small (3788 bytes)
[2026-07-27 19:33:03]   ⚪ Error checking B0DDKGDCDY: Response too small (3788 bytes)
[2026-07-27 19:33:04]   ⚪ Error checking B0FY3YWNQN: Response too small (3788 bytes)
[2026-07-27 19:33:04]   ⚪ Error checking B0GX63LBSZ: Response too small (3788 bytes)
[2026-07-27 19:33:05]   ⚪ Error checking B0FX9LDLMX: Response too small (3788 bytes)
[2026-07-27 19:33:05]   ⚪ Error checking B0GFJTQSBQ: Response too small (3788 bytes)
[2026-07-27 19:33:06]   ⚪ Error checking B0FVXHV6GP: Response too small (3788 bytes)
[2026-07-27 19:33:06]   ⚪ Error checking B0GTM8CJ7K: Response too small (3788 bytes)
[2026-07-27 19:33:07]   ⚠️  STALE B0F83M3QYX (best-juicers): Page says: Currently unavailable
[2026-07-27 19:33:08]   ⚪ Error checking B0GYPVM45R: Response too small (3788 bytes)
[2026-07-27 19:33:08]   ⚪ Error checking B0GTPXHMNQ: Response too small (3788 bytes)
[2026-07-27 19:33:09]   ⚪ Error checking B0GTQ9PKPJ: Response too small (3788 bytes)
[2026-07-27 19:33:09]   ⚪ Error checking B0GTPY8H3L: Response too small (3788 bytes)
[2026-07-27 19:33:10]   ⚪ Error checking B0GTPZ5TC3: Response too small (3788 bytes)
[2026-07-27 19:33:10]   ⚪ Error checking B0DQ7954NG: Response too small (3788 bytes)
[2026-07-27 19:33:11]   ⚪ Error checking B0DBQJ4MRS: Response too small (3788 bytes)
[2026-07-27 19:33:11]   ⚪ Error checking B0F913GLMC: Response too small (3788 bytes)
[2026-07-27 19:33:12]   ⚪ Error checking B0GTLM8B99: Response too small (3788 bytes)
[2026-07-27 19:33:12]   ⚪ Error checking B0GSHRF4SB: Response too small (3788 bytes)
[2026-07-27 19:33:13]   ⚪ Error checking B0CJ6NT4F8: Response too small (3788 bytes)
[2026-07-27 19:33:13]   ⚪ Error checking B09ZV37WC6: Response too small (3788 bytes)
[2026-07-27 19:33:14]   ⚪ Error checking B09Y25BY8G: Response too small (3788 bytes)
[2026-07-27 19:33:14]   ⚪ Error checking B07W99LGGT: Response too small (3788 bytes)
[2026-07-27 19:33:15]   ⚪ Error checking B08CS95K8L: Response too small (3788 bytes)
[2026-07-27 19:33:15]   ⚪ Error checking B086PHS2V8: Response too small (3788 bytes)
[2026-07-27 19:33:16]   ⚪ Error checking B09HR771DL: Response too small (3788 bytes)
[2026-07-27 19:33:16]   ⚪ Error checking B09S12WX42: Response too small (3788 bytes)
[2026-07-27 19:33:17]   ⚪ Error checking B09S158K61: Response too small (3788 bytes)
[2026-07-27 19:33:17]   ⚪ Error checking B0FVW82JFG: Response too small (3788 bytes)
[2026-07-27 19:33:18]   ⚪ Error checking B0FB4DNM1H: Response too small (3788 bytes)
[2026-07-27 19:33:18]   ⚪ Error checking B001AS8ZU8: Response too small (3788 bytes)
[2026-07-27 19:33:19]   ⚪ Error checking B0BH6KKVSP: Response too small (3788 bytes)
[2026-07-27 19:33:19]   ⚪ Error checking B08CZWT4XD: Response too small (3788 bytes)
[2026-07-27 19:33:20]   ⚪ Error checking B08CYD9137: Response too small (3788 bytes)
[2026-07-27 19:33:20]   ⚪ Error checking B0GT4S98NK: Response too small (3788 bytes)
[2026-07-27 19:33:21]   ⚪ Error checking B0GT49W5FF: Response too small (3788 bytes)
[2026-07-27 19:33:21]   ⚪ Error checking B0GT43RBV9: Response too small (3788 bytes)
[2026-07-27 19:33:22]   ⚪ Error checking B08XM1B6ZX: Response too small (3788 bytes)
[2026-07-27 19:33:22]   ⚪ Error checking B08XLDWJYV: Response too small (3788 bytes)
[2026-07-27 19:33:23]   ⚪ Error checking B0C8HPJW4J: Response too small (3788 bytes)
[2026-07-27 19:33:23]   ⚪ Error checking B0B2K47S1T: Response too small (3788 bytes)
[2026-07-27 19:33:24]   ⚪ Error checking B0DGLVW188: Response too small (3788 bytes)
[2026-07-27 19:33:24]   ⚪ Error checking B0CF2NBX28: Response too small (3788 bytes)
[2026-07-27 19:33:25]   ⚪ Error checking B0GJRJ63JR: Response too small (3788 bytes)
[2026-07-27 19:33:25]   ⚪ Error checking B0C12WJ5BG: Response too small (3788 bytes)
[2026-07-27 19:33:26]   ⚪ Error checking B0H1W5JDXB: Response too small (3788 bytes)
[2026-07-27 19:33:26]   ⚪ Error checking B0BTTLVYJW: Response too small (3788 bytes)
[2026-07-27 19:33:27]   ⚪ Error checking B083NT96KR: Response too small (3788 bytes)
[2026-07-27 19:33:27]   ⚪ Error checking B09Z6HCZH3: Response too small (3788 bytes)
[2026-07-27 19:33:28]   ⚪ Error checking B09Z6JCGQC: Response too small (3788 bytes)
[2026-07-27 19:33:28]   ⚪ Error checking B09Z6K4SSJ: Response too small (3788 bytes)
[2026-07-27 19:33:29]   ⚪ Error checking B0DJ2XF8DZ: Response too small (3788 bytes)
[2026-07-27 19:33:29]   ⚠️  STALE B0C1QK1XG1 (cookware): Page says: Currently unavailable
[2026-07-27 19:33:30]   ⚪ Error checking B0DJ2YM5H1: Response too small (3788 bytes)
[2026-07-27 19:33:30]   ⚪ Error checking B09ZV37WC6: Response too small (3788 bytes)
[2026-07-27 19:33:31]   ⚪ Error checking B07W99LGGT: Response too small (3788 bytes)
[2026-07-27 19:33:31]   ⚪ Error checking B086PHS2V8: Response too small (3788 bytes)
[2026-07-27 19:33:32]   ⚪ Error checking B08CS95K8L: Response too small (3788 bytes)
[2026-07-27 19:33:32]   ⚪ Error checking B09HR771DL: Response too small (3788 bytes)
[2026-07-27 19:33:33]   ⚪ Error checking B09S12WX42: Response too small (3788 bytes)
[2026-07-27 19:33:33]   ⚠️  STALE B09Z6HGKKK (cookware): Page says: Currently unavailable
[2026-07-27 19:33:34]   ⚪ Error checking B0FVW82JFG: Response too small (3788 bytes)
[2026-07-27 19:33:34]   ⚪ Error checking B001AS8ZU8: Response too small (3788 bytes)
[2026-07-27 19:33:35]   ⚪ Error checking B0FB4DNM1H: Response too small (3788 bytes)
[2026-07-27 19:33:35]   ⚪ Error checking B0BH6KKVSP: Response too small (3788 bytes)
[2026-07-27 19:33:36]   ⚪ Error checking B08CZWT4XD: Response too small (3788 bytes)
[2026-07-27 19:33:36]   ⚪ Error checking B08CYD9137: Response too small (3788 bytes)
[2026-07-27 19:33:37]   ⚪ Error checking B0GT4S98NK: Response too small (3788 bytes)
[2026-07-27 19:33:37]   ⚪ Error checking B0GT49W5FF: Response too small (3788 bytes)
[2026-07-27 19:33:38]   ⚪ Error checking B0GT43RBV9: Response too small (3788 bytes)
[2026-07-27 19:33:39]   ⚪ Error checking B08XLDWJYV: Response too small (3788 bytes)
[2026-07-27 19:33:39]   ⚪ Error checking B0C8HPJW4J: Response too small (3788 bytes)
[2026-07-27 19:33:40]   ⚪ Error checking B0B2K47S1T: Response too small (3788 bytes)
[2026-07-27 19:33:40]   ⚠️  STALE B09S158K61 (best-stainless-steel-pans): Page says: Currently unavailable
[2026-07-27 19:33:41]   ⚪ Error checking B0DGLVW188: Response too small (3788 bytes)
[2026-07-27 19:33:41]   ⚪ Error checking B0CF2NBX28: Response too small (3788 bytes)
[2026-07-27 19:33:42]   ⚪ Error checking B0GJRJ63JR: Response too small (3788 bytes)
[2026-07-27 19:33:42]   ⚠️  STALE B0C1QK1XG1 (best-cookware-sets): Page says: Currently unavailable
[2026-07-27 19:33:43]   ⚪ Error checking B0BTTLVYJW: Response too small (3788 bytes)
[2026-07-27 19:33:44]   ⚪ Error checking B083NT96KR: Response too small (3788 bytes)
[2026-07-27 19:33:44]   ⚪ Error checking B09Z6HGKKK: Response too small (3788 bytes)
[2026-07-27 19:33:45]   ⚪ Error checking B09Z6HCZH3: Response too small (3788 bytes)
[2026-07-27 19:33:45]   ⚪ Error checking B09Z6JCGQC: Response too small (3788 bytes)
[2026-07-27 19:33:46]   ⚪ Error checking B0DJ2XF8DZ: Response too small (3788 bytes)
[2026-07-27 19:33:46]   ⚪ Error checking B09Z6K4SSJ: Response too small (3788 bytes)
[2026-07-27 19:33:47]   ⚪ Error checking B0DJ2YM5H1: Response too small (3788 bytes)
[2026-07-27 19:33:47]   ⚪ Error checking B0BFR5K1YF: Response too small (3788 bytes)
[2026-07-27 19:33:48]   ⚪ Error checking B0C1YBPJ43: Response too small (3788 bytes)
[2026-07-27 19:33:49]   ⚪ Error checking B09B9Q8TMC: Response too small (3788 bytes)
[2026-07-27 19:33:49]   ⚠️  STALE B0H1W5JDXB (best-stock-pots): Page says: Currently unavailable
[2026-07-27 19:33:50]   ⚪ Error checking B0BFR8TJVX: Response too small (3788 bytes)
[2026-07-27 19:33:50]   ⚪ Error checking B0C1CFYQ5F: Response too small (3788 bytes)
[2026-07-27 19:33:51]   ⚪ Error checking B09G6QX21B: Response too small (3788 bytes)
[2026-07-27 19:33:51]   ⚪ Error checking B0G4LD32JX: Response too small (3788 bytes)
[2026-07-27 19:33:52]   ⚪ Error checking B0C3V2KT65: Response too small (3788 bytes)
[2026-07-27 19:33:52]   ⚪ Error checking B000PS1HS6: Response too small (3788 bytes)
[2026-07-27 19:33:53]   ⚪ Error checking B011CY8Y78: Response too small (3788 bytes)
[2026-07-27 19:33:53]   ⚪ Error checking B00MYI0VYG: Response too small (3788 bytes)
[2026-07-27 19:33:54]   ⚪ Error checking B0D2P1HSCV: Response too small (3788 bytes)
[2026-07-27 19:33:54]   ⚪ Error checking B0GWNK6DX9: Response too small (3788 bytes)
[2026-07-27 19:33:55]   ⚪ Error checking B07WFF17BQ: Response too small (3788 bytes)
[2026-07-27 19:33:55]   ⚪ Error checking B016OP6N3M: Response too small (3788 bytes)
[2026-07-27 19:33:56]   ⚪ Error checking B0FH6YL3XC: Response too small (3788 bytes)
[2026-07-27 19:33:56]   ⚪ Error checking B0D1CWD525: Response too small (3788 bytes)
[2026-07-27 19:33:57]   ⚪ Error checking B0D7M8QB9Y: Response too small (3788 bytes)
[2026-07-27 19:33:57]   ⚪ Error checking B0FM323HPY: Response too small (3788 bytes)
[2026-07-27 19:33:58]   ⚪ Error checking B0D1FWNSYM: Response too small (3788 bytes)
[2026-07-27 19:33:58]   ⚪ Error checking B0FM2W1YTY: Response too small (3788 bytes)
[2026-07-27 19:33:59]   ⚪ Error checking B0FM2YQ5HV: Response too small (3788 bytes)
[2026-07-27 19:33:59]   ⚪ Error checking B0FM2WXZKR: Response too small (3788 bytes)
[2026-07-27 19:34:00]   ⚪ Error checking B0BFR5K1YF: Response too small (3788 bytes)
[2026-07-27 19:34:00]   ⚪ Error checking B0BFR8TJVX: Response too small (3788 bytes)
[2026-07-27 19:34:01]   ⚪ Error checking B09B9Q8TMC: Response too small (3788 bytes)
[2026-07-27 19:34:01]   ⚪ Error checking B09G6QX21B: Response too small (3788 bytes)
[2026-07-27 19:34:02]   ⚪ Error checking B0C1CFYQ5F: Response too small (3788 bytes)
[2026-07-27 19:34:02]   ⚪ Error checking B0C3V2KT65: Response too small (3788 bytes)
[2026-07-27 19:34:03]   ⚪ Error checking B000PS1HS6: Response too small (3788 bytes)
[2026-07-27 19:38:05] ============================================================
[2026-07-27 19:38:05] whatarebest.com product staleness check starting
[2026-07-27 19:38:05] Extracting ASINs from build script...
[2026-07-27 19:38:05] Found 421 categories with 5367 total ASINs
[2026-07-27 19:38:05] Priority (not checked in 48h): 421 slugs
[2026-07-27 19:38:05] Already recent: 0 slugs
[2026-07-27 19:38:05] Checking 1351 ASINs across 100 categories...
[2026-07-27 19:38:06]   ⚪ Error checking B0CSZ7WBYW: Response too small (3788 bytes)
[2026-07-27 19:38:06]   ⚪ Error checking B0C33CHG99: Response too small (3788 bytes)
[2026-07-27 19:38:07]   ⚪ Error checking B0D9WCC5KH: Response too small (3788 bytes)
[2026-07-27 19:38:07]   ⚪ Error checking B01NBKTPTS: Response too small (3788 bytes)
[2026-07-27 19:38:08]   ⚪ Error checking B00FLYWNYQ: Response too small (3788 bytes)
[2026-07-27 19:38:08]   ⚪ Error checking B08PQ2KWHS: Response too small (3788 bytes)
[2026-07-27 19:38:09]   ⚪ Error checking B09MZTSSR2: Response too small (3788 bytes)
[2026-07-27 19:38:10]   ⚪ Error checking B08DZC32BB: Response too small (3788 bytes)
[2026-07-27 19:38:10]   ⚪ Error checking B089TQWJKK: Response too small (3788 bytes)
[2026-07-27 19:38:11]   ⚪ Error checking B0C1LDRFSK: Response too small (3788 bytes)
[2026-07-27 19:38:12]   ⚪ Error checking B0D7N8HJRZ: Response too small (3788 bytes)
[2026-07-27 19:38:12]   ⚪ Error checking B0DCCY5JCP: Response too small (3788 bytes)
[2026-07-27 19:38:13]   ⚪ Error checking B0CKLXZRMC: Response too small (3788 bytes)
[2026-07-27 19:38:14]   ⚪ Error checking B00LU2I428: Response too small (3788 bytes)
[2026-07-27 19:38:14]   ⚪ Error checking B09NPCV3DC: Response too small (3788 bytes)
[2026-07-27 19:38:15]   ⚪ Error checking B0FHBXMFC1: Response too small (3788 bytes)
[2026-07-27 19:38:15]   ⚪ Error checking B0BYLX91ZL: Response too small (3788 bytes)
[2026-07-27 19:38:16]   ⚪ Error checking B0DS5FD8W5: Response too small (3788 bytes)
[2026-07-27 19:38:16]   ⚪ Error checking B0FRB6HNKC: Response too small (3788 bytes)
[2026-07-27 19:38:17]   ⚪ Error checking B0F7H7FKMY: Response too small (3788 bytes)
[2026-07-27 19:38:17]   ⚪ Error checking B000WEMGM4: Response too small (3788 bytes)
[2026-07-27 19:38:18]   ⚪ Error checking B0CRBK6W7F: Response too small (3788 bytes)
[2026-07-27 19:38:18]   ⚪ Error checking B0GJG929GX: Response too small (3788 bytes)
[2026-07-27 19:38:19]   ⚪ Error checking B07MWY7SJR: Response too small (3788 bytes)
[2026-07-27 19:38:20]   ⚪ Error checking B07XJRF5TW: Response too small (3788 bytes)
[2026-07-27 19:38:20]   ⚪ Error checking B07XJRF5TW: Response too small (3788 bytes)
[2026-07-27 19:38:21]   ⚪ Error checking B0DHWTBDM3: Response too small (3788 bytes)
[2026-07-27 19:38:22]   ⚪ Error checking B0DHWRHKSM: Response too small (3788 bytes)
[2026-07-27 19:38:22]   ⚪ Error checking B07KJGR9JZ: Response too small (3788 bytes)
[2026-07-27 19:38:23]   ⚪ Error checking B0FQ4WZBTT: Response too small (3788 bytes)
[2026-07-27 19:38:23]   ⚪ Error checking B07665GLFH: Response too small (3788 bytes)
[2026-07-27 19:38:24]   ⚪ Error checking B0GCHT1YFC: Response too small (3788 bytes)
[2026-07-27 19:38:24]   ⚪ Error checking B0828613J4: Response too small (3788 bytes)
[2026-07-27 19:38:25]   ⚪ Error checking B0FKGSLYWJ: Response too small (3788 bytes)
[2026-07-27 19:38:25]   ⚪ Error checking B08M4FD4WR: Response too small (3788 bytes)
[2026-07-27 19:38:26]   ⚠️  STALE B0GJFWK1PD (kitchen): Page says: Currently unavailable
[2026-07-27 19:38:26]   ⚪ Error checking B0FGD197QX: Response too small (3788 bytes)
[2026-07-27 19:38:27]   ⚪ Error checking B0G2CZYNS1: Response too small (3788 bytes)
[2026-07-27 19:38:28]   ⚪ Error checking B0G2CXSBBF: Response too small (3788 bytes)
[2026-07-27 19:38:28]   ⚪ Error checking B0G2D1SXLQ: Response too small (3788 bytes)
[2026-07-27 19:38:29]   ⚪ Error checking B00IWOJRSM: Response too small (3788 bytes)
[2026-07-27 19:38:29]   ⚪ Error checking B001L3AI0M: Response too small (3788 bytes)
[2026-07-27 19:38:30]   ⚪ Error checking B08W41ZN2P: Response too small (3788 bytes)
[2026-07-27 19:38:30]   ⚪ Error checking B0CWGV674H: Response too small (3788 bytes)
[2026-07-27 19:38:31]   ⚪ Error checking B001CH0ZLE: Response too small (3788 bytes)
[2026-07-27 19:38:31]   ⚪ Error checking B08FB31NH5: Response too small (3788 bytes)
[2026-07-27 19:38:32]   ⚪ Error checking B0FVFMFRKR: Response too small (3788 bytes)
[2026-07-27 19:38:32]   ⚪ Error checking B07DD3CPMW: Response too small (3788 bytes)
[2026-07-27 19:38:33]   ⚪ Error checking B07DD385JN: Response too small (3788 bytes)
[2026-07-27 19:38:34]   ⚪ Error checking B0CHZBZ25Y: Response too small (3788 bytes)
[2026-07-27 19:38:34]   ⚪ Error checking B00VA5HG0Q: Response too small (3788 bytes)
[2026-07-27 19:38:35]   ⚪ Error checking B0924GVJTS: Response too small (3788 bytes)
[2026-07-27 19:38:35]   ⚪ Error checking B09ZHZ3L5Z: Response too small (3788 bytes)
[2026-07-27 19:38:36]   ⚪ Error checking B0BHYZ1KH7: Response too small (3788 bytes)
[2026-07-27 19:38:36]   ⚪ Error checking B0H4141HVT: Response too small (3788 bytes)
[2026-07-27 19:38:37]   ⚪ Error checking B07C8V4FDR: Response too small (3788 bytes)
[2026-07-27 19:38:37]   ⚪ Error checking B01COO5O50: Response too small (3788 bytes)
[2026-07-27 19:38:38]   ⚪ Error checking B0049C2S32: Response too small (3788 bytes)
[2026-07-27 19:38:38]   ⚪ Error checking B09YMQMBDT: Response too small (3788 bytes)
[2026-07-27 19:38:39]   ⚪ Error checking B088P9H3V7: Response too small (3788 bytes)
[2026-07-27 19:38:39]   ⚪ Error checking B0026RHI3M: Response too small (3788 bytes)
[2026-07-27 19:38:40]   ⚪ Error checking B0C5JG697C: Response too small (3788 bytes)
[2026-07-27 19:38:40]   ⚪ Error checking B08ZMVYWMD: Response too small (3788 bytes)
[2026-07-27 19:38:41]   ⚪ Error checking B005D6GFFA: Response too small (3788 bytes)
[2026-07-27 19:38:41]   ⚪ Error checking B082HCZ44Z: Response too small (3788 bytes)
[2026-07-27 19:38:42]   ⚪ Error checking B08RCKDZZN: Response too small (3788 bytes)
[2026-07-27 19:38:42]   ⚪ Error checking B0CPPCV11Y: Response too small (3788 bytes)
[2026-07-27 19:38:43]   ⚪ Error checking B0CX56FQBR: Response too small (3788 bytes)
[2026-07-27 19:38:43]   ⚪ Error checking B0FHKNX6TF: Response too small (3788 bytes)
[2026-07-27 19:38:44]   ⚪ Error checking B07CTH3722: Response too small (3788 bytes)
[2026-07-27 19:38:44]   ⚪ Error checking B0DBLKMPCG: Response too small (3788 bytes)
[2026-07-27 19:38:45]   ⚪ Error checking B0F9PD5LP4: Response too small (3788 bytes)
[2026-07-27 19:38:45]   ⚪ Error checking B07M7M898T: Response too small (3788 bytes)
[2026-07-27 19:38:46]   ⚪ Error checking B08JXHQ3YF: Response too small (3788 bytes)
[2026-07-27 19:38:47]   ⚪ Error checking B08559K7CN: Response too small (3788 bytes)
[2026-07-27 19:38:47]   ⚪ Error checking B09SH9XH37: Response too small (3788 bytes)
[2026-07-27 19:38:48]   ⚪ Error checking B09SHBCJ5W: Response too small (3788 bytes)
[2026-07-27 19:38:48]   ⚪ Error checking B076MJSRRC: Response too small (3788 bytes)
[2026-07-27 19:38:49]   ⚪ Error checking B0CPLVLFK2: Response too small (3788 bytes)
[2026-07-27 19:38:49]   ⚪ Error checking B09P8C9Q1H: Response too small (3788 bytes)
[2026-07-27 19:38:50]   ⚪ Error checking B08CF77W3B: Response too small (3788 bytes)
[2026-07-27 19:38:50]   ⚪ Error checking B0CDM1FZBX: Response too small (3788 bytes)
[2026-07-27 19:38:51]   ⚪ Error checking B0H217RFDG: Response too small (3788 bytes)
[2026-07-27 19:38:51]   ⚪ Error checking B0H1R8VHZV: Response too small (3788 bytes)
[2026-07-27 19:38:52]   ⚪ Error checking B0H4QTPNZ3: Response too small (3788 bytes)
[2026-07-27 19:38:52]   ⚪ Error checking B0G2VVYW93: Response too small (3788 bytes)
[2026-07-27 19:38:53]   ⚪ Error checking B0F83M3QYX: Response too small (3788 bytes)
[2026-07-27 19:38:53]   ⚪ Error checking B0BR8HZL9V: Response too small (3788 bytes)
[2026-07-27 19:38:54]   ⚪ Error checking B074MMJV8N: Response too small (3788 bytes)
[2026-07-27 19:38:54]   ⚪ Error checking B0FBSP99LX: Response too small (3788 bytes)
[2026-07-27 19:38:55]   ⚪ Error checking B093DYPBYR: Response too small (3788 bytes)
[2026-07-27 19:38:55]   ⚪ Error checking B01GJOMWVA: Response too small (3788 bytes)
[2026-07-27 19:38:56]   ⚪ Error checking B0D9QGF1WX: Response too small (3788 bytes)
[2026-07-27 19:38:56]   ⚪ Error checking B07S98411N: Response too small (3788 bytes)
[2026-07-27 19:38:57]   ⚪ Error checking B01CTIYU60: Response too small (3788 bytes)
[2026-07-27 19:38:58]   ⚪ Error checking B0BWMNPJKH: Response too small (3788 bytes)
[2026-07-27 19:38:58]   ⚪ Error checking B0CGWS1M51: Response too small (3788 bytes)
[2026-07-27 19:39:01]   ⚠️  STALE B0DDKGDCDY (kitchen): Page says: Currently unavailable
[2026-07-27 19:39:01]   ⚪ Error checking B0GX63LBSZ: Response too small (3788 bytes)
[2026-07-27 19:39:02]   ⚪ Error checking B0GFJTQSBQ: Response too small (3788 bytes)
[2026-07-27 19:39:02]   ⚪ Error checking B0FX9LDLMX: Response too small (3788 bytes)
[2026-07-27 19:39:03]   ⚪ Error checking B0FVXHV6GP: Response too small (3788 bytes)
[2026-07-27 19:39:03]   ⚪ Error checking B0GTM8CJ7K: Response too small (3788 bytes)
[2026-07-27 19:39:04]   ⚪ Error checking B0GYPVM45R: Response too small (3788 bytes)
[2026-07-27 19:39:04]   ⚪ Error checking B0GTPXHMNQ: Response too small (3788 bytes)
[2026-07-27 19:39:05]   ⚪ Error checking B0GTPZ5TC3: Response too small (3788 bytes)
[2026-07-27 19:39:05]   ⚪ Error checking B0GTQ9PKPJ: Response too small (3788 bytes)
[2026-07-27 19:39:08]   ⚪ Error checking B0GSHRF4SB: Response too small (3788 bytes)
[2026-07-27 19:39:08]   ⚪ Error checking B09ZV37WC6: Response too small (3788 bytes)
[2026-07-27 19:39:09]   ⚪ Error checking B07W99LGGT: Response too small (3788 bytes)
[2026-07-27 19:39:10]   ⚪ Error checking B09Y25BY8G: Response too small (3788 bytes)
[2026-07-27 19:39:10]   ⚪ Error checking B086PHS2V8: Response too small (3788 bytes)
[2026-07-27 19:39:11]   ⚪ Error checking B08CS95K8L: Response too small (3788 bytes)
[2026-07-27 19:39:11]   ⚪ Error checking B09HR771DL: Response too small (3788 bytes)
[2026-07-27 19:39:12]   ⚪ Error checking B09S12WX42: Response too small (3788 bytes)
[2026-07-27 19:39:13]   ⚪ Error checking B09S158K61: Response too small (3788 bytes)
[2026-07-27 19:39:13]   ⚪ Error checking B0FVW82JFG: Response too small (3788 bytes)
[2026-07-27 19:39:14]   ⚪ Error checking B0FB4DNM1H: Response too small (3788 bytes)
[2026-07-27 19:39:14]   ⚪ Error checking B001AS8ZU8: Response too small (3788 bytes)
[2026-07-27 19:39:15]   ⚪ Error checking B08CZWT4XD: Response too small (3788 bytes)
[2026-07-27 19:39:15]   ⚪ Error checking B0BH6KKVSP: Response too small (3788 bytes)
[2026-07-27 19:39:16]   ⚪ Error checking B08CYD9137: Response too small (3788 bytes)
[2026-07-27 19:39:16]   ⚪ Error checking B0GT4S98NK: Response too small (3788 bytes)
[2026-07-27 19:39:17]   ⚪ Error checking B0GT49W5FF: Response too small (3788 bytes)
[2026-07-27 19:39:17]   ⚪ Error checking B0GT43RBV9: Response too small (3788 bytes)
[2026-07-27 19:39:18]   ⚪ Error checking B08XM1B6ZX: Response too small (3788 bytes)
[2026-07-27 19:39:18]   ⚪ Error checking B08XLDWJYV: Response too small (3788 bytes)
[2026-07-27 19:39:19]   ⚪ Error checking B0C1QK1XG1: Response too small (3788 bytes)
[2026-07-27 19:39:19]   ⚠️  STALE B0CJ6NT4F8 (kitchen): Page says: Currently unavailable
[2026-07-27 19:39:20]   ⚪ Error checking B0C8HPJW4J: Response too small (3788 bytes)
[2026-07-27 19:39:20]   ⚪ Error checking B0B2K47S1T: Response too small (3788 bytes)
[2026-07-27 19:39:21]   ⚪ Error checking B0GJRJ63JR: Response too small (3788 bytes)
[2026-07-27 19:39:21]   ⚪ Error checking B0CF2NBX28: Response too small (3788 bytes)
[2026-07-27 19:39:22]   ⚪ Error checking B0C12WJ5BG: Response too small (3788 bytes)
[2026-07-27 19:39:22]   ⚪ Error checking B0H1W5JDXB: Response too small (3788 bytes)
[2026-07-27 19:39:23]   ⚪ Error checking B0BTTLVYJW: Response too small (3788 bytes)
[2026-07-27 19:39:23]   ⚪ Error checking B083NT96KR: Response too small (3788 bytes)
[2026-07-27 19:39:24]   ⚪ Error checking B09Z6HGKKK: Response too small (3788 bytes)
[2026-07-27 19:39:24]   ⚪ Error checking B09Z6JCGQC: Response too small (3788 bytes)
[2026-07-27 19:39:25]   ⚪ Error checking B09Z6HCZH3: Response too small (3788 bytes)
[2026-07-27 19:39:25]   ⚪ Error checking B0DJ2XF8DZ: Response too small (3788 bytes)
[2026-07-27 19:39:26]   ⚪ Error checking B0DJ2YM5H1: Response too small (3788 bytes)
[2026-07-27 19:39:26]   ⚪ Error checking B0BFR5K1YF: Response too small (3788 bytes)
[2026-07-27 19:39:27]   ⚪ Error checking B09B9Q8TMC: Response too small (3788 bytes)
[2026-07-27 19:39:27]   ⚪ Error checking B0BFR8TJVX: Response too small (3788 bytes)
[2026-07-27 19:39:28]   ⚪ Error checking B09G6QX21B: Response too small (3788 bytes)
[2026-07-27 19:39:29]   ⚪ Error checking B0C1CFYQ5F: Response too small (3788 bytes)
[2026-07-27 19:39:29]   ⚪ Error checking B0C3V2KT65: Response too small (3788 bytes)
[2026-07-27 19:39:30]   ⚪ Error checking B0G4LD32JX: Response too small (3788 bytes)
[2026-07-27 19:39:31]   ⚪ Error checking B000PS1HS6: Response too small (3788 bytes)
[2026-07-27 19:39:31]   ⚪ Error checking B011CY8Y78: Response too small (3788 bytes)
[2026-07-27 19:39:32]   ⚪ Error checking B00MYI0VYG: Response too small (3788 bytes)
[2026-07-27 19:39:32]   ⚪ Error checking B0GWNK6DX9: Response too small (3788 bytes)
[2026-07-27 19:39:33]   ⚪ Error checking B07WFF17BQ: Response too small (3788 bytes)
[2026-07-27 19:39:33]   ⚪ Error checking B0D2P1HSCV: Response too small (3788 bytes)
[2026-07-27 19:39:34]   ⚪ Error checking B016OP6N3M: Response too small (3788 bytes)
[2026-07-27 19:39:34]   ⚪ Error checking B0FH6YL3XC: Response too small (3788 bytes)
[2026-07-27 19:39:35]   ⚪ Error checking B0D7M8QB9Y: Response too small (3788 bytes)
[2026-07-27 19:39:35]   ⚪ Error checking B0D1CWD525: Response too small (3788 bytes)
[2026-07-27 19:39:36]   ⚪ Error checking B0D1FWNSYM: Response too small (3788 bytes)
[2026-07-27 19:39:36]   ⚪ Error checking B0FM2YQ5HV: Response too small (3788 bytes)
[2026-07-27 19:39:37]   ⚪ Error checking B0FM323HPY: Response too small (3788 bytes)
[2026-07-27 19:39:38]   ⚪ Error checking B0FM2W1YTY: Response too small (3788 bytes)
[2026-07-27 19:39:38]   ⚪ Error checking B0FM2WXZKR: Response too small (3788 bytes)
[2026-07-27 19:39:39]   ⚪ Error checking B0GRTLQHSS: Response too small (3788 bytes)
[2026-07-27 19:39:39]   ⚪ Error checking B0GRTKQBCN: Response too small (3788 bytes)
[2026-07-27 19:39:40]   ⚪ Error checking B0GRTHD2TR: Response too small (3788 bytes)
[2026-07-27 19:39:40]   ⚪ Error checking B0GRTFRMZY: Response too small (3788 bytes)
[2026-07-27 19:39:41]   ⚪ Error checking B08BR9HBZ3: Response too small (3788 bytes)
[2026-07-27 19:39:41]   ⚪ Error checking B0GRTFNGNL: Response too small (3788 bytes)
[2026-07-27 19:39:42]   ⚪ Error checking B0D3ZBWNZT: Response too small (3788 bytes)
[2026-07-27 19:39:42]   ⚪ Error checking B0D3ZBFMW6: Response too small (3788 bytes)
[2026-07-27 19:39:43]   ⚪ Error checking B0D3Z8VWBH: Response too small (3788 bytes)
[2026-07-27 19:39:43]   ⚪ Error checking B0D91CQ69R: Response too small (3788 bytes)
[2026-07-27 19:39:44]   ⚪ Error checking B08F72TY67: Response too small (3788 bytes)
[2026-07-27 19:39:44]   ⚪ Error checking B0F2HJFNBV: Response too small (3788 bytes)
[2026-07-27 19:39:45]   ⚪ Error checking B0CS3FBC6W: Response too small (3788 bytes)
[2026-07-27 19:39:45]   ⚪ Error checking B094981GTD: Response too small (3788 bytes)
[2026-07-27 19:39:46]   ⚪ Error checking B0B2WDFQL8: Response too small (3788 bytes)
[2026-07-27 19:39:46]   ⚪ Error checking B0CSFM5X73: Response too small (3788 bytes)
[2026-07-27 19:39:47]   ⚪ Error checking B0C57FV4JS: Response too small (3788 bytes)
[2026-07-27 19:39:47]   ⚪ Error checking B0036OQU56: Response too small (3788 bytes)
[2026-07-27 19:39:48]   ⚪ Error checking B0DP8P1N7G: Response too small (3788 bytes)
[2026-07-27 19:39:48]   ⚪ Error checking B0B9BDQTV9: Response too small (3788 bytes)
[2026-07-27 19:39:49]   ⚪ Error checking B0B46NPJY9: Response too small (3788 bytes)
[2026-07-27 19:39:49]   ⚪ Error checking B0CKY4YGX3: Response too small (3788 bytes)
[2026-07-27 19:39:50]   ⚪ Error checking B0BMFKGVXD: Response too small (3788 bytes)
[2026-07-27 19:39:50]   ⚪ Error checking B000J2DGZ0: Response too small (3788 bytes)
[2026-07-27 19:39:51]   ⚪ Error checking B0042QGCEG: Response too small (3788 bytes)
[2026-07-27 19:39:51]   ⚪ Error checking B0036OQU2E: Response too small (3788 bytes)
[2026-07-27 19:39:52]   ⚪ Error checking B0B3WSZ3QP: Response too small (3788 bytes)
[2026-07-27 19:39:52]   ⚪ Error checking B097YBGF7V: Response too small (3788 bytes)
[2026-07-27 19:39:53]   ⚪ Error checking B07J5KDFH9: Response too small (3788 bytes)
[2026-07-27 19:39:53]   ⚪ Error checking B08FD64QGT: Response too small (3788 bytes)
[2026-07-27 19:39:54]   ⚪ Error checking B09M8BLMTG: Response too small (3788 bytes)
[2026-07-27 19:39:54]   ⚪ Error checking B0CGZPR3X9: Response too small (3788 bytes)
[2026-07-27 19:39:55]   ⚪ Error checking B0CGZSCZYP: Response too small (3788 bytes)
[2026-07-27 19:39:55]   ⚪ Error checking B0CGZR4VNQ: Response too small (3788 bytes)
[2026-07-27 19:39:56]   ⚪ Error checking B0DKC1HCQQ: Response too small (3788 bytes)
[2026-07-27 19:39:56]   ⚪ Error checking B0DC8MWQ8K: Response too small (3788 bytes)
[2026-07-27 19:39:57]   ⚪ Error checking B01F59K0KA: Response too small (3788 bytes)
[2026-07-27 19:39:58]   ⚪ Error checking B079D9B82W: Response too small (3788 bytes)
[2026-07-27 19:39:58]   ⚪ Error checking B0BMVLW785: Response too small (3788 bytes)
[2026-07-27 19:39:59]   ⚪ Error checking B00T4RH8E6: Response too small (3788 bytes)
[2026-07-27 19:39:59]   ⚪ Error checking B07V4B65VR: Response too small (3788 bytes)
[2026-07-27 19:40:00]   ⚪ Error checking B08VKWDB46: Response too small (3788 bytes)
[2026-07-27 19:40:01]   ⚪ Error checking B000SAS5GI: Response too small (3788 bytes)
[2026-07-27 19:40:01]   ⚪ Error checking B0CPBW6N99: Response too small (3788 bytes)
[2026-07-27 19:40:02]   ⚪ Error checking B0FNRC6CJ9: Response too small (3788 bytes)
[2026-07-27 19:40:02]   ⚪ Error checking B000AX13US: Response too small (3788 bytes)
[2026-07-27 19:40:03]   ⚪ Error checking B0G8V8H1T2: Response too small (3788 bytes)
[2026-07-27 19:40:03]   ⚪ Error checking B0H111X5ZQ: Response too small (3788 bytes)
[2026-07-27 19:40:04]   ⚪ Error checking B00004OCKR: Response too small (3788 bytes)
[2026-07-27 19:40:04]   ⚪ Error checking B084NY86RS: Response too small (3788 bytes)
[2026-07-27 19:40:05]   ⚪ Error checking B00XWDLBKK: Response too small (3788 bytes)
[2026-07-27 19:40:05]   ⚪ Error checking B0H4MMNZ3V: Response too small (3788 bytes)
[2026-07-27 19:41:59] ============================================================
[2026-07-27 19:41:59] whatarebest.com product staleness check starting
[2026-07-27 19:41:59] Extracting ASINs from build script...
[2026-07-27 19:41:59] Found 421 categories with 5367 total ASINs
[2026-07-27 19:41:59] Priority (not checked in 48h): 421 slugs
[2026-07-27 19:41:59] Already recent: 0 slugs
[2026-07-27 19:41:59] Checking 1351 ASINs across 100 categories...
[2026-07-27 19:41:59]   ⚪ Error checking B07WRM6NJG: Response too small (3788 bytes)
[2026-07-27 19:42:00]   ⚪ Error checking B0CSZ7WBYW: Response too small (3788 bytes)
[2026-07-27 19:42:00]   ⚪ Error checking B0D9WCC5KH: Response too small (3788 bytes)
[2026-07-27 19:42:01]   ⚪ Error checking B00FLYWNYQ: Response too small (3788 bytes)
[2026-07-27 19:42:01]   ⚪ Error checking B06Y1YD5W7: Response too small (3788 bytes)
[2026-07-27 19:42:02]   ⚪ Error checking B01NBKTPTS: Response too small (3788 bytes)
[2026-07-27 19:42:02]   ⚪ Error checking B08PPZWNCV: Response too small (3788 bytes)
[2026-07-27 19:42:03]   ⚪ Error checking B09MZTSSR2: Response too small (3788 bytes)
[2026-07-27 19:42:03]   ⚪ Error checking B089TQWJKK: Response too small (3788 bytes)
[2026-07-27 19:42:04]   ⚪ Error checking B0D7N8HJRZ: Response too small (3788 bytes)
[2026-07-27 19:42:05]   ⚪ Error checking B0DCCY5JCP: Response too small (3788 bytes)
[2026-07-27 19:42:06]   ⚪ Error checking B0CKLXZRMC: Response too small (3788 bytes)
[2026-07-27 19:42:06]   ⚪ Error checking B00LU2I428: Response too small (3788 bytes)
[2026-07-27 19:42:07]   ⚠️  STALE B08PQ2KWHS (kitchen): Page says: Currently unavailable
[2026-07-27 19:42:07]   ⚪ Error checking B09NPCV3DC: Response too small (3788 bytes)
[2026-07-27 19:42:09]   ⚪ Error checking B0FHBXMFC1: Response too small (3788 bytes)
[2026-07-27 19:42:09]   ⚪ Error checking B0B4T992R8: Response too small (3788 bytes)
[2026-07-27 19:42:10]   ⚪ Error checking B0FRB6HNKC: Response too small (3788 bytes)
[2026-07-27 19:42:10]   ⚪ Error checking B0BYLX91ZL: Response too small (3788 bytes)
[2026-07-27 19:42:11]   ⚪ Error checking B0F7H7FKMY: Response too small (3788 bytes)
[2026-07-27 19:42:11]   ⚪ Error checking B000WEMGM4: Response too small (3788 bytes)
[2026-07-27 19:42:12]   ⚪ Error checking B0DS5FD8W5: Response too small (3788 bytes)
[2026-07-27 19:42:12]   ⚪ Error checking B0GJFW5VTH: Response too small (3788 bytes)
[2026-07-27 19:42:13]   ⚪ Error checking B0GJFWK1PD: Response too small (3788 bytes)
[2026-07-27 19:42:13]   ⚪ Error checking B0GJG929GX: Response too small (3788 bytes)
[2026-07-27 19:42:14]   ⚪ Error checking B07MWY7SJR: Response too small (3788 bytes)
[2026-07-27 19:42:14]   ⚪ Error checking B07XJRF5TW: Response too small (3788 bytes)
[2026-07-27 19:42:15]   ⚪ Error checking B0DHWTBDM3: Response too small (3788 bytes)
[2026-07-27 19:42:15]   ⚪ Error checking B07XJRF5TW: Response too small (3788 bytes)
[2026-07-27 19:42:16]   ⚪ Error checking B0DHWRHKSM: Response too small (3788 bytes)
[2026-07-27 19:42:16]   ⚪ Error checking B0DHWV615D: Response too small (3788 bytes)
[2026-07-27 19:42:17]   ⚪ Error checking B07665GLFH: Response too small (3788 bytes)
[2026-07-27 19:42:18]   ⚪ Error checking B0FQ4WZBTT: Response too small (3788 bytes)
[2026-07-27 19:42:18]   ⚪ Error checking B0828613J4: Response too small (3788 bytes)
[2026-07-27 19:42:19]   ⚪ Error checking B0GCHT1YFC: Response too small (3788 bytes)
[2026-07-27 19:42:19]   ⚪ Error checking B0FKGSLYWJ: Response too small (3788 bytes)
[2026-07-27 19:42:20]   ⚪ Error checking B0G2CYCQS9: Response too small (3788 bytes)
[2026-07-27 19:42:20]   ⚪ Error checking B0G2CZYNS1: Response too small (3788 bytes)
[2026-07-27 19:42:21]   ⚪ Error checking B08M4FD4WR: Response too small (3788 bytes)
[2026-07-27 19:42:21]   ⚪ Error checking B0G2D1SXLQ: Response too small (3788 bytes)
[2026-07-27 19:42:22]   ⚪ Error checking B0G2CXSBBF: Response too small (3788 bytes)
[2026-07-27 19:42:22]   ⚪ Error checking B00IWOJRSM: Response too small (3788 bytes)
[2026-07-27 19:42:23]   ⚪ Error checking B001L3AI0M: Response too small (3788 bytes)
[2026-07-27 19:42:24]   ⚪ Error checking B0CWGV674H: Response too small (3788 bytes)
[2026-07-27 19:42:24]   ⚪ Error checking B08W41ZN2P: Response too small (3788 bytes)
[2026-07-27 19:42:25]   ⚪ Error checking B001CH0ZLE: Response too small (3788 bytes)
[2026-07-27 19:42:25]   ⚪ Error checking B08FB31NH5: Response too small (3788 bytes)
[2026-07-27 19:42:26]   ⚪ Error checking B07DD3CPMW: Response too small (3788 bytes)
[2026-07-27 19:42:26]   ⚪ Error checking B0FVFMFRKR: Response too small (3788 bytes)
[2026-07-27 19:42:27]   ⚪ Error checking B07DD385JN: Response too small (3781 bytes)
[2026-07-27 19:42:27]   ⚪ Error checking B00VA5HG0Q: Response too small (3788 bytes)
[2026-07-27 19:42:28]   ⚪ Error checking B0924GVJTS: Response too small (3788 bytes)
[2026-07-27 19:42:28]   ⚪ Error checking B0C9SY6R4H: Response too small (3788 bytes)
[2026-07-27 19:42:29]   ⚠️  STALE B0FGD197QX (kitchen): Page says: Currently unavailable
[2026-07-27 19:42:30]   ⚪ Error checking B07C8V4FDR: Response too small (3788 bytes)
[2026-07-27 19:42:30]   ⚪ Error checking B0H4141HVT: Response too small (3788 bytes)
[2026-07-27 19:42:31]   ⚪ Error checking B01COO5O50: Response too small (3788 bytes)
[2026-07-27 19:42:31]   ⚪ Error checking B0049C2S32: Response too small (3788 bytes)
[2026-07-27 19:42:32]   ⚪ Error checking B09YMQMBDT: Response too small (3788 bytes)
[2026-07-27 19:42:32]   ⚪ Error checking B088P9H3V7: Response too small (3788 bytes)
[2026-07-27 19:42:33]   ⚪ Error checking B0C5JG697C: Response too small (3788 bytes)
[2026-07-27 19:42:33]   ⚪ Error checking B0026RHI3M: Response too small (3788 bytes)
[2026-07-27 19:42:34]   ⚪ Error checking B08ZMVYWMD: Response too small (3788 bytes)
[2026-07-27 19:42:34]   ⚪ Error checking B005D6GFFA: Response too small (3788 bytes)
[2026-07-27 19:42:35]   ⚠️  STALE B09ZHZ3L5Z (kitchen): Page says: Currently unavailable
[2026-07-27 19:42:35]   ⚠️  STALE B0BHYZ1KH7 (kitchen): Page says: Currently unavailable
[2026-07-27 19:42:36]   ⚪ Error checking B08RCKDZZN: Response too small (3788 bytes)
[2026-07-27 19:42:36]   ⚪ Error checking B0CPPCV11Y: Response too small (3788 bytes)
[2026-07-27 19:42:37]   ⚪ Error checking B082HCZ44Z: Response too small (3788 bytes)
[2026-07-27 19:42:37]   ⚪ Error checking B0CX56FQBR: Response too small (3788 bytes)
[2026-07-27 19:42:38]   ⚪ Error checking B0FHKNX6TF: Response too small (3788 bytes)
[2026-07-27 19:42:38]   ⚪ Error checking B07CTH3722: Response too small (3788 bytes)
[2026-07-27 19:42:39]   ⚪ Error checking B0F9PD5LP4: Response too small (3788 bytes)
[2026-07-27 19:42:39]   ⚪ Error checking B07M7M898T: Response too small (3788 bytes)
[2026-07-27 19:42:40]   ⚪ Error checking B08JXHQ3YF: Response too small (3788 bytes)
[2026-07-27 19:42:40]   ⚪ Error checking B08559K7CN: Response too small (3788 bytes)
[2026-07-27 19:42:41]   ⚪ Error checking B09SH9XH37: Response too small (3788 bytes)
[2026-07-27 19:42:41]   ⚪ Error checking B09SHCHNNH: Response too small (3788 bytes)
[2026-07-27 19:42:42]   ⚪ Error checking B09SHBCJ5W: Response too small (3788 bytes)
[2026-07-27 19:42:42]   ⚪ Error checking B076MJSRRC: Response too small (3788 bytes)
[2026-07-27 19:42:43]   ⚪ Error checking B0CPLVLFK2: Response too small (3788 bytes)
[2026-07-27 19:42:43]   ⚪ Error checking B09P8C9Q1H: Response too small (3788 bytes)
[2026-07-27 19:42:44]   ⚪ Error checking B08CF77W3B: Response too small (3788 bytes)
[2026-07-27 19:42:45]   ⚪ Error checking B0CDM1FZBX: Response too small (3788 bytes)
[2026-07-27 19:42:45]   ⚪ Error checking B0H1R8VHZV: Response too small (3788 bytes)
[2026-07-27 19:42:46]   ⚪ Error checking B0G2VVYW93: Response too small (3788 bytes)
[2026-07-27 19:42:46]   ⚪ Error checking B0H217RFDG: Response too small (3788 bytes)
[2026-07-27 19:42:47]   ⚪ Error checking B0H4QTPNZ3: Response too small (3788 bytes)
[2026-07-27 19:42:47]   ⚪ Error checking B0BR8HZL9V: Response too small (3788 bytes)
[2026-07-27 19:42:48]   ⚪ Error checking B074MMJV8N: Response too small (3788 bytes)
[2026-07-27 19:42:48]   ⚪ Error checking B0FBSP99LX: Response too small (3788 bytes)
[2026-07-27 19:42:49]   ⚪ Error checking B093DYPBYR: Response too small (3788 bytes)
[2026-07-27 19:42:49]   ⚪ Error checking B01GJOMWVA: Response too small (3788 bytes)
[2026-07-27 19:42:50]   ⚪ Error checking B00MVWGQX0: Response too small (3788 bytes)
[2026-07-27 19:42:50]   ⚪ Error checking B0D9QGF1WX: Response too small (3788 bytes)
[2026-07-27 19:42:51]   ⚪ Error checking B07S98411N: Response too small (3788 bytes)
[2026-07-27 19:42:51]   ⚪ Error checking B077K9YW7D: Response too small (3788 bytes)
[2026-07-27 19:42:52]   ⚪ Error checking B01CTIYU60: Response too small (3788 bytes)
[2026-07-27 19:42:52]   ⚪ Error checking B0CGWS1M51: Response too small (3788 bytes)
[2026-07-27 19:42:53]   ⚪ Error checking B0DDKGDCDY: Response too small (3788 bytes)
[2026-07-27 19:42:54]   ⚪ Error checking B0GX63LBSZ: Response too small (3788 bytes)
[2026-07-27 19:42:54]   ⚪ Error checking B0FX9LDLMX: Response too small (3788 bytes)
[2026-07-27 19:42:55]   ⚪ Error checking B0FVXHV6GP: Response too small (3788 bytes)
[2026-07-27 19:42:56]   ⚪ Error checking B0GFJTQSBQ: Response too small (3788 bytes)
[2026-07-27 19:42:56]   ⚪ Error checking B0GTM8CJ7K: Response too small (3788 bytes)
[2026-07-27 19:42:57]   ⚪ Error checking B0GYPVM45R: Response too small (3788 bytes)
[2026-07-27 19:42:58]   ⚪ Error checking B0GTPXHMNQ: Response too small (3788 bytes)
[2026-07-27 19:42:58]   ⚪ Error checking B0GTQ9PKPJ: Response too small (3788 bytes)
[2026-07-27 19:42:59]   ⚪ Error checking B0GTPY8H3L: Response too small (3788 bytes)
[2026-07-27 19:42:59]   ⚪ Error checking B0DQ7954NG: Response too small (3788 bytes)
[2026-07-27 19:43:00]   ⚪ Error checking B0F913GLMC: Response too small (3788 bytes)
[2026-07-27 19:43:00]   ⚪ Error checking B0GTLM8B99: Response too small (3788 bytes)
[2026-07-27 19:43:01]   ⚠️  STALE B0FY3YWNQN (kitchen): Page says: Currently unavailable
[2026-07-27 19:43:01]   ⚪ Error checking B0GSHRF4SB: Response too small (3788 bytes)
[2026-07-27 19:43:02]   ⚪ Error checking B09ZV37WC6: Response too small (3788 bytes)
[2026-07-27 19:43:02]   ⚪ Error checking B09Y25BY8G: Response too small (3788 bytes)
[2026-07-27 19:43:03]   ⚪ Error checking B07W99LGGT: Response too small (3788 bytes)
[2026-07-27 19:43:04]   ⚪ Error checking B08CS95K8L: Response too small (3788 bytes)
[2026-07-27 19:43:05]   ⚪ Error checking B086PHS2V8: Response too small (3788 bytes)
[2026-07-27 19:43:05]   ⚪ Error checking B09HR771DL: Response too small (3788 bytes)
[2026-07-27 19:43:06]   ⚪ Error checking B09S12WX42: Response too small (3788 bytes)
[2026-07-27 19:43:06]   ⚪ Error checking B09S158K61: Response too small (3788 bytes)
[2026-07-27 19:43:07]   ⚪ Error checking B001AS8ZU8: Response too small (3788 bytes)
[2026-07-27 19:43:07]   ⚪ Error checking B0FVW82JFG: Response too small (3788 bytes)
[2026-07-27 19:43:08]   ⚪ Error checking B0BH6KKVSP: Response too small (3788 bytes)
[2026-07-27 19:43:09]   ⚪ Error checking B08CZWT4XD: Response too small (3788 bytes)
[2026-07-27 19:43:09]   ⚪ Error checking B08CYD9137: Response too small (3788 bytes)
[2026-07-27 19:43:10]   ⚪ Error checking B0GT4S98NK: Response too small (3788 bytes)
[2026-07-27 19:43:10]   ⚪ Error checking B0GT43RBV9: Response too small (3788 bytes)
[2026-07-27 19:43:11]   ⚪ Error checking B08XM1B6ZX: Response too small (3788 bytes)
[2026-07-27 19:43:11]   ⚪ Error checking B08XLDWJYV: Response too small (3788 bytes)
[2026-07-27 19:43:12]   ⚪ Error checking B0C1QK1XG1: Response too small (3788 bytes)
[2026-07-27 19:43:13]   ⚪ Error checking B0C8HPJW4J: Response too small (3788 bytes)
[2026-07-27 19:43:13]   ⚪ Error checking B0B2K47S1T: Response too small (3788 bytes)
[2026-07-27 19:43:14]   ⚪ Error checking B0DGLVW188: Response too small (3788 bytes)
[2026-07-27 19:43:14]   ⚪ Error checking B0CF2NBX28: Response too small (3788 bytes)
[2026-07-27 19:43:15]   ⚪ Error checking B0GJRJ63JR: Response too small (3788 bytes)
[2026-07-27 19:43:16]   ⚪ Error checking B0BTTLVYJW: Response too small (3788 bytes)
[2026-07-27 19:43:16]   ⚪ Error checking B083NT96KR: Response too small (3788 bytes)
[2026-07-27 19:43:17]   ⚪ Error checking B09Z6HGKKK: Response too small (3788 bytes)
[2026-07-27 19:43:17]   ⚪ Error checking B09Z6JCGQC: Response too small (3788 bytes)
[2026-07-27 19:43:18]   ⚪ Error checking B09Z6K4SSJ: Response too small (3788 bytes)
[2026-07-27 19:43:18]   ⚪ Error checking B0DJ2XF8DZ: Response too small (3788 bytes)
[2026-07-27 19:43:20]   ⚪ Error checking B0DJ2YM5H1: Response too small (3788 bytes)
[2026-07-27 19:43:20]   ⚪ Error checking B09B9Q8TMC: Response too small (3788 bytes)
[2026-07-27 19:43:21]   ⚪ Error checking B0BFR8TJVX: Response too small (3788 bytes)
[2026-07-27 19:43:22]   ⚪ Error checking B0C1YBPJ43: Response too small (3788 bytes)
[2026-07-27 19:43:22]   ⚪ Error checking B09G6QX21B: Response too small (3788 bytes)
[2026-07-27 19:43:23]   ⚪ Error checking B0C1CFYQ5F: Response too small (3788 bytes)
[2026-07-27 19:43:23]   ⚪ Error checking B0G4LD32JX: Response too small (3788 bytes)
[2026-07-27 19:43:24]   ⚪ Error checking B0C3V2KT65: Response too small (3788 bytes)
[2026-07-27 19:43:24]   ⚪ Error checking B000PS1HS6: Response too small (3788 bytes)
[2026-07-27 19:43:25]   ⚪ Error checking B00MYI0VYG: Response too small (3788 bytes)
[2026-07-27 19:43:25]   ⚪ Error checking B0D2P1HSCV: Response too small (3788 bytes)
[2026-07-27 19:43:26]   ⚪ Error checking B011CY8Y78: Response too small (3788 bytes)
[2026-07-27 19:43:26]   ⚪ Error checking B0GWNK6DX9: Response too small (3788 bytes)
[2026-07-27 19:43:27]   ⚪ Error checking B0FH6YL3XC: Response too small (3788 bytes)
[2026-07-27 19:43:27]   ⚪ Error checking B0D7M8QB9Y: Response too small (3788 bytes)
[2026-07-27 19:43:28]   ⚪ Error checking B0D1CWD525: Response too small (3788 bytes)
[2026-07-27 19:43:29]   ⚪ Error checking B0FM323HPY: Response too small (3788 bytes)
[2026-07-27 19:43:30]   ⚪ Error checking B0FM2YQ5HV: Response too small (3788 bytes)
[2026-07-27 19:43:30]   ⚪ Error checking B0FM2WXZKR: Response too small (3788 bytes)
[2026-07-27 19:43:31]   ⚪ Error checking B0GRTKQBCN: Response too small (3788 bytes)
[2026-07-27 19:43:32]   ⚠️  STALE B016OP6N3M (kitchen): Page says: Currently unavailable
[2026-07-27 19:43:33]   ⚪ Error checking B0GRTHD2TR: Response too small (3788 bytes)
[2026-07-27 19:43:33]   ⚪ Error checking B0GRTFRMZY: Response too small (3788 bytes)
[2026-07-27 19:43:34]   ⚪ Error checking B0GRTFNGNL: Response too small (3788 bytes)
[2026-07-27 19:43:34]   ⚪ Error checking B08BR9HBZ3: Response too small (3788 bytes)
[2026-07-27 19:43:35]   ⚪ Error checking B0D3ZBWNZT: Response too small (3788 bytes)
[2026-07-27 19:43:35]   ⚪ Error checking B0D3Z8VWBH: Response too small (3788 bytes)
[2026-07-27 19:43:36]   ⚪ Error checking B0D91CQ69R: Response too small (3788 bytes)
[2026-07-27 19:43:36]   ⚪ Error checking B08F72TY67: Response too small (3788 bytes)
[2026-07-27 19:43:37]   ⚪ Error checking B0F2HJFNBV: Response too small (3788 bytes)
[2026-07-27 19:43:37]   ⚪ Error checking B0CS3FBC6W: Response too small (3788 bytes)
[2026-07-27 19:43:38]   ⚠️  STALE B0GRTLQHSS (kitchen): Page says: Currently unavailable
[2026-07-27 19:43:38]   ⚪ Error checking B094981GTD: Response too small (3788 bytes)
[2026-07-27 19:43:39]   ⚪ Error checking B0B2WDFQL8: Response too small (3788 bytes)
[2026-07-27 19:43:39]   ⚪ Error checking B0CSFM5X73: Response too small (3788 bytes)
[2026-07-27 19:43:40]   ⚪ Error checking B0036OQU56: Response too small (3788 bytes)
[2026-07-27 19:43:40]   ⚪ Error checking B0C57FV4JS: Response too small (3788 bytes)
[2026-07-27 19:43:41]   ⚪ Error checking B0DP8P1N7G: Response too small (3788 bytes)
[2026-07-27 19:43:42]   ⚪ Error checking B0CKY4YGX3: Response too small (3788 bytes)
[2026-07-27 19:43:42]   ⚪ Error checking B0B9BDQTV9: Response too small (3788 bytes)
[2026-07-27 19:43:43]   ⚪ Error checking B0B46NPJY9: Response too small (3788 bytes)
[2026-07-27 19:43:43]   ⚪ Error checking B0BMFKGVXD: Response too small (3788 bytes)
[2026-07-27 19:43:44]   ⚪ Error checking B0042QGCEG: Response too small (3788 bytes)
[2026-07-27 19:43:44]   ⚪ Error checking B07PGFF7W2: Response too small (3788 bytes)
[2026-07-27 19:43:45]   ⚪ Error checking B0B3WSZ3QP: Response too small (3788 bytes)
[2026-07-27 19:43:45]   ⚪ Error checking B08FD64QGT: Response too small (3788 bytes)
[2026-07-27 19:43:46]   ⚪ Error checking B097YBGF7V: Response too small (3788 bytes)
[2026-07-27 19:43:47]   ⚪ Error checking B09M8BLMTG: Response too small (3788 bytes)
[2026-07-27 19:43:47]   ⚠️  STALE B0036OQU2E (kitchen): Page says: Currently unavailable
[2026-07-27 19:43:48]   ⚪ Error checking B0CGZPR3X9: Response too small (3788 bytes)
[2026-07-27 19:43:49]   ⚪ Error checking B0CGZSCZYP: Response too small (3788 bytes)
[2026-07-27 19:43:50]   ⚪ Error checking B0DKC1HCQQ: Response too small (3788 bytes)
[2026-07-27 19:43:50]   ⚪ Error checking B01F59K0KA: Response too small (3788 bytes)
[2026-07-27 19:43:51]   ⚪ Error checking B079D9B82W: Response too small (3788 bytes)
[2026-07-27 19:43:51]   ⚪ Error checking B07V4B65VR: Response too small (3788 bytes)
[2026-07-27 19:43:52]   ⚪ Error checking B0BMVLW785: Response too small (3788 bytes)
[2026-07-27 19:43:52]   ⚪ Error checking B00T4RH8E6: Response too small (3788 bytes)
[2026-07-27 19:43:53]   ⚪ Error checking B08VKWDB46: Response too small (3788 bytes)
[2026-07-27 19:43:53]   ⚪ Error checking B000SAS5GI: Response too small (3788 bytes)
[2026-07-27 19:43:54]   ⚪ Error checking B000AX13US: Response too small (3788 bytes)
[2026-07-27 19:43:55]   ⚪ Error checking B0CPBW6N99: Response too small (3788 bytes)
[2026-07-27 19:43:55]   ⚪ Error checking B0FNRC6CJ9: Response too small (3788 bytes)
[2026-07-27 19:43:56]   ⚪ Error checking B0G8V8H1T2: Response too small (3788 bytes)
[2026-07-27 19:43:56]   ⚪ Error checking B0H111X5ZQ: Response too small (3788 bytes)
[2026-07-27 19:43:57]   ⚪ Error checking B00004OCKR: Response too small (3788 bytes)
[2026-07-27 19:43:58]   ⚪ Error checking B084NY86RS: Response too small (3788 bytes)
[2026-07-27 19:43:58]   ⚪ Error checking B0H4MMNZ3V: Response too small (3788 bytes)
[2026-07-27 19:43:59]   ⚪ Error checking B01N43UELZ: Response too small (3788 bytes)
[2026-07-27 19:43:59]   ⚪ Error checking B07LBCYKT4: Response too small (3788 bytes)
[2026-07-27 19:44:00]   ⚪ Error checking B00XWDLBKK: Response too small (3788 bytes)
[2026-07-27 19:44:00]   ⚪ Error checking B0CBW78J4Q: Response too small (3788 bytes)
[2026-07-27 19:44:01]   ⚪ Error checking B0C33CHG99: Response too small (3788 bytes)
[2026-07-27 19:44:01]   ⚪ Error checking B0GKNHNS6L: Response too small (3788 bytes)
[2026-07-27 19:44:02]   ⚪ Error checking B0CSZ7WBYW: Response too small (3788 bytes)
[2026-07-27 19:44:02]   ⚪ Error checking B07WRM6NJG: Response too small (3788 bytes)
[2026-07-27 19:44:03]   ⚪ Error checking B0D9WCC5KH: Response too small (3788 bytes)
[2026-07-27 19:44:03]   ⚪ Error checking B06Y1YD5W7: Response too small (3788 bytes)
[2026-07-27 19:44:04]   ⚪ Error checking B00FLYWNYQ: Response too small (3788 bytes)
[2026-07-27 19:44:04]   ⚪ Error checking B01NBKTPTS: Response too small (3788 bytes)
[2026-07-27 19:44:05]   ⚪ Error checking B09MZTSSR2: Response too small (3788 bytes)
[2026-07-27 19:44:05]   ⚪ Error checking B08PPZWNCV: Response too small (3788 bytes)
[2026-07-27 19:44:06]   ⚪ Error checking B08PQ2KWHS: Response too small (3788 bytes)
[2026-07-27 19:44:06]   ⚪ Error checking B0C1LDRFSK: Response too small (3788 bytes)
[2026-07-27 19:44:07]   ⚪ Error checking B089TQWJKK: Response too small (3788 bytes)
[2026-07-27 19:44:08]   ⚪ Error checking B0D7N8HJRZ: Response too small (3788 bytes)
[2026-07-27 19:44:08]   ⚪ Error checking B0DCCY5JCP: Response too small (3788 bytes)
[2026-07-27 19:44:09]   ⚪ Error checking B0CKLXZRMC: Response too small (3788 bytes)
[2026-07-27 19:44:09]   ⚪ Error checking B00LU2I428: Response too small (3788 bytes)
[2026-07-27 19:44:10]   ⚪ Error checking B0B4T992R8: Response too small (3788 bytes)
[2026-07-27 19:44:10]   ⚪ Error checking B09NPCV3DC: Response too small (3788 bytes)
[2026-07-27 19:44:11]   ⚪ Error checking B0FHBXMFC1: Response too small (3788 bytes)
[2026-07-27 19:44:11]   ⚪ Error checking B0FRB6HNKC: Response too small (3788 bytes)
[2026-07-27 19:44:12]   ⚪ Error checking B0BYLX91ZL: Response too small (3788 bytes)
[2026-07-27 19:44:12]   ⚪ Error checking B0DS5FD8W5: Response too small (3788 bytes)
[2026-07-27 19:44:13]   ⚪ Error checking B0F7H7FKMY: Response too small (3788 bytes)
[2026-07-27 19:44:13]   ⚪ Error checking B000WEMGM4: Response too small (3788 bytes)
[2026-07-27 19:44:14]   ⚪ Error checking B0GJFW5VTH: Response too small (3788 bytes)
[2026-07-27 19:44:14]   ⚪ Error checking B0GJFWK1PD: Response too small (3788 bytes)
[2026-07-27 19:44:15]   ⚪ Error checking B0GJG929GX: Response too small (3788 bytes)
[2026-07-27 19:44:15]   ⚪ Error checking B07MWY7SJR: Response too small (3788 bytes)
[2026-07-27 19:44:16]   ⚪ Error checking B07XJRF5TW: Response too small (3788 bytes)
[2026-07-27 19:44:17]   ⚪ Error checking B07XJRF5TW: Response too small (3788 bytes)
[2026-07-27 19:44:17]   ⚪ Error checking B0DHWTBDM3: Response too small (3788 bytes)
[2026-07-27 19:44:18]   ⚪ Error checking B0DHWV615D: Response too small (3788 bytes)
[2026-07-27 19:44:18]   ⚪ Error checking B0DHWRHKSM: Response too small (3788 bytes)
[2026-07-27 19:44:19]   ⚪ Error checking B07665GLFH: Response too small (3788 bytes)
[2026-07-27 19:44:20]   ⚪ Error checking B0FQ4WZBTT: Response too small (3788 bytes)
[2026-07-27 19:44:20]   ⚪ Error checking B0828613J4: Response too small (3788 bytes)
[2026-07-27 19:44:21]   ⚪ Error checking B0FKGSLYWJ: Response too small (3788 bytes)
[2026-07-27 19:44:21]   ⚪ Error checking B0FGD197QX: Response too small (3788 bytes)
[2026-07-27 19:44:22]   ⚪ Error checking B0G2CYCQS9: Response too small (3788 bytes)
[2026-07-27 19:44:22]   ⚪ Error checking B0G2CZYNS1: Response too small (3788 bytes)
[2026-07-27 19:44:23]   ⚪ Error checking B0G2CXSBBF: Response too small (3788 bytes)
[2026-07-27 19:44:24]   ⚪ Error checking B00IWOJRSM: Response too small (3788 bytes)
[2026-07-27 19:44:25]   ⚪ Error checking B0C33CHG99: Response too small (3788 bytes)
[2026-07-27 19:44:25]   ⚪ Error checking B0CSZ7WBYW: Response too small (3788 bytes)
[2026-07-27 19:44:26]   ⚪ Error checking B0D9WCC5KH: Response too small (3788 bytes)
[2026-07-27 19:44:27]   ⚪ Error checking B07WRM6NJG: Response too small (3788 bytes)
[2026-07-27 19:44:27]   ⚪ Error checking B06Y1YD5W7: Response too small (3788 bytes)
[2026-07-27 19:44:28]   ⚪ Error checking B08PPZWNCV: Response too small (3788 bytes)
[2026-07-27 19:44:28]   ⚪ Error checking B08PQ2KWHS: Response too small (3788 bytes)
[2026-07-27 19:44:29]   ⚪ Error checking B08DZC32BB: Response too small (3788 bytes)
[2026-07-27 19:44:30]   ⚪ Error checking B09MZTSSR2: Response too small (3788 bytes)
[2026-07-27 19:44:30]   ⚪ Error checking B089TQWJKK: Response too small (3788 bytes)
[2026-07-27 19:44:31]   ⚪ Error checking B0C1LDRFSK: Response too small (3788 bytes)
[2026-07-27 19:44:31]   ⚪ Error checking B0D7N8HJRZ: Response too small (3788 bytes)
[2026-07-27 19:44:32]   ⚪ Error checking B0DCCY5JCP: Response too small (3788 bytes)
[2026-07-27 19:44:32]   ⚪ Error checking B00LU2I428: Response too small (3788 bytes)
[2026-07-27 19:44:34]   ⚪ Error checking B0B4T992R8: Response too small (3788 bytes)
[2026-07-27 19:44:34]   ⚪ Error checking B09NPCV3DC: Response too small (3788 bytes)
[2026-07-27 19:44:35]   ⚪ Error checking B0FHBXMFC1: Response too small (3788 bytes)
[2026-07-27 19:44:35]   ⚪ Error checking B0FRB6HNKC: Response too small (3788 bytes)
[2026-07-27 19:44:36]   ⚪ Error checking B0BYLX91ZL: Response too small (3788 bytes)
[2026-07-27 19:44:36]   ⚪ Error checking B0DS5FD8W5: Response too small (3788 bytes)
[2026-07-27 19:44:37]   ⚪ Error checking B0F7H7FKMY: Response too small (3788 bytes)
[2026-07-27 19:44:37]   ⚪ Error checking B000WEMGM4: Response too small (3788 bytes)
[2026-07-27 19:44:38]   ⚪ Error checking B0CRBK6W7F: Response too small (3788 bytes)
[2026-07-27 19:44:38]   ⚪ Error checking B0GJFW5VTH: Response too small (3788 bytes)
[2026-07-27 19:44:39]   ⚪ Error checking B0GJFWK1PD: Response too small (3788 bytes)
[2026-07-27 19:44:39]   ⚪ Error checking B0GJG929GX: Response too small (3788 bytes)
[2026-07-27 19:44:40]   ⚪ Error checking B07XJRF5TW: Response too small (3788 bytes)
[2026-07-27 19:44:40]   ⚪ Error checking B07XJRF5TW: Response too small (3788 bytes)
[2026-07-27 19:44:41]   ⚪ Error checking B0DHWTBDM3: Response too small (3788 bytes)
[2026-07-27 19:44:41]   ⚪ Error checking B0DHWRHKSM: Response too small (3788 bytes)
[2026-07-27 19:44:42]   ⚪ Error checking B07KJGR9JZ: Response too small (3788 bytes)
[2026-07-27 19:44:42]   ⚠️  STALE B0CKLXZRMC (best-toaster-ovens): Page says: Currently unavailable
[2026-07-27 19:44:43]   ⚪ Error checking B07665GLFH: Response too small (3788 bytes)
[2026-07-27 19:44:43]   ⚪ Error checking B0GCHT1YFC: Response too small (3788 bytes)
[2026-07-27 19:44:44]   ⚪ Error checking B0828613J4: Response too small (3788 bytes)
[2026-07-27 19:44:45]   ⚪ Error checking B0FKGSLYWJ: Response too small (3788 bytes)
[2026-07-27 19:44:45]   ⚪ Error checking B08M4FD4WR: Response too small (3788 bytes)
[2026-07-27 19:44:46]   ⚪ Error checking B0FGD197QX: Response too small (3788 bytes)
[2026-07-27 19:44:47]   ⚪ Error checking B0G2CZYNS1: Response too small (3788 bytes)
[2026-07-27 19:44:48]   ⚪ Error checking B0G2CXSBBF: Response too small (3788 bytes)
[2026-07-27 19:44:48]   ⚪ Error checking B0G2D1SXLQ: Response too small (3788 bytes)
[2026-07-27 19:44:49]   ⚪ Error checking B001L3AI0M: Response too small (3788 bytes)
[2026-07-27 19:44:49]   ⚪ Error checking B08W41ZN2P: Response too small (3788 bytes)
[2026-07-27 19:44:50]   ⚪ Error checking B001CH0ZLE: Response too small (3788 bytes)
[2026-07-27 19:44:51]   ⚪ Error checking B07DD3CPMW: Response too small (3788 bytes)
[2026-07-27 19:44:51]   ⚪ Error checking B08FB31NH5: Response too small (3788 bytes)
[2026-07-27 19:44:52]   ⚪ Error checking B0FVFMFRKR: Response too small (3788 bytes)
[2026-07-27 19:44:52]   ⚪ Error checking B07DD385JN: Response too small (3788 bytes)
[2026-07-27 19:44:53]   ⚪ Error checking B0CHZBZ25Y: Response too small (3788 bytes)
[2026-07-27 19:44:54]   ⚪ Error checking B00VA5HG0Q: Response too small (3788 bytes)
[2026-07-27 19:44:54]   ⚪ Error checking B0924GVJTS: Response too small (3788 bytes)
[2026-07-27 19:44:55]   ⚪ Error checking B0C9SY6R4H: Response too small (3788 bytes)
[2026-07-27 19:44:55]   ⚪ Error checking B0BHYZ1KH7: Response too small (3788 bytes)
[2026-07-27 19:44:56]   ⚠️  STALE B0CWGV674H (baking): Page says: Currently unavailable
[2026-07-27 19:44:56]   ⚪ Error checking B01COO5O50: Response too small (3788 bytes)
[2026-07-27 19:44:57]   ⚪ Error checking B0049C2S32: Response too small (3788 bytes)
[2026-07-27 19:44:57]   ⚪ Error checking B09YMQMBDT: Response too small (3788 bytes)
[2026-07-27 19:44:58]   ⚠️  STALE B09ZHZ3L5Z (baking): Page says: Currently unavailable
[2026-07-27 19:44:58]   ⚪ Error checking B088P9H3V7: Response too small (3788 bytes)
[2026-07-27 19:44:59]   ⚪ Error checking B0026RHI3M: Response too small (3788 bytes)
[2026-07-27 19:45:00]   ⚪ Error checking B0C5JG697C: Response too small (3788 bytes)
[2026-07-27 19:45:00]   ⚪ Error checking B08ZMVYWMD: Response too small (3788 bytes)
[2026-07-27 19:45:01]   ⚪ Error checking B082HCZ44Z: Response too small (3788 bytes)
[2026-07-27 19:45:01]   ⚪ Error checking B005D6GFFA: Response too small (3788 bytes)
[2026-07-27 19:45:02]   ⚪ Error checking B08RCKDZZN: Response too small (3788 bytes)
[2026-07-27 19:45:03]   ⚪ Error checking B0CPPCV11Y: Response too small (3788 bytes)
[2026-07-27 19:45:03]   ⚪ Error checking B0CX56FQBR: Response too small (3788 bytes)
[2026-07-27 19:45:04]   ⚪ Error checking B07CTH3722: Response too small (3788 bytes)
[2026-07-27 19:45:04]   ⚪ Error checking B0FHKNX6TF: Response too small (3788 bytes)
[2026-07-27 19:45:05]   ⚪ Error checking B0DBLKMPCG: Response too small (3788 bytes)
[2026-07-27 19:45:05]   ⚪ Error checking B0F9PD5LP4: Response too small (3788 bytes)
[2026-07-27 19:45:06]   ⚪ Error checking B07M7M898T: Response too small (3788 bytes)
[2026-07-27 19:45:06]   ⚪ Error checking B001L3AI0M: Response too small (3788 bytes)
[2026-07-27 19:45:07]   ⚪ Error checking B08W41ZN2P: Response too small (3788 bytes)
[2026-07-27 19:45:07]   ⚪ Error checking B0CWGV674H: Response too small (3788 bytes)
[2026-07-27 19:45:08]   ⚪ Error checking B001CH0ZLE: Response too small (3788 bytes)
[2026-07-27 19:45:08]   ⚪ Error checking B07DD3CPMW: Response too small (3788 bytes)
[2026-07-27 19:45:09]   ⚪ Error checking B08FB31NH5: Response too small (3788 bytes)
[2026-07-27 19:45:09]   ⚪ Error checking B0FVFMFRKR: Response too small (3788 bytes)
[2026-07-27 19:45:10]   ⚪ Error checking B07DD385JN: Response too small (3788 bytes)
[2026-07-27 19:45:10]   ⚪ Error checking B0CHZBZ25Y: Response too small (3788 bytes)
[2026-07-27 19:45:11]   ⚪ Error checking B0924GVJTS: Response too small (3788 bytes)
[2026-07-27 19:45:11]   ⚪ Error checking B00VA5HG0Q: Response too small (3788 bytes)
[2026-07-27 19:45:12]   ⚪ Error checking B09ZHZ3L5Z: Response too small (3788 bytes)
[2026-07-27 19:45:12]   ⚪ Error checking B0C9SY6R4H: Response too small (3788 bytes)
[2026-07-27 19:45:13]   ⚪ Error checking B0H4141HVT: Response too small (3788 bytes)
[2026-07-27 19:45:13]   ⚪ Error checking B0BHYZ1KH7: Response too small (3788 bytes)
[2026-07-27 19:45:14]   ⚪ Error checking B07C8V4FDR: Response too small (3788 bytes)
[2026-07-27 19:45:14]   ⚪ Error checking B01COO5O50: Response too small (3788 bytes)
[2026-07-27 19:45:15]   ⚪ Error checking B0049C2S32: Response too small (3788 bytes)
[2026-07-27 19:45:15]   ⚪ Error checking B09YMQMBDT: Response too small (3788 bytes)
[2026-07-27 19:45:16]   ⚪ Error checking B088P9H3V7: Response too small (3788 bytes)
[2026-07-27 19:45:16]   ⚪ Error checking B0026RHI3M: Response too small (3788 bytes)
[2026-07-27 19:45:17]   ⚪ Error checking B0C5JG697C: Response too small (3788 bytes)
[2026-07-27 19:45:17]   ⚪ Error checking B08ZMVYWMD: Response too small (3788 bytes)
[2026-07-27 19:45:18]   ⚪ Error checking B082HCZ44Z: Response too small (3788 bytes)
[2026-07-27 19:45:18]   ⚪ Error checking B08RCKDZZN: Response too small (3788 bytes)
[2026-07-27 19:45:19]   ⚪ Error checking B0CX56FQBR: Response too small (3788 bytes)
[2026-07-27 19:45:19]   ⚪ Error checking B0FHKNX6TF: Response too small (3788 bytes)
[2026-07-27 19:45:20]   ⚪ Error checking B07CTH3722: Response too small (3788 bytes)
[2026-07-27 19:45:20]   ⚪ Error checking B0DBLKMPCG: Response too small (3788 bytes)
[2026-07-27 19:45:21]   ⚪ Error checking B0F9PD5LP4: Response too small (3788 bytes)
[2026-07-27 19:45:21]   ⚪ Error checking B07M7M898T: Response too small (3788 bytes)
[2026-07-27 19:45:22]   ⚪ Error checking B08JXHQ3YF: Response too small (3788 bytes)
[2026-07-27 19:45:22]   ⚪ Error checking B08559K7CN: Response too small (3788 bytes)
[2026-07-27 19:45:23]   ⚠️  STALE B0CPPCV11Y (best-rolling-pins): Page says: Currently unavailable
[2026-07-27 19:45:23]   ⚪ Error checking B09SH9XH37: Response too small (3788 bytes)
[2026-07-27 19:45:24]   ⚪ Error checking B09SHCHNNH: Response too small (3788 bytes)
[2026-07-27 19:45:24]   ⚪ Error checking B09SHBCJ5W: Response too small (3788 bytes)
[2026-07-27 19:45:25]   ⚪ Error checking B076MJSRRC: Response too small (3788 bytes)
[2026-07-27 19:45:25]   ⚪ Error checking B0CPLVLFK2: Response too small (3788 bytes)
[2026-07-27 19:45:26]   ⚪ Error checking B09P8C9Q1H: Response too small (3788 bytes)
[2026-07-27 19:45:26]   ⚪ Error checking B08CF77W3B: Response too small (3788 bytes)
[2026-07-27 19:45:27]   ⚪ Error checking B0CDM1FZBX: Response too small (3788 bytes)
[2026-07-27 19:45:28]   ⚪ Error checking B0H1R8VHZV: Response too small (3788 bytes)
[2026-07-27 19:45:28]   ⚪ Error checking B0H4QTPNZ3: Response too small (3788 bytes)
[2026-07-27 19:45:29]   ⚪ Error checking B0H217RFDG: Response too small (3788 bytes)
[2026-07-27 19:45:29]   ⚪ Error checking B0G2VVYW93: Response too small (3788 bytes)
[2026-07-27 19:45:30]   ⚪ Error checking B074MMJV8N: Response too small (3788 bytes)
[2026-07-27 19:45:30]   ⚪ Error checking B0BR8HZL9V: Response too small (3788 bytes)
[2026-07-27 19:45:31]   ⚪ Error checking B0FBSP99LX: Response too small (3788 bytes)
[2026-07-27 19:45:31]   ⚪ Error checking B00MVWGQX0: Response too small (3788 bytes)
[2026-07-27 19:45:32]   ⚪ Error checking B01GJOMWVA: Response too small (3788 bytes)
[2026-07-27 19:45:32]   ⚪ Error checking B093DYPBYR: Response too small (3788 bytes)
[2026-07-27 19:45:33]   ⚪ Error checking B0D9QGF1WX: Response too small (3788 bytes)
[2026-07-27 19:45:33]   ⚪ Error checking B07S98411N: Response too small (3788 bytes)
[2026-07-27 19:45:34]   ⚪ Error checking B077K9YW7D: Response too small (3788 bytes)
[2026-07-27 19:45:34]   ⚪ Error checking B01CTIYU60: Response too small (3788 bytes)
[2026-07-27 19:45:35]   ⚪ Error checking B0BWMNPJKH: Response too small (3788 bytes)
[2026-07-27 19:45:35]   ⚪ Error checking B08BGB9Q62: Response too small (3788 bytes)
[2026-07-27 19:45:36]   ⚪ Error checking B0FY3YWNQN: Response too small (3788 bytes)
[2026-07-27 19:45:37]   ⚪ Error checking B0FX9LDLMX: Response too small (3788 bytes)
[2026-07-27 19:45:37]   ⚪ Error checking B0GX63LBSZ: Response too small (3788 bytes)
[2026-07-27 19:45:38]   ⚪ Error checking B0GFJTQSBQ: Response too small (3788 bytes)
[2026-07-27 19:45:38]   ⚪ Error checking B0FVXHV6GP: Response too small (3788 bytes)
[2026-07-27 19:45:39]   ⚪ Error checking B0GYPVM45R: Response too small (3788 bytes)
[2026-07-27 19:45:40]   ⚪ Error checking B0GTM8CJ7K: Response too small (3788 bytes)
[2026-07-27 19:45:41]   ⚪ Error checking B0GTPXHMNQ: Response too small (3788 bytes)
[2026-07-27 19:45:41]   ⚪ Error checking B0GTPY8H3L: Response too small (3788 bytes)
[2026-07-27 19:45:42]   ⚪ Error checking B0GTQ9PKPJ: Response too small (3788 bytes)
[2026-07-27 19:45:42]   ⚪ Error checking B0GTPZ5TC3: Response too small (3788 bytes)
[2026-07-27 19:45:43]   ⚪ Error checking B0DQ7954NG: Response too small (3788 bytes)
[2026-07-27 19:45:43]   ⚪ Error checking B0DBQJ4MRS: Response too small (3788 bytes)
[2026-07-27 19:45:44]   ⚪ Error checking B0F913GLMC: Response too small (3788 bytes)
[2026-07-27 19:45:44]   ⚪ Error checking B0GTLM8B99: Response too small (3788 bytes)
[2026-07-27 19:45:45]   ⚪ Error checking B08JXHQ3YF: Response too small (3788 bytes)
[2026-07-27 19:45:45]   ⚪ Error checking B0CJ6NT4F8: Response too small (3788 bytes)
[2026-07-27 19:45:46]   ⚪ Error checking B08559K7CN: Response too small (3788 bytes)
[2026-07-27 19:45:46]   ⚪ Error checking B09SH9XH37: Response too small (3788 bytes)
[2026-07-27 19:45:47]   ⚪ Error checking B09SHCHNNH: Response too small (3788 bytes)
[2026-07-27 19:45:47]   ⚪ Error checking B09SHBCJ5W: Response too small (3788 bytes)
[2026-07-27 19:45:48]   ⚪ Error checking B076MJSRRC: Response too small (3788 bytes)
[2026-07-27 19:45:48]   ⚪ Error checking B0CPLVLFK2: Response too small (3788 bytes)
[2026-07-27 19:45:49]   ⚪ Error checking B09P8C9Q1H: Response too small (3788 bytes)
[2026-07-27 19:45:49]   ⚪ Error checking B08CF77W3B: Response too small (3788 bytes)
[2026-07-27 19:45:50]   ⚪ Error checking B0CDM1FZBX: Response too small (3788 bytes)
[2026-07-27 19:45:51]   ⚪ Error checking B0H1R8VHZV: Response too small (3788 bytes)
[2026-07-27 19:45:51]   ⚪ Error checking B0G2VVYW93: Response too small (3788 bytes)
[2026-07-27 19:45:52]   ⚪ Error checking B0H217RFDG: Response too small (3788 bytes)
[2026-07-27 19:45:52]   ⚪ Error checking B0H4QTPNZ3: Response too small (3788 bytes)
[2026-07-27 19:45:53]   ⚪ Error checking B0F83M3QYX: Response too small (3788 bytes)
[2026-07-27 19:45:53]   ⚪ Error checking B074MMJV8N: Response too small (3788 bytes)
[2026-07-27 19:45:54]   ⚪ Error checking B0FBSP99LX: Response too small (3788 bytes)
[2026-07-27 19:45:54]   ⚪ Error checking B093DYPBYR: Response too small (3788 bytes)
[2026-07-27 19:45:55]   ⚪ Error checking B00MVWGQX0: Response too small (3788 bytes)
[2026-07-27 19:45:55]   ⚪ Error checking B0D9QGF1WX: Response too small (3788 bytes)
[2026-07-27 19:45:56]   ⚪ Error checking B07S98411N: Response too small (3788 bytes)
[2026-07-27 19:45:56]   ⚪ Error checking B077K9YW7D: Response too small (3788 bytes)
[2026-07-27 19:45:57]   ⚪ Error checking B01CTIYU60: Response too small (3788 bytes)
[2026-07-27 19:45:57]   ⚪ Error checking B0BWMNPJKH: Response too small (3788 bytes)
[2026-07-27 19:45:58]   ⚪ Error checking B0CGWS1M51: Response too small (3788 bytes)
[2026-07-27 19:45:58]   ⚪ Error checking B08BGB9Q62: Response too small (3788 bytes)
[2026-07-27 19:45:59]   ⚪ Error checking B0DDKGDCDY: Response too small (3788 bytes)
[2026-07-27 19:45:59]   ⚪ Error checking B0FY3YWNQN: Response too small (3788 bytes)
[2026-07-27 19:46:00]   ⚪ Error checking B0GX63LBSZ: Response too small (3788 bytes)
[2026-07-27 19:46:00]   ⚪ Error checking B0FX9LDLMX: Response too small (3788 bytes)
[2026-07-27 19:46:01]   ⚪ Error checking B0GFJTQSBQ: Response too small (3788 bytes)
[2026-07-27 19:46:01]   ⚪ Error checking B0FVXHV6GP: Response too small (3788 bytes)
[2026-07-27 19:46:02]   ⚠️  STALE B01GJOMWVA (best-coffee-makers): Page says: Currently unavailable
[2026-07-27 19:46:03]   ⚪ Error checking B0GTPXHMNQ: Response too small (3788 bytes)
[2026-07-27 19:46:03]   ⚪ Error checking B0GYPVM45R: Response too small (3788 bytes)
[2026-07-27 19:46:04]   ⚪ Error checking B0GTQ9PKPJ: Response too small (3788 bytes)
[2026-07-27 19:46:04]   ⚪ Error checking B0GTPZ5TC3: Response too small (3788 bytes)
[2026-07-27 19:46:05]   ⚪ Error checking B0DQ7954NG: Response too small (3788 bytes)
[2026-07-27 19:46:05]   ⚪ Error checking B0DBQJ4MRS: Response too small (3788 bytes)
[2026-07-27 19:46:06]   ⚪ Error checking B0F913GLMC: Response too small (3788 bytes)
[2026-07-27 19:46:06]   ⚪ Error checking B0GTLM8B99: Response too small (3788 bytes)
[2026-07-27 19:46:07]   ⚪ Error checking B0GSHRF4SB: Response too small (3788 bytes)
[2026-07-27 19:46:07]   ⚪ Error checking B0CJ6NT4F8: Response too small (3788 bytes)
[2026-07-27 19:46:08]   ⚪ Error checking B09ZV37WC6: Response too small (3788 bytes)
[2026-07-27 19:46:08]   ⚪ Error checking B09Y25BY8G: Response too small (3788 bytes)
[2026-07-27 19:46:09]   ⚪ Error checking B07W99LGGT: Response too small (3788 bytes)
[2026-07-27 19:46:09]   ⚪ Error checking B086PHS2V8: Response too small (3788 bytes)
[2026-07-27 19:46:10]   ⚪ Error checking B08CS95K8L: Response too small (3788 bytes)
[2026-07-27 19:46:11]   ⚪ Error checking B09HR771DL: Response too small (3788 bytes)
[2026-07-27 19:46:11]   ⚪ Error checking B09S158K61: Response too small (3788 bytes)
[2026-07-27 19:46:12]   ⚪ Error checking B0FVW82JFG: Response too small (3788 bytes)
[2026-07-27 19:46:12]   ⚠️  STALE B0GTM8CJ7K (best-electric-kettles): Page says: Currently unavailable
[2026-07-27 19:46:13]   ⚪ Error checking B0FB4DNM1H: Response too small (3788 bytes)
[2026-07-27 19:46:13]   ⚪ Error checking B001AS8ZU8: Response too small (3788 bytes)
[2026-07-27 19:46:14]   ⚪ Error checking B0BH6KKVSP: Response too small (3788 bytes)
[2026-07-27 19:46:14]   ⚪ Error checking B08CYD9137: Response too small (3788 bytes)
[2026-07-27 19:46:15]   ⚪ Error checking B08CZWT4XD: Response too small (3788 bytes)
[2026-07-27 19:46:15]   ⚪ Error checking B0GT4S98NK: Response too small (3788 bytes)
[2026-07-27 19:46:16]   ⚪ Error checking B0GT49W5FF: Response too small (3788 bytes)
[2026-07-27 19:46:16]   ⚪ Error checking B0GT43RBV9: Response too small (3788 bytes)
[2026-07-27 19:46:17]   ⚪ Error checking B08XM1B6ZX: Response too small (3788 bytes)
[2026-07-27 19:46:17]   ⚪ Error checking B08XLDWJYV: Response too small (3788 bytes)
[2026-07-27 19:46:18]   ⚪ Error checking B0C1QK1XG1: Response too small (3788 bytes)
[2026-07-27 19:46:18]   ⚪ Error checking B0C8HPJW4J: Response too small (3788 bytes)
[2026-07-27 19:46:19]   ⚪ Error checking B0B2K47S1T: Response too small (3788 bytes)
[2026-07-27 19:46:20]   ⚪ Error checking B0C12WJ5BG: Response too small (3788 bytes)
[2026-07-27 19:46:20]   ⚪ Error checking B0CF2NBX28: Response too small (3788 bytes)
[2026-07-27 19:46:21]   ⚪ Error checking B0H1W5JDXB: Response too small (3788 bytes)
[2026-07-27 19:46:21]   ⚪ Error checking B083NT96KR: Response too small (3788 bytes)
[2026-07-27 19:46:22]   ⚪ Error checking B09Z6HGKKK: Response too small (3788 bytes)
[2026-07-27 19:46:22]   ⚪ Error checking B09Z6HCZH3: Response too small (3788 bytes)
[2026-07-27 19:46:23]   ⚪ Error checking B09Z6JCGQC: Response too small (3788 bytes)
[2026-07-27 19:46:24]   ⚪ Error checking B0DJ2XF8DZ: Response too small (3788 bytes)
[2026-07-27 19:46:25]   ⚪ Error checking B0DJ2YM5H1: Response too small (3788 bytes)
[2026-07-27 19:46:25]   ⚠️  STALE B0GJRJ63JR (cookware): Page says: Currently unavailable
[2026-07-27 19:46:26]   ⚪ Error checking B09Y25BY8G: Response too small (3788 bytes)
[2026-07-27 19:46:27]   ⚪ Error checking B08CS95K8L: Response too small (3788 bytes)
[2026-07-27 19:46:27]   ⚪ Error checking B09HR771DL: Response too small (3788 bytes)
[2026-07-27 19:46:28]   ⚪ Error checking B09S12WX42: Response too small (3788 bytes)
[2026-07-27 19:46:30]   ⚪ Error checking B09S158K61: Response too small (3788 bytes)
[2026-07-27 19:46:30]   ⚪ Error checking B0FVW82JFG: Response too small (3788 bytes)
[2026-07-27 19:46:31]   ⚪ Error checking B0FB4DNM1H: Response too small (3788 bytes)
[2026-07-27 19:46:31]   ⚪ Error checking B0BH6KKVSP: Response too small (3788 bytes)
[2026-07-27 19:46:32]   ⚪ Error checking B001AS8ZU8: Response too small (3788 bytes)
[2026-07-27 19:46:32]   ⚪ Error checking B08CZWT4XD: Response too small (3788 bytes)
[2026-07-27 19:46:33]   ⚪ Error checking B08CYD9137: Response too small (3788 bytes)
[2026-07-27 19:46:33]   ⚪ Error checking B0GT49W5FF: Response too small (3788 bytes)
[2026-07-27 19:46:34]   ⚪ Error checking B0GT43RBV9: Response too small (3788 bytes)
[2026-07-27 19:46:34]   ⚪ Error checking B08XM1B6ZX: Response too small (3788 bytes)
[2026-07-27 19:46:35]   ⚪ Error checking B08XLDWJYV: Response too small (3788 bytes)
[2026-07-27 19:46:35]   ⚪ Error checking B0C1QK1XG1: Response too small (3788 bytes)
[2026-07-27 19:46:36]   ⚪ Error checking B0C8HPJW4J: Response too small (3788 bytes)
[2026-07-27 19:46:36]   ⚪ Error checking B0B2K47S1T: Response too small (3788 bytes)
[2026-07-27 19:46:37]   ⚪ Error checking B0DGLVW188: Response too small (3788 bytes)
[2026-07-27 19:46:37]   ⚪ Error checking B0CF2NBX28: Response too small (3788 bytes)
[2026-07-27 19:46:38]   ⚪ Error checking B0C12WJ5BG: Response too small (3788 bytes)
[2026-07-27 19:46:38]   ⚪ Error checking B0H1W5JDXB: Response too small (3788 bytes)
[2026-07-27 19:46:39]   ⚪ Error checking B0BTTLVYJW: Response too small (3788 bytes)
[2026-07-27 19:46:39]   ⚪ Error checking B09Z6HGKKK: Response too small (3788 bytes)
[2026-07-27 19:46:40]   ⚪ Error checking B09Z6HCZH3: Response too small (3788 bytes)
[2026-07-27 19:46:40]   ⚠️  STALE B0GT4S98NK (best-carbon-steel-pans): Page says: Currently unavailable
[2026-07-27 19:46:41]   ⚪ Error checking B09Z6JCGQC: Response too small (3788 bytes)
[2026-07-27 19:46:41]   ⚪ Error checking B09Z6K4SSJ: Response too small (3788 bytes)
[2026-07-27 19:46:42]   ⚪ Error checking B0DJ2XF8DZ: Response too small (3788 bytes)
[2026-07-27 19:46:42]   ⚪ Error checking B0DJ2YM5H1: Response too small (3788 bytes)
[2026-07-27 19:46:43]   ⚪ Error checking B0BFR5K1YF: Response too small (3788 bytes)
[2026-07-27 19:46:43]   ⚠️  STALE B0GJRJ63JR (best-stock-pots): Page says: Currently unavailable
[2026-07-27 19:46:44]   ⚪ Error checking B09B9Q8TMC: Response too small (3788 bytes)
[2026-07-27 19:46:44]   ⚪ Error checking B0BFR8TJVX: Response too small (3788 bytes)
[2026-07-27 19:46:45]   ⚪ Error checking B0C1YBPJ43: Response too small (3788 bytes)
[2026-07-27 19:46:45]   ⚪ Error checking B09G6QX21B: Response too small (3788 bytes)
[2026-07-27 19:46:46]   ⚪ Error checking B0C1CFYQ5F: Response too small (3788 bytes)
[2026-07-27 19:46:46]   ⚪ Error checking B0G4LD32JX: Response too small (3788 bytes)
[2026-07-27 19:46:47]   ⚪ Error checking B0C3V2KT65: Response too small (3788 bytes)
[2026-07-27 19:46:47]   ⚠️  STALE B083NT96KR (best-stock-pots): Page says: Currently unavailable
[2026-07-27 19:46:48]   ⚪ Error checking B000PS1HS6: Response too small (3788 bytes)
[2026-07-27 19:46:48]   ⚪ Error checking B011CY8Y78: Response too small (3788 bytes)
[2026-07-27 19:46:49]   ⚪ Error checking B00MYI0VYG: Response too small (3788 bytes)
[2026-07-27 19:46:49]   ⚪ Error checking B0GWNK6DX9: Response too small (3788 bytes)
[2026-07-27 19:46:50]   ⚪ Error checking B0D2P1HSCV: Response too small (3788 bytes)
[2026-07-27 19:46:50]   ⚪ Error checking B07WFF17BQ: Response too small (3788 bytes)
[2026-07-27 19:46:51]   ⚪ Error checking B016OP6N3M: Response too small (3788 bytes)
[2026-07-27 19:46:51]   ⚪ Error checking B0FH6YL3XC: Response too small (3788 bytes)
[2026-07-27 19:46:52]   ⚪ Error checking B0D7M8QB9Y: Response too small (3788 bytes)
[2026-07-27 19:46:52]   ⚪ Error checking B0D1CWD525: Response too small (3788 bytes)
[2026-07-27 19:46:53]   ⚪ Error checking B0FM323HPY: Response too small (3788 bytes)
[2026-07-27 19:46:53]   ⚪ Error checking B0D1FWNSYM: Response too small (3788 bytes)
[2026-07-27 19:46:54]   ⚪ Error checking B0FM2W1YTY: Response too small (3788 bytes)
[2026-07-27 19:46:54]   ⚪ Error checking B0FM2WXZKR: Response too small (3788 bytes)
[2026-07-27 19:46:55]   ⚪ Error checking B0BFR5K1YF: Response too small (3788 bytes)
[2026-07-27 19:46:55]   ⚪ Error checking B09B9Q8TMC: Response too small (3788 bytes)
[2026-07-27 19:46:56]   ⚪ Error checking B0BFR8TJVX: Response too small (3788 bytes)
[2026-07-27 19:46:56]   ⚪ Error checking B0C1YBPJ43: Response too small (3788 bytes)
[2026-07-27 19:46:57]   ⚪ Error checking B09G6QX21B: Response too small (3788 bytes)
[2026-07-27 19:46:57]   ⚪ Error checking B0C1CFYQ5F: Response too small (3788 bytes)
[2026-07-27 19:46:58]   ⚪ Error checking B0C3V2KT65: Response too small (3788 bytes)
[2026-07-27 19:46:58]   ⚪ Error checking B000PS1HS6: Response too small (3788 bytes)
[2026-07-27 19:46:59]   ⚪ Error checking B011CY8Y78: Response too small (3788 bytes)
[2026-07-27 19:47:00]   ⚪ Error checking B00MYI0VYG: Response too small (3788 bytes)
[2026-07-27 19:47:00]   ⚪ Error checking B0GWNK6DX9: Response too small (3788 bytes)
[2026-07-27 19:47:01]   ⚪ Error checking B07WFF17BQ: Response too small (3788 bytes)
[2026-07-27 19:47:01]   ⚪ Error checking B016OP6N3M: Response too small (3788 bytes)
[2026-07-27 19:47:02]   ⚪ Error checking B0D7M8QB9Y: Response too small (3788 bytes)
[2026-07-27 19:47:02]   ⚪ Error checking B0D1CWD525: Response too small (3788 bytes)
[2026-07-27 19:47:03]   ⚪ Error checking B0FM323HPY: Response too small (3788 bytes)
[2026-07-27 19:47:04]   ⚪ Error checking B0D1FWNSYM: Response too small (3788 bytes)
[2026-07-27 19:47:05]   ⚪ Error checking B0FM2YQ5HV: Response too small (3788 bytes)
[2026-07-27 19:47:05]   ⚪ Error checking B0FM2W1YTY: Response too small (3788 bytes)
[2026-07-27 19:47:06]   ⚪ Error checking B0FM2WXZKR: Response too small (3788 bytes)
[2026-07-27 19:47:06]   ⚪ Error checking B0GRTKQBCN: Response too small (3788 bytes)
[2026-07-27 19:47:07]   ⚪ Error checking B0GRTLQHSS: Response too small (3788 bytes)
[2026-07-27 19:47:07]   ⚪ Error checking B0GRTFRMZY: Response too small (3788 bytes)
[2026-07-27 19:47:08]   ⚪ Error checking B0GRTHD2TR: Response too small (3788 bytes)
[2026-07-27 19:47:08]   ⚪ Error checking B0GRTFNGNL: Response too small (3788 bytes)
[2026-07-27 19:47:09]   ⚪ Error checking B0D3ZBFMW6: Response too small (3788 bytes)
[2026-07-27 19:47:09]   ⚪ Error checking B08BR9HBZ3: Response too small (3788 bytes)
[2026-07-27 19:47:10]   ⚪ Error checking B0D3ZBWNZT: Response too small (3788 bytes)
[2026-07-27 19:47:10]   ⚪ Error checking B0D91CQ69R: Response too small (3788 bytes)
[2026-07-27 19:47:11]   ⚪ Error checking B0D3Z8VWBH: Response too small (3788 bytes)
[2026-07-27 19:47:11]   ⚪ Error checking B08F72TY67: Response too small (3788 bytes)
[2026-07-27 19:47:12]   ⚪ Error checking B0F2HJFNBV: Response too small (3788 bytes)
[2026-07-27 19:47:12]   ⚪ Error checking B094981GTD: Response too small (3788 bytes)
[2026-07-27 19:47:13]   ⚠️  STALE B0FH6YL3XC (best-cutting-boards): Page says: Currently unavailable
[2026-07-27 19:47:13]   ⚪ Error checking B0B2WDFQL8: Response too small (3788 bytes)
[2026-07-27 19:47:14]   ⚪ Error checking B0CSFM5X73: Response too small (3788 bytes)
[2026-07-27 19:47:14]   ⚪ Error checking B0C57FV4JS: Response too small (3788 bytes)
[2026-07-27 19:47:15]   ⚪ Error checking B0CKY4YGX3: Response too small (3788 bytes)
[2026-07-27 19:47:15]   ⚪ Error checking B0DP8P1N7G: Response too small (3788 bytes)
[2026-07-27 19:47:16]   ⚪ Error checking B0B46NPJY9: Response too small (3788 bytes)
[2026-07-27 19:47:16]   ⚪ Error checking B0BMFKGVXD: Response too small (3788 bytes)
[2026-07-27 19:47:17]   ⚪ Error checking B0042QGCEG: Response too small (3788 bytes)
[2026-07-27 19:47:18]   ⚪ Error checking B000J2DGZ0: Response too small (3788 bytes)
[2026-07-27 19:47:19]   ⚪ Error checking B07PGFF7W2: Response too small (3788 bytes)
[2026-07-27 19:47:19]   ⚪ Error checking B0B3WSZ3QP: Response too small (3788 bytes)
[2026-07-27 19:47:20]   ⚪ Error checking B0036OQU2E: Response too small (3788 bytes)
[2026-07-27 19:47:20]   ⚪ Error checking B097YBGF7V: Response too small (3788 bytes)
[2026-07-27 19:47:21]   ⚪ Error checking B08FD64QGT: Response too small (3788 bytes)
[2026-07-27 19:47:21]   ⚪ Error checking B07J5KDFH9: Response too small (3788 bytes)
[2026-07-27 19:47:22]   ⚪ Error checking B09M8BLMTG: Response too small (3788 bytes)
[2026-07-27 19:47:22]   ⚪ Error checking B07H7TF69J: Response too small (3788 bytes)
[2026-07-27 19:47:23]   ⚪ Error checking B0CGZPR3X9: Response too small (3788 bytes)
[2026-07-27 19:47:23]   ⚪ Error checking B0CGZR4VNQ: Response too small (3788 bytes)
[2026-07-27 19:47:24]   ⚪ Error checking B0CGZSCZYP: Response too small (3788 bytes)
[2026-07-27 19:47:24]   ⚪ Error checking B0DKC1HCQQ: Response too small (3788 bytes)
[2026-07-27 19:47:25]   ⚠️  STALE B0B9BDQTV9 (kitchen-storage): Page says: Currently unavailable
[2026-07-27 19:47:25]   ⚪ Error checking B0GRTLQHSS: Response too small (3788 bytes)
[2026-07-27 19:47:26]   ⚪ Error checking B0GRTKQBCN: Response too small (3788 bytes)
[2026-07-27 19:47:26]   ⚪ Error checking B0GRTHD2TR: Response too small (3788 bytes)
[2026-07-27 19:47:27]   ⚪ Error checking B0GRTFNGNL: Response too small (3788 bytes)
[2026-07-27 19:47:27]   ⚪ Error checking B08BR9HBZ3: Response too small (3788 bytes)
[2026-07-27 19:47:28]   ⚪ Error checking B0D3ZBFMW6: Response too small (3788 bytes)
[2026-07-27 19:47:28]   ⚪ Error checking B0D3ZBWNZT: Response too small (3788 bytes)
[2026-07-27 19:47:29]   ⚪ Error checking B0D3Z8VWBH: Response too small (3788 bytes)
[2026-07-27 19:47:29]   ⚪ Error checking B08F72TY67: Response too small (3788 bytes)
[2026-07-27 19:47:30]   ⚪ Error checking B0CS3FBC6W: Response too small (3788 bytes)
[2026-07-27 19:47:30]   ⚠️  STALE B0GRTFRMZY (best-food-storage-containers): Page says: Currently unavailable
[2026-07-27 19:47:31]   ⚪ Error checking B094981GTD: Response too small (3788 bytes)
[2026-07-27 19:47:31]   ⚪ Error checking B0B2WDFQL8: Response too small (3788 bytes)
[2026-07-27 19:47:32]   ⚪ Error checking B0036OQU56: Response too small (3788 bytes)
[2026-07-27 19:47:33]   ⚪ Error checking B0C57FV4JS: Response too small (3788 bytes)
[2026-07-27 19:47:34]   ⚪ Error checking B0DP8P1N7G: Response too small (3788 bytes)
[2026-07-27 19:47:34]   ⚪ Error checking B0B9BDQTV9: Response too small (3788 bytes)
[2026-07-27 19:47:35]   ⚪ Error checking B0B46NPJY9: Response too small (3788 bytes)
[2026-07-27 19:47:35]   ⚪ Error checking B0BMFKGVXD: Response too small (3788 bytes)
[2026-07-27 19:47:36]   ⚪ Error checking B0042QGCEG: Response too small (3788 bytes)
[2026-07-27 19:47:36]   ⚪ Error checking B000J2DGZ0: Response too small (3788 bytes)
[2026-07-27 19:47:37]   ⚪ Error checking B07PGFF7W2: Response too small (3788 bytes)
[2026-07-27 19:47:38]   ⚪ Error checking B0036OQU2E: Response too small (3788 bytes)
[2026-07-27 19:47:38]   ⚪ Error checking B097YBGF7V: Response too small (3788 bytes)
[2026-07-27 19:47:39]   ⚪ Error checking B08FD64QGT: Response too small (3788 bytes)
[2026-07-27 19:47:40]   ⚪ Error checking B07J5KDFH9: Response too small (3788 bytes)
[2026-07-27 19:47:40]   ⚪ Error checking B07H7TF69J: Response too small (3788 bytes)
[2026-07-27 19:47:41]   ⚪ Error checking B09M8BLMTG: Response too small (3788 bytes)
[2026-07-27 19:47:41]   ⚪ Error checking B0CGZPR3X9: Response too small (3788 bytes)
[2026-07-27 19:47:42]   ⚪ Error checking B0CGZSCZYP: Response too small (3788 bytes)
[2026-07-27 19:47:42]   ⚪ Error checking B0CGZR4VNQ: Response too small (3788 bytes)
[2026-07-27 19:47:43]   ⚪ Error checking B0DKC1HCQQ: Response too small (3788 bytes)
[2026-07-27 19:47:44]   ⚪ Error checking B0DC8MWQ8K: Response too small (3788 bytes)
[2026-07-27 19:47:44]   ⚪ Error checking B01F59K0KA: Response too small (3788 bytes)
[2026-07-27 19:47:45]   ⚪ Error checking B079D9B82W: Response too small (3788 bytes)
[2026-07-27 19:47:45]   ⚪ Error checking B0BMVLW785: Response too small (3788 bytes)
[2026-07-27 19:47:46]   ⚪ Error checking B00T4RH8E6: Response too small (3788 bytes)
[2026-07-27 19:47:46]   ⚪ Error checking B07V4B65VR: Response too small (3788 bytes)
[2026-07-27 19:47:47]   ⚪ Error checking B000SAS5GI: Response too small (3788 bytes)
[2026-07-27 19:47:47]   ⚪ Error checking B0CPBW6N99: Response too small (3788 bytes)
[2026-07-27 19:47:48]   ⚪ Error checking B0G8V8H1T2: Response too small (3788 bytes)
[2026-07-27 19:47:48]   ⚪ Error checking B0H111X5ZQ: Response too small (3788 bytes)
[2026-07-27 19:47:49]   ⚪ Error checking B00004OCKR: Response too small (3788 bytes)
[2026-07-27 19:47:49]   ⚪ Error checking B084NY86RS: Response too small (3788 bytes)
[2026-07-27 19:47:51]   ⚪ Error checking B0H4MMNZ3V: Response too small (3788 bytes)
[2026-07-27 19:47:52]   ⚪ Error checking B07LBCYKT4: Response too small (3788 bytes)
[2026-07-27 19:47:52]   ⚪ Error checking B01N43UELZ: Response too small (3788 bytes)
[2026-07-27 19:47:53]   ⚪ Error checking B0GKNHNS6L: Response too small (3788 bytes)
[2026-07-27 19:47:53]   ⚪ Error checking B091JXDLDX: Response too small (3788 bytes)
[2026-07-27 19:47:54]   ⚪ Error checking B0DC8MWQ8K: Response too small (3788 bytes)
[2026-07-27 19:47:54]   ⚪ Error checking B01F59K0KA: Response too small (3788 bytes)
[2026-07-27 19:47:55]   ⚪ Error checking B079D9B82W: Response too small (3788 bytes)
[2026-07-27 19:47:55]   ⚠️  STALE B07V4B65VR (best-kitchen-scales): HTTP 404
[2026-07-27 19:47:56]   ⚪ Error checking B0BMVLW785: Response too small (3788 bytes)
[2026-07-27 19:47:56]   ⚪ Error checking B00T4RH8E6: Response too small (3788 bytes)
[2026-07-27 19:47:57]   ⚪ Error checking B08VKWDB46: Response too small (3788 bytes)
[2026-07-27 19:47:58]   ⚪ Error checking B000SAS5GI: Response too small (3788 bytes)
[2026-07-27 19:47:58]   ⚪ Error checking B000AX13US: Response too small (3788 bytes)
[2026-07-27 19:47:59]   ⚪ Error checking B0CPBW6N99: Response too small (3788 bytes)
[2026-07-27 19:48:00]   ⚪ Error checking B0FNRC6CJ9: Response too small (3788 bytes)
[2026-07-27 19:48:00]   ⚪ Error checking B0G8V8H1T2: Response too small (3788 bytes)
[2026-07-27 19:48:01]   ⚪ Error checking B0H111X5ZQ: Response too small (3788 bytes)
[2026-07-27 19:48:01]   ⚪ Error checking B00004OCKR: Response too small (3788 bytes)
[2026-07-27 19:48:02]   ⚪ Error checking B084NY86RS: Response too small (3788 bytes)
[2026-07-27 19:48:02]   ⚪ Error checking B0H4MMNZ3V: Response too small (3788 bytes)
[2026-07-27 19:48:03]   ⚪ Error checking B00XWDLBKK: Response too small (3788 bytes)
[2026-07-27 19:48:03]   ⚪ Error checking B01N43UELZ: Response too small (3788 bytes)
[2026-07-27 19:48:04]   ⚪ Error checking B07LBCYKT4: Response too small (3788 bytes)
[2026-07-27 19:48:04]   ⚪ Error checking B091JXDLDX: Response too small (3788 bytes)
[2026-07-27 19:48:05]   ⚪ Error checking B0CBW78J4Q: Response too small (3788 bytes)
[2026-07-27 19:48:05]   ⚪ Error checking B0GKNHNS6L: Response too small (3788 bytes)
[2026-07-27 19:48:06]   ⚪ Error checking B0DWFZ8Q7M: Response too small (3788 bytes)
[2026-07-27 19:48:06]   ⚪ Error checking B07BRH2TN7: Response too small (3788 bytes)
[2026-07-27 19:48:07]   ⚪ Error checking B0FK2HPNCB: Response too small (3788 bytes)
[2026-07-27 19:48:07]   ⚪ Error checking B07NXJDBL8: Response too small (3788 bytes)
[2026-07-27 19:48:08]   ⚪ Error checking B08QW6RBBX: Response too small (3788 bytes)
[2026-07-27 19:48:08]   ⚪ Error checking B0DP5JNLQR: Response too small (3788 bytes)
[2026-07-27 19:48:09]   ⚪ Error checking B0B6D6GML1: Response too small (3788 bytes)
[2026-07-27 19:48:09]   ⚪ Error checking B0CWB3TF7X: Response too small (3788 bytes)
[2026-07-27 19:48:10]   ⚪ Error checking B08MF9HQVX: Response too small (3788 bytes)
[2026-07-27 19:48:10]   ⚪ Error checking B0BN5F6MJY: Response too small (3788 bytes)
[2026-07-27 19:48:11]   ⚪ Error checking B09V5NPHP3: Response too small (3788 bytes)
[2026-07-27 19:48:11]   ⚪ Error checking B079PN6RHZ: Response too small (3788 bytes)
[2026-07-27 19:48:12]   ⚪ Error checking B07DX7BGW3: Response too small (3788 bytes)
[2026-07-27 19:48:12]   ⚪ Error checking B079P7FQPM: Response too small (3788 bytes)
[2026-07-27 19:48:13]   ⚪ Error checking B07GB4S9H5: Response too small (3788 bytes)
[2026-07-27 19:48:13]   ⚪ Error checking B07R9GP85M: Response too small (3788 bytes)
[2026-07-27 19:48:14]   ⚪ Error checking B0FM8RHNWZ: Response too small (3788 bytes)
[2026-07-27 19:48:14]   ⚪ Error checking B07KG2X2GZ: Response too small (3788 bytes)
[2026-07-27 19:48:15]   ⚪ Error checking B01DAI5CF6: Response too small (3788 bytes)
[2026-07-27 19:48:15]   ⚪ Error checking B07BZSZLBM: Response too small (3788 bytes)
[2026-07-27 19:48:16]   ⚪ Error checking B07H7YTV8Z: Response too small (3788 bytes)
[2026-07-27 19:48:16]   ⚪ Error checking B07H84CNG9: Response too small (3788 bytes)
[2026-07-27 19:48:17]   ⚪ Error checking B00IS94BWS: Response too small (3788 bytes)
[2026-07-27 19:48:18]   ⚪ Error checking B0G64MM1HM: Response too small (3788 bytes)
[2026-07-27 19:48:19]   ⚪ Error checking B07BRH2TN7: Response too small (3788 bytes)
[2026-07-27 19:48:20]   ⚪ Error checking B0DG6M24RR: Response too small (3788 bytes)
[2026-07-27 19:48:20]   ⚪ Error checking B0DG6LZSLC: Response too small (3788 bytes)
[2026-07-27 19:48:21]   ⚠️  STALE B0CL7ZHTJN (home): Page says: Currently unavailable
[2026-07-27 19:48:21]   ⚪ Error checking B0C69ZFWM9: Response too small (3788 bytes)
[2026-07-27 19:48:22]   ⚪ Error checking B0DP5JNLQR: Response too small (3788 bytes)
[2026-07-27 19:48:22]   ⚪ Error checking B0016HF5GK: Response too small (3788 bytes)
[2026-07-27 19:48:23]   ⚪ Error checking B0B94P5LDK: Response too small (3788 bytes)
[2026-07-27 19:48:23]   ⚪ Error checking B004Q6EZYQ: Response too small (3788 bytes)
[2026-07-27 19:48:24]   ⚪ Error checking B004QL75UM: Response too small (3788 bytes)
[2026-07-27 19:48:25]   ⚪ Error checking B0998FWTHP: Response too small (3788 bytes)
[2026-07-27 19:48:25]   ⚪ Error checking B0B286BFZQ: Response too small (3788 bytes)
[2026-07-27 19:48:26]   ⚪ Error checking B0GZTXKGPK: Response too small (3788 bytes)
[2026-07-27 19:48:26]   ⚪ Error checking B08PJQ3MWB: Response too small (3788 bytes)
[2026-07-27 19:48:27]   ⚪ Error checking B0B6Y17GL3: Response too small (3788 bytes)
[2026-07-27 19:48:27]   ⚪ Error checking B07LGDYV3C: Response too small (3788 bytes)
[2026-07-27 19:48:28]   ⚪ Error checking B0C9THG48W: Response too small (3788 bytes)
[2026-07-27 19:48:28]   ⚪ Error checking B01D3FO8II: Response too small (3788 bytes)
[2026-07-27 19:48:29]   ⚪ Error checking B0DBLPC8LC: Response too small (3788 bytes)
[2026-07-27 19:48:29]   ⚪ Error checking B0FP1L6W89: Response too small (3788 bytes)
[2026-07-27 19:48:30]   ⚪ Error checking B0FRQVWSS4: Response too small (3788 bytes)
[2026-07-27 19:48:30]   ⚪ Error checking B0F28MMKJF: Response too small (3788 bytes)
[2026-07-27 19:48:31]   ⚪ Error checking B001ADL1SG: Response too small (3788 bytes)
[2026-07-27 19:48:31]   ⚪ Error checking B0C2C9NHZW: Response too small (3788 bytes)
[2026-07-27 19:48:32]   ⚪ Error checking B0FXGK76DF: Response too small (3788 bytes)
[2026-07-27 19:48:33]   ⚪ Error checking B01E7Q2AR8: Response too small (3788 bytes)
[2026-07-27 19:48:33]   ⚪ Error checking B0CCVX6FSD: Response too small (3788 bytes)
[2026-07-27 19:48:34]   ⚪ Error checking B0C6FNHJPX: Response too small (3788 bytes)
[2026-07-27 19:48:35]   ⚪ Error checking B09MKPDJRT: Response too small (3788 bytes)
[2026-07-27 19:48:35]   ⚪ Error checking B0BTY58CS4: Response too small (3788 bytes)
[2026-07-27 19:48:36]   ⚪ Error checking B0BT7LPSBY: Response too small (3788 bytes)
[2026-07-27 19:48:36]   ⚪ Error checking B0BVZFQ4DF: Response too small (3788 bytes)
[2026-07-27 19:48:37]   ⚪ Error checking B095NXWBXX: Response too small (3788 bytes)
[2026-07-27 19:48:37]   ⚪ Error checking B0DTPH69KS: Response too small (3788 bytes)
[2026-07-27 19:48:38]   ⚪ Error checking B0D5BGST5N: Response too small (3788 bytes)
[2026-07-27 19:48:38]   ⚪ Error checking B0D5BBYRJM: Response too small (3788 bytes)
[2026-07-27 19:48:39]   ⚪ Error checking B0D5J6JDH7: Response too small (3788 bytes)
[2026-07-27 19:48:39]   ⚪ Error checking B01NB1OB0I: Response too small (3788 bytes)
[2026-07-27 19:48:40]   ⚪ Error checking B08J4C8871: Response too small (3788 bytes)
[2026-07-27 19:48:40]   ⚪ Error checking B0BQW2BX6W: Response too small (3788 bytes)
[2026-07-27 19:48:41]   ⚪ Error checking B0D1K7GNPM: Response too small (3788 bytes)
[2026-07-27 19:48:41]   ⚪ Error checking B08DNJ8L55: Response too small (3788 bytes)
[2026-07-27 19:48:42]   ⚪ Error checking B0DLN46519: Response too small (3788 bytes)
[2026-07-27 19:48:42]   ⚪ Error checking B09B8V1LZ3: Response too small (3788 bytes)
[2026-07-27 19:48:43]   ⚪ Error checking B07VFKBQ3K: Response too small (3788 bytes)
[2026-07-27 19:48:43]   ⚪ Error checking B0DPXZZVG1: Response too small (3788 bytes)
[2026-07-27 19:48:44]   ⚪ Error checking B0GLH9D157: Response too small (3788 bytes)
[2026-07-27 19:48:44]   ⚪ Error checking B0D6SX8VLQ: Response too small (3788 bytes)
[2026-07-27 19:48:45]   ⚪ Error checking B0FBCSKRB6: Response too small (3788 bytes)
[2026-07-27 19:48:45]   ⚪ Error checking B0G2D1R15Q: Response too small (3788 bytes)
[2026-07-27 19:48:46]   ⚪ Error checking B0FHJ7TKZM: Response too small (3788 bytes)
[2026-07-27 19:48:46]   ⚪ Error checking B0FX35FCC7: Response too small (3788 bytes)
[2026-07-27 19:48:47]   ⚪ Error checking B0F14N7HHH: Response too small (3788 bytes)
[2026-07-27 19:48:48]   ⚪ Error checking B0G2D25MF2: Response too small (3788 bytes)
[2026-07-27 19:48:48]   ⚪ Error checking B0B9HWYMV5: Response too small (3788 bytes)
[2026-07-27 19:48:49]   ⚠️  STALE B08W8KS8D3 (home): Page says: Currently unavailable
[2026-07-27 19:48:49]   ⚪ Error checking B0B9HY7RBC: Response too small (3788 bytes)
[2026-07-27 19:48:50]   ⚪ Error checking B0F5QKCD3S: Response too small (3788 bytes)
[2026-07-27 19:48:50]   ⚪ Error checking B0FND4T8P5: Response too small (3788 bytes)
[2026-07-27 19:48:51]   ⚪ Error checking B07HXMLCBT: Response too small (3788 bytes)
[2026-07-27 19:48:51]   ⚪ Error checking B0D7ZXYPRL: Response too small (3788 bytes)
[2026-07-27 19:48:52]   ⚪ Error checking B0D7ZWGXGP: Response too small (3788 bytes)
[2026-07-27 19:48:52]   ⚪ Error checking B0CL9D9HM4: Response too small (3788 bytes)
[2026-07-27 19:48:53]   ⚪ Error checking B0B2PFFDKF: Response too small (3788 bytes)
[2026-07-27 19:48:53]   ⚪ Error checking B0C36WXGP1: Response too small (3788 bytes)
[2026-07-27 19:48:54]   ⚪ Error checking B0CCY9GVWS: Response too small (3788 bytes)
[2026-07-27 19:48:54]   ⚪ Error checking B0BC8N7QXN: Response too small (3788 bytes)
[2026-07-27 19:48:55]   ⚪ Error checking B0CG5VDC8P: Response too small (3788 bytes)
[2026-07-27 19:48:55]   ⚪ Error checking B0F43B369Y: Response too small (3788 bytes)
[2026-07-27 19:48:56]   ⚪ Error checking B09B7NQT2K: Response too small (3788 bytes)
[2026-07-27 19:48:57]   ⚪ Error checking B07SKCGMY7: Response too small (3788 bytes)
[2026-07-27 19:48:57]   ⚪ Error checking B07MV2WHF4: Response too small (3788 bytes)
[2026-07-27 19:48:58]   ⚪ Error checking B0925KTSMX: Response too small (3788 bytes)
[2026-07-27 19:48:58]   ⚪ Error checking B07TZJYSR7: Response too small (3788 bytes)
[2026-07-27 19:48:59]   ⚪ Error checking B08GD3D9YJ: Response too small (3788 bytes)
[2026-07-27 19:48:59]   ⚪ Error checking B0DGXMZ9GD: Response too small (3788 bytes)
[2026-07-27 19:49:00]   ⚠️  STALE B0B9HY3614 (home): Page says: Currently unavailable
[2026-07-27 19:49:00]   ⚪ Error checking B0DXDVNM8P: Response too small (3788 bytes)
[2026-07-27 19:49:01]   ⚪ Error checking B0FRFKDDB8: Response too small (3788 bytes)
[2026-07-27 19:49:01]   ⚪ Error checking B0DHLTCYWH: Response too small (3788 bytes)
[2026-07-27 19:49:02]   ⚪ Error checking B0DV4XM4P4: Response too small (3788 bytes)
[2026-07-27 19:49:02]   ⚪ Error checking B0F95XVBFS: Response too small (3788 bytes)
[2026-07-27 19:49:03]   ⚪ Error checking B0B5VLCL1N: Response too small (3788 bytes)
[2026-07-27 19:49:03]   ⚪ Error checking B0GQNRW32P: Response too small (3788 bytes)
[2026-07-27 19:49:04]   ⚪ Error checking B0GQNZDZSH: Response too small (3788 bytes)
[2026-07-27 19:49:05]   ⚪ Error checking B08YMBQJ49: Response too small (3788 bytes)
[2026-07-27 19:49:05]   ⚪ Error checking B08LKXCL65: Response too small (3788 bytes)
[2026-07-27 19:49:06]   ⚪ Error checking B0DCXFXGBM: Response too small (3788 bytes)
[2026-07-27 19:49:06]   ⚪ Error checking B0DCXJYNVX: Response too small (3788 bytes)
[2026-07-27 19:49:07]   ⚪ Error checking B0F635TP3X: Response too small (3788 bytes)
[2026-07-27 19:49:08]   ⚪ Error checking B0H3Z4H5X5: Response too small (3788 bytes)
[2026-07-27 19:49:09]   ⚪ Error checking B07FY2HGL9: Response too small (3788 bytes)
[2026-07-27 19:49:09]   ⚪ Error checking B0DCTNQ1BB: Response too small (3788 bytes)
[2026-07-27 19:49:10]   ⚪ Error checking B08DS9ZNYW: Response too small (3788 bytes)
[2026-07-27 19:49:10]   ⚪ Error checking B01LYC1XSM: Response too small (3788 bytes)
[2026-07-27 19:49:11]   ⚪ Error checking B0DPMQYNG4: Response too small (3788 bytes)
[2026-07-27 19:49:11]   ⚪ Error checking B0CZ8VPFZY: Response too small (3788 bytes)
[2026-07-27 19:49:12]   ⚪ Error checking B0CR14YJ23: Response too small (3788 bytes)
[2026-07-27 19:49:13]   ⚪ Error checking B0CR16LR9M: Response too small (3788 bytes)
[2026-07-27 19:49:13]   ⚪ Error checking B073429DV2: Response too small (3788 bytes)
[2026-07-27 19:49:14]   ⚪ Error checking B0B9MDW3WW: Response too small (3788 bytes)
[2026-07-27 19:49:14]   ⚪ Error checking B074PR4FRT: Response too small (3788 bytes)
[2026-07-27 19:49:15]   ⚪ Error checking B0FQJVSNR7: Response too small (3788 bytes)
[2026-07-27 19:49:15]   ⚪ Error checking B0F3D8LHV4: Response too small (3788 bytes)
[2026-07-27 19:49:16]   ⚪ Error checking B0DQHJR1YB: Response too small (3788 bytes)
[2026-07-27 19:49:16]   ⚪ Error checking B0GGY8X8VV: Response too small (3788 bytes)
[2026-07-27 19:49:17]   ⚪ Error checking B08VGGSS2H: Response too small (3788 bytes)
[2026-07-27 19:49:17]   ⚪ Error checking B09CYLZPYP: Response too small (3788 bytes)
[2026-07-27 19:49:18]   ⚠️  STALE B0FDKWT87L (home): Page says: Currently unavailable
[2026-07-27 19:49:18]   ⚪ Error checking B087JH5Q4H: Response too small (3788 bytes)
[2026-07-27 19:49:19]   ⚪ Error checking B0GS3JX13K: Response too small (3788 bytes)
[2026-07-27 19:49:19]   ⚪ Error checking B0GS31351Z: Response too small (3788 bytes)
[2026-07-27 19:49:20]   ⚪ Error checking B0FLPY7SPN: Response too small (3788 bytes)
[2026-07-27 19:49:21]   ⚪ Error checking B07G9LQFJ8: Response too small (3788 bytes)
[2026-07-27 19:49:21]   ⚪ Error checking B083V8KRL4: Response too small (3788 bytes)
[2026-07-27 19:49:22]   ⚪ Error checking B08637XW4H: Response too small (3788 bytes)
[2026-07-27 19:49:22]   ⚪ Error checking B0H2CZPFXG: Response too small (3788 bytes)
[2026-07-27 19:49:23]   ⚪ Error checking B0H41C3M6Q: Response too small (3788 bytes)
[2026-07-27 19:49:23]   ⚠️  STALE B0FP1H4RB9 (home): Page says: Currently unavailable
[2026-07-27 19:49:24]   ⚪ Error checking B0H5C72VC6: Response too small (3788 bytes)
[2026-07-27 19:49:24]   ⚪ Error checking B0GWZPXFQG: Response too small (3788 bytes)
[2026-07-27 19:49:25]   ⚪ Error checking B0H4ZG6LHH: Response too small (3788 bytes)
[2026-07-27 19:49:25]   ⚠️  STALE B0C2CBP6NF (home): Page says: Currently unavailable
[2026-07-27 19:49:26]   ⚪ Error checking B0CX7T6BR3: Response too small (3788 bytes)
[2026-07-27 19:49:26]   ⚪ Error checking B0FY68QS67: Response too small (3788 bytes)
[2026-07-27 19:49:27]   ⚪ Error checking B0GN8KK8XW: Response too small (3788 bytes)
[2026-07-27 19:49:27]   ⚪ Error checking B0H1QT2Q5N: Response too small (3788 bytes)
[2026-07-27 19:49:28]   ⚪ Error checking B0F3X41Q86: Response too small (3788 bytes)
[2026-07-27 19:49:28]   ⚪ Error checking B0H5K3LPSP: Response too small (3788 bytes)
[2026-07-27 19:49:29]   ⚪ Error checking B0GGYYQLXL: Response too small (3788 bytes)
[2026-07-27 19:49:30]   ⚪ Error checking B00GRL9UTS: Response too small (3788 bytes)
[2026-07-27 19:49:30]   ⚪ Error checking B0GJRJWNFQ: Response too small (3788 bytes)
[2026-07-27 19:49:31]   ⚪ Error checking B07MVLYF7L: Response too small (3788 bytes)
[2026-07-27 19:49:31]   ⚪ Error checking B0DTP5SMTS: Response too small (3788 bytes)
[2026-07-27 19:49:32]   ⚪ Error checking B0GRXQ5LXP: Response too small (3788 bytes)
[2026-07-27 19:49:32]   ⚪ Error checking B0DZSK67T3: Response too small (3788 bytes)
[2026-07-27 19:49:33]   ⚪ Error checking B0GCFY5M1G: Response too small (3788 bytes)
[2026-07-27 19:49:33]   ⚪ Error checking B0DT8WZQJ9: Response too small (3788 bytes)
[2026-07-27 19:49:34]   ⚪ Error checking B0DT94YSQH: Response too small (3788 bytes)
[2026-07-27 19:49:34]   ⚪ Error checking B0DT8X23J3: Response too small (3788 bytes)
[2026-07-27 19:49:35]   ⚪ Error checking B0G918JCZ8: Response too small (3788 bytes)
[2026-07-27 19:49:35]   ⚪ Error checking B0F8BR17T2: Response too small (3788 bytes)
[2026-07-27 19:49:36]   ⚪ Error checking B09FPXQGL5: Response too small (3788 bytes)
[2026-07-27 19:49:36]   ⚪ Error checking B09C8HR4Z9: Response too small (3788 bytes)
[2026-07-27 19:49:37]   ⚪ Error checking B0GC51K418: Response too small (3788 bytes)
[2026-07-27 19:49:37]   ⚪ Error checking B0FZ96XSWQ: Response too small (3788 bytes)
[2026-07-27 19:49:38]   ⚪ Error checking B0BLXSTSYB: Response too small (3788 bytes)
[2026-07-27 19:49:38]   ⚪ Error checking B093CM4G6R: Response too small (3788 bytes)
[2026-07-27 19:49:39]   ⚪ Error checking B0G35GL4WW: Response too small (3788 bytes)
[2026-07-27 19:49:39]   ⚪ Error checking B0BM437HK9: Response too small (3788 bytes)
[2026-07-27 19:49:40]   ⚪ Error checking B07L54ZV6M: Response too small (3788 bytes)
[2026-07-27 19:49:41]   ⚪ Error checking B08CVTKRRR: Response too small (3788 bytes)
[2026-07-27 19:49:41]   ⚪ Error checking B0GGZKM1S3: Response too small (3788 bytes)
[2026-07-27 19:49:42]   ⚪ Error checking B08346W5S6: Response too small (3788 bytes)
[2026-07-27 19:49:42]   ⚪ Error checking B0CQX59N7F: Response too small (3788 bytes)
[2026-07-27 19:49:43]   ⚪ Error checking B0GDDJ3P8Z: Response too small (3788 bytes)
[2026-07-27 19:49:44]   ⚪ Error checking B009378AG2: Response too small (3788 bytes)
[2026-07-27 19:49:45]   ⚪ Error checking B0G338V3V7: Response too small (3788 bytes)
[2026-07-27 19:49:46]   ⚪ Error checking B0G3TJVW19: Response too small (3788 bytes)
[2026-07-27 19:49:46]   ⚪ Error checking B0CDM6Z66T: Response too small (3788 bytes)
[2026-07-27 19:49:47]   ⚪ Error checking B0G3TBRCQ2: Response too small (3788 bytes)
[2026-07-27 19:49:47]   ⚪ Error checking B0G3TQ7NGJ: Response too small (3788 bytes)
[2026-07-27 19:49:48]   ⚪ Error checking B0G3TX6F4R: Response too small (3788 bytes)
[2026-07-27 19:49:48]   ⚪ Error checking B0CRHJGF74: Response too small (3788 bytes)
[2026-07-27 19:49:49]   ⚪ Error checking B0CRHH7B16: Response too small (3788 bytes)
[2026-07-27 19:49:49]   ⚪ Error checking B0CRHJGZD5: Response too small (3788 bytes)
[2026-07-27 19:49:50]   ⚪ Error checking B018YLFJX4: Response too small (3788 bytes)
[2026-07-27 19:49:50]   ⚪ Error checking B0F7LLNPTS: Response too small (3788 bytes)
[2026-07-27 19:49:51]   ⚪ Error checking B09W2Y51TC: Response too small (3788 bytes)
[2026-07-27 19:49:51]   ⚪ Error checking B0C8BY8S4M: Response too small (3788 bytes)
[2026-07-27 19:49:52]   ⚪ Error checking B01H2NWDXY: Response too small (3788 bytes)
[2026-07-27 19:49:52]   ⚪ Error checking B0C8RXPQH5: Response too small (3788 bytes)
[2026-07-27 19:49:53]   ⚪ Error checking B0856XY9RZ: Response too small (3788 bytes)
[2026-07-27 19:49:54]   ⚠️  STALE B0FXDXYWQZ (home): Page says: Currently unavailable
[2026-07-27 19:49:54]   ⚪ Error checking B0BJP63FW4: Response too small (3788 bytes)
[2026-07-27 19:49:55]   ⚪ Error checking B0BPNJGV9V: Response too small (3788 bytes)
[2026-07-27 19:49:56]   ⚪ Error checking B0CNGTZ3B5: Response too small (3788 bytes)
[2026-07-27 19:49:56]   ⚪ Error checking B0DK9B4V35: Response too small (3788 bytes)
[2026-07-27 19:49:57]   ⚪ Error checking B0BBZYKGYV: Response too small (3788 bytes)
[2026-07-27 19:49:57]   ⚪ Error checking B0CW2TF87P: Response too small (3788 bytes)
[2026-07-27 19:49:58]   ⚪ Error checking B0GVJLPWV4: Response too small (3788 bytes)
[2026-07-27 19:49:58]   ⚪ Error checking B0H3NGT4QJ: Response too small (3788 bytes)
[2026-07-27 19:49:59]   ⚪ Error checking B0FR4K6PPQ: Response too small (3788 bytes)
[2026-07-27 19:49:59]   ⚪ Error checking B0GXDL48JL: Response too small (3788 bytes)
[2026-07-27 19:50:00]   ⚪ Error checking B0GCKCSBZ1: Response too small (3788 bytes)
[2026-07-27 19:50:00]   ⚠️  STALE B0H3KSXC25 (home): Page says: Currently unavailable
[2026-07-27 19:50:01]   ⚪ Error checking B0DWFZ8Q7M: Response too small (3788 bytes)
[2026-07-27 19:50:01]   ⚪ Error checking B07BRH2TN7: Response too small (3788 bytes)
[2026-07-27 19:50:03]   ⚪ Error checking B0B6D6GML1: Response too small (3788 bytes)
[2026-07-27 19:50:03]   ⚪ Error checking B0CWB3TF7X: Response too small (3788 bytes)
[2026-07-27 19:50:04]   ⚪ Error checking B08MF9HQVX: Response too small (3788 bytes)
[2026-07-27 19:50:05]   ⚪ Error checking B0BN5F6MJY: Response too small (3788 bytes)
[2026-07-27 19:50:05]   ⚪ Error checking B09V5NPHP3: Response too small (3788 bytes)
[2026-07-27 19:50:06]   ⚠️  STALE B07NXJDBL8 (cleaning): Page says: Currently unavailable
[2026-07-27 19:50:06]   ⚪ Error checking B079P7FQPM: Response too small (3788 bytes)
[2026-07-27 19:50:07]   ⚪ Error checking B07GB4S9H5: Response too small (3788 bytes)
[2026-07-27 19:50:07]   ⚪ Error checking B08671LHZB: Response too small (3788 bytes)
[2026-07-27 19:50:08]   ⚪ Error checking B07R9GP85M: Response too small (3788 bytes)
[2026-07-27 19:50:08]   ⚪ Error checking B0FM8RHNWZ: Response too small (3788 bytes)
[2026-07-27 19:50:09]   ⚪ Error checking B07KG2X2GZ: Response too small (3788 bytes)
[2026-07-27 19:50:09]   ⚪ Error checking B07R89PJY6: Response too small (3788 bytes)
[2026-07-27 19:50:10]   ⚪ Error checking B01DAI5CF6: Response too small (3788 bytes)
[2026-07-27 19:50:11]   ⚪ Error checking B07BZSZLBM: Response too small (3788 bytes)
[2026-07-27 19:50:12]   ⚪ Error checking B07H7YTV8Z: Response too small (3788 bytes)
[2026-07-27 19:50:12]   ⚪ Error checking B07H84CNG9: Response too small (3788 bytes)
[2026-07-27 19:50:13]   ⚪ Error checking B07QXWG93C: Response too small (3788 bytes)
[2026-07-27 19:50:14]   ⚪ Error checking B0CL7ZHTJN: Response too small (3788 bytes)
[2026-07-27 19:50:14]   ⚪ Error checking B0G64MM1HM: Response too small (3788 bytes)
[2026-07-27 19:50:15]   ⚪ Error checking B0DG6M24RR: Response too small (3788 bytes)
[2026-07-27 19:50:15]   ⚪ Error checking B07BRH2TN7: Response too small (3788 bytes)
[2026-07-27 19:50:16]   ⚪ Error checking B0DP5JNLQR: Response too small (3788 bytes)
[2026-07-27 19:50:16]   ⚪ Error checking B0C69ZFWM9: Response too small (3788 bytes)
[2026-07-27 19:50:17]   ⚪ Error checking B0DG6LZSLC: Response too small (3788 bytes)
[2026-07-27 19:50:17]   ⚪ Error checking B0016HF5GK: Response too small (3788 bytes)
[2026-07-27 19:50:18]   ⚪ Error checking B0B94P5LDK: Response too small (3788 bytes)
[2026-07-27 19:50:18]   ⚪ Error checking B0DWFZ8Q7M: Response too small (3788 bytes)
[2026-07-27 19:50:19]   ⚪ Error checking B0FK2HPNCB: Response too small (3788 bytes)
[2026-07-27 19:50:19]   ⚪ Error checking B07BRH2TN7: Response too small (3788 bytes)
[2026-07-27 19:50:20]   ⚪ Error checking B07NXJDBL8: Response too small (3788 bytes)
[2026-07-27 19:50:20]   ⚪ Error checking B08QW6RBBX: Response too small (3788 bytes)
[2026-07-27 19:50:21]   ⚪ Error checking B0B6D6GML1: Response too small (3788 bytes)
[2026-07-27 19:50:22]   ⚪ Error checking B0DP5JNLQR: Response too small (3788 bytes)
[2026-07-27 19:50:22]   ⚪ Error checking B0CWB3TF7X: Response too small (3788 bytes)
[2026-07-27 19:50:23]   ⚪ Error checking B09V5NPHP3: Response too small (3788 bytes)
[2026-07-27 19:50:23]   ⚪ Error checking B0BN5F6MJY: Response too small (3788 bytes)
[2026-07-27 19:50:24]   ⚪ Error checking B079PN6RHZ: Response too small (3788 bytes)
[2026-07-27 19:50:24]   ⚪ Error checking B08MF9HQVX: Response too small (3788 bytes)
[2026-07-27 19:50:25]   ⚪ Error checking B079P7FQPM: Response too small (3788 bytes)
[2026-07-27 19:50:25]   ⚪ Error checking B07DX7BGW3: Response too small (3788 bytes)
[2026-07-27 19:50:26]   ⚪ Error checking B08671LHZB: Response too small (3788 bytes)
[2026-07-27 19:50:26]   ⚪ Error checking B07GB4S9H5: Response too small (3788 bytes)
[2026-07-27 19:50:27]   ⚪ Error checking B07R9GP85M: Response too small (3788 bytes)
[2026-07-27 19:50:27]   ⚪ Error checking B0FM8RHNWZ: Response too small (3788 bytes)
[2026-07-27 19:50:28]   ⚪ Error checking B07KFYF8GQ: Response too small (3788 bytes)
[2026-07-27 19:50:28]   ⚪ Error checking B07KG2X2GZ: Response too small (3788 bytes)
[2026-07-27 19:50:29]   ⚪ Error checking B07H7YTV8Z: Response too small (3788 bytes)
[2026-07-27 19:50:29]   ⚪ Error checking B07BZSZLBM: Response too small (3788 bytes)
[2026-07-27 19:50:30]   ⚪ Error checking B07R89PJY6: Response too small (3788 bytes)
[2026-07-27 19:50:30]   ⚪ Error checking B01DAI5CF6: Response too small (3788 bytes)
[2026-07-27 19:50:31]   ⚪ Error checking B07H84CNG9: Response too small (3788 bytes)
[2026-07-27 19:50:31]   ⚪ Error checking B00IS94BWS: Response too small (3788 bytes)
[2026-07-27 19:50:32]   ⚪ Error checking B07QXWG93C: Response too small (3788 bytes)
[2026-07-27 19:50:32]   ⚪ Error checking B07BRH2TN7: Response too small (3788 bytes)
[2026-07-27 19:50:33]   ⚪ Error checking B0DG6M24RR: Response too small (3788 bytes)
[2026-07-27 19:50:33]   ⚪ Error checking B0CL7ZHTJN: Response too small (3788 bytes)
[2026-07-27 19:50:34]   ⚪ Error checking B0DG6LZSLC: Response too small (3788 bytes)
[2026-07-27 19:50:34]   ⚪ Error checking B0C69ZFWM9: Response too small (3788 bytes)
[2026-07-27 19:50:35]   ⚪ Error checking B0DP5JNLQR: Response too small (3788 bytes)
[2026-07-27 19:50:35]   ⚪ Error checking B0016HF5GK: Response too small (3788 bytes)
[2026-07-27 19:50:36]   ⚪ Error checking B0B94P5LDK: Response too small (3788 bytes)
[2026-07-27 19:50:36]   ⚪ Error checking B004Q6EZYQ: Response too small (3788 bytes)
[2026-07-27 19:50:37]   ⚪ Error checking B004QL75UM: Response too small (3788 bytes)
[2026-07-27 19:50:38]   ⚪ Error checking B0B6Y17GL3: Response too small (3788 bytes)
[2026-07-27 19:50:38]   ⚪ Error checking B0B286BFZQ: Response too small (3788 bytes)
[2026-07-27 19:50:39]   ⚪ Error checking B0998FWTHP: Response too small (3788 bytes)
[2026-07-27 19:50:39]   ⚪ Error checking B08PJQ3MWB: Response too small (3788 bytes)
[2026-07-27 19:50:40]   ⚪ Error checking B0GZTXKGPK: Response too small (3788 bytes)
[2026-07-27 19:50:40]   ⚪ Error checking B01D3FO8II: Response too small (3788 bytes)
[2026-07-27 19:50:41]   ⚪ Error checking B0C9THG48W: Response too small (3788 bytes)
[2026-07-27 19:50:41]   ⚪ Error checking B08HZFB5J4: Response too small (3788 bytes)
[2026-07-27 19:50:42]   ⚪ Error checking B0DBLPC8LC: Response too small (3788 bytes)
[2026-07-27 19:50:42]   ⚪ Error checking B0GT9WCDWK: Response too small (3788 bytes)
[2026-07-27 19:50:43]   ⚪ Error checking B0FRQVWSS4: Response too small (3788 bytes)
[2026-07-27 19:50:43]   ⚪ Error checking B0FP1L6W89: Response too small (3788 bytes)
[2026-07-27 19:50:44]   ⚪ Error checking B001ADL1SG: Response too small (3788 bytes)
[2026-07-27 19:50:44]   ⚪ Error checking B0C2C9NHZW: Response too small (3788 bytes)
[2026-07-27 19:50:45]   ⚪ Error checking B0FXGK76DF: Response too small (3788 bytes)
[2026-07-27 19:50:45]   ⚪ Error checking B0CCVX6FSD: Response too small (3788 bytes)
[2026-07-27 19:50:46]   ⚪ Error checking B0C6FNHJPX: Response too small (3788 bytes)
[2026-07-27 19:50:46]   ⚪ Error checking B09MKPDJRT: Response too small (3788 bytes)
[2026-07-27 19:50:48]   ⚪ Error checking B0BT7LPSBY: Response too small (3788 bytes)
[2026-07-27 19:50:49]   ⚪ Error checking B0BTY58CS4: Response too small (3788 bytes)
[2026-07-27 19:50:49]   ⚪ Error checking B0BVZFQ4DF: Response too small (3788 bytes)
[2026-07-27 19:50:50]   ⚪ Error checking B0DTPH69KS: Response too small (3788 bytes)
[2026-07-27 19:50:50]   ⚪ Error checking B095NXWBXX: Response too small (3788 bytes)
[2026-07-27 19:50:51]   ⚪ Error checking B0D5BBYRJM: Response too small (3788 bytes)
[2026-07-27 19:50:51]   ⚪ Error checking B0D5J6JDH7: Response too small (3788 bytes)
[2026-07-27 19:50:52]   ⚪ Error checking B08J4C8871: Response too small (3788 bytes)
[2026-07-27 19:50:52]   ⚪ Error checking B0BQW2BX6W: Response too small (3788 bytes)
[2026-07-27 19:50:53]   ⚪ Error checking B0D1K7GNPM: Response too small (3788 bytes)
[2026-07-27 19:50:53]   ⚪ Error checking B08DNJ8L55: Response too small (3788 bytes)
[2026-07-27 19:50:54]   ⚪ Error checking B0DLN46519: Response too small (3788 bytes)
[2026-07-27 19:50:54]   ⚪ Error checking B0DHTLW9H7: Response too small (3788 bytes)
[2026-07-27 19:50:55]   ⚪ Error checking B004Q6EZYQ: Response too small (3788 bytes)
[2026-07-27 19:50:55]   ⚪ Error checking B004QL75UM: Response too small (3788 bytes)
[2026-07-27 19:50:56]   ⚪ Error checking B0998FWTHP: Response too small (3788 bytes)
[2026-07-27 19:50:56]   ⚪ Error checking B0B286BFZQ: Response too small (3788 bytes)
[2026-07-27 19:50:57]   ⚪ Error checking B0B6Y17GL3: Response too small (3788 bytes)
[2026-07-27 19:50:58]   ⚠️  STALE B08W8KS8D3 (hvac-air-quality): Page says: Currently unavailable
[2026-07-27 19:50:58]   ⚪ Error checking B08PJQ3MWB: Response too small (3788 bytes)
[2026-07-27 19:50:59]   ⚪ Error checking B0GZTXKGPK: Response too small (3788 bytes)
[2026-07-27 19:50:59]   ⚪ Error checking B07LGDYV3C: Response too small (3788 bytes)
[2026-07-27 19:51:00]   ⚪ Error checking B01D3FO8II: Response too small (3788 bytes)
[2026-07-27 19:51:00]   ⚪ Error checking B08HZFB5J4: Response too small (3788 bytes)
[2026-07-27 19:51:01]   ⚠️  STALE B0D5BGST5N (hvac-air-quality): Page says: Currently unavailable
[2026-07-27 19:51:01]   ⚪ Error checking B0DBLPC8LC: Response too small (3788 bytes)
[2026-07-27 19:51:02]   ⚪ Error checking B0GT9WCDWK: Response too small (3788 bytes)
[2026-07-27 19:51:02]   ⚪ Error checking B0FP1L6W89: Response too small (3788 bytes)
[2026-07-27 19:51:03]   ⚪ Error checking B0F28MMKJF: Response too small (3788 bytes)
[2026-07-27 19:51:03]   ⚪ Error checking B0FRQVWSS4: Response too small (3788 bytes)
[2026-07-27 19:51:04]   ⚪ Error checking B0FXGK76DF: Response too small (3788 bytes)
[2026-07-27 19:51:04]   ⚪ Error checking B0C2C9NHZW: Response too small (3788 bytes)
[2026-07-27 19:51:05]   ⚪ Error checking B01E7Q2AR8: Response too small (3788 bytes)
[2026-07-27 19:51:05]   ⚪ Error checking B0CCVX6FSD: Response too small (3788 bytes)
[2026-07-27 19:51:06]   ⚪ Error checking B0C6FNHJPX: Response too small (3788 bytes)
[2026-07-27 19:51:06]   ⚪ Error checking B09MKPDJRT: Response too small (3788 bytes)
[2026-07-27 19:51:07]   ⚪ Error checking B0BTY58CS4: Response too small (3788 bytes)
[2026-07-27 19:51:07]   ⚪ Error checking B0BT7LPSBY: Response too small (3788 bytes)
[2026-07-27 19:51:08]   ⚪ Error checking B095NXWBXX: Response too small (3788 bytes)
[2026-07-27 19:51:09]   ⚠️  STALE B0C9THG48W (best-dehumidifiers): Page says: Currently unavailable
[2026-07-27 19:51:09]   ⚪ Error checking B0D5BBYRJM: Response too small (3788 bytes)
[2026-07-27 19:51:10]   ⚪ Error checking B0D5J6JDH7: Response too small (3788 bytes)
[2026-07-27 19:51:11]   ⚪ Error checking B08J4C8871: Response too small (3788 bytes)
[2026-07-27 19:51:11]   ⚪ Error checking B0BQW2BX6W: Response too small (3788 bytes)
[2026-07-27 19:51:12]   ⚪ Error checking B0D1K7GNPM: Response too small (3788 bytes)
[2026-07-27 19:51:13]   ⚪ Error checking B0DLN46519: Response too small (3788 bytes)
[2026-07-27 19:51:13]   ⚪ Error checking B08W8KS8D3: Response too small (3788 bytes)
[2026-07-27 19:51:14]   ⚪ Error checking B0DHTLW9H7: Response too small (3788 bytes)
[2026-07-27 19:51:15]   ⚠️  STALE B0D5BGST5N (best-smart-thermostats): Page says: Currently unavailable
[2026-07-27 19:51:15]   ⚪ Error checking B09B8V1LZ3: Response too small (3788 bytes)
[2026-07-27 19:51:16]   ⚪ Error checking B07VFKBQ3K: Response too small (3788 bytes)
[2026-07-27 19:51:16]   ⚪ Error checking B0DPXZZVG1: Response too small (3788 bytes)
[2026-07-27 19:51:17]   ⚪ Error checking B0GLH9D157: Response too small (3788 bytes)
[2026-07-27 19:51:18]   ⚪ Error checking B0D6SX8VLQ: Response too small (3788 bytes)
[2026-07-27 19:51:18]   ⚪ Error checking B0G2D1R15Q: Response too small (3788 bytes)
[2026-07-27 19:51:19]   ⚪ Error checking B0FBCSKRB6: Response too small (3788 bytes)
[2026-07-27 19:51:19]   ⚪ Error checking B0FX35FCC7: Response too small (3788 bytes)
[2026-07-27 19:51:20]   ⚪ Error checking B0FHJ7TKZM: Response too small (3788 bytes)
[2026-07-27 19:51:20]   ⚪ Error checking B0B9HWYMV5: Response too small (3788 bytes)
[2026-07-27 19:51:21]   ⚪ Error checking B0B9HY7RBC: Response too small (3788 bytes)
[2026-07-27 19:51:21]   ⚪ Error checking B0B9HY3614: Response too small (3788 bytes)
[2026-07-27 19:51:22]   ⚪ Error checking B07HXMLCBT: Response too small (3788 bytes)
[2026-07-27 19:51:22]   ⚪ Error checking B0F5QKCD3S: Response too small (3788 bytes)
[2026-07-27 19:51:23]   ⚪ Error checking B0D7ZXYPRL: Response too small (3788 bytes)
[2026-07-27 19:51:23]   ⚪ Error checking B0FND4T8P5: Response too small (3788 bytes)
[2026-07-27 19:51:24]   ⚪ Error checking B0D7ZWGXGP: Response too small (3788 bytes)
[2026-07-27 19:51:25]   ⚪ Error checking B0CL9D9HM4: Response too small (3788 bytes)
[2026-07-27 19:51:25]   ⚪ Error checking B089DR29T6: Response too small (3788 bytes)
[2026-07-27 19:51:26]   ⚪ Error checking B0B2PFFDKF: Response too small (3788 bytes)
[2026-07-27 19:51:26]   ⚪ Error checking B0C36WXGP1: Response too small (3788 bytes)
[2026-07-27 19:51:27]   ⚪ Error checking B0CCY9GVWS: Response too small (3788 bytes)
[2026-07-27 19:51:28]   ⚪ Error checking B0BC8N7QXN: Response too small (3788 bytes)
[2026-07-27 19:51:28]   ⚪ Error checking B0CG5VDC8P: Response too small (3788 bytes)
[2026-07-27 19:51:29]   ⚪ Error checking B08TB6VXFL: Response too small (3788 bytes)
[2026-07-27 19:51:29]   ⚪ Error checking B07SKCGMY7: Response too small (3788 bytes)
[2026-07-27 19:51:30]   ⚪ Error checking B07MV2WHF4: Response too small (3788 bytes)
[2026-07-27 19:51:30]   ⚪ Error checking B0925KTSMX: Response too small (3788 bytes)
[2026-07-27 19:51:31]   ⚪ Error checking B0F43B369Y: Response too small (3788 bytes)
[2026-07-27 19:51:31]   ⚪ Error checking B07TZJYSR7: Response too small (3788 bytes)
[2026-07-27 19:51:32]   ⚪ Error checking B08GD3D9YJ: Response too small (3788 bytes)
[2026-07-27 19:51:32]   ⚪ Error checking B0DGXMZ9GD: Response too small (3788 bytes)
[2026-07-27 19:51:33]   ⚪ Error checking B0DXDVNM8P: Response too small (3788 bytes)
[2026-07-27 19:51:33]   ⚪ Error checking B0FRFKDDB8: Response too small (3788 bytes)
[2026-07-27 19:51:34]   ⚪ Error checking B0DHLTCYWH: Response too small (3788 bytes)
[2026-07-27 19:51:34]   ⚪ Error checking B0DV4XM4P4: Response too small (3788 bytes)
[2026-07-27 19:51:35]   ⚪ Error checking B0F95XVBFS: Response too small (3788 bytes)
[2026-07-27 19:51:35]   ⚪ Error checking B0GQNRW32P: Response too small (3788 bytes)
[2026-07-27 19:51:36]   ⚪ Error checking B0GQNT6SD7: Response too small (3788 bytes)
[2026-07-27 19:51:37]   ⚪ Error checking B0GQNXDHCG: Response too small (3788 bytes)
[2026-07-27 19:51:37]   ⚪ Error checking B0GQNZDZSH: Response too small (3788 bytes)
[2026-07-27 19:51:38]   ⚪ Error checking B08YMBQJ49: Response too small (3788 bytes)
[2026-07-27 19:51:38]   ⚪ Error checking B09B8V1LZ3: Response too small (3788 bytes)
[2026-07-27 19:51:39]   ⚪ Error checking B08LKXCL65: Response too small (3788 bytes)
[2026-07-27 19:51:39]   ⚪ Error checking B07VFKBQ3K: Response too small (3788 bytes)
[2026-07-27 19:51:40]   ⚪ Error checking B0GLH9D157: Response too small (3788 bytes)
[2026-07-27 19:51:40]   ⚪ Error checking B0DPXZZVG1: Response too small (3788 bytes)
[2026-07-27 19:51:41]   ⚪ Error checking B0G2D1R15Q: Response too small (3788 bytes)
[2026-07-27 19:51:42]   ⚪ Error checking B0FBCSKRB6: Response too small (3788 bytes)
[2026-07-27 19:51:42]   ⚪ Error checking B0FHJ7TKZM: Response too small (3788 bytes)
[2026-07-27 19:51:43]   ⚪ Error checking B0FX35FCC7: Response too small (3788 bytes)
[2026-07-27 19:51:43]   ⚪ Error checking B0F14N7HHH: Response too small (3788 bytes)
[2026-07-27 19:51:44]   ⚪ Error checking B0D6SX8VLQ: Response too small (3788 bytes)
[2026-07-27 19:51:44]   ⚪ Error checking B0G2D25MF2: Response too small (3788 bytes)
[2026-07-27 19:51:45]   ⚪ Error checking B0B9HWYMV5: Response too small (3788 bytes)
[2026-07-27 19:51:45]   ⚪ Error checking B0B9HY7RBC: Response too small (3788 bytes)
[2026-07-27 19:51:46]   ⚪ Error checking B0B9HY3614: Response too small (3788 bytes)
[2026-07-27 19:51:46]   ⚪ Error checking B0F5QKCD3S: Response too small (3788 bytes)
[2026-07-27 19:51:47]   ⚪ Error checking B0FND4T8P5: Response too small (3788 bytes)
[2026-07-27 19:51:47]   ⚪ Error checking B0D7ZXYPRL: Response too small (3788 bytes)
[2026-07-27 19:51:48]   ⚪ Error checking B07HXMLCBT: Response too small (3788 bytes)
[2026-07-27 19:51:48]   ⚪ Error checking B0D7ZWGXGP: Response too small (3788 bytes)
[2026-07-27 19:51:49]   ⚪ Error checking B0CL9D9HM4: Response too small (3788 bytes)
[2026-07-27 19:51:49]   ⚪ Error checking B089DR29T6: Response too small (3788 bytes)
[2026-07-27 19:51:50]   ⚪ Error checking B0C36WXGP1: Response too small (3788 bytes)
[2026-07-27 19:51:50]   ⚪ Error checking B0B2PFFDKF: Response too small (3788 bytes)
[2026-07-27 19:51:51]   ⚪ Error checking B0CCY9GVWS: Response too small (3788 bytes)
[2026-07-27 19:51:51]   ⚪ Error checking B0CG5VDC8P: Response too small (3788 bytes)
[2026-07-27 19:51:52]   ⚪ Error checking B0BC8N7QXN: Response too small (3788 bytes)
[2026-07-27 19:51:52]   ⚪ Error checking B0F43B369Y: Response too small (3788 bytes)
[2026-07-27 19:51:53]   ⚪ Error checking B09B7NQT2K: Response too small (3788 bytes)
[2026-07-27 19:51:53]   ⚪ Error checking B07MV2WHF4: Response too small (3788 bytes)
[2026-07-27 19:51:54]   ⚪ Error checking B0925KTSMX: Response too small (3788 bytes)
[2026-07-27 19:51:54]   ⚪ Error checking B07TZJYSR7: Response too small (3788 bytes)
[2026-07-27 19:51:55]   ⚪ Error checking B08GD3D9YJ: Response too small (3788 bytes)
[2026-07-27 19:51:55]   ⚪ Error checking B0DGXMZ9GD: Response too small (3788 bytes)
[2026-07-27 19:51:56]   ⚪ Error checking B0DXDVNM8P: Response too small (3788 bytes)
[2026-07-27 19:51:56]   ⚪ Error checking B0FRFKDDB8: Response too small (3788 bytes)
[2026-07-27 19:51:57]   ⚪ Error checking B0DHLTCYWH: Response too small (3788 bytes)
[2026-07-27 19:51:57]   ⚪ Error checking B0DV4XM4P4: Response too small (3788 bytes)
[2026-07-27 19:51:58]   ⚪ Error checking B0F95XVBFS: Response too small (3788 bytes)
[2026-07-27 19:51:59]   ⚪ Error checking B0GQNT6SD7: Response too small (3788 bytes)
[2026-07-28 21:38:53] ============================================================
[2026-07-28 21:38:53] whatarebest.com product staleness check starting
[2026-07-28 21:38:53] Extracting ASINs from build script...
[2026-07-28 21:38:54] Found 421 categories with 5367 total ASINs
[2026-07-28 21:38:54] Priority (not checked in 48h): 421 slugs
[2026-07-28 21:38:54] Already recent: 0 slugs
[2026-07-28 21:38:54] Checking 1351 ASINs across 100 categories...
[2026-07-28 21:38:56]   ⚠️  STALE B07WRM6NJG (kitchen): Page says: Currently unavailable
[2026-07-28 21:39:00]   ⚠️  STALE B08DZC32BB (kitchen): Page says: Currently unavailable
[2026-07-28 21:39:05]   ⚠️  STALE B09NPCV3DC (kitchen): Page says: Currently unavailable
[2026-07-28 21:39:06]   ⚠️  STALE B0F7H7FKMY (kitchen): Page says: Currently unavailable
[2026-07-28 21:39:07]   ⚠️  STALE B0FRB6HNKC (kitchen): Page says: Currently unavailable
[2026-07-28 21:39:08]   ⚠️  STALE B000WEMGM4 (kitchen): Page says: Currently unavailable
[2026-07-28 21:39:11]   ⚠️  STALE B07MWY7SJR (kitchen): Page says: Currently unavailable
[2026-07-28 21:39:11]   ⚠️  STALE B07XJRF5TW (kitchen): Page says: Currently unavailable
[2026-07-28 21:39:12]   ⚠️  STALE B0DHWTBDM3 (kitchen): Page says: Currently unavailable
[2026-07-28 21:39:12]   ⚠️  STALE B0DHWV615D (kitchen): Page says: Currently unavailable
[2026-07-28 21:39:13]   ⚠️  STALE B07KJGR9JZ (kitchen): Page says: Currently unavailable
[2026-07-28 21:39:14]   ⚠️  STALE B07665GLFH (kitchen): Page says: Currently unavailable
[2026-07-28 21:39:19]   ⚠️  STALE B0G2CZYNS1 (kitchen): Page says: Currently unavailable
[2026-07-28 21:39:21]   ⚠️  STALE B08W41ZN2P (kitchen): Page says: Currently unavailable
[2026-07-28 21:39:21]   ⚠️  STALE B001CH0ZLE (kitchen): Page says: Currently unavailable
[2026-07-28 21:39:22]   ⚠️  STALE B0CWGV674H (kitchen): Page says: Currently unavailable
[2026-07-28 21:39:22]   ⚠️  STALE B07DD3CPMW (kitchen): Page says: Currently unavailable
[2026-07-28 21:39:23]   ⚠️  STALE B0FVFMFRKR (kitchen): Page says: Currently unavailable
[2026-07-28 21:39:23]   ⚠️  STALE B08FB31NH5 (kitchen): Page says: Currently unavailable
[2026-07-28 21:39:24]   ⚠️  STALE B0CHZBZ25Y (kitchen): Page says: Currently unavailable
[2026-07-28 21:39:25]   ⚠️  STALE B00VA5HG0Q (kitchen): Page says: Currently unavailable
[2026-07-28 21:39:26]   ⚠️  STALE B0924GVJTS (kitchen): Page says: Currently unavailable
[2026-07-28 21:39:27]   ⚠️  STALE B0BHYZ1KH7 (kitchen): Page says: Currently unavailable
[2026-07-28 21:39:27]   ⚠️  STALE B0H4141HVT (kitchen): Page says: Currently unavailable
[2026-07-28 21:39:28]   ⚠️  STALE B01COO5O50 (kitchen): Page says: Currently unavailable
[2026-07-28 21:39:29]   ⚠️  STALE B0049C2S32 (kitchen): Page says: Currently unavailable
[2026-07-28 21:39:29]   ⚠️  STALE B09YMQMBDT (kitchen): Page says: Currently unavailable
[2026-07-28 21:39:30]   ⚠️  STALE B088P9H3V7 (kitchen): Page says: Currently unavailable
[2026-07-28 21:39:33]   ⚠️  STALE B08RCKDZZN (kitchen): Page says: Currently unavailable
[2026-07-28 21:39:33]   ⚠️  STALE B0CPPCV11Y (kitchen): Page says: Currently unavailable
[2026-07-28 21:39:34]   ⚠️  STALE B0FHKNX6TF (kitchen): Page says: Currently unavailable
[2026-07-28 21:39:38]   ⚠️  STALE B09SHCHNNH (kitchen): Page says: Currently unavailable
[2026-07-28 21:39:39]   ⚠️  STALE B09SHBCJ5W (kitchen): Page says: Currently unavailable
[2026-07-28 21:39:42]   ⚠️  STALE B0H1R8VHZV (kitchen): Page says: Currently unavailable
[2026-07-28 21:39:44]   ⚠️  STALE B0F83M3QYX (kitchen): Page says: Currently unavailable
[2026-07-28 21:39:44]   ⚠️  STALE B0BR8HZL9V (kitchen): Page says: Currently unavailable
[2026-07-28 21:39:46]   ⚠️  STALE B093DYPBYR (kitchen): Page says: Currently unavailable
[2026-07-28 21:39:46]   ⚠️  STALE B01GJOMWVA (kitchen): Page says: Currently unavailable
[2026-07-28 21:39:48]   ⚠️  STALE B077K9YW7D (kitchen): Page says: Currently unavailable
[2026-07-28 21:39:51]   ⚠️  STALE B0DDKGDCDY (kitchen): Page says: Currently unavailable
[2026-07-28 21:39:51]   ⚠️  STALE B0GX63LBSZ (kitchen): Page says: Currently unavailable
[2026-07-28 21:39:52]   ⚠️  STALE B0FY3YWNQN (kitchen): Page says: Currently unavailable
[2026-07-28 21:39:53]   ⚠️  STALE B0FX9LDLMX (kitchen): Page says: Currently unavailable
[2026-07-28 21:39:54]   ⚠️  STALE B0GYPVM45R (kitchen): Page says: Currently unavailable
[2026-07-28 21:39:57]   ⚠️  STALE B0F913GLMC (kitchen): Page says: Currently unavailable
[2026-07-28 21:39:58]   ⚠️  STALE B0GTLM8B99 (kitchen): Page says: Currently unavailable
[2026-07-28 21:40:00]   ⚠️  STALE B09ZV37WC6 (kitchen): Page says: Currently unavailable
[2026-07-28 21:40:01]   ⚠️  STALE B09Y25BY8G (kitchen): Page says: Currently unavailable
[2026-07-28 21:40:03]   ⚠️  STALE B09S12WX42 (kitchen): Page says: Currently unavailable
[2026-07-28 21:40:04]   ⚠️  STALE B0FB4DNM1H (kitchen): Page says: Currently unavailable
[2026-07-28 21:40:04]   ⚠️  STALE B0FVW82JFG (kitchen): Page says: Currently unavailable
[2026-07-28 21:40:06]   ⚠️  STALE B08CZWT4XD (kitchen): Page says: Currently unavailable
[2026-07-28 21:40:07]   ⚠️  STALE B08CYD9137 (kitchen): Page says: Currently unavailable
[2026-07-28 21:40:08]   ⚠️  STALE B0GT49W5FF (kitchen): Page says: Currently unavailable
[2026-07-28 21:40:09]   ⚠️  STALE B08XM1B6ZX (kitchen): Page says: Currently unavailable
[2026-07-28 21:40:09]   ⚠️  STALE B08XLDWJYV (kitchen): Page says: Currently unavailable
[2026-07-28 21:40:10]   ⚠️  STALE B0C8HPJW4J (kitchen): Page says: Currently unavailable
[2026-07-28 21:40:11]   ⚠️  STALE B0DGLVW188 (kitchen): Page says: Currently unavailable
[2026-07-28 21:40:14]   ⚠️  STALE B0BTTLVYJW (kitchen): Page says: Currently unavailable
[2026-07-28 21:40:15]   ⚠️  STALE B09Z6HGKKK (kitchen): Page says: Currently unavailable
[2026-07-28 21:40:16]   ⚠️  STALE B09Z6JCGQC (kitchen): Page says: Currently unavailable
[2026-07-28 21:40:18]   ⚠️  STALE B09B9Q8TMC (kitchen): Page says: Currently unavailable
[2026-07-28 21:40:20]   ⚠️  STALE B0C1CFYQ5F (kitchen): Page says: Currently unavailable
[2026-07-28 21:40:22]   ⚠️  STALE B011CY8Y78 (kitchen): Page says: Currently unavailable
[2026-07-28 21:40:23]   ⚠️  STALE B00MYI0VYG (kitchen): Page says: Currently unavailable
[2026-07-28 21:40:23]   ⚠️  STALE B0D2P1HSCV (kitchen): Page says: Currently unavailable
[2026-07-28 21:40:24]   ⚠️  STALE B07WFF17BQ (kitchen): Page says: Currently unavailable
[2026-07-28 21:40:26]   ⚠️  STALE B0D1CWD525 (kitchen): Page says: Currently unavailable
[2026-07-28 21:40:26]   ⚠️  STALE B0FH6YL3XC (kitchen): Page says: Currently unavailable
[2026-07-28 21:40:27]   ⚠️  STALE B0FM323HPY (kitchen): Page says: Currently unavailable
[2026-07-28 21:40:28]   ⚠️  STALE B0D1FWNSYM (kitchen): Page says: Currently unavailable
[2026-07-28 21:40:30]   ⚠️  STALE B0GRTFRMZY (kitchen): Page says: Currently unavailable
[2026-07-28 21:40:31]   ⚠️  STALE B0GRTKQBCN (kitchen): Page says: Currently unavailable
[2026-07-28 21:40:31]   ⚠️  STALE B0GRTFNGNL (kitchen): Page says: Currently unavailable
[2026-07-28 21:40:32]   ⚠️  STALE B0GRTHD2TR (kitchen): Page says: Currently unavailable
[2026-07-28 21:40:33]   ⚠️  STALE B0D3ZBWNZT (kitchen): Page says: Currently unavailable
[2026-07-28 21:40:34]   ⚠️  STALE B0D91CQ69R (kitchen): Page says: Currently unavailable
[2026-07-28 21:40:35]   ⚠️  STALE B08F72TY67 (kitchen): Page says: Currently unavailable
[2026-07-28 21:40:35]   ⚠️  STALE B0F2HJFNBV (kitchen): Page says: Currently unavailable
[2026-07-28 21:40:39]   ⚠️  STALE B0CKY4YGX3 (kitchen): Page says: Currently unavailable
[2026-07-28 21:40:39]   ⚠️  STALE B0DP8P1N7G (kitchen): Page says: Currently unavailable
[2026-07-28 21:40:41]   ⚠️  STALE B0042QGCEG (kitchen): Page says: Currently unavailable
[2026-07-28 21:40:43]   ⚠️  STALE B07PGFF7W2 (kitchen): Page says: Currently unavailable
[2026-07-28 21:40:44]   ⚠️  STALE B097YBGF7V (kitchen): Page says: Currently unavailable
[2026-07-28 21:40:44]   ⚠️  STALE B08FD64QGT (kitchen): Page says: Currently unavailable
[2026-07-28 21:40:46]   ⚠️  STALE B0CGZPR3X9 (kitchen): Page says: Currently unavailable
[2026-07-28 21:40:47]   ⚠️  STALE B0CGZR4VNQ (kitchen): Page says: Currently unavailable
[2026-07-28 21:40:49]   ⚠️  STALE B07V4B65VR (kitchen): HTTP 404
[2026-07-28 21:40:49]   ⚠️  STALE B01F59K0KA (kitchen): Page says: Currently unavailable
[2026-07-28 21:40:52]   ⚠️  STALE B000SAS5GI (kitchen): Page says: Currently unavailable
[2026-07-28 21:40:52]   ⚠️  STALE B000AX13US (kitchen): Page says: Currently unavailable
[2026-07-28 21:40:54]   ⚠️  STALE B0H111X5ZQ (kitchen): Page says: Currently unavailable
[2026-07-28 21:40:55]   ⚠️  STALE B084NY86RS (kitchen): Page says: Currently unavailable
[2026-07-28 21:40:56]   ⚠️  STALE B00004OCKR (kitchen): Page says: Currently unavailable
[2026-07-28 21:40:57]   ⚠️  STALE B01N43UELZ (kitchen): Page says: Currently unavailable
[2026-07-28 21:40:57]   ⚠️  STALE B07LBCYKT4 (kitchen): Page says: Currently unavailable
[2026-07-28 21:40:58]   ⚠️  STALE B091JXDLDX (kitchen): Page says: Currently unavailable
[2026-07-28 21:41:02]   ⚠️  STALE B06Y1YD5W7 (cooking-appliances): Page says: Currently unavailable
[2026-07-28 21:41:03]   ⚠️  STALE B08PPZWNCV (cooking-appliances): Page says: Currently unavailable
[2026-07-28 21:41:05]   ⚠️  STALE B089TQWJKK (cooking-appliances): Page says: Currently unavailable
[2026-07-28 21:41:05]   ⚠️  STALE B0C1LDRFSK (cooking-appliances): Page says: Currently unavailable
[2026-07-28 21:41:06]   ⚠️  STALE B0DCCY5JCP (cooking-appliances): Page says: Currently unavailable
[2026-07-28 21:41:07]   ⚠️  STALE B0CKLXZRMC (cooking-appliances): Page says: Currently unavailable
[2026-07-28 21:41:08]   ⚠️  STALE B0FHBXMFC1 (cooking-appliances): Page says: Currently unavailable
[2026-07-28 21:41:09]   ⚠️  STALE B09NPCV3DC (cooking-appliances): Page says: Currently unavailable
[2026-07-28 21:41:10]   ⚠️  STALE B0FRB6HNKC (cooking-appliances): Page says: Currently unavailable
[2026-07-28 21:41:11]   ⚠️  STALE B0DS5FD8W5 (cooking-appliances): Page says: Currently unavailable
[2026-07-28 21:41:14]   ⚠️  STALE B07MWY7SJR (cooking-appliances): Page says: Currently unavailable
[2026-07-28 21:41:15]   ⚠️  STALE B07XJRF5TW (cooking-appliances): Page says: Currently unavailable
[2026-07-28 21:41:16]   ⚠️  STALE B0DHWTBDM3 (cooking-appliances): Page says: Currently unavailable
[2026-07-28 21:41:17]   ⚠️  STALE B07KJGR9JZ (cooking-appliances): Page says: Currently unavailable
[2026-07-28 21:41:18]   ⚠️  STALE B07665GLFH (cooking-appliances): Page says: Currently unavailable
[2026-07-28 21:41:19]   ⚪ Error checking B08M4FD4WR: Response too small (3788 bytes)
[2026-07-28 21:41:20]   ⚠️  STALE B0828613J4 (cooking-appliances): Page says: Currently unavailable
[2026-07-28 21:41:20]   ⚠️  STALE B0FKGSLYWJ (cooking-appliances): Page says: Currently unavailable
[2026-07-28 21:41:21]   ⚪ Error checking B0G2CXSBBF: Response too small (3788 bytes)
[2026-07-28 21:41:21]   ⚠️  STALE B0FGD197QX (cooking-appliances): Page says: Currently unavailable
[2026-07-28 21:41:22]   ⚠️  STALE B0G2CZYNS1 (cooking-appliances): Page says: Currently unavailable
[2026-07-28 21:41:23]   ⚠️  STALE B00IWOJRSM (cooking-appliances): Page says: Currently unavailable
[2026-07-28 21:41:24]   ⚠️  STALE B0C33CHG99 (best-air-fryers): Page says: Currently unavailable
[2026-07-28 21:41:25]   ⚠️  STALE B07WRM6NJG (best-air-fryers): Page says: Currently unavailable
[2026-07-28 21:41:26]   ⚪ Error checking B08PPZWNCV: Response too small (3788 bytes)
[2026-07-28 21:41:26]   ⚠️  STALE B00FLYWNYQ (best-instant-pots): Page says: Currently unavailable
[2026-07-28 21:41:27]   ⚠️  STALE B06Y1YD5W7 (best-instant-pots): Page says: Currently unavailable
[2026-07-28 21:41:28]   ⚪ Error checking B089TQWJKK: Response too small (3788 bytes)
[2026-07-28 21:41:29]   ⚠️  STALE B09MZTSSR2 (best-instant-pots): Page says: Currently unavailable
[2026-07-28 21:41:30]   ⚠️  STALE B0D7N8HJRZ (best-toaster-ovens): Page says: Currently unavailable
[2026-07-28 21:41:33]   ⚪ Error checking B0FHBXMFC1: Response too small (3788 bytes)
[2026-07-28 21:41:35]   ⚠️  STALE B0BYLX91ZL (best-electric-skillets): Page says: Currently unavailable
[2026-07-28 21:41:36]   ⚪ Error checking B0CRBK6W7F: Response too small (3788 bytes)
[2026-07-28 21:41:36]   ⚪ Error checking B000WEMGM4: Response too small (3788 bytes)
[2026-07-28 21:41:37]   ⚪ Error checking B07MWY7SJR: Response too small (3788 bytes)
[2026-07-28 21:41:38]   ⚠️  STALE B0GJFWK1PD (best-waffle-makers): Page says: Currently unavailable
[2026-07-28 21:41:39]   ⚪ Error checking B07XJRF5TW: Response too small (3788 bytes)
[2026-07-28 21:41:39]   ⚠️  STALE B0GJG929GX (best-waffle-makers): Page says: Currently unavailable
[2026-07-28 21:41:40]   ⚪ Error checking B0DHWRHKSM: Response too small (3788 bytes)
[2026-07-28 21:41:40]   ⚠️  STALE B07XJRF5TW (best-sous-vide-machines): Page says: Currently unavailable
[2026-07-28 21:41:42]   ⚠️  STALE B0DHWTBDM3 (best-deep-fryers): Page says: Currently unavailable
[2026-07-28 21:41:43]   ⚪ Error checking B0GCHT1YFC: Response too small (3788 bytes)
[2026-07-28 21:41:43]   ⚪ Error checking B0FKGSLYWJ: Response too small (3788 bytes)
[2026-07-28 21:41:44]   ⚪ Error checking B0FGD197QX: Response too small (3788 bytes)
[2026-07-28 21:41:44]   ⚪ Error checking B0G2CYCQS9: Response too small (3788 bytes)
[2026-07-28 21:41:45]   ⚠️  STALE B0828613J4 (best-food-dehydrators): Page says: Currently unavailable
[2026-07-28 21:41:46]   ⚪ Error checking B0G2CXSBBF: Response too small (3788 bytes)
[2026-07-28 21:41:46]   ⚪ Error checking B00IWOJRSM: Response too small (3788 bytes)
[2026-07-28 21:41:47]   ⚪ Error checking B001L3AI0M: Response too small (3788 bytes)
[2026-07-28 21:41:47]   ⚪ Error checking B08W41ZN2P: Response too small (3788 bytes)
[2026-07-28 21:41:48]   ⚪ Error checking B0CWGV674H: Response too small (3788 bytes)
[2026-07-28 21:41:50]   ⚪ Error checking B0FVFMFRKR: Response too small (3788 bytes)
[2026-07-28 21:41:51]   ⚠️  STALE B08FB31NH5 (baking): Page says: Currently unavailable
[2026-07-28 21:41:51]   ⚪ Error checking B0CHZBZ25Y: Response too small (3788 bytes)
[2026-07-28 21:41:52]   ⚠️  STALE B07DD385JN (baking): Page says: Currently unavailable
[2026-07-28 21:41:54]   ⚪ Error checking B0BHYZ1KH7: Response too small (3788 bytes)
[2026-07-28 21:41:56]   ⚪ Error checking B09YMQMBDT: Response too small (3788 bytes)
[2026-07-28 21:41:58]   ⚠️  STALE B0049C2S32 (baking): Page says: Currently unavailable
[2026-07-28 21:41:58]   ⚪ Error checking B0C5JG697C: Response too small (3788 bytes)
[2026-07-28 21:41:59]   ⚪ Error checking B005D6GFFA: Response too small (3788 bytes)
[2026-07-28 21:42:00]   ⚪ Error checking B082HCZ44Z: Response too small (3788 bytes)
[2026-07-28 21:42:01]   ⚪ Error checking B0FHKNX6TF: Response too small (3788 bytes)
[2026-07-28 21:42:02]   ⚪ Error checking B07CTH3722: Response too small (3788 bytes)
[2026-07-28 21:42:02]   ⚪ Error checking B0DBLKMPCG: Response too small (3788 bytes)
[2026-07-28 21:42:03]   ⚠️  STALE B08RCKDZZN (baking): Page says: Currently unavailable
[2026-07-28 21:42:03]   ⚠️  STALE B0CPPCV11Y (baking): Page says: Currently unavailable
[2026-07-28 21:42:04]   ⚠️  STALE B0CX56FQBR (baking): Page says: Currently unavailable
[2026-07-28 21:42:05]   ⚪ Error checking B0CWGV674H: Response too small (3788 bytes)
[2026-07-28 21:42:06]   ⚪ Error checking B08FB31NH5: Response too small (3788 bytes)
[2026-07-28 21:42:07]   ⚪ Error checking B07DD385JN: Response too small (3788 bytes)
[2026-07-28 21:42:08]   ⚠️  STALE B07DD3CPMW (best-hand-mixers): Page says: Currently unavailable
[2026-07-28 21:42:08]   ⚠️  STALE B001CH0ZLE (best-hand-mixers): Page says: Currently unavailable
[2026-07-28 21:42:09]   ⚠️  STALE B0FVFMFRKR (best-hand-mixers): Page says: Currently unavailable
[2026-07-28 21:42:09]   ⚪ Error checking B09ZHZ3L5Z: Response too small (3788 bytes)
[2026-07-28 21:42:10]   ⚪ Error checking B0C9SY6R4H: Response too small (3788 bytes)
[2026-07-28 21:42:10]   ⚠️  STALE B0CHZBZ25Y (best-dutch-ovens): Page says: Currently unavailable
[2026-07-28 21:42:12]   ⚠️  STALE B0H4141HVT (best-bread-machines): Page says: Currently unavailable
[2026-07-28 21:42:13]   ⚪ Error checking B09YMQMBDT: Response too small (3788 bytes)
[2026-07-28 21:42:13]   ⚪ Error checking B088P9H3V7: Response too small (3788 bytes)
[2026-07-28 21:42:14]   ⚠️  STALE B01COO5O50 (best-baking-sheets): Page says: Currently unavailable
[2026-07-28 21:42:15]   ⚪ Error checking B08ZMVYWMD: Response too small (3788 bytes)
[2026-07-28 21:42:16]   ⚪ Error checking B082HCZ44Z: Response too small (3788 bytes)
[2026-07-28 21:42:17]   ⚪ Error checking B005D6GFFA: Response too small (3788 bytes)
[2026-07-28 21:42:17]   ⚪ Error checking B0CX56FQBR: Response too small (3788 bytes)
[2026-07-28 21:42:18]   ⚠️  STALE B0C5JG697C (best-baking-sheets): Page says: Currently unavailable
[2026-07-28 21:42:19]   ⚠️  STALE B0CPPCV11Y (best-rolling-pins): Page says: Currently unavailable
[2026-07-28 21:42:19]   ⚪ Error checking B0DBLKMPCG: Response too small (3788 bytes)
[2026-07-28 21:42:20]   ⚪ Error checking B0F9PD5LP4: Response too small (3788 bytes)
[2026-07-28 21:42:21]   ⚪ Error checking B08JXHQ3YF: Response too small (3788 bytes)
[2026-07-28 21:42:22]   ⚪ Error checking B09SHCHNNH: Response too small (3788 bytes)
[2026-07-28 21:42:23]   ⚠️  STALE B08559K7CN (blending-and-processing): Page says: Currently unavailable
[2026-07-28 21:42:24]   ⚠️  STALE B09SHBCJ5W (blending-and-processing): Page says: Currently unavailable
[2026-07-28 21:42:24]   ⚠️  STALE B076MJSRRC (blending-and-processing): Page says: Currently unavailable
[2026-07-28 21:42:25]   ⚪ Error checking B0CDM1FZBX: Response too small (3788 bytes)
[2026-07-28 21:42:25]   ⚠️  STALE B0CPLVLFK2 (blending-and-processing): Page says: Currently unavailable
[2026-07-28 21:42:26]   ⚪ Error checking B0H1R8VHZV: Response too small (3788 bytes)
[2026-07-28 21:42:26]   ⚠️  STALE B09P8C9Q1H (blending-and-processing): Page says: Currently unavailable
[2026-07-28 21:42:27]   ⚪ Error checking B0H217RFDG: Response too small (3788 bytes)
[2026-07-28 21:42:27]   ⚪ Error checking B0G2VVYW93: Response too small (3788 bytes)
[2026-07-28 21:42:28]   ⚪ Error checking B0F83M3QYX: Response too small (3788 bytes)
[2026-07-28 21:42:28]   ⚪ Error checking B0BR8HZL9V: Response too small (3788 bytes)
[2026-07-28 21:42:29]   ⚪ Error checking B074MMJV8N: Response too small (3788 bytes)
[2026-07-28 21:42:29]   ⚪ Error checking B0FBSP99LX: Response too small (3788 bytes)
[2026-07-28 21:42:30]   ⚪ Error checking B093DYPBYR: Response too small (3788 bytes)
[2026-07-28 21:42:30]   ⚪ Error checking B01GJOMWVA: Response too small (3788 bytes)
[2026-07-28 21:42:31]   ⚪ Error checking B0D9QGF1WX: Response too small (3788 bytes)
[2026-07-28 21:42:32]   ⚪ Error checking B077K9YW7D: Response too small (3788 bytes)
[2026-07-28 21:42:32]   ⚪ Error checking B07S98411N: Response too small (3788 bytes)
[2026-07-28 21:42:33]   ⚪ Error checking B01CTIYU60: Response too small (3788 bytes)
[2026-07-28 21:42:33]   ⚪ Error checking B0BWMNPJKH: Response too small (3788 bytes)
[2026-07-28 21:42:34]   ⚠️  STALE B0H4QTPNZ3 (blending-and-processing): Page says: Currently unavailable
[2026-07-28 21:42:34]   ⚪ Error checking B0DDKGDCDY: Response too small (3788 bytes)
[2026-07-28 21:42:35]   ⚪ Error checking B0FY3YWNQN: Response too small (3788 bytes)
[2026-07-28 21:42:36]   ⚪ Error checking B0GX63LBSZ: Response too small (3788 bytes)
[2026-07-28 21:42:36]   ⚪ Error checking B0FX9LDLMX: Response too small (3788 bytes)
[2026-07-28 21:42:37]   ⚪ Error checking B0GFJTQSBQ: Response too small (3788 bytes)
[2026-07-28 21:42:37]   ⚪ Error checking B0FVXHV6GP: Response too small (3788 bytes)
[2026-07-28 21:42:38]   ⚪ Error checking B0GTM8CJ7K: Response too small (3788 bytes)
[2026-07-28 21:42:38]   ⚪ Error checking B0GTPXHMNQ: Response too small (3788 bytes)
[2026-07-28 21:42:39]   ⚠️  STALE B08BGB9Q62 (blending-and-processing): Page says: Currently unavailable
[2026-07-28 21:42:39]   ⚪ Error checking B0GTPY8H3L: Response too small (3788 bytes)
[2026-07-28 21:42:40]   ⚠️  STALE B0CGWS1M51 (blending-and-processing): Page says: Currently unavailable
[2026-07-28 21:42:40]   ⚪ Error checking B0DQ7954NG: Response too small (3788 bytes)
[2026-07-28 21:42:41]   ⚠️  STALE B0GYPVM45R (blending-and-processing): Page says: Currently unavailable
[2026-07-28 21:42:41]   ⚪ Error checking B0F913GLMC: Response too small (3788 bytes)
[2026-07-28 21:42:42]   ⚠️  STALE B0GTQ9PKPJ (blending-and-processing): Page says: Currently unavailable
[2026-07-28 21:42:43]   ⚪ Error checking B0GSHRF4SB: Response too small (3788 bytes)
[2026-07-28 21:42:43]   ⚪ Error checking B08JXHQ3YF: Response too small (3788 bytes)
[2026-07-28 21:42:44]   ⚪ Error checking B08559K7CN: Response too small (3788 bytes)
[2026-07-28 21:42:44]   ⚠️  STALE B0DBQJ4MRS (blending-and-processing): Page says: Currently unavailable
[2026-07-28 21:42:45]   ⚪ Error checking B09SHCHNNH: Response too small (3788 bytes)
[2026-07-28 21:42:45]   ⚪ Error checking B09SHBCJ5W: Response too small (3788 bytes)
[2026-07-28 21:42:46]   ⚠️  STALE B09SH9XH37 (best-immersion-blenders): Page says: Currently unavailable
[2026-07-28 21:42:47]   ⚪ Error checking B09P8C9Q1H: Response too small (3788 bytes)
[2026-07-28 21:42:47]   ⚠️  STALE B0CJ6NT4F8 (blending-and-processing): Page says: Currently unavailable
[2026-07-28 21:42:48]   ⚪ Error checking B0CDM1FZBX: Response too small (3788 bytes)
[2026-07-28 21:42:49]   ⚠️  STALE B076MJSRRC (best-immersion-blenders): Page says: Currently unavailable
[2026-07-28 21:42:49]   ⚪ Error checking B0H4QTPNZ3: Response too small (3788 bytes)
[2026-07-28 21:42:50]   ⚪ Error checking B0G2VVYW93: Response too small (3788 bytes)
[2026-07-28 21:42:51]   ⚪ Error checking B0BR8HZL9V: Response too small (3788 bytes)
[2026-07-28 21:42:52]   ⚪ Error checking B0FBSP99LX: Response too small (3788 bytes)
[2026-07-28 21:42:52]   ⚪ Error checking B093DYPBYR: Response too small (3788 bytes)
[2026-07-28 21:42:53]   ⚠️  STALE B0H217RFDG (best-juicers): Page says: Currently unavailable
[2026-07-28 21:42:53]   ⚪ Error checking B01GJOMWVA: Response too small (3788 bytes)
[2026-07-28 21:42:54]   ⚪ Error checking B00MVWGQX0: Response too small (3788 bytes)
[2026-07-28 21:42:54]   ⚠️  STALE B0F83M3QYX (best-juicers): Page says: Currently unavailable
[2026-07-28 21:42:55]   ⚪ Error checking B07S98411N: Response too small (3788 bytes)
[2026-07-28 21:42:55]   ⚪ Error checking B0D9QGF1WX: Response too small (3788 bytes)
[2026-07-28 21:42:56]   ⚪ Error checking B077K9YW7D: Response too small (3788 bytes)
[2026-07-28 21:42:56]   ⚪ Error checking B01CTIYU60: Response too small (3788 bytes)
[2026-07-28 21:42:57]   ⚪ Error checking B0BWMNPJKH: Response too small (3788 bytes)
[2026-07-28 21:42:57]   ⚪ Error checking B0CGWS1M51: Response too small (3788 bytes)
[2026-07-28 21:42:58]   ⚪ Error checking B08BGB9Q62: Response too small (3788 bytes)
[2026-07-28 21:42:58]   ⚪ Error checking B0DDKGDCDY: Response too small (3788 bytes)
[2026-07-28 21:42:59]   ⚪ Error checking B0GX63LBSZ: Response too small (3788 bytes)
[2026-07-28 21:42:59]   ⚪ Error checking B0FY3YWNQN: Response too small (3788 bytes)
[2026-07-28 21:43:00]   ⚪ Error checking B0FX9LDLMX: Response too small (3788 bytes)
[2026-07-28 21:43:01]   ⚪ Error checking B0GFJTQSBQ: Response too small (3788 bytes)
[2026-07-28 21:43:01]   ⚪ Error checking B0GYPVM45R: Response too small (3788 bytes)
[2026-07-28 21:43:02]   ⚪ Error checking B0GTQ9PKPJ: Response too small (3788 bytes)
[2026-07-28 21:43:02]   ⚪ Error checking B0GTPXHMNQ: Response too small (3788 bytes)
[2026-07-28 21:43:03]   ⚪ Error checking B0GTPY8H3L: Response too small (3788 bytes)
[2026-07-28 21:43:03]   ⚪ Error checking B0GTPZ5TC3: Response too small (3788 bytes)
[2026-07-28 21:43:04]   ⚪ Error checking B0DQ7954NG: Response too small (3788 bytes)
[2026-07-28 21:43:04]   ⚪ Error checking B0DBQJ4MRS: Response too small (3788 bytes)
[2026-07-28 21:43:05]   ⚪ Error checking B0F913GLMC: Response too small (3788 bytes)
[2026-07-28 21:43:05]   ⚪ Error checking B0GTLM8B99: Response too small (3788 bytes)
[2026-07-28 21:43:06]   ⚪ Error checking B0GSHRF4SB: Response too small (3788 bytes)
[2026-07-28 21:43:06]   ⚪ Error checking B0CJ6NT4F8: Response too small (3788 bytes)
[2026-07-28 21:43:07]   ⚪ Error checking B09ZV37WC6: Response too small (3788 bytes)
[2026-07-28 21:43:07]   ⚪ Error checking B09Y25BY8G: Response too small (3788 bytes)
[2026-07-28 21:43:08]   ⚪ Error checking B07W99LGGT: Response too small (3788 bytes)
[2026-07-28 21:43:09]   ⚪ Error checking B086PHS2V8: Response too small (3788 bytes)
[2026-07-28 21:43:09]   ⚪ Error checking B08CS95K8L: Response too small (3788 bytes)
[2026-07-28 21:43:10]   ⚪ Error checking B09S158K61: Response too small (3788 bytes)
[2026-07-28 21:43:11]   ⚪ Error checking B0FB4DNM1H: Response too small (3788 bytes)
[2026-07-28 21:43:12]   ⚪ Error checking B001AS8ZU8: Response too small (3788 bytes)
[2026-07-28 21:43:12]   ⚪ Error checking B0BH6KKVSP: Response too small (3788 bytes)
[2026-07-28 21:43:13]   ⚪ Error checking B08CZWT4XD: Response too small (3788 bytes)
[2026-07-28 21:43:13]   ⚠️  STALE B09HR771DL (cookware): Page says: Currently unavailable
[2026-07-28 21:43:14]   ⚪ Error checking B0GT49W5FF: Response too small (3788 bytes)
[2026-07-28 21:43:15]   ⚪ Error checking B0GT43RBV9: Response too small (3788 bytes)
[2026-07-28 21:43:15]   ⚪ Error checking B08XM1B6ZX: Response too small (3788 bytes)
[2026-07-28 21:43:16]   ⚪ Error checking B0C1QK1XG1: Response too small (3788 bytes)
[2026-07-28 21:43:16]   ⚪ Error checking B0C8HPJW4J: Response too small (3788 bytes)
[2026-07-28 21:43:17]   ⚠️  STALE B08CYD9137 (cookware): Page says: Currently unavailable
[2026-07-28 21:43:17]   ⚪ Error checking B0B2K47S1T: Response too small (3788 bytes)
[2026-07-28 21:43:18]   ⚪ Error checking B0CF2NBX28: Response too small (3788 bytes)
[2026-07-28 21:43:18]   ⚪ Error checking B0GJRJ63JR: Response too small (3788 bytes)
[2026-07-28 21:43:19]   ⚪ Error checking B0C12WJ5BG: Response too small (3788 bytes)
[2026-07-28 21:43:19]   ⚠️  STALE B08XLDWJYV (cookware): Page says: Currently unavailable
[2026-07-28 21:43:20]   ⚠️  STALE B0GT4S98NK (cookware): Page says: Currently unavailable
[2026-07-28 21:43:20]   ⚪ Error checking B0BTTLVYJW: Response too small (3788 bytes)
[2026-07-28 21:43:21]   ⚪ Error checking B09Z6HGKKK: Response too small (3788 bytes)
[2026-07-28 21:43:21]   ⚪ Error checking B083NT96KR: Response too small (3788 bytes)
[2026-07-28 21:43:22]   ⚪ Error checking B09Z6K4SSJ: Response too small (3788 bytes)
[2026-07-28 21:43:23]   ⚠️  STALE B0DGLVW188 (cookware): Page says: Currently unavailable
[2026-07-28 21:43:24]   ⚪ Error checking B0DJ2XF8DZ: Response too small (3788 bytes)
[2026-07-28 21:43:24]   ⚪ Error checking B0DJ2YM5H1: Response too small (3788 bytes)
[2026-07-28 21:43:25]   ⚪ Error checking B09Y25BY8G: Response too small (3788 bytes)
[2026-07-28 21:43:25]   ⚪ Error checking B09ZV37WC6: Response too small (3788 bytes)
[2026-07-28 21:43:26]   ⚪ Error checking B07W99LGGT: Response too small (3788 bytes)
[2026-07-28 21:43:26]   ⚪ Error checking B086PHS2V8: Response too small (3788 bytes)
[2026-07-28 21:43:27]   ⚪ Error checking B08CS95K8L: Response too small (3781 bytes)
[2026-07-28 21:43:27]   ⚪ Error checking B09HR771DL: Response too small (3788 bytes)
[2026-07-28 21:43:28]   ⚪ Error checking B09S158K61: Response too small (3788 bytes)
[2026-07-28 21:43:28]   ⚪ Error checking B0FVW82JFG: Response too small (3788 bytes)
[2026-07-28 21:43:29]   ⚪ Error checking B0FB4DNM1H: Response too small (3788 bytes)
[2026-07-28 21:43:29]   ⚪ Error checking B001AS8ZU8: Response too small (3788 bytes)
[2026-07-28 21:43:30]   ⚪ Error checking B0BH6KKVSP: Response too small (3788 bytes)
[2026-07-28 21:43:30]   ⚪ Error checking B08CZWT4XD: Response too small (3788 bytes)
[2026-07-28 21:43:31]   ⚪ Error checking B0GT4S98NK: Response too small (3788 bytes)
[2026-07-28 21:43:32]   ⚪ Error checking B0GT43RBV9: Response too small (3788 bytes)
[2026-07-28 21:43:33]   ⚪ Error checking B0GT49W5FF: Response too small (3788 bytes)
[2026-07-28 21:43:33]   ⚪ Error checking B08XM1B6ZX: Response too small (3788 bytes)
[2026-07-28 21:43:34]   ⚪ Error checking B0C8HPJW4J: Response too small (3788 bytes)
[2026-07-28 21:43:34]   ⚪ Error checking B0C1QK1XG1: Response too small (3788 bytes)
[2026-07-28 21:43:35]   ⚪ Error checking B0B2K47S1T: Response too small (3788 bytes)
[2026-07-28 21:43:36]   ⚪ Error checking B0CF2NBX28: Response too small (3788 bytes)
[2026-07-28 21:43:36]   ⚪ Error checking B0GJRJ63JR: Response too small (3788 bytes)
[2026-07-28 21:43:37]   ⚪ Error checking B0C12WJ5BG: Response too small (3788 bytes)
[2026-07-28 21:43:37]   ⚪ Error checking B0H1W5JDXB: Response too small (3788 bytes)
[2026-07-28 21:43:38]   ⚪ Error checking B0BTTLVYJW: Response too small (3788 bytes)
[2026-07-28 21:43:38]   ⚪ Error checking B083NT96KR: Response too small (3788 bytes)
[2026-07-28 21:43:39]   ⚪ Error checking B09Z6HGKKK: Response too small (3788 bytes)
[2026-07-28 21:43:40]   ⚪ Error checking B09Z6JCGQC: Response too small (3788 bytes)
[2026-07-28 21:43:40]   ⚪ Error checking B09Z6K4SSJ: Response too small (3788 bytes)
[2026-07-28 21:43:41]   ⚪ Error checking B0DJ2XF8DZ: Response too small (3788 bytes)
[2026-07-28 21:43:41]   ⚪ Error checking B0DJ2YM5H1: Response too small (3788 bytes)
[2026-07-28 21:43:42]   ⚪ Error checking B0BFR5K1YF: Response too small (3788 bytes)
[2026-07-28 21:43:42]   ⚪ Error checking B09B9Q8TMC: Response too small (3788 bytes)
[2026-07-28 21:43:43]   ⚪ Error checking B0BFR8TJVX: Response too small (3788 bytes)
[2026-07-28 21:43:43]   ⚪ Error checking B0C1YBPJ43: Response too small (3788 bytes)
[2026-07-28 21:43:44]   ⚪ Error checking B09G6QX21B: Response too small (3788 bytes)
[2026-07-28 21:43:45]   ⚪ Error checking B0C1CFYQ5F: Response too small (3788 bytes)
[2026-07-28 21:43:45]   ⚪ Error checking B0G4LD32JX: Response too small (3788 bytes)
[2026-07-28 21:43:46]   ⚠️  STALE B0DGLVW188 (best-cookware-sets): Page says: Currently unavailable
[2026-07-28 21:43:46]   ⚪ Error checking B0C3V2KT65: Response too small (3788 bytes)
[2026-07-28 21:43:47]   ⚪ Error checking B000PS1HS6: Response too small (3788 bytes)
[2026-07-28 21:43:47]   ⚪ Error checking B011CY8Y78: Response too small (3788 bytes)
[2026-07-28 21:43:48]   ⚪ Error checking B00MYI0VYG: Response too small (3788 bytes)
[2026-07-28 21:43:48]   ⚪ Error checking B0D2P1HSCV: Response too small (3788 bytes)
[2026-07-28 21:43:49]   ⚪ Error checking B0GWNK6DX9: Response too small (3788 bytes)
[2026-07-28 21:43:49]   ⚪ Error checking B07WFF17BQ: Response too small (3788 bytes)
[2026-07-28 21:43:50]   ⚪ Error checking B016OP6N3M: Response too small (3788 bytes)
[2026-07-28 21:43:50]   ⚪ Error checking B0FH6YL3XC: Response too small (3788 bytes)
[2026-07-28 21:43:51]   ⚪ Error checking B0D7M8QB9Y: Response too small (3788 bytes)
[2026-07-28 21:43:51]   ⚪ Error checking B0D1CWD525: Response too small (3788 bytes)
[2026-07-28 21:43:52]   ⚪ Error checking B0FM2YQ5HV: Response too small (3788 bytes)
[2026-07-28 21:43:52]   ⚪ Error checking B0FM2W1YTY: Response too small (3788 bytes)
[2026-07-28 21:43:53]   ⚪ Error checking B0FM2WXZKR: Response too small (3788 bytes)
[2026-07-28 21:43:53]   ⚪ Error checking B0BFR5K1YF: Response too small (3788 bytes)
[2026-07-28 21:43:54]   ⚪ Error checking B09B9Q8TMC: Response too small (3788 bytes)
[2026-07-28 21:43:54]   ⚪ Error checking B0BFR8TJVX: Response too small (3788 bytes)
[2026-07-28 21:43:55]   ⚪ Error checking B0C1YBPJ43: Response too small (3788 bytes)
[2026-07-28 21:43:55]   ⚪ Error checking B09G6QX21B: Response too small (3788 bytes)
[2026-07-28 21:43:56]   ⚪ Error checking B0C3V2KT65: Response too small (3788 bytes)
[2026-07-28 21:43:57]   ⚪ Error checking B000PS1HS6: Response too small (3788 bytes)
[2026-07-28 21:43:57]   ⚪ Error checking B011CY8Y78: Response too small (3788 bytes)
[2026-07-28 21:43:58]   ⚪ Error checking B00MYI0VYG: Response too small (3788 bytes)
[2026-07-28 21:43:58]   ⚪ Error checking B0D2P1HSCV: Response too small (3788 bytes)
[2026-07-28 21:43:59]   ⚪ Error checking B0GWNK6DX9: Response too small (3788 bytes)
[2026-07-28 21:44:00]   ⚪ Error checking B07WFF17BQ: Response too small (3788 bytes)
[2026-07-28 21:44:01]   ⚪ Error checking B016OP6N3M: Response too small (3788 bytes)
[2026-07-28 21:44:01]   ⚪ Error checking B0FH6YL3XC: Response too small (3788 bytes)
[2026-07-28 21:44:02]   ⚠️  STALE B0FM323HPY (knives): Page says: Currently unavailable
[2026-07-28 21:44:02]   ⚪ Error checking B0D1CWD525: Response too small (3788 bytes)
[2026-07-28 21:44:03]   ⚪ Error checking B0D7M8QB9Y: Response too small (3788 bytes)
[2026-07-28 21:44:03]   ⚪ Error checking B0D1FWNSYM: Response too small (3788 bytes)
[2026-07-28 21:44:04]   ⚪ Error checking B0FM323HPY: Response too small (3788 bytes)
[2026-07-28 21:44:04]   ⚪ Error checking B0FM2YQ5HV: Response too small (3788 bytes)
[2026-07-28 21:44:05]   ⚪ Error checking B0FM2W1YTY: Response too small (3788 bytes)
[2026-07-28 21:44:05]   ⚪ Error checking B0FM2WXZKR: Response too small (3788 bytes)
[2026-07-28 21:44:06]   ⚪ Error checking B0GRTKQBCN: Response too small (3788 bytes)
[2026-07-28 21:44:06]   ⚪ Error checking B0GRTLQHSS: Response too small (3788 bytes)
[2026-07-28 21:44:07]   ⚪ Error checking B0GRTFRMZY: Response too small (3788 bytes)
[2026-07-28 21:44:07]   ⚪ Error checking B0GRTHD2TR: Response too small (3788 bytes)
[2026-07-28 21:44:08]   ⚪ Error checking B0GRTFNGNL: Response too small (3788 bytes)
[2026-07-28 21:44:08]   ⚪ Error checking B0D3ZBFMW6: Response too small (3788 bytes)
[2026-07-28 21:44:09]   ⚪ Error checking B08BR9HBZ3: Response too small (3788 bytes)
[2026-07-28 21:44:09]   ⚪ Error checking B0D3ZBWNZT: Response too small (3788 bytes)
[2026-07-28 21:44:10]   ⚪ Error checking B0D91CQ69R: Response too small (3788 bytes)
[2026-07-28 21:44:10]   ⚪ Error checking B08F72TY67: Response too small (3788 bytes)
[2026-07-28 21:44:11]   ⚪ Error checking B0F2HJFNBV: Response too small (3788 bytes)
[2026-07-28 21:44:11]   ⚪ Error checking B0CS3FBC6W: Response too small (3788 bytes)
[2026-07-28 21:44:12]   ⚪ Error checking B094981GTD: Response too small (3788 bytes)
[2026-07-28 21:44:12]   ⚪ Error checking B0B2WDFQL8: Response too small (3788 bytes)
[2026-07-28 21:44:13]   ⚪ Error checking B0C57FV4JS: Response too small (3788 bytes)
[2026-07-28 21:44:14]   ⚪ Error checking B0B9BDQTV9: Response too small (3788 bytes)
[2026-07-28 21:44:15]   ⚪ Error checking B0B46NPJY9: Response too small (3788 bytes)
[2026-07-28 21:44:16]   ⚪ Error checking B0042QGCEG: Response too small (3788 bytes)
[2026-07-28 21:44:17]   ⚪ Error checking B000J2DGZ0: Response too small (3788 bytes)
[2026-07-28 21:44:17]   ⚪ Error checking B07PGFF7W2: Response too small (3788 bytes)
[2026-07-28 21:44:18]   ⚪ Error checking B0B3WSZ3QP: Response too small (3788 bytes)
[2026-07-28 21:44:18]   ⚪ Error checking B097YBGF7V: Response too small (3788 bytes)
[2026-07-28 21:44:19]   ⚠️  STALE B0CKY4YGX3 (kitchen-storage): Page says: Currently unavailable
[2026-07-28 21:44:19]   ⚪ Error checking B08FD64QGT: Response too small (3788 bytes)
[2026-07-28 21:44:20]   ⚠️  STALE B0BMFKGVXD (kitchen-storage): Page says: Currently unavailable
[2026-07-28 21:44:20]   ⚪ Error checking B07H7TF69J: Response too small (3788 bytes)
[2026-07-28 21:44:21]   ⚪ Error checking B09M8BLMTG: Response too small (3788 bytes)
[2026-07-28 21:44:21]   ⚪ Error checking B0CGZPR3X9: Response too small (3788 bytes)
[2026-07-28 21:44:22]   ⚪ Error checking B0CGZSCZYP: Response too small (3788 bytes)
[2026-07-28 21:44:22]   ⚪ Error checking B0CGZR4VNQ: Response too small (3788 bytes)
[2026-07-28 21:44:23]   ⚪ Error checking B0DKC1HCQQ: Response too small (3788 bytes)
[2026-07-28 21:44:24]   ⚪ Error checking B0GRTKQBCN: Response too small (3788 bytes)
[2026-07-28 21:44:24]   ⚪ Error checking B0GRTFRMZY: Response too small (3788 bytes)
[2026-07-28 21:44:25]   ⚪ Error checking B0GRTLQHSS: Response too small (3788 bytes)
[2026-07-28 21:44:25]   ⚪ Error checking B0GRTHD2TR: Response too small (3788 bytes)
[2026-07-28 21:44:26]   ⚪ Error checking B0GRTFNGNL: Response too small (3788 bytes)
[2026-07-28 21:44:26]   ⚪ Error checking B08BR9HBZ3: Response too small (3788 bytes)
[2026-07-28 21:44:27]   ⚪ Error checking B0D3ZBFMW6: Response too small (3788 bytes)
[2026-07-28 21:44:27]   ⚪ Error checking B0D3ZBWNZT: Response too small (3788 bytes)
[2026-07-28 21:44:28]   ⚪ Error checking B0D3Z8VWBH: Response too small (3788 bytes)
[2026-07-28 21:44:28]   ⚪ Error checking B0D91CQ69R: Response too small (3788 bytes)
[2026-07-28 21:44:29]   ⚪ Error checking B08F72TY67: Response too small (3788 bytes)
[2026-07-28 21:44:29]   ⚪ Error checking B0F2HJFNBV: Response too small (3788 bytes)
[2026-07-28 21:44:30]   ⚪ Error checking B094981GTD: Response too small (3788 bytes)
[2026-07-28 21:44:31]   ⚪ Error checking B0B2WDFQL8: Response too small (3788 bytes)
[2026-07-28 21:44:31]   ⚪ Error checking B0CSFM5X73: Response too small (3788 bytes)
[2026-07-28 21:44:32]   ⚪ Error checking B0036OQU56: Response too small (3788 bytes)
[2026-07-28 21:44:32]   ⚪ Error checking B0C57FV4JS: Response too small (3788 bytes)
[2026-07-28 21:44:33]   ⚪ Error checking B0CKY4YGX3: Response too small (3788 bytes)
[2026-07-28 21:44:33]   ⚪ Error checking B0B9BDQTV9: Response too small (3788 bytes)
[2026-07-28 21:44:34]   ⚪ Error checking B0B46NPJY9: Response too small (3788 bytes)
[2026-07-28 21:44:34]   ⚪ Error checking B0042QGCEG: Response too small (3788 bytes)
[2026-07-28 21:44:35]   ⚪ Error checking B000J2DGZ0: Response too small (3788 bytes)
[2026-07-28 21:44:35]   ⚪ Error checking B07PGFF7W2: Response too small (3788 bytes)
[2026-07-28 21:44:36]   ⚪ Error checking B0B3WSZ3QP: Response too small (3788 bytes)
[2026-07-28 21:44:37]   ⚪ Error checking B097YBGF7V: Response too small (3788 bytes)
[2026-07-28 21:44:38]   ⚪ Error checking B08FD64QGT: Response too small (3788 bytes)
[2026-07-28 21:44:38]   ⚪ Error checking B07J5KDFH9: Response too small (3788 bytes)
[2026-07-28 21:44:39]   ⚪ Error checking B07H7TF69J: Response too small (3788 bytes)
[2026-07-28 21:44:39]   ⚪ Error checking B09M8BLMTG: Response too small (3788 bytes)
[2026-07-28 21:44:40]   ⚪ Error checking B0036OQU2E: Response too small (3788 bytes)
[2026-07-28 21:44:40]   ⚪ Error checking B0CGZSCZYP: Response too small (3788 bytes)
[2026-07-28 21:44:41]   ⚪ Error checking B0CGZR4VNQ: Response too small (3788 bytes)
[2026-07-28 21:44:41]   ⚪ Error checking B0DKC1HCQQ: Response too small (3788 bytes)
[2026-07-28 21:44:42]   ⚪ Error checking B0DC8MWQ8K: Response too small (3788 bytes)
[2026-07-28 21:44:43]   ⚪ Error checking B07V4B65VR: Response too small (3788 bytes)
[2026-07-28 21:44:43]   ⚪ Error checking B01F59K0KA: Response too small (3788 bytes)
[2026-07-28 21:44:44]   ⚪ Error checking B079D9B82W: Response too small (3788 bytes)
[2026-07-28 21:44:44]   ⚪ Error checking B0BMVLW785: Response too small (3788 bytes)
[2026-07-28 21:44:45]   ⚪ Error checking B00T4RH8E6: Response too small (3788 bytes)
[2026-07-28 21:44:45]   ⚪ Error checking B08VKWDB46: Response too small (3788 bytes)
[2026-07-28 21:44:46]   ⚪ Error checking B000SAS5GI: Response too small (3788 bytes)
[2026-07-28 21:44:46]   ⚪ Error checking B0CPBW6N99: Response too small (3788 bytes)
[2026-07-28 21:44:47]   ⚪ Error checking B000AX13US: Response too small (3788 bytes)
[2026-07-28 21:44:48]   ⚪ Error checking B0FNRC6CJ9: Response too small (3788 bytes)
[2026-07-28 21:44:48]   ⚪ Error checking B0H111X5ZQ: Response too small (3788 bytes)
[2026-07-28 21:44:49]   ⚪ Error checking B0G8V8H1T2: Response too small (3788 bytes)
[2026-07-28 21:44:49]   ⚪ Error checking B00XWDLBKK: Response too small (3788 bytes)
[2026-07-28 21:44:50]   ⚪ Error checking B00004OCKR: Response too small (3788 bytes)
[2026-07-28 21:44:50]   ⚪ Error checking B01N43UELZ: Response too small (3788 bytes)
[2026-07-28 21:44:51]   ⚪ Error checking B07LBCYKT4: Response too small (3788 bytes)
[2026-07-28 21:44:51]   ⚪ Error checking B091JXDLDX: Response too small (3788 bytes)
[2026-07-28 21:44:52]   ⚪ Error checking B0CBW78J4Q: Response too small (3788 bytes)
[2026-07-28 21:44:52]   ⚪ Error checking B0DC8MWQ8K: Response too small (3788 bytes)
[2026-07-28 21:44:53]   ⚪ Error checking B0GKNHNS6L: Response too small (3788 bytes)
[2026-07-28 21:44:53]   ⚪ Error checking B01F59K0KA: Response too small (3788 bytes)
[2026-07-28 21:44:54]   ⚪ Error checking B079D9B82W: Response too small (3788 bytes)
[2026-07-28 21:44:54]   ⚪ Error checking B07V4B65VR: Response too small (3788 bytes)
[2026-07-28 21:44:56]   ⚪ Error checking B0BMVLW785: Response too small (3788 bytes)
[2026-07-28 21:44:56]   ⚪ Error checking B08VKWDB46: Response too small (3788 bytes)
[2026-07-28 21:44:57]   ⚪ Error checking B00T4RH8E6: Response too small (3788 bytes)
[2026-07-28 21:44:57]   ⚪ Error checking B000AX13US: Response too small (3788 bytes)
[2026-07-28 21:44:58]   ⚪ Error checking B000SAS5GI: Response too small (3788 bytes)
[2026-07-28 21:44:58]   ⚪ Error checking B0CPBW6N99: Response too small (3788 bytes)
[2026-07-28 21:44:59]   ⚪ Error checking B0FNRC6CJ9: Response too small (3788 bytes)
[2026-07-28 21:44:59]   ⚪ Error checking B0G8V8H1T2: Response too small (3788 bytes)
[2026-07-28 21:45:00]   ⚪ Error checking B00004OCKR: Response too small (3788 bytes)
[2026-07-28 21:45:00]   ⚪ Error checking B084NY86RS: Response too small (3788 bytes)
[2026-07-28 21:45:01]   ⚪ Error checking B0H111X5ZQ: Response too small (3788 bytes)
[2026-07-28 21:45:01]   ⚪ Error checking B0H4MMNZ3V: Response too small (3788 bytes)
[2026-07-28 21:45:02]   ⚪ Error checking B01N43UELZ: Response too small (3788 bytes)
[2026-07-28 21:45:02]   ⚪ Error checking B07LBCYKT4: Response too small (3788 bytes)
[2026-07-28 21:45:03]   ⚪ Error checking B091JXDLDX: Response too small (3788 bytes)
[2026-07-28 21:45:03]   ⚪ Error checking B00XWDLBKK: Response too small (3788 bytes)
[2026-07-28 21:45:04]   ⚪ Error checking B0GKNHNS6L: Response too small (3788 bytes)
[2026-07-28 21:45:04]   ⚪ Error checking B0DWFZ8Q7M: Response too small (3788 bytes)
[2026-07-28 21:45:05]   ⚪ Error checking B07BRH2TN7: Response too small (3788 bytes)
[2026-07-28 21:45:05]   ⚪ Error checking B0FK2HPNCB: Response too small (3788 bytes)
[2026-07-28 21:45:06]   ⚪ Error checking B07NXJDBL8: Response too small (3788 bytes)
[2026-07-28 21:45:06]   ⚪ Error checking B08QW6RBBX: Response too small (3788 bytes)
[2026-07-28 21:45:07]   ⚪ Error checking B0DP5JNLQR: Response too small (3788 bytes)
[2026-07-28 21:45:07]   ⚪ Error checking B0CWB3TF7X: Response too small (3788 bytes)
[2026-07-28 21:45:08]   ⚪ Error checking B0B6D6GML1: Response too small (3788 bytes)
[2026-07-28 21:45:08]   ⚪ Error checking B08MF9HQVX: Response too small (3788 bytes)
[2026-07-28 21:45:09]   ⚪ Error checking B0BN5F6MJY: Response too small (3788 bytes)
[2026-07-28 21:45:09]   ⚪ Error checking B09V5NPHP3: Response too small (3788 bytes)
[2026-07-28 21:45:10]   ⚪ Error checking B079PN6RHZ: Response too small (3788 bytes)
[2026-07-28 21:45:11]   ⚪ Error checking B07DX7BGW3: Response too small (3788 bytes)
[2026-07-28 21:45:11]   ⚪ Error checking B07R9GP85M: Response too small (3788 bytes)
[2026-07-28 21:45:12]   ⚪ Error checking B07GB4S9H5: Response too small (3788 bytes)
[2026-07-28 21:45:12]   ⚪ Error checking B07KFYF8GQ: Response too small (3788 bytes)
[2026-07-28 21:45:13]   ⚪ Error checking B0FM8RHNWZ: Response too small (3788 bytes)
[2026-07-28 21:45:13]   ⚪ Error checking B07KG2X2GZ: Response too small (3788 bytes)
[2026-07-28 21:45:14]   ⚪ Error checking B07R89PJY6: Response too small (3788 bytes)
[2026-07-28 21:45:14]   ⚪ Error checking B01DAI5CF6: Response too small (3788 bytes)
[2026-07-28 21:45:15]   ⚪ Error checking B07BZSZLBM: Response too small (3788 bytes)
[2026-07-28 21:45:15]   ⚪ Error checking B07H84CNG9: Response too small (3788 bytes)
[2026-07-28 21:45:16]   ⚪ Error checking B00IS94BWS: Response too small (3788 bytes)
[2026-07-28 21:45:16]   ⚠️  STALE B079P7FQPM (home): Page says: Currently unavailable
[2026-07-28 21:45:17]   ⚪ Error checking B07QXWG93C: Response too small (3788 bytes)
[2026-07-28 21:45:18]   ⚪ Error checking B0G64MM1HM: Response too small (3788 bytes)
[2026-07-28 21:45:18]   ⚪ Error checking B0CL7ZHTJN: Response too small (3788 bytes)
[2026-07-28 21:45:19]   ⚪ Error checking B07BRH2TN7: Response too small (3788 bytes)
[2026-07-28 21:45:19]   ⚪ Error checking B0DG6M24RR: Response too small (3788 bytes)
[2026-07-28 21:45:20]   ⚪ Error checking B0DG6LZSLC: Response too small (3788 bytes)
[2026-07-28 21:45:20]   ⚪ Error checking B0C69ZFWM9: Response too small (3788 bytes)
[2026-07-28 21:45:21]   ⚪ Error checking B0016HF5GK: Response too small (3788 bytes)
[2026-07-28 21:45:21]   ⚪ Error checking B0B94P5LDK: Response too small (3788 bytes)
[2026-07-28 21:45:22]   ⚪ Error checking B004Q6EZYQ: Response too small (3788 bytes)
[2026-07-28 21:45:23]   ⚪ Error checking B0998FWTHP: Response too small (3788 bytes)
[2026-07-28 21:45:23]   ⚪ Error checking B004QL75UM: Response too small (3788 bytes)
[2026-07-28 21:45:24]   ⚪ Error checking B0B286BFZQ: Response too small (3788 bytes)
[2026-07-28 21:45:24]   ⚪ Error checking B08PJQ3MWB: Response too small (3788 bytes)
[2026-07-28 21:45:25]   ⚪ Error checking B0GZTXKGPK: Response too small (3788 bytes)
[2026-07-28 21:45:25]   ⚪ Error checking B07LGDYV3C: Response too small (3788 bytes)
[2026-07-28 21:45:26]   ⚪ Error checking B01D3FO8II: Response too small (3788 bytes)
[2026-07-28 21:45:26]   ⚪ Error checking B0C9THG48W: Response too small (3788 bytes)
[2026-07-28 21:45:27]   ⚪ Error checking B0DBLPC8LC: Response too small (3788 bytes)
[2026-07-28 21:45:28]   ⚪ Error checking B0GT9WCDWK: Response too small (3788 bytes)
[2026-07-28 21:45:28]   ⚪ Error checking B0FP1L6W89: Response too small (3788 bytes)
[2026-07-28 21:45:29]   ⚪ Error checking B0F28MMKJF: Response too small (3788 bytes)
[2026-07-28 21:45:30]   ⚪ Error checking B0C2C9NHZW: Response too small (3788 bytes)
[2026-07-28 21:45:30]   ⚪ Error checking B0FXGK76DF: Response too small (3788 bytes)
[2026-07-28 21:45:32]   ⚪ Error checking B0CCVX6FSD: Response too small (3788 bytes)
[2026-07-28 21:45:32]   ⚪ Error checking B01E7Q2AR8: Response too small (3788 bytes)
[2026-07-28 21:45:33]   ⚪ Error checking B0C6FNHJPX: Response too small (3788 bytes)
[2026-07-28 21:45:33]   ⚪ Error checking B09MKPDJRT: Response too small (3788 bytes)
[2026-07-28 21:45:34]   ⚪ Error checking B0BTY58CS4: Response too small (3788 bytes)
[2026-07-28 21:45:34]   ⚪ Error checking B0BT7LPSBY: Response too small (3788 bytes)
[2026-07-28 21:45:35]   ⚪ Error checking B0BVZFQ4DF: Response too small (3788 bytes)
[2026-07-28 21:45:35]   ⚪ Error checking B095NXWBXX: Response too small (3788 bytes)
[2026-07-28 21:45:36]   ⚪ Error checking B0DTPH69KS: Response too small (3788 bytes)
[2026-07-28 21:45:36]   ⚪ Error checking B0D5BBYRJM: Response too small (3788 bytes)
[2026-07-28 21:45:37]   ⚪ Error checking B0D5BGST5N: Response too small (3788 bytes)
[2026-07-28 21:45:37]   ⚪ Error checking B0D5J6JDH7: Response too small (3788 bytes)
[2026-07-28 21:45:38]   ⚪ Error checking B01NB1OB0I: Response too small (3788 bytes)
[2026-07-28 21:45:38]   ⚪ Error checking B08J4C8871: Response too small (3788 bytes)
[2026-07-28 21:45:39]   ⚠️  STALE B001ADL1SG (home): Page says: Currently unavailable
[2026-07-28 21:45:39]   ⚪ Error checking B0D1K7GNPM: Response too small (3788 bytes)
[2026-07-28 21:45:40]   ⚪ Error checking B08DNJ8L55: Response too small (3788 bytes)
[2026-07-28 21:45:40]   ⚪ Error checking B0DLN46519: Response too small (3788 bytes)
[2026-07-28 21:45:41]   ⚪ Error checking B08W8KS8D3: Response too small (3788 bytes)
[2026-07-28 21:45:41]   ⚪ Error checking B0DHTLW9H7: Response too small (3788 bytes)
[2026-07-28 21:45:42]   ⚪ Error checking B09B8V1LZ3: Response too small (3788 bytes)
[2026-07-28 21:45:42]   ⚪ Error checking B0DPXZZVG1: Response too small (3788 bytes)
[2026-07-28 21:45:43]   ⚪ Error checking B0GLH9D157: Response too small (3788 bytes)
[2026-07-28 21:45:43]   ⚪ Error checking B0D6SX8VLQ: Response too small (3788 bytes)
[2026-07-28 21:45:44]   ⚪ Error checking B0FBCSKRB6: Response too small (3788 bytes)
[2026-07-28 21:45:45]   ⚪ Error checking B0FHJ7TKZM: Response too small (3788 bytes)
[2026-07-28 21:45:46]   ⚪ Error checking B0G2D1R15Q: Response too small (3788 bytes)
[2026-07-28 21:45:46]   ⚪ Error checking B0FX35FCC7: Response too small (3788 bytes)
[2026-07-28 21:45:47]   ⚪ Error checking B0F14N7HHH: Response too small (3788 bytes)
[2026-07-28 21:45:47]   ⚪ Error checking B0G2D25MF2: Response too small (3788 bytes)
[2026-07-28 21:45:48]   ⚪ Error checking B0B9HWYMV5: Response too small (3788 bytes)
[2026-07-28 21:45:48]   ⚪ Error checking B0B9HY7RBC: Response too small (3788 bytes)
[2026-07-28 21:45:49]   ⚪ Error checking B0B9HY3614: Response too small (3788 bytes)
[2026-07-28 21:45:49]   ⚪ Error checking B0F5QKCD3S: Response too small (3788 bytes)
[2026-07-28 21:45:50]   ⚪ Error checking B07HXMLCBT: Response too small (3788 bytes)
[2026-07-28 21:45:51]   ⚪ Error checking B0FND4T8P5: Response too small (3788 bytes)
[2026-07-28 21:45:51]   ⚪ Error checking B0D7ZXYPRL: Response too small (3788 bytes)
[2026-07-28 21:45:52]   ⚪ Error checking B0CL9D9HM4: Response too small (3788 bytes)
[2026-07-28 21:45:52]   ⚪ Error checking B0C36WXGP1: Response too small (3788 bytes)
[2026-07-28 21:45:53]   ⚪ Error checking B0B2PFFDKF: Response too small (3788 bytes)
[2026-07-28 21:45:53]   ⚪ Error checking B0CCY9GVWS: Response too small (3788 bytes)
[2026-07-28 21:45:54]   ⚪ Error checking B0BC8N7QXN: Response too small (3788 bytes)
[2026-07-28 21:45:54]   ⚪ Error checking B08TB6VXFL: Response too small (3788 bytes)
[2026-07-28 21:45:55]   ⚪ Error checking B0F43B369Y: Response too small (3788 bytes)
[2026-07-28 21:45:55]   ⚪ Error checking B09B7NQT2K: Response too small (3788 bytes)
[2026-07-28 21:45:56]   ⚪ Error checking B07SKCGMY7: Response too small (3788 bytes)
[2026-07-28 21:45:57]   ⚪ Error checking B07MV2WHF4: Response too small (3788 bytes)
[2026-07-28 21:45:57]   ⚪ Error checking B0925KTSMX: Response too small (3788 bytes)
[2026-07-28 21:45:58]   ⚠️  STALE B089DR29T6 (home): Page says: Currently unavailable
[2026-07-28 21:45:58]   ⚪ Error checking B07TZJYSR7: Response too small (3788 bytes)
[2026-07-28 21:45:59]   ⚪ Error checking B08GD3D9YJ: Response too small (3788 bytes)
[2026-07-28 21:45:59]   ⚪ Error checking B0DGXMZ9GD: Response too small (3788 bytes)
[2026-07-28 21:46:00]   ⚪ Error checking B0FRFKDDB8: Response too small (3788 bytes)
[2026-07-28 21:46:01]   ⚪ Error checking B0DHLTCYWH: Response too small (3788 bytes)
[2026-07-28 21:46:01]   ⚪ Error checking B0DV4XM4P4: Response too small (3788 bytes)
[2026-07-28 21:46:02]   ⚪ Error checking B0F95XVBFS: Response too small (3788 bytes)
[2026-07-28 21:46:02]   ⚪ Error checking B0B5VLCL1N: Response too small (3788 bytes)
[2026-07-28 21:46:03]   ⚪ Error checking B0GQNRW32P: Response too small (3788 bytes)
[2026-07-28 21:46:03]   ⚪ Error checking B0GQNZDZSH: Response too small (3788 bytes)
[2026-07-28 21:46:04]   ⚪ Error checking B0GQNXDHCG: Response too small (3788 bytes)
[2026-07-28 21:46:04]   ⚪ Error checking B08LKXCL65: Response too small (3788 bytes)
[2026-07-28 21:46:05]   ⚪ Error checking B08YMBQJ49: Response too small (3788 bytes)
[2026-07-28 21:46:05]   ⚪ Error checking B0DCXFXGBM: Response too small (3788 bytes)
[2026-07-28 21:46:06]   ⚪ Error checking B0DCXJYNVX: Response too small (3788 bytes)
[2026-07-28 21:46:07]   ⚪ Error checking B0F635TP3X: Response too small (3788 bytes)
[2026-07-28 21:46:08]   ⚪ Error checking B0H3Z4H5X5: Response too small (3788 bytes)
[2026-07-28 21:46:08]   ⚪ Error checking B07FY2HGL9: Response too small (3788 bytes)
[2026-07-28 21:46:09]   ⚪ Error checking B0DCTNQ1BB: Response too small (3788 bytes)
[2026-07-28 21:46:09]   ⚪ Error checking B08DS9ZNYW: Response too small (3788 bytes)
[2026-07-28 21:46:10]   ⚪ Error checking B01LYC1XSM: Response too small (3788 bytes)
[2026-07-28 21:46:10]   ⚪ Error checking B0DPMQYNG4: Response too small (3788 bytes)
[2026-07-28 21:46:11]   ⚪ Error checking B0CZ8VPFZY: Response too small (3788 bytes)
[2026-07-28 21:46:11]   ⚪ Error checking B0CR14YJ23: Response too small (3788 bytes)
[2026-07-28 21:46:12]   ⚪ Error checking B0FDKWT87L: Response too small (3788 bytes)
[2026-07-28 21:46:12]   ⚪ Error checking B0CR16LR9M: Response too small (3788 bytes)
[2026-07-28 21:46:13]   ⚪ Error checking B073429DV2: Response too small (3788 bytes)
[2026-07-28 21:46:14]   ⚪ Error checking B0FQJVSNR7: Response too small (3788 bytes)
[2026-07-28 21:46:14]   ⚪ Error checking B074PR4FRT: Response too small (3788 bytes)
[2026-07-28 21:46:15]   ⚪ Error checking B082WWGCC9: Response too small (3788 bytes)
[2026-07-28 21:46:15]   ⚪ Error checking B0F3D8LHV4: Response too small (3788 bytes)
[2026-07-28 21:46:16]   ⚪ Error checking B0DQHJR1YB: Response too small (3788 bytes)
[2026-07-28 21:46:16]   ⚪ Error checking B0GGY8X8VV: Response too small (3788 bytes)
[2026-07-28 21:46:17]   ⚪ Error checking B08VGGSS2H: Response too small (3788 bytes)
[2026-07-28 21:46:17]   ⚪ Error checking B09CYLZPYP: Response too small (3788 bytes)
[2026-07-28 21:46:18]   ⚪ Error checking B087JH5Q4H: Response too small (3788 bytes)
[2026-07-28 21:46:18]   ⚪ Error checking B0C2CBP6NF: Response too small (3788 bytes)
[2026-07-28 21:46:19]   ⚪ Error checking B0GS31351Z: Response too small (3788 bytes)
[2026-07-28 21:46:20]   ⚪ Error checking B07G9LQFJ8: Response too small (3788 bytes)
[2026-07-28 21:46:21]   ⚪ Error checking B08637XW4H: Response too small (3788 bytes)
[2026-07-28 21:46:22]   ⚪ Error checking B0H2CZPFXG: Response too small (3788 bytes)
[2026-07-28 21:46:22]   ⚪ Error checking B0H41C3M6Q: Response too small (3788 bytes)
[2026-07-28 21:46:23]   ⚪ Error checking B0GYD3SW2H: Response too small (3788 bytes)
[2026-07-28 21:46:24]   ⚪ Error checking B0H5C72VC6: Response too small (3788 bytes)
[2026-07-28 21:46:24]   ⚪ Error checking B0GWZPXFQG: Response too small (3788 bytes)
[2026-07-28 21:46:25]   ⚪ Error checking B0H4ZG6LHH: Response too small (3788 bytes)
[2026-07-28 21:46:25]   ⚪ Error checking B0CX7T6BR3: Response too small (3788 bytes)
[2026-07-28 21:46:26]   ⚪ Error checking B0FY68QS67: Response too small (3788 bytes)
[2026-07-28 21:46:26]   ⚪ Error checking B0GN8KK8XW: Response too small (3788 bytes)
[2026-07-28 21:46:27]   ⚪ Error checking B0H5K3LPSP: Response too small (3788 bytes)
[2026-07-28 21:46:27]   ⚪ Error checking B0GGYYQLXL: Response too small (3788 bytes)
[2026-07-28 21:46:28]   ⚪ Error checking B0F3X41Q86: Response too small (3788 bytes)
[2026-07-28 21:46:28]   ⚪ Error checking B00GRL9UTS: Response too small (3788 bytes)
[2026-07-28 21:46:29]   ⚪ Error checking B08747N388: Response too small (3788 bytes)
[2026-07-28 21:46:29]   ⚪ Error checking B0DTP5SMTS: Response too small (3788 bytes)
[2026-07-28 21:46:30]   ⚪ Error checking B0GJRJWNFQ: Response too small (3788 bytes)
[2026-07-28 21:46:30]   ⚪ Error checking B07MVLYF7L: Response too small (3788 bytes)
[2026-07-28 21:46:31]   ⚪ Error checking B0GRXQ5LXP: Response too small (3788 bytes)
[2026-07-28 21:46:32]   ⚪ Error checking B0DZSK67T3: Response too small (3788 bytes)
[2026-07-28 21:46:33]   ⚪ Error checking B0DT8WZQJ9: Response too small (3788 bytes)
[2026-07-28 21:46:33]   ⚪ Error checking B0DT94YSQH: Response too small (3788 bytes)
[2026-07-28 21:46:34]   ⚪ Error checking B0DT8X23J3: Response too small (3788 bytes)
[2026-07-28 21:46:34]   ⚪ Error checking B0F8BR17T2: Response too small (3788 bytes)
[2026-07-28 21:46:35]   ⚪ Error checking B09C8HR4Z9: Response too small (3788 bytes)
[2026-07-28 21:46:35]   ⚪ Error checking B0FZ96XSWQ: Response too small (3788 bytes)
[2026-07-28 21:46:36]   ⚪ Error checking B0GC51K418: Response too small (3788 bytes)
[2026-07-28 21:46:36]   ⚪ Error checking B0BLXSTSYB: Response too small (3788 bytes)
[2026-07-28 21:46:37]   ⚪ Error checking B093CM4G6R: Response too small (3788 bytes)
[2026-07-28 21:46:37]   ⚪ Error checking B0BM437HK9: Response too small (3788 bytes)
[2026-07-28 21:46:38]   ⚪ Error checking B0G35GL4WW: Response too small (3788 bytes)
[2026-07-28 21:46:39]   ⚪ Error checking B07L54ZV6M: Response too small (3788 bytes)
[2026-07-28 21:46:39]   ⚪ Error checking B07L54NPF7: Response too small (3788 bytes)
[2026-07-28 21:46:40]   ⚠️  STALE B0GCFY5M1G (home): Page says: Currently unavailable
[2026-07-28 21:46:40]   ⚪ Error checking B07L55JD2F: Response too small (3788 bytes)
[2026-07-28 21:46:41]   ⚪ Error checking B08CVTKRRR: Response too small (3788 bytes)
[2026-07-28 21:46:41]   ⚪ Error checking B0GGZKM1S3: Response too small (3788 bytes)
[2026-07-28 21:46:42]   ⚠️  STALE B09FPXQGL5 (home): Page says: Currently unavailable
[2026-07-28 21:46:42]   ⚪ Error checking B0H3T61SL8: Response too small (3788 bytes)
[2026-07-28 21:46:43]   ⚪ Error checking B08346W5S6: Response too small (3788 bytes)
[2026-07-28 21:46:43]   ⚪ Error checking B0CQX59N7F: Response too small (3788 bytes)
[2026-07-28 21:46:44]   ⚪ Error checking B0GDDJ3P8Z: Response too small (3788 bytes)
[2026-07-28 21:46:44]   ⚪ Error checking B0CDM6Z66T: Response too small (3788 bytes)
[2026-07-28 21:46:45]   ⚪ Error checking B009378AG2: Response too small (3788 bytes)
[2026-07-28 21:46:45]   ⚪ Error checking B0G3TJVW19: Response too small (3788 bytes)
[2026-07-28 21:46:46]   ⚪ Error checking B0G3TQ7NGJ: Response too small (3788 bytes)
[2026-07-28 21:46:46]   ⚪ Error checking B0DR478JV6: Response too small (3788 bytes)
[2026-07-28 21:46:47]   ⚪ Error checking B0G3TX6F4R: Response too small (3788 bytes)
[2026-07-28 21:46:47]   ⚪ Error checking B0FXDXYWQZ: Response too small (3788 bytes)
[2026-07-28 21:46:48]   ⚪ Error checking B0CRHH7B16: Response too small (3788 bytes)
[2026-07-28 21:46:49]   ⚪ Error checking B0CRHJGF74: Response too small (3788 bytes)
[2026-07-28 21:46:49]   ⚪ Error checking B0CRHJGZD5: Response too small (3788 bytes)
[2026-07-28 21:46:50]   ⚪ Error checking B0F7LLNPTS: Response too small (3788 bytes)
[2026-07-28 21:46:50]   ⚪ Error checking B09W2Y51TC: Response too small (3788 bytes)
[2026-07-28 21:46:51]   ⚪ Error checking B0C8BY8S4M: Response too small (3788 bytes)
[2026-07-28 21:46:52]   ⚪ Error checking B01H2NWDXY: Response too small (3788 bytes)
[2026-07-28 21:46:52]   ⚪ Error checking B0C8RXPQH5: Response too small (3788 bytes)
[2026-07-28 21:46:53]   ⚪ Error checking B0H3KSXC25: Response too small (3788 bytes)
[2026-07-28 21:46:53]   ⚪ Error checking B0856XY9RZ: Response too small (3788 bytes)
[2026-07-28 21:46:54]   ⚪ Error checking B0BJP63FW4: Response too small (3788 bytes)
[2026-07-28 21:46:54]   ⚪ Error checking B0CNGTZ3B5: Response too small (3788 bytes)
[2026-07-28 21:46:55]   ⚪ Error checking B0BBZYKGYV: Response too small (3788 bytes)
[2026-07-28 21:46:55]   ⚪ Error checking B0BPNJGV9V: Response too small (3788 bytes)
[2026-07-28 21:46:56]   ⚪ Error checking B0DK9B4V35: Response too small (3788 bytes)
[2026-07-28 21:46:56]   ⚪ Error checking B0CW2TF87P: Response too small (3788 bytes)
[2026-07-28 21:46:57]   ⚪ Error checking B0H3NGT4QJ: Response too small (3788 bytes)
[2026-07-28 21:46:57]   ⚪ Error checking B0GVJLPWV4: Response too small (3788 bytes)
[2026-07-28 21:46:58]   ⚪ Error checking B0FR4K6PPQ: Response too small (3788 bytes)
[2026-07-28 21:46:58]   ⚪ Error checking B0GXDL48JL: Response too small (3788 bytes)
[2026-07-28 21:46:59]   ⚪ Error checking B0GCKCSBZ1: Response too small (3788 bytes)
[2026-07-28 21:46:59]   ⚪ Error checking B0DWFZ8Q7M: Response too small (3788 bytes)
[2026-07-28 21:47:00]   ⚪ Error checking B07BRH2TN7: Response too small (3788 bytes)
[2026-07-28 21:47:00]   ⚪ Error checking B0FK2HPNCB: Response too small (3788 bytes)
[2026-07-28 21:47:01]   ⚪ Error checking B07NXJDBL8: Response too small (3788 bytes)
[2026-07-28 21:47:01]   ⚪ Error checking B08QW6RBBX: Response too small (3788 bytes)
[2026-07-28 21:47:02]   ⚠️  STALE B018YLFJX4 (home): Page says: Currently unavailable
[2026-07-28 21:47:02]   ⚪ Error checking B0DP5JNLQR: Response too small (3788 bytes)
[2026-07-28 21:47:03]   ⚪ Error checking B0B6D6GML1: Response too small (3788 bytes)
[2026-07-28 21:47:03]   ⚪ Error checking B0CWB3TF7X: Response too small (3788 bytes)
[2026-07-28 21:47:04]   ⚪ Error checking B08MF9HQVX: Response too small (3788 bytes)
[2026-07-28 21:47:04]   ⚪ Error checking B0BN5F6MJY: Response too small (3788 bytes)
[2026-07-28 21:47:05]   ⚪ Error checking B09V5NPHP3: Response too small (3788 bytes)
[2026-07-28 21:47:05]   ⚪ Error checking B079PN6RHZ: Response too small (3788 bytes)
[2026-07-28 21:47:06]   ⚪ Error checking B07DX7BGW3: Response too small (3788 bytes)
[2026-07-28 21:47:06]   ⚪ Error checking B079P7FQPM: Response too small (3788 bytes)
[2026-07-28 21:47:07]   ⚪ Error checking B07GB4S9H5: Response too small (3788 bytes)
[2026-07-28 21:47:07]   ⚪ Error checking B08671LHZB: Response too small (3788 bytes)
[2026-07-28 21:47:08]   ⚪ Error checking B07R9GP85M: Response too small (3788 bytes)
[2026-07-28 21:47:08]   ⚪ Error checking B0FM8RHNWZ: Response too small (3788 bytes)
[2026-07-28 21:47:09]   ⚪ Error checking B07KFYF8GQ: Response too small (3788 bytes)
[2026-07-28 21:47:09]   ⚪ Error checking B07KG2X2GZ: Response too small (3788 bytes)
[2026-07-28 21:47:10]   ⚪ Error checking B07R89PJY6: Response too small (3788 bytes)
[2026-07-28 21:47:10]   ⚪ Error checking B07BZSZLBM: Response too small (3788 bytes)
[2026-07-28 21:47:11]   ⚪ Error checking B07H84CNG9: Response too small (3788 bytes)
[2026-07-28 21:47:11]   ⚪ Error checking B00IS94BWS: Response too small (3788 bytes)
[2026-07-28 21:47:12]   ⚪ Error checking B07H7YTV8Z: Response too small (3788 bytes)
[2026-07-28 21:47:12]   ⚪ Error checking B07QXWG93C: Response too small (3788 bytes)
[2026-07-28 21:47:13]   ⚪ Error checking B0CL7ZHTJN: Response too small (3788 bytes)
[2026-07-28 21:47:13]   ⚪ Error checking B0G64MM1HM: Response too small (3788 bytes)
[2026-07-28 21:47:14]   ⚪ Error checking B07BRH2TN7: Response too small (3788 bytes)
[2026-07-28 21:47:14]   ⚪ Error checking B0DG6M24RR: Response too small (3788 bytes)
[2026-07-28 21:47:15]   ⚪ Error checking B0DG6LZSLC: Response too small (3788 bytes)
[2026-07-28 21:47:15]   ⚪ Error checking B0DP5JNLQR: Response too small (3788 bytes)
[2026-07-28 21:47:16]   ⚪ Error checking B0016HF5GK: Response too small (3788 bytes)
[2026-07-28 21:47:16]   ⚪ Error checking B0B94P5LDK: Response too small (3788 bytes)
[2026-07-28 21:47:17]   ⚪ Error checking B0DWFZ8Q7M: Response too small (3788 bytes)
[2026-07-28 21:47:17]   ⚪ Error checking B07BRH2TN7: Response too small (3788 bytes)
[2026-07-28 21:47:18]   ⚪ Error checking B0FK2HPNCB: Response too small (3788 bytes)
[2026-07-28 21:47:18]   ⚪ Error checking B07NXJDBL8: Response too small (3788 bytes)
[2026-07-28 21:47:19]   ⚪ Error checking B08QW6RBBX: Response too small (3788 bytes)
[2026-07-28 21:47:20]   ⚪ Error checking B0DP5JNLQR: Response too small (3788 bytes)
[2026-07-28 21:47:20]   ⚪ Error checking B0CWB3TF7X: Response too small (3788 bytes)
[2026-07-28 21:47:21]   ⚪ Error checking B08MF9HQVX: Response too small (3788 bytes)
[2026-07-28 21:47:21]   ⚪ Error checking B0BN5F6MJY: Response too small (3788 bytes)
[2026-07-28 21:47:22]   ⚪ Error checking B09V5NPHP3: Response too small (3788 bytes)
[2026-07-28 21:47:23]   ⚪ Error checking B07DX7BGW3: Response too small (3788 bytes)
[2026-07-28 21:47:23]   ⚪ Error checking B079PN6RHZ: Response too small (3788 bytes)
[2026-07-28 21:47:24]   ⚪ Error checking B079P7FQPM: Response too small (3788 bytes)
[2026-07-28 21:47:24]   ⚪ Error checking B08671LHZB: Response too small (3788 bytes)
[2026-07-28 21:47:25]   ⚪ Error checking B07R9GP85M: Response too small (3788 bytes)
[2026-07-28 21:47:25]   ⚪ Error checking B0FM8RHNWZ: Response too small (3788 bytes)
[2026-07-28 21:47:26]   ⚪ Error checking B07KFYF8GQ: Response too small (3788 bytes)
[2026-07-28 21:47:26]   ⚪ Error checking B07KG2X2GZ: Response too small (3788 bytes)
[2026-07-28 21:47:27]   ⚪ Error checking B07R89PJY6: Response too small (3788 bytes)
[2026-07-28 21:47:27]   ⚪ Error checking B01DAI5CF6: Response too small (3788 bytes)
[2026-07-28 21:47:28]   ⚪ Error checking B07BZSZLBM: Response too small (3788 bytes)
[2026-07-28 21:47:29]   ⚪ Error checking B07H7YTV8Z: Response too small (3788 bytes)
[2026-07-28 21:47:29]   ⚪ Error checking B07H84CNG9: Response too small (3788 bytes)
[2026-07-28 21:47:30]   ⚪ Error checking B07QXWG93C: Response too small (3788 bytes)
[2026-07-28 21:47:30]   ⚪ Error checking B00IS94BWS: Response too small (3788 bytes)
[2026-07-28 21:47:31]   ⚪ Error checking B0CL7ZHTJN: Response too small (3788 bytes)
[2026-07-28 21:47:31]   ⚪ Error checking B07BRH2TN7: Response too small (3788 bytes)
[2026-07-28 21:47:32]   ⚪ Error checking B0G64MM1HM: Response too small (3788 bytes)
[2026-07-28 21:47:32]   ⚪ Error checking B0DG6M24RR: Response too small (3788 bytes)
[2026-07-28 21:47:33]   ⚪ Error checking B0C69ZFWM9: Response too small (3788 bytes)
[2026-07-28 21:47:33]   ⚪ Error checking B0DP5JNLQR: Response too small (3788 bytes)
[2026-07-28 21:47:34]   ⚪ Error checking B0016HF5GK: Response too small (3788 bytes)
[2026-07-28 21:47:34]   ⚪ Error checking B0B94P5LDK: Response too small (3788 bytes)
[2026-07-28 21:47:35]   ⚪ Error checking B004Q6EZYQ: Response too small (3788 bytes)
[2026-07-28 21:47:35]   ⚪ Error checking B004QL75UM: Response too small (3788 bytes)
[2026-07-28 21:47:36]   ⚠️  STALE B07GB4S9H5 (best-canister-vacuums): Page says: Currently unavailable
[2026-07-28 21:47:36]   ⚪ Error checking B0998FWTHP: Response too small (3788 bytes)
[2026-07-28 21:47:37]   ⚪ Error checking B0B286BFZQ: Response too small (3788 bytes)
[2026-07-28 21:47:37]   ⚪ Error checking B0B6Y17GL3: Response too small (3788 bytes)
[2026-07-28 21:47:38]   ⚪ Error checking B08PJQ3MWB: Response too small (3788 bytes)
[2026-07-28 21:47:38]   ⚪ Error checking B0GZTXKGPK: Response too small (3788 bytes)
[2026-07-28 21:47:39]   ⚪ Error checking B07LGDYV3C: Response too small (3788 bytes)
[2026-07-28 21:47:39]   ⚪ Error checking B01D3FO8II: Response too small (3788 bytes)
[2026-07-28 21:47:40]   ⚪ Error checking B08HZFB5J4: Response too small (3788 bytes)
[2026-07-28 21:47:41]   ⚪ Error checking B0C9THG48W: Response too small (3788 bytes)
[2026-07-28 21:47:41]   ⚪ Error checking B0DBLPC8LC: Response too small (3788 bytes)
[2026-07-28 21:47:42]   ⚪ Error checking B0GT9WCDWK: Response too small (3788 bytes)
[2026-07-28 21:47:42]   ⚪ Error checking B0FRQVWSS4: Response too small (3788 bytes)
[2026-07-28 21:47:43]   ⚪ Error checking B0FP1L6W89: Response too small (3788 bytes)
[2026-07-28 21:47:43]   ⚪ Error checking B0F28MMKJF: Response too small (3788 bytes)
[2026-07-28 21:47:44]   ⚪ Error checking B001ADL1SG: Response too small (3788 bytes)
[2026-07-28 21:47:44]   ⚪ Error checking B0C2C9NHZW: Response too small (3788 bytes)
[2026-07-28 21:47:45]   ⚪ Error checking B01E7Q2AR8: Response too small (3788 bytes)
[2026-07-28 21:47:45]   ⚪ Error checking B0CCVX6FSD: Response too small (3788 bytes)
[2026-07-28 21:47:46]   ⚪ Error checking B0FXGK76DF: Response too small (3788 bytes)
[2026-07-28 21:47:46]   ⚪ Error checking B0C6FNHJPX: Response too small (3788 bytes)
[2026-07-28 21:47:47]   ⚪ Error checking B09MKPDJRT: Response too small (3788 bytes)
[2026-07-28 21:47:47]   ⚪ Error checking B0BTY58CS4: Response too small (3788 bytes)
[2026-07-28 21:47:48]   ⚪ Error checking B0BT7LPSBY: Response too small (3788 bytes)
[2026-07-28 21:47:48]   ⚪ Error checking B0BVZFQ4DF: Response too small (3788 bytes)
[2026-07-28 21:47:49]   ⚪ Error checking B095NXWBXX: Response too small (3788 bytes)
[2026-07-28 21:47:49]   ⚪ Error checking B0DTPH69KS: Response too small (3788 bytes)
[2026-07-28 21:47:50]   ⚪ Error checking B0D5BBYRJM: Response too small (3788 bytes)
[2026-07-28 21:47:50]   ⚪ Error checking B0D5BGST5N: Response too small (3788 bytes)
[2026-07-28 21:47:51]   ⚪ Error checking B0D5J6JDH7: Response too small (3788 bytes)
[2026-07-28 21:47:51]   ⚪ Error checking B01NB1OB0I: Response too small (3788 bytes)
[2026-07-28 21:47:52]   ⚪ Error checking B08J4C8871: Response too small (3788 bytes)
[2026-07-28 21:47:52]   ⚪ Error checking B0BQW2BX6W: Response too small (3788 bytes)
[2026-07-28 21:47:53]   ⚪ Error checking B0D1K7GNPM: Response too small (3788 bytes)
[2026-07-28 21:47:53]   ⚪ Error checking B0DLN46519: Response too small (3788 bytes)
[2026-07-28 21:47:54]   ⚪ Error checking B08W8KS8D3: Response too small (3788 bytes)
[2026-07-28 21:47:54]   ⚪ Error checking B0DHTLW9H7: Response too small (3788 bytes)
[2026-07-28 21:47:55]   ⚪ Error checking B004Q6EZYQ: Response too small (3788 bytes)
[2026-07-28 21:47:55]   ⚪ Error checking B004QL75UM: Response too small (3788 bytes)
[2026-07-28 21:47:56]   ⚪ Error checking B0998FWTHP: Response too small (3788 bytes)
[2026-07-28 21:47:56]   ⚪ Error checking B0B6Y17GL3: Response too small (3788 bytes)
[2026-07-28 21:47:57]   ⚪ Error checking B0B286BFZQ: Response too small (3788 bytes)
[2026-07-28 21:47:57]   ⚪ Error checking B08PJQ3MWB: Response too small (3788 bytes)
[2026-07-28 21:47:58]   ⚪ Error checking B01D3FO8II: Response too small (3788 bytes)
[2026-07-28 21:47:58]   ⚪ Error checking B0GZTXKGPK: Response too small (3788 bytes)
[2026-07-28 21:47:59]   ⚪ Error checking B08HZFB5J4: Response too small (3788 bytes)
[2026-07-28 21:47:59]   ⚪ Error checking B0C9THG48W: Response too small (3788 bytes)
[2026-07-28 21:48:00]   ⚪ Error checking B0DBLPC8LC: Response too small (3788 bytes)
[2026-07-28 21:48:00]   ⚠️  STALE B08DNJ8L55 (hvac-air-quality): Page says: Currently unavailable
[2026-07-28 21:48:01]   ⚪ Error checking B0GT9WCDWK: Response too small (3788 bytes)
[2026-07-28 21:48:01]   ⚪ Error checking B0FRQVWSS4: Response too small (3788 bytes)
[2026-07-28 21:48:02]   ⚪ Error checking B0FP1L6W89: Response too small (3788 bytes)
[2026-07-28 21:48:02]   ⚪ Error checking B0F28MMKJF: Response too small (3788 bytes)
[2026-07-28 21:48:03]   ⚪ Error checking B001ADL1SG: Response too small (3788 bytes)
[2026-07-28 21:48:03]   ⚪ Error checking B0C2C9NHZW: Response too small (3788 bytes)
[2026-07-28 21:48:04]   ⚪ Error checking B0FXGK76DF: Response too small (3788 bytes)
[2026-07-28 21:48:04]   ⚪ Error checking B01E7Q2AR8: Response too small (3788 bytes)
[2026-07-28 21:48:05]   ⚪ Error checking B0CCVX6FSD: Response too small (3788 bytes)
[2026-07-28 21:48:05]   ⚪ Error checking B0C6FNHJPX: Response too small (3788 bytes)
[2026-07-28 21:48:06]   ⚪ Error checking B09MKPDJRT: Response too small (3788 bytes)
[2026-07-28 21:48:06]   ⚪ Error checking B0BTY58CS4: Response too small (3788 bytes)
[2026-07-28 21:48:07]   ⚪ Error checking B095NXWBXX: Response too small (3788 bytes)
[2026-07-28 21:48:08]   ⚪ Error checking B0D5BBYRJM: Response too small (3788 bytes)
[2026-07-28 21:48:08]   ⚪ Error checking B0D5BGST5N: Response too small (3788 bytes)
[2026-07-28 21:48:09]   ⚪ Error checking B0D5J6JDH7: Response too small (3788 bytes)
[2026-07-28 21:48:09]   ⚪ Error checking B01NB1OB0I: Response too small (3788 bytes)
[2026-07-28 21:48:11]   ⚪ Error checking B08J4C8871: Response too small (3788 bytes)
[2026-07-28 21:48:12]   ⚪ Error checking B0BQW2BX6W: Response too small (3788 bytes)
[2026-07-28 21:48:12]   ⚪ Error checking B0D1K7GNPM: Response too small (3788 bytes)
[2026-07-28 21:48:13]   ⚪ Error checking B08DNJ8L55: Response too small (3788 bytes)
[2026-07-28 21:48:13]   ⚪ Error checking B0DLN46519: Response too small (3788 bytes)
[2026-07-28 21:48:14]   ⚪ Error checking B08W8KS8D3: Response too small (3788 bytes)
[2026-07-28 21:48:14]   ⚪ Error checking B0DHTLW9H7: Response too small (3788 bytes)
[2026-07-28 21:48:15]   ⚪ Error checking B09B8V1LZ3: Response too small (3788 bytes)
[2026-07-28 21:48:15]   ⚪ Error checking B0DPXZZVG1: Response too small (3788 bytes)
[2026-07-28 21:48:16]   ⚪ Error checking B07VFKBQ3K: Response too small (3788 bytes)
[2026-07-28 21:48:16]   ⚪ Error checking B0D6SX8VLQ: Response too small (3788 bytes)
[2026-07-28 21:48:17]   ⚪ Error checking B0FBCSKRB6: Response too small (3788 bytes)
[2026-07-28 21:48:17]   ⚪ Error checking B0G2D1R15Q: Response too small (3788 bytes)
[2026-07-28 21:48:18]   ⚪ Error checking B0FHJ7TKZM: Response too small (3788 bytes)
[2026-07-28 21:48:18]   ⚪ Error checking B0FX35FCC7: Response too small (3788 bytes)
[2026-07-28 21:48:19]   ⚪ Error checking B0F14N7HHH: Response too small (3788 bytes)
[2026-07-28 21:48:19]   ⚪ Error checking B0G2D25MF2: Response too small (3788 bytes)
[2026-07-28 21:48:20]   ⚪ Error checking B0B9HWYMV5: Response too small (3788 bytes)
[2026-07-28 21:48:20]   ⚪ Error checking B0B9HY3614: Response too small (3788 bytes)
[2026-07-28 21:48:21]   ⚪ Error checking B0F5QKCD3S: Response too small (3788 bytes)
[2026-07-28 21:48:21]   ⚪ Error checking B07HXMLCBT: Response too small (3788 bytes)
[2026-07-28 21:48:22]   ⚪ Error checking B0FND4T8P5: Response too small (3788 bytes)
[2026-07-28 21:48:22]   ⚪ Error checking B0D7ZXYPRL: Response too small (3788 bytes)
[2026-07-28 21:48:23]   ⚪ Error checking B0D7ZWGXGP: Response too small (3788 bytes)
[2026-07-28 21:48:23]   ⚪ Error checking B0CL9D9HM4: Response too small (3788 bytes)
[2026-07-28 21:48:24]   ⚪ Error checking B089DR29T6: Response too small (3788 bytes)
[2026-07-28 21:48:24]   ⚪ Error checking B0B2PFFDKF: Response too small (3788 bytes)
[2026-07-28 21:48:25]   ⚪ Error checking B0CCY9GVWS: Response too small (3788 bytes)
[2026-07-28 21:48:25]   ⚪ Error checking B0BC8N7QXN: Response too small (3788 bytes)
[2026-07-28 21:48:26]   ⚠️  STALE B0GLH9D157 (smart-home): Page says: Currently unavailable
[2026-07-28 21:48:26]   ⚪ Error checking B0CG5VDC8P: Response too small (3788 bytes)
[2026-07-28 21:48:27]   ⚪ Error checking B08TB6VXFL: Response too small (3788 bytes)
[2026-07-28 21:48:28]   ⚪ Error checking B0F43B369Y: Response too small (3788 bytes)
[2026-07-28 21:48:28]   ⚪ Error checking B09B7NQT2K: Response too small (3788 bytes)
[2026-07-28 21:48:29]   ⚪ Error checking B07SKCGMY7: Response too small (3788 bytes)
[2026-07-28 21:48:29]   ⚪ Error checking B07MV2WHF4: Response too small (3788 bytes)
[2026-07-28 21:48:30]   ⚪ Error checking B07TZJYSR7: Response too small (3788 bytes)
[2026-07-28 21:48:30]   ⚪ Error checking B08GD3D9YJ: Response too small (3788 bytes)
[2026-07-28 21:48:31]   ⚪ Error checking B0DXDVNM8P: Response too small (3788 bytes)
[2026-07-28 21:48:31]   ⚪ Error checking B0DGXMZ9GD: Response too small (3788 bytes)
[2026-07-28 21:48:32]   ⚪ Error checking B0DHLTCYWH: Response too small (3788 bytes)
[2026-07-28 21:48:33]   ⚪ Error checking B0DV4XM4P4: Response too small (3788 bytes)
[2026-07-28 21:48:33]   ⚪ Error checking B0B5VLCL1N: Response too small (3788 bytes)
[2026-07-28 21:48:34]   ⚪ Error checking B0FRFKDDB8: Response too small (3788 bytes)
[2026-07-28 21:48:34]   ⚪ Error checking B0GQNRW32P: Response too small (3788 bytes)
[2026-07-28 21:48:35]   ⚪ Error checking B0GQNT6SD7: Response too small (3788 bytes)
[2026-07-28 21:48:35]   ⚪ Error checking B0GQNZDZSH: Response too small (3788 bytes)
[2026-07-28 21:48:36]   ⚪ Error checking B0GQNXDHCG: Response too small (3788 bytes)
[2026-07-28 21:48:36]   ⚪ Error checking B08YMBQJ49: Response too small (3788 bytes)
[2026-07-28 21:48:37]   ⚪ Error checking B08LKXCL65: Response too small (3788 bytes)
[2026-07-28 21:48:38]   ⚪ Error checking B07VFKBQ3K: Response too small (3788 bytes)
[2026-07-28 21:48:39]   ⚪ Error checking B0DPXZZVG1: Response too small (3788 bytes)
[2026-07-28 21:48:39]   ⚪ Error checking B0GLH9D157: Response too small (3788 bytes)
[2026-07-28 21:48:40]   ⚪ Error checking B0D6SX8VLQ: Response too small (3788 bytes)
[2026-07-28 21:48:40]   ⚪ Error checking B0FBCSKRB6: Response too small (3788 bytes)
[2026-07-28 21:48:41]   ⚪ Error checking B0G2D1R15Q: Response too small (3788 bytes)
[2026-07-28 21:48:41]   ⚪ Error checking B0FX35FCC7: Response too small (3788 bytes)
[2026-07-28 21:48:42]   ⚪ Error checking B0FHJ7TKZM: Response too small (3788 bytes)
[2026-07-28 21:48:42]   ⚪ Error checking B0F14N7HHH: Response too small (3788 bytes)
[2026-07-28 21:48:43]   ⚪ Error checking B0B9HWYMV5: Response too small (3788 bytes)
[2026-07-28 21:48:43]   ⚪ Error checking B0G2D25MF2: Response too small (3788 bytes)
[2026-07-28 21:48:44]   ⚪ Error checking B0B9HY7RBC: Response too small (3788 bytes)
[2026-07-28 21:48:44]   ⚪ Error checking B0F5QKCD3S: Response too small (3788 bytes)
[2026-07-28 21:48:45]   ⚪ Error checking B0B9HY3614: Response too small (3788 bytes)
[2026-07-28 21:48:45]   ⚪ Error checking B07HXMLCBT: Response too small (3788 bytes)
[2026-07-28 21:48:46]   ⚪ Error checking B0FND4T8P5: Response too small (3788 bytes)
[2026-07-28 21:48:46]   ⚪ Error checking B0D7ZXYPRL: Response too small (3788 bytes)
[2026-07-28 21:48:47]   ⚪ Error checking B0D7ZWGXGP: Response too small (3788 bytes)
[2026-07-28 21:48:47]   ⚪ Error checking B0CL9D9HM4: Response too small (3788 bytes)
[2026-07-28 21:48:48]   ⚪ Error checking B0B2PFFDKF: Response too small (3788 bytes)
[2026-07-28 21:48:49]   ⚪ Error checking B089DR29T6: Response too small (3788 bytes)
[2026-07-28 21:48:49]   ⚪ Error checking B0CCY9GVWS: Response too small (3788 bytes)
[2026-07-28 21:48:50]   ⚪ Error checking B0BC8N7QXN: Response too small (3788 bytes)
[2026-07-28 21:48:50]   ⚪ Error checking B0CG5VDC8P: Response too small (3788 bytes)
[2026-07-28 21:48:51]   ⚪ Error checking B08TB6VXFL: Response too small (3788 bytes)
[2026-07-28 21:48:51]   ⚪ Error checking B07SKCGMY7: Response too small (3788 bytes)
[2026-07-28 21:48:52]   ⚪ Error checking B09B7NQT2K: Response too small (3788 bytes)
[2026-07-28 21:48:52]   ⚪ Error checking B0925KTSMX: Response too small (3788 bytes)
[2026-07-28 21:48:53]   ⚪ Error checking B07MV2WHF4: Response too small (3788 bytes)
[2026-07-28 21:48:53]   ⚪ Error checking B08GD3D9YJ: Response too small (3788 bytes)
[2026-07-28 21:48:54]   ⚪ Error checking B0DGXMZ9GD: Response too small (3788 bytes)
[2026-07-28 21:48:55]   ⚪ Error checking B0DXDVNM8P: Response too small (3788 bytes)
[2026-07-28 21:48:55]   ⚪ Error checking B0FRFKDDB8: Response too small (3788 bytes)
[2026-07-28 21:48:56]   ⚪ Error checking B0DV4XM4P4: Response too small (3788 bytes)
[2026-07-28 21:48:57]   ⚪ Error checking B0F95XVBFS: Response too small (3788 bytes)
[2026-07-28 21:48:57]   ⚪ Error checking B0B5VLCL1N: Response too small (3788 bytes)
[2026-07-28 21:48:58]   ⚪ Error checking B0GQNRW32P: Response too small (3788 bytes)
[2026-07-28 21:48:59]   ⚪ Error checking B0GQNZDZSH: Response too small (3788 bytes)
[2026-07-28 21:48:59]   ⚪ Error checking B0GQNXDHCG: Response too small (3788 bytes)
[2026-07-28 21:49:00]   ⚪ Error checking B08LKXCL65: Response too small (3788 bytes)
[2026-07-28 21:49:01]   ⚪ Error checking B08YMBQJ49: Response too small (3788 bytes)
[2026-07-28 21:49:01]   ⚪ Error checking B0DCXJYNVX: Response too small (3788 bytes)
[2026-07-28 21:49:02]   ⚪ Error checking B0F635TP3X: Response too small (3788 bytes)
[2026-07-28 21:49:03]   ⚪ Error checking B0H3Z4H5X5: Response too small (3788 bytes)
[2026-07-28 21:49:03]   ⚪ Error checking B07FY2HGL9: Response too small (3788 bytes)
[2026-07-28 21:49:04]   ⚪ Error checking B0DCTNQ1BB: Response too small (3788 bytes)
[2026-07-28 21:49:04]   ⚪ Error checking B08DS9ZNYW: Response too small (3788 bytes)
[2026-07-28 21:49:05]   ⚪ Error checking B01LYC1XSM: Response too small (3788 bytes)
[2026-07-28 21:49:05]   ⚪ Error checking B0DPMQYNG4: Response too small (3788 bytes)
[2026-07-28 21:49:06]   ⚪ Error checking B0CZ8VPFZY: Response too small (3788 bytes)
[2026-07-28 21:49:07]   ⚪ Error checking B0CR14YJ23: Response too small (3788 bytes)
[2026-07-28 21:49:07]   ⚪ Error checking B0CR16LR9M: Response too small (3788 bytes)
[2026-07-28 21:49:08]   ⚪ Error checking B073429DV2: Response too small (3788 bytes)
[2026-07-28 21:49:08]   ⚪ Error checking B0FDKWT87L: Response too small (3788 bytes)
[2026-07-28 21:49:09]   ⚪ Error checking B0B9MDW3WW: Response too small (3788 bytes)
[2026-07-28 21:49:10]   ⚪ Error checking B074PR4FRT: Response too small (3788 bytes)
[2026-07-28 21:49:10]   ⚪ Error checking B0FQJVSNR7: Response too small (3788 bytes)
[2026-07-28 21:49:11]   ⚪ Error checking B082WWGCC9: Response too small (3788 bytes)
[2026-07-28 21:49:11]   ⚪ Error checking B0DQHJR1YB: Response too small (3788 bytes)
[2026-07-28 21:49:12]   ⚪ Error checking B0F3D8LHV4: Response too small (3788 bytes)
[2026-07-28 21:49:12]   ⚪ Error checking B0GGY8X8VV: Response too small (3788 bytes)
[2026-07-28 21:49:13]   ⚪ Error checking B08VGGSS2H: Response too small (3788 bytes)
[2026-07-28 21:49:13]   ⚪ Error checking B09CYLZPYP: Response too small (3788 bytes)
[2026-07-28 21:49:14]   ⚪ Error checking B0FP1H4RB9: Response too small (3788 bytes)
[2026-07-28 21:49:14]   ⚪ Error checking B087JH5Q4H: Response too small (3788 bytes)
[2026-07-28 21:49:15]   ⚪ Error checking B0C2CBP6NF: Response too small (3788 bytes)
[2026-07-28 21:49:15]   ⚪ Error checking B0GS3JX13K: Response too small (3788 bytes)
[2026-07-28 21:49:16]   ⚪ Error checking B0FLPY7SPN: Response too small (3788 bytes)
[2026-07-28 21:49:16]   ⚪ Error checking B0GS31351Z: Response too small (3788 bytes)
[2026-07-28 21:49:17]   ⚪ Error checking B083V8KRL4: Response too small (3788 bytes)
[2026-07-28 21:49:17]   ⚪ Error checking B08637XW4H: Response too small (3788 bytes)
[2026-07-28 21:49:18]   ⚪ Error checking B0DCXJYNVX: Response too small (3788 bytes)
[2026-07-28 21:49:18]   ⚪ Error checking B0DKTCWC8X: Response too small (3788 bytes)
[2026-07-28 21:49:19]   ⚪ Error checking B0H3Z4H5X5: Response too small (3788 bytes)
[2026-07-28 21:49:19]   ⚪ Error checking B0F635TP3X: Response too small (3788 bytes)
[2026-07-28 21:49:20]   ⚪ Error checking B07FY2HGL9: Response too small (3788 bytes)
[2026-07-28 21:49:20]   ⚪ Error checking B0DCTNQ1BB: Response too small (3788 bytes)
[2026-07-28 21:49:21]   ⚪ Error checking B08DS9ZNYW: Response too small (3788 bytes)
[2026-07-28 21:49:21]   ⚪ Error checking B0DPMQYNG4: Response too small (3788 bytes)
[2026-07-28 21:49:22]   ⚪ Error checking B0CZ8VPFZY: Response too small (3788 bytes)
[2026-07-28 21:49:23]   ⚪ Error checking B0CR14YJ23: Response too small (3788 bytes)
[2026-07-28 21:49:24]   ⚪ Error checking B0FDKWT87L: Response too small (3788 bytes)
[2026-07-28 21:49:24]   ⚪ Error checking B0CR16LR9M: Response too small (3788 bytes)
[2026-07-28 21:49:25]   ⚪ Error checking B0B9MDW3WW: Response too small (3788 bytes)
[2026-07-28 21:49:25]   ⚪ Error checking B073429DV2: Response too small (3788 bytes)
[2026-07-28 21:49:26]   ⚪ Error checking B074PR4FRT: Response too small (3788 bytes)
[2026-07-28 21:49:27]   ⚪ Error checking B0FQJVSNR7: Response too small (3788 bytes)
[2026-07-28 21:49:27]   ⚪ Error checking B082WWGCC9: Response too small (3788 bytes)
[2026-07-28 21:49:28]   ⚪ Error checking B0F3D8LHV4: Response too small (3788 bytes)
[2026-07-28 21:49:28]   ⚪ Error checking B0DQHJR1YB: Response too small (3788 bytes)
[2026-07-28 21:49:29]   ⚪ Error checking B0GGY8X8VV: Response too small (3788 bytes)
[2026-07-28 21:49:29]   ⚪ Error checking B08VGGSS2H: Response too small (3788 bytes)
[2026-07-28 21:49:30]   ⚪ Error checking B09CYLZPYP: Response too small (3788 bytes)
[2026-07-28 21:49:30]   ⚪ Error checking B087JH5Q4H: Response too small (3788 bytes)
[2026-07-28 21:49:31]   ⚪ Error checking B0FP1H4RB9: Response too small (3788 bytes)
[2026-07-28 21:49:31]   ⚪ Error checking B0GS3JX13K: Response too small (3788 bytes)
[2026-07-28 21:49:32]   ⚪ Error checking B07G9LQFJ8: Response too small (3788 bytes)
[2026-07-28 21:49:32]   ⚪ Error checking B083V8KRL4: Response too small (3788 bytes)
[2026-07-28 21:49:33]   ⚪ Error checking B08637XW4H: Response too small (3788 bytes)
[2026-07-28 21:49:33]   ⚪ Error checking B0H2CZPFXG: Response too small (3788 bytes)
[2026-07-28 21:49:34]   ⚪ Error checking B0H41C3M6Q: Response too small (3788 bytes)
[2026-07-28 21:49:35]   ⚠️  STALE B0GS31351Z (best-bath-towels): Page says: Currently unavailable
[2026-07-28 21:49:36]   ⚪ Error checking B0GYD3SW2H: Response too small (3788 bytes)
[2026-07-28 21:49:36]   ⚪ Error checking B0GWZPXFQG: Response too small (3788 bytes)
[2026-07-28 21:49:37]   ⚪ Error checking B0H5C72VC6: Response too small (3788 bytes)
[2026-07-28 21:49:37]   ⚪ Error checking B0CX7T6BR3: Response too small (3788 bytes)
[2026-07-28 21:49:38]   ⚪ Error checking B0H4ZG6LHH: Response too small (3781 bytes)
[2026-07-28 21:49:38]   ⚪ Error checking B0GN8KK8XW: Response too small (3788 bytes)
[2026-07-28 21:49:39]   ⚪ Error checking B0FY68QS67: Response too small (3788 bytes)
[2026-07-28 21:49:39] ============================================================
[2026-07-28 21:49:39] whatarebest.com product staleness check starting
[2026-07-28 21:49:39] Extracting ASINs from build script...
[2026-07-28 21:49:39]   ⚪ Error checking B0GGYYQLXL: Response too small (3788 bytes)
[2026-07-28 21:49:39] Found 421 categories with 5367 total ASINs
[2026-07-28 21:49:39] Priority (not checked in 48h): 421 slugs
[2026-07-28 21:49:39] Already recent: 0 slugs
[2026-07-28 21:49:39] Checking 1351 ASINs across 100 categories...
[2026-07-28 21:49:39]   ⚪ Error checking B07WRM6NJG: Response too small (3788 bytes)
[2026-07-28 21:49:40]   ⚪ Error checking B0H1QT2Q5N: Response too small (3788 bytes)
[2026-07-28 21:49:40]   ⚪ Error checking B0CSZ7WBYW: Response too small (3788 bytes)
[2026-07-28 21:49:40]   ⚪ Error checking B0F3X41Q86: Response too small (3788 bytes)
[2026-07-28 21:49:40]   ⚪ Error checking B00FLYWNYQ: Response too small (3788 bytes)
[2026-07-28 21:49:41]   ⚪ Error checking B0H5K3LPSP: Response too small (3788 bytes)
[2026-07-28 21:49:41]   ⚪ Error checking B06Y1YD5W7: Response too small (3788 bytes)
[2026-07-28 21:49:41]   ⚪ Error checking B00GRL9UTS: Response too small (3788 bytes)
[2026-07-28 21:49:41]   ⚪ Error checking B08PPZWNCV: Response too small (3788 bytes)
[2026-07-28 21:49:42]   ⚪ Error checking B08747N388: Response too small (3788 bytes)
[2026-07-28 21:49:42]   ⚪ Error checking B08PQ2KWHS: Response too small (3788 bytes)
[2026-07-28 21:49:42]   ⚪ Error checking B0DTP5SMTS: Response too small (3788 bytes)
[2026-07-28 21:49:42]   ⚪ Error checking B09MZTSSR2: Response too small (3788 bytes)
[2026-07-28 21:49:43]   ⚪ Error checking B0GJRJWNFQ: Response too small (3788 bytes)
[2026-07-28 21:49:43]   ⚪ Error checking B07MVLYF7L: Response too small (3788 bytes)
[2026-07-28 21:49:43]   ⚪ Error checking B089TQWJKK: Response too small (3788 bytes)
[2026-07-28 21:49:44]   ⚪ Error checking B0GRXQ5LXP: Response too small (3788 bytes)
[2026-07-28 21:49:44]   ⚠️  STALE B0C33CHG99 (kitchen): Page says: Currently unavailable
[2026-07-28 21:49:44]   ⚪ Error checking B0DZSK67T3: Response too small (3788 bytes)
[2026-07-28 21:49:44]   ⚪ Error checking B08DZC32BB: Response too small (3788 bytes)
[2026-07-28 21:49:45]   ⚪ Error checking B0DT8WZQJ9: Response too small (3788 bytes)
[2026-07-28 21:49:45]   ⚠️  STALE B01NBKTPTS (kitchen): Page says: Currently unavailable
[2026-07-28 21:49:45]   ⚪ Error checking B0DT94YSQH: Response too small (3788 bytes)
[2026-07-28 21:49:45]   ⚪ Error checking B0C1LDRFSK: Response too small (3788 bytes)
[2026-07-28 21:49:46]   ⚪ Error checking B0GCFY5M1G: Response too small (3788 bytes)
[2026-07-28 21:49:46]   ⚪ Error checking B0D7N8HJRZ: Response too small (3788 bytes)
[2026-07-28 21:49:46]   ⚪ Error checking B0DT8X23J3: Response too small (3788 bytes)
[2026-07-28 21:49:46]   ⚪ Error checking B00LU2I428: Response too small (3788 bytes)
[2026-07-28 21:49:47]   ⚪ Error checking B0G918JCZ8: Response too small (3788 bytes)
[2026-07-28 21:49:47]   ⚪ Error checking B0CKLXZRMC: Response too small (3788 bytes)
[2026-07-28 21:49:47]   ⚪ Error checking B0F8BR17T2: Response too small (3788 bytes)
[2026-07-28 21:49:47]   ⚪ Error checking B0DCCY5JCP: Response too small (3788 bytes)
[2026-07-28 21:49:48]   ⚪ Error checking B09FPXQGL5: Response too small (3788 bytes)
[2026-07-28 21:49:48]   ⚪ Error checking B0B4T992R8: Response too small (3788 bytes)
[2026-07-28 21:49:48]   ⚪ Error checking B09C8HR4Z9: Response too small (3788 bytes)
[2026-07-28 21:49:48]   ⚪ Error checking B0FHBXMFC1: Response too small (3788 bytes)
[2026-07-28 21:49:49]   ⚪ Error checking B0FZ96XSWQ: Response too small (3788 bytes)
[2026-07-28 21:49:49]   ⚪ Error checking B09NPCV3DC: Response too small (3788 bytes)
[2026-07-28 21:49:49]   ⚪ Error checking B0GC51K418: Response too small (3788 bytes)
[2026-07-28 21:49:49]   ⚪ Error checking B0FRB6HNKC: Response too small (3788 bytes)
[2026-07-28 21:49:50]   ⚪ Error checking B0BLXSTSYB: Response too small (3788 bytes)
[2026-07-28 21:49:50]   ⚪ Error checking B0F7H7FKMY: Response too small (3788 bytes)
[2026-07-28 21:49:50]   ⚪ Error checking B0BM437HK9: Response too small (3788 bytes)
[2026-07-28 21:49:50]   ⚪ Error checking B0BYLX91ZL: Response too small (3788 bytes)
[2026-07-28 21:49:51]   ⚪ Error checking B093CM4G6R: Response too small (3788 bytes)
[2026-07-28 21:49:51]   ⚪ Error checking B0DS5FD8W5: Response too small (3788 bytes)
[2026-07-28 21:49:51]   ⚪ Error checking B0G35GL4WW: Response too small (3788 bytes)
[2026-07-28 21:49:51]   ⚪ Error checking B000WEMGM4: Response too small (3788 bytes)
[2026-07-28 21:49:52]   ⚪ Error checking B07L54ZV6M: Response too small (3788 bytes)
[2026-07-28 21:49:52]   ⚪ Error checking B0CRBK6W7F: Response too small (3788 bytes)
[2026-07-28 21:49:52]   ⚪ Error checking B07L55JD2F: Response too small (3788 bytes)
[2026-07-28 21:49:52]   ⚪ Error checking B0GJFW5VTH: Response too small (3788 bytes)
[2026-07-28 21:49:53]   ⚪ Error checking B07L54NPF7: Response too small (3788 bytes)
[2026-07-28 21:49:53]   ⚪ Error checking B0GJFWK1PD: Response too small (3788 bytes)
[2026-07-28 21:49:53]   ⚪ Error checking B0H3T61SL8: Response too small (3788 bytes)
[2026-07-28 21:49:53]   ⚪ Error checking B0GJG929GX: Response too small (3788 bytes)
[2026-07-28 21:49:54]   ⚪ Error checking B08CVTKRRR: Response too small (3788 bytes)
[2026-07-28 21:49:54]   ⚪ Error checking B07MWY7SJR: Response too small (3788 bytes)
[2026-07-28 21:49:54]   ⚪ Error checking B0GGZKM1S3: Response too small (3788 bytes)
[2026-07-28 21:49:54]   ⚪ Error checking B07XJRF5TW: Response too small (3788 bytes)
[2026-07-28 21:49:55]   ⚪ Error checking B08346W5S6: Response too small (3788 bytes)
[2026-07-28 21:49:55]   ⚪ Error checking B07XJRF5TW: Response too small (3788 bytes)
[2026-07-28 21:49:55]   ⚪ Error checking B0CQX59N7F: Response too small (3788 bytes)
[2026-07-28 21:49:55]   ⚪ Error checking B0DHWRHKSM: Response too small (3788 bytes)
[2026-07-28 21:49:56]   ⚪ Error checking B0GDDJ3P8Z: Response too small (3788 bytes)
[2026-07-28 21:49:56]   ⚪ Error checking B0DHWV615D: Response too small (3788 bytes)
[2026-07-28 21:49:56]   ⚪ Error checking B009378AG2: Response too small (3788 bytes)
[2026-07-28 21:49:57]   ⚪ Error checking B07KJGR9JZ: Response too small (3788 bytes)
[2026-07-28 21:49:57]   ⚪ Error checking B0G338V3V7: Response too small (3788 bytes)
[2026-07-28 21:49:57]   ⚪ Error checking B07665GLFH: Response too small (3788 bytes)
[2026-07-28 21:49:57]   ⚪ Error checking B0CDM6Z66T: Response too small (3788 bytes)
[2026-07-28 21:49:58]   ⚪ Error checking B0FQ4WZBTT: Response too small (3788 bytes)
[2026-07-28 21:49:58]   ⚪ Error checking B0H2CZPFXG: Response too small (3788 bytes)
[2026-07-28 21:49:58]   ⚪ Error checking B0GCHT1YFC: Response too small (3788 bytes)
[2026-07-28 21:49:58]   ⚪ Error checking B0H41C3M6Q: Response too small (3788 bytes)
[2026-07-28 21:49:59]   ⚪ Error checking B0828613J4: Response too small (3788 bytes)
[2026-07-28 21:49:59]   ⚪ Error checking B0GYD3SW2H: Response too small (3788 bytes)
[2026-07-28 21:49:59]   ⚪ Error checking B0FKGSLYWJ: Response too small (3788 bytes)
[2026-07-28 21:49:59]   ⚪ Error checking B0GWZPXFQG: Response too small (3788 bytes)
[2026-07-28 21:50:00]   ⚪ Error checking B08M4FD4WR: Response too small (3788 bytes)
[2026-07-28 21:50:00]   ⚪ Error checking B0H4ZG6LHH: Response too small (3788 bytes)
[2026-07-28 21:50:00]   ⚪ Error checking B0G2CYCQS9: Response too small (3788 bytes)
[2026-07-28 21:50:00]   ⚪ Error checking B0H5C72VC6: Response too small (3788 bytes)
[2026-07-28 21:50:01]   ⚪ Error checking B0G2CZYNS1: Response too small (3788 bytes)
[2026-07-28 21:50:01]   ⚪ Error checking B0FY68QS67: Response too small (3788 bytes)
[2026-07-28 21:50:01]   ⚪ Error checking B0G2CXSBBF: Response too small (3788 bytes)
[2026-07-28 21:50:01]   ⚪ Error checking B0GN8KK8XW: Response too small (3788 bytes)
[2026-07-28 21:50:02]   ⚪ Error checking B0G2D1SXLQ: Response too small (3788 bytes)
[2026-07-28 21:50:02]   ⚪ Error checking B0H1QT2Q5N: Response too small (3788 bytes)
[2026-07-28 21:50:02]   ⚪ Error checking B0GGYYQLXL: Response too small (3788 bytes)
[2026-07-28 21:50:03]   ⚪ Error checking B00IWOJRSM: Response too small (3788 bytes)
[2026-07-28 21:50:03]   ⚪ Error checking B0F3X41Q86: Response too small (3788 bytes)
[2026-07-28 21:50:03]   ⚪ Error checking B001L3AI0M: Response too small (3788 bytes)
[2026-07-28 21:50:03]   ⚪ Error checking B0H5K3LPSP: Response too small (3788 bytes)
[2026-07-28 21:50:04]   ⚪ Error checking B08W41ZN2P: Response too small (3788 bytes)
[2026-07-28 21:50:04]   ⚪ Error checking B00GRL9UTS: Response too small (3788 bytes)
[2026-07-28 21:50:04]   ⚪ Error checking B0CWGV674H: Response too small (3788 bytes)
[2026-07-28 21:50:04]   ⚪ Error checking B08747N388: Response too small (3788 bytes)
[2026-07-28 21:50:05]   ⚪ Error checking B07DD3CPMW: Response too small (3788 bytes)
[2026-07-28 21:50:05]   ⚪ Error checking B0DTP5SMTS: Response too small (3788 bytes)
[2026-07-28 21:50:05]   ⚪ Error checking B08FB31NH5: Response too small (3788 bytes)
[2026-07-28 21:50:05]   ⚪ Error checking B0GJRJWNFQ: Response too small (3788 bytes)
[2026-07-28 21:50:06]   ⚪ Error checking B0FVFMFRKR: Response too small (3788 bytes)
[2026-07-28 21:50:06]   ⚪ Error checking B07MVLYF7L: Response too small (3788 bytes)
[2026-07-28 21:50:06]   ⚪ Error checking B07DD385JN: Response too small (3788 bytes)
[2026-07-28 21:50:06]   ⚪ Error checking B0GRXQ5LXP: Response too small (3788 bytes)
[2026-07-28 21:50:07]   ⚪ Error checking B0CHZBZ25Y: Response too small (3788 bytes)
[2026-07-28 21:50:07]   ⚪ Error checking B0DZSK67T3: Response too small (3788 bytes)
[2026-07-28 21:50:07]   ⚪ Error checking B00VA5HG0Q: Response too small (3788 bytes)
[2026-07-28 21:50:07]   ⚪ Error checking B0GCFY5M1G: Response too small (3788 bytes)
[2026-07-28 21:50:08]   ⚪ Error checking B09ZHZ3L5Z: Response too small (3788 bytes)
[2026-07-28 21:50:08]   ⚪ Error checking B0DT8WZQJ9: Response too small (3788 bytes)
[2026-07-28 21:50:08]   ⚪ Error checking B0C9SY6R4H: Response too small (3788 bytes)
[2026-07-28 21:50:08]   ⚪ Error checking B0DT94YSQH: Response too small (3788 bytes)
[2026-07-28 21:50:09]   ⚠️  STALE B0FGD197QX (kitchen): Page says: Currently unavailable
[2026-07-28 21:50:09]   ⚠️  STALE B0CX7T6BR3 (best-robotic-lawn-mowers): Page says: Currently unavailable
[2026-07-28 21:50:09]   ⚪ Error checking B0BHYZ1KH7: Response too small (3788 bytes)
[2026-07-28 21:50:09]   ⚪ Error checking B0DT8X23J3: Response too small (3788 bytes)
[2026-07-28 21:50:10]   ⚪ Error checking B0H4141HVT: Response too small (3788 bytes)
[2026-07-28 21:50:10]   ⚪ Error checking B0G918JCZ8: Response too small (3788 bytes)
[2026-07-28 21:50:10]   ⚪ Error checking B07C8V4FDR: Response too small (3788 bytes)
[2026-07-28 21:50:10]   ⚪ Error checking B0F8BR17T2: Response too small (3788 bytes)
[2026-07-28 21:50:11]   ⚪ Error checking B09FPXQGL5: Response too small (3788 bytes)
[2026-07-28 21:50:11]   ⚪ Error checking B01COO5O50: Response too small (3788 bytes)
[2026-07-28 21:50:11]   ⚪ Error checking B09C8HR4Z9: Response too small (3788 bytes)
[2026-07-28 21:50:12]   ⚪ Error checking B09YMQMBDT: Response too small (3788 bytes)
[2026-07-28 21:50:12]   ⚪ Error checking B0FZ96XSWQ: Response too small (3788 bytes)
[2026-07-28 21:50:12]   ⚪ Error checking B088P9H3V7: Response too small (3788 bytes)
[2026-07-28 21:50:12]   ⚪ Error checking B0GC51K418: Response too small (3788 bytes)
[2026-07-28 21:50:13]   ⚪ Error checking B0026RHI3M: Response too small (3788 bytes)
[2026-07-28 21:50:13]   ⚪ Error checking B0BLXSTSYB: Response too small (3788 bytes)
[2026-07-28 21:50:13]   ⚪ Error checking B0C5JG697C: Response too small (3788 bytes)
[2026-07-28 21:50:13]   ⚪ Error checking B093CM4G6R: Response too small (3788 bytes)
[2026-07-28 21:50:14]   ⚪ Error checking B005D6GFFA: Response too small (3788 bytes)
[2026-07-28 21:50:14]   ⚪ Error checking B0BM437HK9: Response too small (3788 bytes)
[2026-07-28 21:50:14]   ⚪ Error checking B08ZMVYWMD: Response too small (3788 bytes)
[2026-07-28 21:50:14]   ⚪ Error checking B0G35GL4WW: Response too small (3788 bytes)
[2026-07-28 21:50:15]   ⚪ Error checking B082HCZ44Z: Response too small (3788 bytes)
[2026-07-28 21:50:15] 
Summary:
[2026-07-28 21:50:15]   Checked: 1351 ASINs
[2026-07-28 21:50:15]   Stale/unavailable: 179 ASINs across 29 categories
[2026-07-28 21:50:15] 
Stale products by category:
[2026-07-28 21:50:15]   kitchen:
[2026-07-28 21:50:15]     - B07WRM6NJG: Page says: Currently unavailable
[2026-07-28 21:50:15]     - B08DZC32BB: Page says: Currently unavailable
[2026-07-28 21:50:15]     - B09NPCV3DC: Page says: Currently unavailable
[2026-07-28 21:50:15]     - B0F7H7FKMY: Page says: Currently unavailable
[2026-07-28 21:50:15]     - B0FRB6HNKC: Page says: Currently unavailable
[2026-07-28 21:50:15]     - B000WEMGM4: Page says: Currently unavailable
[2026-07-28 21:50:15]     - B07MWY7SJR: Page says: Currently unavailable
[2026-07-28 21:50:15]     - B07XJRF5TW: Page says: Currently unavailable
[2026-07-28 21:50:15]     - B0DHWTBDM3: Page says: Currently unavailable
[2026-07-28 21:50:15]     - B0DHWV615D: Page says: Currently unavailable
[2026-07-28 21:50:15]     - B07KJGR9JZ: Page says: Currently unavailable
[2026-07-28 21:50:15]     - B07665GLFH: Page says: Currently unavailable
[2026-07-28 21:50:15]     - B0G2CZYNS1: Page says: Currently unavailable
[2026-07-28 21:50:15]     - B08W41ZN2P: Page says: Currently unavailable
[2026-07-28 21:50:15]     - B001CH0ZLE: Page says: Currently unavailable
[2026-07-28 21:50:15]     - B0CWGV674H: Page says: Currently unavailable
[2026-07-28 21:50:15]     - B07DD3CPMW: Page says: Currently unavailable
[2026-07-28 21:50:15]     - B0FVFMFRKR: Page says: Currently unavailable
[2026-07-28 21:50:15]     - B08FB31NH5: Page says: Currently unavailable
[2026-07-28 21:50:15]     - B0CHZBZ25Y: Page says: Currently unavailable
[2026-07-28 21:50:15]     - B00VA5HG0Q: Page says: Currently unavailable
[2026-07-28 21:50:15]     - B0924GVJTS: Page says: Currently unavailable
[2026-07-28 21:50:15]     - B0BHYZ1KH7: Page says: Currently unavailable
[2026-07-28 21:50:15]     - B0H4141HVT: Page says: Currently unavailable
[2026-07-28 21:50:15]     - B01COO5O50: Page says: Currently unavailable
[2026-07-28 21:50:15]     - B0049C2S32: Page says: Currently unavailable
[2026-07-28 21:50:15]     - B09YMQMBDT: Page says: Currently unavailable
[2026-07-28 21:50:15]     - B088P9H3V7: Page says: Currently unavailable
[2026-07-28 21:50:15]     - B08RCKDZZN: Page says: Currently unavailable
[2026-07-28 21:50:15]     - B0CPPCV11Y: Page says: Currently unavailable
[2026-07-28 21:50:15]     - B0FHKNX6TF: Page says: Currently unavailable
[2026-07-28 21:50:15]     - B09SHCHNNH: Page says: Currently unavailable
[2026-07-28 21:50:15]     - B09SHBCJ5W: Page says: Currently unavailable
[2026-07-28 21:50:15]     - B0H1R8VHZV: Page says: Currently unavailable
[2026-07-28 21:50:15]     - B0F83M3QYX: Page says: Currently unavailable
[2026-07-28 21:50:15]     - B0BR8HZL9V: Page says: Currently unavailable
[2026-07-28 21:50:15]     - B093DYPBYR: Page says: Currently unavailable
[2026-07-28 21:50:15]     - B01GJOMWVA: Page says: Currently unavailable
[2026-07-28 21:50:15]     - B077K9YW7D: Page says: Currently unavailable
[2026-07-28 21:50:15]     - B0DDKGDCDY: Page says: Currently unavailable
[2026-07-28 21:50:15]     - B0GX63LBSZ: Page says: Currently unavailable
[2026-07-28 21:50:15]     - B0FY3YWNQN: Page says: Currently unavailable
[2026-07-28 21:50:15]     - B0FX9LDLMX: Page says: Currently unavailable
[2026-07-28 21:50:15]     - B0GYPVM45R: Page says: Currently unavailable
[2026-07-28 21:50:15]     - B0F913GLMC: Page says: Currently unavailable
[2026-07-28 21:50:15]     - B0GTLM8B99: Page says: Currently unavailable
[2026-07-28 21:50:15]     - B09ZV37WC6: Page says: Currently unavailable
[2026-07-28 21:50:15]     - B09Y25BY8G: Page says: Currently unavailable
[2026-07-28 21:50:15]     - B09S12WX42: Page says: Currently unavailable
[2026-07-28 21:50:15]     - B0FB4DNM1H: Page says: Currently unavailable
[2026-07-28 21:50:15]     - B0FVW82JFG: Page says: Currently unavailable
[2026-07-28 21:50:15]     - B08CZWT4XD: Page says: Currently unavailable
[2026-07-28 21:50:15]     - B08CYD9137: Page says: Currently unavailable
[2026-07-28 21:50:15]     - B0GT49W5FF: Page says: Currently unavailable
[2026-07-28 21:50:15]     - B08XM1B6ZX: Page says: Currently unavailable
[2026-07-28 21:50:15]     - B08XLDWJYV: Page says: Currently unavailable
[2026-07-28 21:50:15]     - B0C8HPJW4J: Page says: Currently unavailable
[2026-07-28 21:50:15]     - B0DGLVW188: Page says: Currently unavailable
[2026-07-28 21:50:15]     - B0BTTLVYJW: Page says: Currently unavailable
[2026-07-28 21:50:15]     - B09Z6HGKKK: Page says: Currently unavailable
[2026-07-28 21:50:15]     - B09Z6JCGQC: Page says: Currently unavailable
[2026-07-28 21:50:15]     - B09B9Q8TMC: Page says: Currently unavailable
[2026-07-28 21:50:15]     - B0C1CFYQ5F: Page says: Currently unavailable
[2026-07-28 21:50:15]     - B011CY8Y78: Page says: Currently unavailable
[2026-07-28 21:50:15]     - B00MYI0VYG: Page says: Currently unavailable
[2026-07-28 21:50:15]     - B0D2P1HSCV: Page says: Currently unavailable
[2026-07-28 21:50:15]     - B07WFF17BQ: Page says: Currently unavailable
[2026-07-28 21:50:15]     - B0D1CWD525: Page says: Currently unavailable
[2026-07-28 21:50:15]     - B0FH6YL3XC: Page says: Currently unavailable
[2026-07-28 21:50:15]     - B0FM323HPY: Page says: Currently unavailable
[2026-07-28 21:50:15]     - B0D1FWNSYM: Page says: Currently unavailable
[2026-07-28 21:50:15]     - B0GRTFRMZY: Page says: Currently unavailable
[2026-07-28 21:50:15]     - B0GRTKQBCN: Page says: Currently unavailable
[2026-07-28 21:50:15]     - B0GRTFNGNL: Page says: Currently unavailable
[2026-07-28 21:50:15]     - B0GRTHD2TR: Page says: Currently unavailable
[2026-07-28 21:50:15]     - B0D3ZBWNZT: Page says: Currently unavailable
[2026-07-28 21:50:15]     - B0D91CQ69R: Page says: Currently unavailable
[2026-07-28 21:50:15]     - B08F72TY67: Page says: Currently unavailable
[2026-07-28 21:50:15]     - B0F2HJFNBV: Page says: Currently unavailable
[2026-07-28 21:50:15]     - B0CKY4YGX3: Page says: Currently unavailable
[2026-07-28 21:50:15]     - B0DP8P1N7G: Page says: Currently unavailable
[2026-07-28 21:50:15]     - B0042QGCEG: Page says: Currently unavailable
[2026-07-28 21:50:15]     - B07PGFF7W2: Page says: Currently unavailable
[2026-07-28 21:50:15]     - B097YBGF7V: Page says: Currently unavailable
[2026-07-28 21:50:15]     - B08FD64QGT: Page says: Currently unavailable
[2026-07-28 21:50:15]     - B0CGZPR3X9: Page says: Currently unavailable
[2026-07-28 21:50:15]     - B0CGZR4VNQ: Page says: Currently unavailable
[2026-07-28 21:50:15]     - B07V4B65VR: HTTP 404
[2026-07-28 21:50:15]     - B01F59K0KA: Page says: Currently unavailable
[2026-07-28 21:50:15]     - B000SAS5GI: Page says: Currently unavailable
[2026-07-28 21:50:15]     - B000AX13US: Page says: Currently unavailable
[2026-07-28 21:50:15]     - B0H111X5ZQ: Page says: Currently unavailable
[2026-07-28 21:50:15]     - B084NY86RS: Page says: Currently unavailable
[2026-07-28 21:50:15]     - B00004OCKR: Page says: Currently unavailable
[2026-07-28 21:50:15]     - B01N43UELZ: Page says: Currently unavailable
[2026-07-28 21:50:15]     - B07LBCYKT4: Page says: Currently unavailable
[2026-07-28 21:50:15]     - B091JXDLDX: Page says: Currently unavailable
[2026-07-28 21:50:15]   cooking-appliances:
[2026-07-28 21:50:15]     - B06Y1YD5W7: Page says: Currently unavailable
[2026-07-28 21:50:15]     - B08PPZWNCV: Page says: Currently unavailable
[2026-07-28 21:50:15]     - B089TQWJKK: Page says: Currently unavailable
[2026-07-28 21:50:15]     - B0C1LDRFSK: Page says: Currently unavailable
[2026-07-28 21:50:15]     - B0DCCY5JCP: Page says: Currently unavailable
[2026-07-28 21:50:15]     - B0CKLXZRMC: Page says: Currently unavailable
[2026-07-28 21:50:15]     - B0FHBXMFC1: Page says: Currently unavailable
[2026-07-28 21:50:15]     - B09NPCV3DC: Page says: Currently unavailable
[2026-07-28 21:50:15]     - B0FRB6HNKC: Page says: Currently unavailable
[2026-07-28 21:50:15]     - B0DS5FD8W5: Page says: Currently unavailable
[2026-07-28 21:50:15]     - B07MWY7SJR: Page says: Currently unavailable
[2026-07-28 21:50:15]     - B07XJRF5TW: Page says: Currently unavailable
[2026-07-28 21:50:15]     - B0DHWTBDM3: Page says: Currently unavailable
[2026-07-28 21:50:15]     - B07KJGR9JZ: Page says: Currently unavailable
[2026-07-28 21:50:15]     - B07665GLFH: Page says: Currently unavailable
[2026-07-28 21:50:15]     - B0828613J4: Page says: Currently unavailable
[2026-07-28 21:50:15]     - B0FKGSLYWJ: Page says: Currently unavailable
[2026-07-28 21:50:15]     - B0FGD197QX: Page says: Currently unavailable
[2026-07-28 21:50:15]     - B0G2CZYNS1: Page says: Currently unavailable
[2026-07-28 21:50:15]     - B00IWOJRSM: Page says: Currently unavailable
[2026-07-28 21:50:15]   best-air-fryers:
[2026-07-28 21:50:15]     - B0C33CHG99: Page says: Currently unavailable
[2026-07-28 21:50:15]     - B07WRM6NJG: Page says: Currently unavailable
[2026-07-28 21:50:15]   best-instant-pots:
[2026-07-28 21:50:15]     - B00FLYWNYQ: Page says: Currently unavailable
[2026-07-28 21:50:15]     - B06Y1YD5W7: Page says: Currently unavailable
[2026-07-28 21:50:15]     - B09MZTSSR2: Page says: Currently unavailable
[2026-07-28 21:50:15]   best-toaster-ovens:
[2026-07-28 21:50:15]     - B0D7N8HJRZ: Page says: Currently unavailable
[2026-07-28 21:50:15]   best-electric-skillets:
[2026-07-28 21:50:15]     - B0BYLX91ZL: Page says: Currently unavailable
[2026-07-28 21:50:15]   best-waffle-makers:
[2026-07-28 21:50:15]     - B0GJFWK1PD: Page says: Currently unavailable
[2026-07-28 21:50:15]     - B0GJG929GX: Page says: Currently unavailable
[2026-07-28 21:50:15]   best-sous-vide-machines:
[2026-07-28 21:50:15]     - B07XJRF5TW: Page says: Currently unavailable
[2026-07-28 21:50:15]   best-deep-fryers:
[2026-07-28 21:50:15]     - B0DHWTBDM3: Page says: Currently unavailable
[2026-07-28 21:50:15]   best-food-dehydrators:
[2026-07-28 21:50:15]     - B0828613J4: Page says: Currently unavailable
[2026-07-28 21:50:15]   baking:
[2026-07-28 21:50:15]     - B08FB31NH5: Page says: Currently unavailable
[2026-07-28 21:50:15]     - B07DD385JN: Page says: Currently unavailable
[2026-07-28 21:50:15]     - B0049C2S32: Page says: Currently unavailable
[2026-07-28 21:50:15]     - B08RCKDZZN: Page says: Currently unavailable
[2026-07-28 21:50:15]     - B0CPPCV11Y: Page says: Currently unavailable
[2026-07-28 21:50:15]     - B0CX56FQBR: Page says: Currently unavailable
[2026-07-28 21:50:15]   best-hand-mixers:
[2026-07-28 21:50:15]     - B07DD3CPMW: Page says: Currently unavailable
[2026-07-28 21:50:15]     - B001CH0ZLE: Page says: Currently unavailable
[2026-07-28 21:50:15]     - B0FVFMFRKR: Page says: Currently unavailable
[2026-07-28 21:50:15]   best-dutch-ovens:
[2026-07-28 21:50:15]     - B0CHZBZ25Y: Page says: Currently unavailable
[2026-07-28 21:50:15]   best-bread-machines:
[2026-07-28 21:50:15]     - B0H4141HVT: Page says: Currently unavailable
[2026-07-28 21:50:15]   best-baking-sheets:
[2026-07-28 21:50:15]     - B01COO5O50: Page says: Currently unavailable
[2026-07-28 21:50:15]     - B0C5JG697C: Page says: Currently unavailable
[2026-07-28 21:50:15]   best-rolling-pins:
[2026-07-28 21:50:15]     - B0CPPCV11Y: Page says: Currently unavailable
[2026-07-28 21:50:15]   blending-and-processing:
[2026-07-28 21:50:15]     - B08559K7CN: Page says: Currently unavailable
[2026-07-28 21:50:15]     - B09SHBCJ5W: Page says: Currently unavailable
[2026-07-28 21:50:15]     - B076MJSRRC: Page says: Currently unavailable
[2026-07-28 21:50:15]     - B0CPLVLFK2: Page says: Currently unavailable
[2026-07-28 21:50:15]     - B09P8C9Q1H: Page says: Currently unavailable
[2026-07-28 21:50:15]     - B0H4QTPNZ3: Page says: Currently unavailable
[2026-07-28 21:50:15]     - B08BGB9Q62: Page says: Currently unavailable
[2026-07-28 21:50:15]     - B0CGWS1M51: Page says: Currently unavailable
[2026-07-28 21:50:15]     - B0GYPVM45R: Page says: Currently unavailable
[2026-07-28 21:50:15]     - B0GTQ9PKPJ: Page says: Currently unavailable
[2026-07-28 21:50:15]     - B0DBQJ4MRS: Page says: Currently unavailable
[2026-07-28 21:50:15]     - B0CJ6NT4F8: Page says: Currently unavailable
[2026-07-28 21:50:15]   best-immersion-blenders:
[2026-07-28 21:50:15]     - B09SH9XH37: Page says: Currently unavailable
[2026-07-28 21:50:15]     - B076MJSRRC: Page says: Currently unavailable
[2026-07-28 21:50:15]   best-juicers:
[2026-07-28 21:50:15]     - B0H217RFDG: Page says: Currently unavailable
[2026-07-28 21:50:15]     - B0F83M3QYX: Page says: Currently unavailable
[2026-07-28 21:50:15]   cookware:
[2026-07-28 21:50:15]     - B09HR771DL: Page says: Currently unavailable
[2026-07-28 21:50:15]     - B08CYD9137: Page says: Currently unavailable
[2026-07-28 21:50:15]     - B08XLDWJYV: Page says: Currently unavailable
[2026-07-28 21:50:15]     - B0GT4S98NK: Page says: Currently unavailable
[2026-07-28 21:50:15]     - B0DGLVW188: Page says: Currently unavailable
[2026-07-28 21:50:15]   best-cookware-sets:
[2026-07-28 21:50:15]     - B0DGLVW188: Page says: Currently unavailable
[2026-07-28 21:50:15]   knives:
[2026-07-28 21:50:15]     - B0FM323HPY: Page says: Currently unavailable
[2026-07-28 21:50:15]   kitchen-storage:
[2026-07-28 21:50:15]     - B0CKY4YGX3: Page says: Currently unavailable
[2026-07-28 21:50:15]     - B0BMFKGVXD: Page says: Currently unavailable
[2026-07-28 21:50:15]   home:
[2026-07-28 21:50:15]     - B079P7FQPM: Page says: Currently unavailable
[2026-07-28 21:50:15]     - B001ADL1SG: Page says: Currently unavailable
[2026-07-28 21:50:15]     - B089DR29T6: Page says: Currently unavailable
[2026-07-28 21:50:15]     - B0GCFY5M1G: Page says: Currently unavailable
[2026-07-28 21:50:15]     - B09FPXQGL5: Page says: Currently unavailable
[2026-07-28 21:50:15]     - B018YLFJX4: Page says: Currently unavailable
[2026-07-28 21:50:15]   best-canister-vacuums:
[2026-07-28 21:50:15]     - B07GB4S9H5: Page says: Currently unavailable
[2026-07-28 21:50:15]   hvac-air-quality:
[2026-07-28 21:50:15]     - B08DNJ8L55: Page says: Currently unavailable
[2026-07-28 21:50:15]   smart-home:
[2026-07-28 21:50:15]     - B0GLH9D157: Page says: Currently unavailable
[2026-07-28 21:50:15]   best-bath-towels:
[2026-07-28 21:50:15]     - B0GS31351Z: Page says: Currently unavailable
[2026-07-28 21:50:15]   best-robotic-lawn-mowers:
[2026-07-28 21:50:15]     - B0CX7T6BR3: Page says: Currently unavailable
[2026-07-28 21:50:15] 
Report saved to /tmp/whatarebest-stale-report.json
[2026-07-28 21:50:15] 
Attempting to find replacement products...
[2026-07-28 21:50:15]   Fetching replacements for kitchen (removing 97 stale)...
[2026-07-28 21:50:15]   ⚪ Error checking B08RCKDZZN: Response too small (3788 bytes)
[2026-07-28 21:50:16]   ⚪ Error checking B0CPPCV11Y: Response too small (3788 bytes)
[2026-07-28 21:50:16]     ⚠️  Could not find replacements for kitchen
[2026-07-28 21:50:16]   Fetching replacements for cooking-appliances (removing 20 stale)...
[2026-07-28 21:50:17]   ⚪ Error checking B0CX56FQBR: Response too small (3788 bytes)
[2026-07-28 21:50:17]   ⚪ Error checking B07CTH3722: Response too small (3788 bytes)
[2026-07-28 21:50:18]   ⚪ Error checking B0DBLKMPCG: Response too small (3788 bytes)
[2026-07-28 21:50:18]     ⚠️  Could not find replacements for cooking-appliances
[2026-07-28 21:50:18]   Fetching replacements for best-air-fryers (removing 2 stale)...
[2026-07-28 21:50:18]   ⚪ Error checking B0F9PD5LP4: Response too small (3788 bytes)
[2026-07-28 21:50:19]   ⚪ Error checking B07M7M898T: Response too small (3788 bytes)
[2026-07-28 21:50:20]   ⚪ Error checking B08559K7CN: Response too small (3788 bytes)
[2026-07-28 21:50:20]     ⚠️  Could not find replacements for best-air-fryers
[2026-07-28 21:50:20]   Fetching replacements for best-instant-pots (removing 3 stale)...
[2026-07-28 21:50:20]   ⚪ Error checking B08JXHQ3YF: Response too small (3788 bytes)
[2026-07-28 21:50:21]   ⚪ Error checking B09SH9XH37: Response too small (3788 bytes)
[2026-07-28 21:50:21]   ⚪ Error checking B09SHCHNNH: Response too small (3788 bytes)
[2026-07-28 21:50:21]     ⚠️  Could not find replacements for best-instant-pots
[2026-07-28 21:50:21]   Fetching replacements for best-toaster-ovens (removing 1 stale)...
[2026-07-28 21:50:22]   ⚪ Error checking B076MJSRRC: Response too small (3781 bytes)
[2026-07-28 21:50:22]   ⚠️  STALE B0FHKNX6TF (kitchen): Page says: Currently unavailable
[2026-07-28 21:50:23]   ⚪ Error checking B09P8C9Q1H: Response too small (3788 bytes)
[2026-07-28 21:50:23]     ⚠️  Could not find replacements for best-toaster-ovens
[2026-07-28 21:50:23]   Fetching replacements for best-electric-skillets (removing 1 stale)...
[2026-07-28 21:50:23]   ⚪ Error checking B0CDM1FZBX: Response too small (3788 bytes)
[2026-07-28 21:50:24]   ⚪ Error checking B08CF77W3B: Response too small (3788 bytes)
[2026-07-28 21:50:24]   ⚪ Error checking B0H1R8VHZV: Response too small (3788 bytes)
[2026-07-28 21:50:24]     ⚠️  Could not find replacements for best-electric-skillets
[2026-07-28 21:50:24]   Fetching replacements for best-waffle-makers (removing 2 stale)...
[2026-07-28 21:50:25]   ⚪ Error checking B0H217RFDG: Response too small (3788 bytes)
[2026-07-28 21:50:25]   ⚪ Error checking B0H4QTPNZ3: Response too small (3788 bytes)
[2026-07-28 21:50:26]   ⚪ Error checking B0G2VVYW93: Response too small (3788 bytes)
[2026-07-28 21:50:26]     ⚠️  Could not find replacements for best-waffle-makers
[2026-07-28 21:50:26]   Fetching replacements for best-sous-vide-machines (removing 1 stale)...
[2026-07-28 21:50:26]   ⚪ Error checking B0F83M3QYX: Response too small (3788 bytes)
[2026-07-28 21:50:27]   ⚪ Error checking B0BR8HZL9V: Response too small (3788 bytes)
[2026-07-28 21:50:27]   ⚪ Error checking B074MMJV8N: Response too small (3788 bytes)
[2026-07-28 21:50:27]     ⚠️  Could not find replacements for best-sous-vide-machines
[2026-07-28 21:50:27]   Fetching replacements for best-deep-fryers (removing 1 stale)...
[2026-07-28 21:50:28]   ⚪ Error checking B0FBSP99LX: Response too small (3788 bytes)
[2026-07-28 21:50:28]   ⚪ Error checking B093DYPBYR: Response too small (3788 bytes)
[2026-07-28 21:50:29]   ⚪ Error checking B01GJOMWVA: Response too small (3788 bytes)
[2026-07-28 21:50:30]     ⚠️  Could not find replacements for best-deep-fryers
[2026-07-28 21:50:30]   Fetching replacements for best-food-dehydrators (removing 1 stale)...
[2026-07-28 21:50:30]   ⚪ Error checking B00MVWGQX0: Response too small (3788 bytes)
[2026-07-28 21:50:31]   ⚪ Error checking B07S98411N: Response too small (3788 bytes)
[2026-07-28 21:50:31]     ⚠️  Could not find replacements for best-food-dehydrators
[2026-07-28 21:50:31]   Fetching replacements for baking (removing 6 stale)...
[2026-07-28 21:50:31]   ⚪ Error checking B0D9QGF1WX: Response too small (3788 bytes)
[2026-07-28 21:50:32]   ⚪ Error checking B077K9YW7D: Response too small (3788 bytes)
[2026-07-28 21:50:32]   ⚪ Error checking B01CTIYU60: Response too small (3788 bytes)
[2026-07-28 21:50:33]   ⚪ Error checking B0BWMNPJKH: Response too small (3788 bytes)
[2026-07-28 21:50:33]     ⚠️  Could not find replacements for baking
[2026-07-28 21:50:33]   Fetching replacements for best-hand-mixers (removing 3 stale)...
[2026-07-28 21:50:33]   ⚪ Error checking B08BGB9Q62: Response too small (3788 bytes)
[2026-07-28 21:50:34]   ⚪ Error checking B0CGWS1M51: Response too small (3788 bytes)
[2026-07-28 21:50:34]   ⚪ Error checking B0DDKGDCDY: Response too small (3788 bytes)
[2026-07-28 21:50:35]   ⚪ Error checking B0FY3YWNQN: Response too small (3788 bytes)
[2026-07-28 21:50:35]     ⚠️  Could not find replacements for best-hand-mixers
[2026-07-28 21:50:35]   Fetching replacements for best-dutch-ovens (removing 1 stale)...
[2026-07-28 21:50:35]   ⚪ Error checking B0GFJTQSBQ: Response too small (3788 bytes)
[2026-07-28 21:50:36]   ⚪ Error checking B0FVXHV6GP: Response too small (3788 bytes)
[2026-07-28 21:50:36]   ⚪ Error checking B0FX9LDLMX: Response too small (3788 bytes)
[2026-07-28 21:50:36]     ⚠️  Could not find replacements for best-dutch-ovens
[2026-07-28 21:50:36]   Fetching replacements for best-bread-machines (removing 1 stale)...
[2026-07-28 21:50:37]   ⚪ Error checking B0GYPVM45R: Response too small (3788 bytes)
[2026-07-28 21:50:37]   ⚪ Error checking B0GTPXHMNQ: Response too small (3788 bytes)
[2026-07-28 21:50:38]   ⚪ Error checking B0GTPY8H3L: Response too small (3788 bytes)
[2026-07-28 21:50:38]   ⚪ Error checking B0GTQ9PKPJ: Response too small (3788 bytes)
[2026-07-28 21:50:38]     ⚠️  Could not find replacements for best-bread-machines
[2026-07-28 21:50:38]   Fetching replacements for best-baking-sheets (removing 2 stale)...
[2026-07-28 21:50:39]   ⚪ Error checking B0GTPZ5TC3: Response too small (3788 bytes)
[2026-07-28 21:50:39]   ⚪ Error checking B0DQ7954NG: Response too small (3788 bytes)
[2026-07-28 21:50:40]   ⚪ Error checking B0DBQJ4MRS: Response too small (3788 bytes)
[2026-07-28 21:50:40]     ⚠️  Could not find replacements for best-baking-sheets
[2026-07-28 21:50:40]   Fetching replacements for best-rolling-pins (removing 1 stale)...
[2026-07-28 21:50:41]   ⚪ Error checking B0F913GLMC: Response too small (3788 bytes)
[2026-07-28 21:50:41]   ⚪ Error checking B0GTLM8B99: Response too small (3788 bytes)
[2026-07-28 21:50:42]   ⚪ Error checking B0GSHRF4SB: Response too small (3788 bytes)
[2026-07-28 21:50:42]     ⚠️  Could not find replacements for best-rolling-pins
[2026-07-28 21:50:42]   Fetching replacements for blending-and-processing (removing 12 stale)...
[2026-07-28 21:50:42]   ⚪ Error checking B0CJ6NT4F8: Response too small (3788 bytes)
[2026-07-28 21:50:43]   ⚪ Error checking B09ZV37WC6: Response too small (3788 bytes)
[2026-07-28 21:50:43]     ⚠️  Could not find replacements for blending-and-processing
[2026-07-28 21:50:43]   Fetching replacements for best-immersion-blenders (removing 2 stale)...
[2026-07-28 21:50:43]   ⚪ Error checking B09Y25BY8G: Response too small (3788 bytes)
[2026-07-28 21:50:44]   ⚪ Error checking B07W99LGGT: Response too small (3788 bytes)
[2026-07-28 21:50:45]     ⚠️  Could not find replacements for best-immersion-blenders
[2026-07-28 21:50:45]   Fetching replacements for best-juicers (removing 2 stale)...
[2026-07-28 21:50:45]   ⚪ Error checking B086PHS2V8: Response too small (3788 bytes)
[2026-07-28 21:50:45]   ⚪ Error checking B08CS95K8L: Response too small (3788 bytes)
[2026-07-28 21:50:46]   ⚪ Error checking B09HR771DL: Response too small (3788 bytes)
[2026-07-28 21:50:46]   ⚪ Error checking B09S12WX42: Response too small (3788 bytes)
[2026-07-28 21:50:46]     ⚠️  Could not find replacements for best-juicers
[2026-07-28 21:50:46]   Fetching replacements for cookware (removing 5 stale)...
[2026-07-28 21:50:47]   ⚪ Error checking B09S158K61: Response too small (3788 bytes)
[2026-07-28 21:50:47]   ⚪ Error checking B0FVW82JFG: Response too small (3788 bytes)
[2026-07-28 21:50:48]     ⚠️  Could not find replacements for cookware
[2026-07-28 21:50:48]   Fetching replacements for best-cookware-sets (removing 1 stale)...
[2026-07-28 21:50:48]   ⚪ Error checking B001AS8ZU8: Response too small (3788 bytes)
[2026-07-28 21:50:48]   ⚪ Error checking B0BH6KKVSP: Response too small (3788 bytes)
[2026-07-28 21:50:49]   ⚪ Error checking B08CZWT4XD: Response too small (3788 bytes)
[2026-07-28 21:50:49]     ⚠️  Could not find replacements for best-cookware-sets
[2026-07-28 21:50:49]   Fetching replacements for knives (removing 1 stale)...
[2026-07-28 21:50:49]   ⚪ Error checking B0GT4S98NK: Response too small (3788 bytes)
[2026-07-28 21:50:50]   ⚪ Error checking B0GT49W5FF: Response too small (3788 bytes)
[2026-07-28 21:50:50]   ⚪ Error checking B08XM1B6ZX: Response too small (3788 bytes)
[2026-07-28 21:50:51]     ⚠️  Could not find replacements for knives
[2026-07-28 21:50:51]   Fetching replacements for kitchen-storage (removing 2 stale)...
[2026-07-28 21:50:51]   ⚪ Error checking B0GT43RBV9: Response too small (3788 bytes)
[2026-07-28 21:50:51]   ⚪ Error checking B08XLDWJYV: Response too small (3788 bytes)
[2026-07-28 21:50:52]   ⚪ Error checking B0C1QK1XG1: Response too small (3788 bytes)
[2026-07-28 21:50:52]     ⚠️  Could not find replacements for kitchen-storage
[2026-07-28 21:50:52]   Fetching replacements for home (removing 6 stale)...
[2026-07-28 21:50:52]   ⚪ Error checking B0C8HPJW4J: Response too small (3788 bytes)
[2026-07-28 21:50:53]   ⚪ Error checking B0B2K47S1T: Response too small (3788 bytes)
[2026-07-28 21:50:53]     ⚠️  Could not find replacements for home
[2026-07-28 21:50:53]   Fetching replacements for best-canister-vacuums (removing 1 stale)...
[2026-07-28 21:50:54]   ⚪ Error checking B0DGLVW188: Response too small (3788 bytes)
[2026-07-28 21:50:55]   ⚪ Error checking B0GJRJ63JR: Response too small (3788 bytes)
[2026-07-28 21:50:55]     ⚠️  Could not find replacements for best-canister-vacuums
[2026-07-28 21:50:55]   Fetching replacements for hvac-air-quality (removing 1 stale)...
[2026-07-28 21:50:55]   ⚪ Error checking B0C12WJ5BG: Response too small (3788 bytes)
[2026-07-28 21:50:56]   ⚪ Error checking B0BTTLVYJW: Response too small (3788 bytes)
[2026-07-28 21:50:56]   ⚪ Error checking B0H1W5JDXB: Response too small (3788 bytes)
[2026-07-28 21:50:57]     ⚠️  Could not find replacements for hvac-air-quality
[2026-07-28 21:50:57]   Fetching replacements for smart-home (removing 1 stale)...
[2026-07-28 21:50:57]   ⚪ Error checking B083NT96KR: Response too small (3788 bytes)
[2026-07-28 21:50:57]   ⚪ Error checking B09Z6HGKKK: Response too small (3788 bytes)
[2026-07-28 21:50:58]   ⚪ Error checking B09Z6JCGQC: Response too small (3788 bytes)
[2026-07-28 21:50:58]     ⚠️  Could not find replacements for smart-home
[2026-07-28 21:50:58]   Fetching replacements for best-bath-towels (removing 1 stale)...
[2026-07-28 21:50:58]   ⚪ Error checking B09Z6K4SSJ: Response too small (3788 bytes)
[2026-07-28 21:50:59]   ⚪ Error checking B0DJ2XF8DZ: Response too small (3788 bytes)
[2026-07-28 21:51:00]     ⚠️  Could not find replacements for best-bath-towels
[2026-07-28 21:51:00]   Fetching replacements for best-robotic-lawn-mowers (removing 1 stale)...
[2026-07-28 21:51:00]   ⚪ Error checking B0DJ2YM5H1: Response too small (3788 bytes)
[2026-07-28 21:51:00]   ⚪ Error checking B09B9Q8TMC: Response too small (3788 bytes)
[2026-07-28 21:51:01]   ⚪ Error checking B0BFR5K1YF: Response too small (3788 bytes)
[2026-07-28 21:51:01]   ⚪ Error checking B0BFR8TJVX: Response too small (3788 bytes)
[2026-07-28 21:51:01]     ⚠️  Could not find replacements for best-robotic-lawn-mowers
[2026-07-28 21:51:01]   No modifications needed
[2026-07-28 21:51:01] Check complete.
[2026-07-28 21:51:02]   ⚪ Error checking B0C1YBPJ43: Response too small (3788 bytes)
[2026-07-28 21:51:02]   ⚪ Error checking B09G6QX21B: Response too small (3788 bytes)
[2026-07-28 21:51:03]   ⚪ Error checking B0C1CFYQ5F: Response too small (3788 bytes)
[2026-07-28 21:51:03]   ⚪ Error checking B0G4LD32JX: Response too small (3788 bytes)
[2026-07-28 21:51:04]   ⚪ Error checking B000PS1HS6: Response too small (3788 bytes)
[2026-07-28 21:51:05]   ⚪ Error checking B0C3V2KT65: Response too small (3788 bytes)
[2026-07-28 21:51:05]   ⚪ Error checking B011CY8Y78: Response too small (3788 bytes)
[2026-07-28 21:51:06]   ⚪ Error checking B0D2P1HSCV: Response too small (3788 bytes)
[2026-07-28 21:51:06]   ⚪ Error checking B00MYI0VYG: Response too small (3788 bytes)
[2026-07-28 21:51:07]   ⚪ Error checking B0GWNK6DX9: Response too small (3788 bytes)
[2026-07-28 21:51:07]   ⚪ Error checking B07WFF17BQ: Response too small (3788 bytes)
[2026-07-28 21:51:08]   ⚪ Error checking B0FH6YL3XC: Response too small (3788 bytes)
[2026-07-28 21:51:08]   ⚪ Error checking B016OP6N3M: Response too small (3788 bytes)
[2026-07-28 21:51:09]   ⚪ Error checking B0D7M8QB9Y: Response too small (3788 bytes)
[2026-07-28 21:51:09]   ⚪ Error checking B0D1FWNSYM: Response too small (3788 bytes)
[2026-07-28 21:51:10]   ⚪ Error checking B0FM323HPY: Response too small (3788 bytes)
[2026-07-28 21:51:10]   ⚪ Error checking B0D1CWD525: Response too small (3788 bytes)
[2026-07-28 21:51:11]   ⚪ Error checking B0FM2W1YTY: Response too small (3788 bytes)
[2026-07-28 21:51:11]   ⚪ Error checking B0GRTKQBCN: Response too small (3788 bytes)
[2026-07-28 21:51:12]   ⚪ Error checking B0FM2WXZKR: Response too small (3788 bytes)
[2026-07-28 21:51:12]   ⚪ Error checking B0GRTLQHSS: Response too small (3788 bytes)
[2026-07-28 21:51:13]   ⚪ Error checking B0GRTFRMZY: Response too small (3788 bytes)
[2026-07-28 21:51:13]   ⚪ Error checking B0GRTHD2TR: Response too small (3788 bytes)
[2026-07-28 21:51:14]   ⚪ Error checking B08BR9HBZ3: Response too small (3788 bytes)
[2026-07-28 21:51:14]   ⚪ Error checking B0GRTFNGNL: Response too small (3788 bytes)
[2026-07-28 21:51:15]   ⚪ Error checking B0D3ZBFMW6: Response too small (3788 bytes)
[2026-07-28 21:51:15]   ⚪ Error checking B0D3Z8VWBH: Response too small (3788 bytes)
[2026-07-28 21:51:16]   ⚪ Error checking B08F72TY67: Response too small (3788 bytes)
[2026-07-28 21:51:17]   ⚪ Error checking B0F2HJFNBV: Response too small (3788 bytes)
[2026-07-28 21:51:17]   ⚪ Error checking B0CS3FBC6W: Response too small (3788 bytes)
[2026-07-28 21:51:18]   ⚪ Error checking B094981GTD: Response too small (3788 bytes)
[2026-07-28 21:51:18]   ⚪ Error checking B0B2WDFQL8: Response too small (3788 bytes)
[2026-07-28 21:51:19]   ⚪ Error checking B0CSFM5X73: Response too small (3788 bytes)
[2026-07-28 21:51:19]   ⚪ Error checking B0036OQU56: Response too small (3788 bytes)
[2026-07-28 21:51:20]   ⚪ Error checking B0C57FV4JS: Response too small (3788 bytes)
[2026-07-28 21:51:21]   ⚪ Error checking B0CKY4YGX3: Response too small (3788 bytes)
[2026-07-28 21:51:22]   ⚪ Error checking B0DP8P1N7G: Response too small (3788 bytes)
[2026-07-28 21:51:22]   ⚪ Error checking B0B9BDQTV9: Response too small (3788 bytes)
[2026-07-28 21:51:23]   ⚪ Error checking B0B46NPJY9: Response too small (3788 bytes)
[2026-07-28 21:51:23]   ⚪ Error checking B0BMFKGVXD: Response too small (3788 bytes)
[2026-07-28 21:51:24]   ⚪ Error checking B0042QGCEG: Response too small (3788 bytes)
[2026-07-28 21:51:24]   ⚪ Error checking B000J2DGZ0: Response too small (3788 bytes)
[2026-07-28 21:51:25]   ⚪ Error checking B0036OQU2E: Response too small (3788 bytes)
[2026-07-28 21:51:25]   ⚪ Error checking B0B3WSZ3QP: Response too small (3788 bytes)
[2026-07-28 21:51:26]   ⚪ Error checking B097YBGF7V: Response too small (3788 bytes)
[2026-07-28 21:51:26]   ⚪ Error checking B08FD64QGT: Response too small (3788 bytes)
[2026-07-28 21:51:27]   ⚪ Error checking B07J5KDFH9: Response too small (3788 bytes)
[2026-07-28 21:51:27]   ⚪ Error checking B07H7TF69J: Response too small (3788 bytes)
[2026-07-28 21:51:28]   ⚪ Error checking B0CGZPR3X9: Response too small (3788 bytes)
[2026-07-28 21:51:28]   ⚪ Error checking B0CGZSCZYP: Response too small (3788 bytes)
[2026-07-28 21:51:29]   ⚪ Error checking B0CGZR4VNQ: Response too small (3788 bytes)
[2026-07-28 21:51:29]   ⚪ Error checking B0DKC1HCQQ: Response too small (3788 bytes)
[2026-07-28 21:51:30]   ⚪ Error checking B0DC8MWQ8K: Response too small (3788 bytes)
[2026-07-28 21:51:30]   ⚪ Error checking B01F59K0KA: Response too small (3788 bytes)
[2026-07-28 21:51:31]   ⚪ Error checking B079D9B82W: Response too small (3788 bytes)
[2026-07-28 21:51:32]   ⚪ Error checking B07V4B65VR: Response too small (3788 bytes)
[2026-07-28 21:51:33]   ⚪ Error checking B0BMVLW785: Response too small (3788 bytes)
[2026-07-28 21:51:33]   ⚪ Error checking B00T4RH8E6: Response too small (3788 bytes)
[2026-07-28 21:51:34]   ⚪ Error checking B08VKWDB46: Response too small (3788 bytes)
[2026-07-28 21:51:34]   ⚪ Error checking B000SAS5GI: Response too small (3788 bytes)
[2026-07-28 21:51:35]   ⚪ Error checking B000AX13US: Response too small (3788 bytes)
[2026-07-28 21:51:35]   ⚪ Error checking B0CPBW6N99: Response too small (3788 bytes)
[2026-07-28 21:51:36]   ⚪ Error checking B0FNRC6CJ9: Response too small (3788 bytes)
[2026-07-28 21:51:36]   ⚪ Error checking B0G8V8H1T2: Response too small (3788 bytes)
[2026-07-28 21:51:37]   ⚪ Error checking B0H111X5ZQ: Response too small (3788 bytes)
[2026-07-28 21:51:37]   ⚪ Error checking B00004OCKR: Response too small (3788 bytes)
[2026-07-28 21:51:38]   ⚪ Error checking B084NY86RS: Response too small (3788 bytes)
[2026-07-28 21:51:38]   ⚪ Error checking B0H4MMNZ3V: Response too small (3788 bytes)
[2026-07-28 21:51:39]   ⚪ Error checking B00XWDLBKK: Response too small (3788 bytes)
[2026-07-28 21:51:47] ============================================================
[2026-07-28 21:51:47] whatarebest.com product staleness check starting
[2026-07-28 21:51:47] Extracting ASINs from build script...
[2026-07-28 21:51:47] Found 421 categories with 5367 total ASINs
[2026-07-28 21:51:47] Priority (not checked in 48h): 321 slugs
[2026-07-28 21:51:47] Already recent: 100 slugs
[2026-07-28 21:51:47] Checking 1462 ASINs across 100 categories...
[2026-07-28 21:51:47]   ⚪ Error checking B0H3T61SL8: Response too small (3788 bytes)
[2026-07-28 21:51:48]   ⚪ Error checking B07L54NPF7: Response too small (3788 bytes)
[2026-07-28 21:51:48]   ⚪ Error checking B07L54ZV6M: Response too small (3788 bytes)
[2026-07-28 21:51:49]   ⚪ Error checking B07L55JD2F: Response too small (3788 bytes)
[2026-07-28 21:51:49]   ⚪ Error checking B08CVTKRRR: Response too small (3788 bytes)
[2026-07-28 21:51:50]   ⚪ Error checking B0GGZKM1S3: Response too small (3788 bytes)
[2026-07-28 21:51:50]   ⚪ Error checking B08346W5S6: Response too small (3788 bytes)
[2026-07-28 21:51:51]   ⚪ Error checking B0CQX59N7F: Response too small (3788 bytes)
[2026-07-28 21:51:51]   ⚪ Error checking B0GDDJ3P8Z: Response too small (3788 bytes)
[2026-07-28 21:51:52]   ⚪ Error checking B0G338V3V7: Response too small (3788 bytes)
[2026-07-28 21:51:52]   ⚪ Error checking B0G3TBRCQ2: Response too small (3788 bytes)
[2026-07-28 21:51:53]   ⚪ Error checking B009378AG2: Response too small (3788 bytes)
[2026-07-28 21:51:53]   ⚪ Error checking B0CDM6Z66T: Response too small (3788 bytes)
[2026-07-28 21:51:54]   ⚪ Error checking B0G3TQ7NGJ: Response too small (3788 bytes)
[2026-07-28 21:51:54]   ⚪ Error checking B0G3TJVW19: Response too small (3788 bytes)
[2026-07-28 21:51:55]   ⚪ Error checking B0DR478JV6: Response too small (3788 bytes)
[2026-07-28 21:51:55]   ⚪ Error checking B0G3TX6F4R: Response too small (3788 bytes)
[2026-07-28 21:51:56]   ⚪ Error checking B0FXDXYWQZ: Response too small (3788 bytes)
[2026-07-28 21:51:56]   ⚪ Error checking B0CRHH7B16: Response too small (3788 bytes)
[2026-07-28 21:51:57]   ⚪ Error checking B0CRHJGF74: Response too small (3788 bytes)
[2026-07-28 21:51:57]   ⚪ Error checking B0CRHJGZD5: Response too small (3788 bytes)
[2026-07-28 21:51:58]   ⚪ Error checking B018YLFJX4: Response too small (3788 bytes)
[2026-07-28 21:51:58]   ⚪ Error checking B0F7LLNPTS: Response too small (3788 bytes)
[2026-07-28 21:51:59]   ⚪ Error checking B09W2Y51TC: Response too small (3788 bytes)
[2026-07-28 21:51:59]   ⚪ Error checking B0C8BY8S4M: Response too small (3788 bytes)
[2026-07-28 21:52:00]   ⚪ Error checking B01H2NWDXY: Response too small (3788 bytes)
[2026-07-28 21:52:00]   ⚪ Error checking B0C8RXPQH5: Response too small (3788 bytes)
[2026-07-28 21:52:01]   ⚪ Error checking B0H3KSXC25: Response too small (3788 bytes)
[2026-07-28 21:52:01]   ⚪ Error checking B0856XY9RZ: Response too small (3788 bytes)
[2026-07-28 21:52:02]   ⚪ Error checking B0BJP63FW4: Response too small (3788 bytes)
[2026-07-28 21:52:02]   ⚪ Error checking B0CNGTZ3B5: Response too small (3788 bytes)
[2026-07-28 21:52:03]   ⚪ Error checking B0BPNJGV9V: Response too small (3788 bytes)
[2026-07-28 21:52:03]   ⚪ Error checking B0BBZYKGYV: Response too small (3788 bytes)
[2026-07-28 21:52:04]   ⚪ Error checking B0DK9B4V35: Response too small (3788 bytes)
[2026-07-28 21:52:04]   ⚪ Error checking B0H3NGT4QJ: Response too small (3788 bytes)
[2026-07-28 21:52:05]   ⚪ Error checking B0GVJLPWV4: Response too small (3788 bytes)
[2026-07-28 21:52:05]   ⚪ Error checking B0CW2TF87P: Response too small (3788 bytes)
[2026-07-28 21:52:06]   ⚪ Error checking B0FR4K6PPQ: Response too small (3788 bytes)
[2026-07-28 21:52:06]   ⚪ Error checking B0GXDL48JL: Response too small (3788 bytes)
[2026-07-28 21:52:07]   ⚪ Error checking B0GCKCSBZ1: Response too small (3788 bytes)
[2026-07-28 21:52:07]   ⚪ Error checking B0G3TBRCQ2: Response too small (3788 bytes)
[2026-07-28 21:52:08]   ⚪ Error checking B0G3TJVW19: Response too small (3788 bytes)
[2026-07-28 21:52:08]   ⚪ Error checking B0G3TQ7NGJ: Response too small (3788 bytes)
[2026-07-28 21:52:09]   ⚪ Error checking B0G3TX6F4R: Response too small (3788 bytes)
[2026-07-28 21:52:09]   ⚪ Error checking B0CRHH7B16: Response too small (3788 bytes)
[2026-07-28 21:52:10]   ⚪ Error checking B0FXDXYWQZ: Response too small (3788 bytes)
[2026-07-28 21:52:10]   ⚪ Error checking B0CRHJGF74: Response too small (3788 bytes)
[2026-07-28 21:52:11]   ⚪ Error checking B0DR478JV6: Response too small (3788 bytes)
[2026-07-28 21:52:11]   ⚪ Error checking B018YLFJX4: Response too small (3788 bytes)
[2026-07-28 21:52:12]   ⚪ Error checking B0CRHJGZD5: Response too small (3788 bytes)
[2026-07-28 21:52:12]   ⚪ Error checking B0F7LLNPTS: Response too small (3788 bytes)
[2026-07-28 21:52:13]   ⚪ Error checking B09W2Y51TC: Response too small (3788 bytes)
[2026-07-28 21:52:13]   ⚪ Error checking B01H2NWDXY: Response too small (3788 bytes)
[2026-07-28 21:52:14]   ⚪ Error checking B0C8BY8S4M: Response too small (3788 bytes)
[2026-07-28 21:52:14]   ⚪ Error checking B0C8RXPQH5: Response too small (3788 bytes)
[2026-07-28 21:52:15]   ⚪ Error checking B0H3KSXC25: Response too small (3788 bytes)
[2026-07-28 21:52:15]   ⚪ Error checking B0856XY9RZ: Response too small (3788 bytes)
[2026-07-28 21:52:16]   ⚪ Error checking B0BPNJGV9V: Response too small (3788 bytes)
[2026-07-28 21:52:16]   ⚪ Error checking B0BJP63FW4: Response too small (3788 bytes)
[2026-07-28 21:52:17]   ⚪ Error checking B0CNGTZ3B5: Response too small (3788 bytes)
[2026-07-28 21:52:17]   ⚪ Error checking B0CW2TF87P: Response too small (3788 bytes)
[2026-07-28 21:52:18]   ⚪ Error checking B0DK9B4V35: Response too small (3788 bytes)
[2026-07-28 21:52:18]   ⚪ Error checking B0H3NGT4QJ: Response too small (3788 bytes)
[2026-07-28 21:52:19]   ⚪ Error checking B0FR4K6PPQ: Response too small (3788 bytes)
[2026-07-28 21:52:19]   ⚪ Error checking B0BBZYKGYV: Response too small (3788 bytes)
[2026-07-28 21:52:20]   ⚪ Error checking B0GXDL48JL: Response too small (3788 bytes)
[2026-07-28 21:52:20]   ⚪ Error checking B0GVJLPWV4: Response too small (3788 bytes)
[2026-07-28 21:52:21]   ⚪ Error checking B0GCKCSBZ1: Response too small (3788 bytes)
[2026-07-28 21:52:21]   ⚪ Error checking B0DD41G2NZ: Response too small (3788 bytes)
[2026-07-28 21:52:22]   ⚪ Error checking B0H44XMFPP: Response too small (3788 bytes)
[2026-07-28 21:52:22]   ⚪ Error checking B0C2W1KLSS: Response too small (3788 bytes)
[2026-07-28 21:52:23]   ⚪ Error checking B0GWQFV8R5: Response too small (3788 bytes)
[2026-07-28 21:52:23]   ⚪ Error checking B0FH9LQH9W: Response too small (3788 bytes)
[2026-07-28 21:52:24]   ⚪ Error checking B0GX58GVJH: Response too small (3788 bytes)
[2026-07-28 21:52:24]   ⚪ Error checking B0863TXGM3: Response too small (3788 bytes)
[2026-07-28 21:52:25]   ⚪ Error checking B0BRKPVZB4: Response too small (3788 bytes)
[2026-07-28 21:52:25]   ⚪ Error checking B0BRKQDS3S: Response too small (3788 bytes)
[2026-07-28 21:52:26]   ⚪ Error checking B0BRKPK85W: Response too small (3788 bytes)
[2026-07-28 21:52:26]   ⚪ Error checking B0CX1FRR27: Response too small (3788 bytes)
[2026-07-28 21:52:27]   ⚪ Error checking B0F998HYS5: Response too small (3788 bytes)
[2026-07-28 21:52:27]   ⚪ Error checking B0G6Z8K1CD: Response too small (3788 bytes)
[2026-07-28 21:52:28]   ⚪ Error checking B0FP5G4CYG: Response too small (3788 bytes)
[2026-07-28 21:52:28]   ⚪ Error checking B0DFM4PG23: Response too small (3788 bytes)
[2026-07-28 21:52:29]   ⚪ Error checking B0DCJ52YHL: Response too small (3788 bytes)
[2026-07-28 21:52:29]   ⚪ Error checking B0F62YBNSX: Response too small (3788 bytes)
[2026-07-28 21:52:30]   ⚪ Error checking B0F9WHHLKL: Response too small (3788 bytes)
[2026-07-28 21:52:30]   ⚪ Error checking B0D1CPPL85: Response too small (3788 bytes)
[2026-07-28 21:52:31]   ⚪ Error checking B0F1Y1TRW3: Response too small (3788 bytes)
[2026-07-28 21:52:31]   ⚪ Error checking B07N3WYLKZ: Response too small (3788 bytes)
[2026-07-28 21:52:32]   ⚪ Error checking B0BQJM66C2: Response too small (3788 bytes)
[2026-07-28 21:52:32]   ⚪ Error checking B07N3XJ66N: Response too small (3788 bytes)
[2026-07-28 21:52:33]   ⚪ Error checking B0D6V22BTD: Response too small (3788 bytes)
[2026-07-28 21:52:33]   ⚪ Error checking B086WTSMQH: Response too small (3788 bytes)
[2026-07-28 21:52:34]   ⚪ Error checking B0CTJ7PVN1: Response too small (3788 bytes)
[2026-07-28 21:52:34]   ⚪ Error checking B0CTJ6GQGZ: Response too small (3788 bytes)
[2026-07-28 21:52:35]   ⚪ Error checking B0CCSVYWMH: Response too small (3788 bytes)
[2026-07-28 21:52:35]   ⚪ Error checking B06XCKGLTP: Response too small (3788 bytes)
[2026-07-28 21:52:36]   ⚪ Error checking B0GQJKLBMS: Response too small (3788 bytes)
[2026-07-28 21:52:36]   ⚪ Error checking B0GQJKPSG5: Response too small (3788 bytes)
[2026-07-28 21:52:37]   ⚪ Error checking B0GQJKPSG6: Response too small (3788 bytes)
[2026-07-28 21:52:37]   ⚪ Error checking B0GQJCL9WN: Response too small (3788 bytes)
[2026-07-28 21:52:38]   ⚪ Error checking B0GJZNZ152: Response too small (3788 bytes)
[2026-07-28 21:52:38]   ⚪ Error checking B0F8PNFBTL: Response too small (3788 bytes)
[2026-07-28 21:52:39]   ⚪ Error checking B0BC9VJVVL: Response too small (3788 bytes)
[2026-07-28 21:52:39]   ⚪ Error checking B07RFNH2TX: Response too small (3788 bytes)
[2026-07-28 21:52:40]   ⚪ Error checking B0D7C5ZJ3V: Response too small (3788 bytes)
[2026-07-28 21:52:40]   ⚪ Error checking B0FLYCC7H6: Response too small (3788 bytes)
[2026-07-28 21:52:41]   ⚪ Error checking B0D9N5ZR43: Response too small (3788 bytes)
[2026-07-28 21:52:41]   ⚪ Error checking B0GYRP9VST: Response too small (3788 bytes)
[2026-07-28 21:52:42]   ⚪ Error checking B0CT4HXVZX: Response too small (3788 bytes)
[2026-07-28 21:52:42]   ⚪ Error checking B0FX1ZJCRQ: Response too small (3788 bytes)
[2026-07-28 21:52:43]   ⚪ Error checking B0C4ND25FT: Response too small (3788 bytes)
[2026-07-28 21:52:43]   ⚪ Error checking B0FJFT8D2Y: Response too small (3788 bytes)
[2026-07-28 21:52:44]   ⚪ Error checking B0GHP8581X: Response too small (3788 bytes)
[2026-07-28 21:52:44]   ⚪ Error checking B07MRMHML9: Response too small (3788 bytes)
[2026-07-28 21:52:45]   ⚪ Error checking B08KS397GY: Response too small (3788 bytes)
[2026-07-28 21:52:45]   ⚪ Error checking B0DQQT2ZS3: Response too small (3788 bytes)
[2026-07-28 21:52:46]   ⚪ Error checking B0DD5S8TM8: Response too small (3788 bytes)
[2026-07-28 21:52:46]   ⚪ Error checking B0FD5276Z6: Response too small (3788 bytes)
[2026-07-28 21:52:47]   ⚪ Error checking B0CG7BWG7J: Response too small (3788 bytes)
[2026-07-28 21:52:47]   ⚪ Error checking B0CF3VGQFL: Response too small (3788 bytes)
[2026-07-28 21:52:48]   ⚪ Error checking B01NAI2TXC: Response too small (3788 bytes)
[2026-07-28 21:52:48]   ⚪ Error checking B07WCLZ1PL: Response too small (3788 bytes)
[2026-07-28 21:52:49]   ⚪ Error checking B0B6Y52YXB: Response too small (3788 bytes)
[2026-07-28 21:52:49]   ⚪ Error checking B0CF4DJM7F: Response too small (3788 bytes)
[2026-07-28 21:52:50]   ⚪ Error checking B0CY1PYYNS: Response too small (3788 bytes)
[2026-07-28 21:52:50]   ⚪ Error checking B0CW25XR5R: Response too small (3788 bytes)
[2026-07-28 21:52:51]   ⚪ Error checking B09ZY348SY: Response too small (3788 bytes)
[2026-07-28 21:52:51]   ⚪ Error checking B0BGKBT1JG: Response too small (3788 bytes)
[2026-07-28 21:52:52]   ⚪ Error checking B0DW27FNG3: Response too small (3788 bytes)
[2026-07-28 21:52:52]   ⚪ Error checking B0F114274T: Response too small (3788 bytes)
[2026-07-28 21:52:53]   ⚪ Error checking B0DG6LXDRK: Response too small (3788 bytes)
[2026-07-28 21:52:53]   ⚪ Error checking B0B3SQK74L: Response too small (3788 bytes)
[2026-07-28 21:52:54]   ⚪ Error checking B0BTQ637LJ: Response too small (3788 bytes)
[2026-07-28 21:52:54]   ⚪ Error checking B0D7MSQG4T: Response too small (3788 bytes)
[2026-07-28 21:52:55]   ⚪ Error checking B0GG9V4BLW: Response too small (3788 bytes)
[2026-07-28 21:52:55]   ⚪ Error checking B0GG9LFB5H: Response too small (3788 bytes)
[2026-07-28 21:52:56]   ⚪ Error checking B0DT1825M2: Response too small (3788 bytes)
[2026-07-28 21:52:56]   ⚪ Error checking B0DT1CPBSH: Response too small (3788 bytes)
[2026-07-28 21:52:57]   ⚪ Error checking B0DT17X3ZQ: Response too small (3788 bytes)
[2026-07-28 21:52:57]   ⚪ Error checking B0DT1CHHD2: Response too small (3788 bytes)
[2026-07-28 21:52:58]   ⚪ Error checking B01HGM33HG: Response too small (3788 bytes)
[2026-07-28 21:52:58]   ⚪ Error checking B076DD5JNS: Response too small (3788 bytes)
[2026-07-28 21:52:59]   ⚪ Error checking B07JR1XZ78: Response too small (3788 bytes)
[2026-07-28 21:52:59]   ⚪ Error checking B0FP5R9BDZ: Response too small (3788 bytes)
[2026-07-28 21:53:00]   ⚪ Error checking B0DCLRRHSP: Response too small (3788 bytes)
[2026-07-28 21:53:00]   ⚪ Error checking B0DGH11YRH: Response too small (3788 bytes)
[2026-07-28 21:53:01]   ⚪ Error checking B0CKYFSKNN: Response too small (3788 bytes)
[2026-07-28 21:53:01]   ⚪ Error checking B0FFT52P6R: Response too small (3788 bytes)
[2026-07-28 21:53:02]   ⚪ Error checking B0FY1PQ1GR: Response too small (3788 bytes)
[2026-07-28 21:53:02]   ⚪ Error checking B098WVKF19: Response too small (3788 bytes)
[2026-07-28 21:53:03]   ⚪ Error checking B0C6YBHKJ5: Response too small (3788 bytes)
[2026-07-28 21:53:03]   ⚪ Error checking B0D6J5B98H: Response too small (3788 bytes)
[2026-07-28 21:53:04]   ⚪ Error checking B00XI87KV8: Response too small (3788 bytes)
[2026-07-28 21:53:04]   ⚪ Error checking B0GF84KXYM: Response too small (3788 bytes)
[2026-07-28 21:53:05]   ⚪ Error checking B0DGQ4781N: Response too small (3788 bytes)
[2026-07-28 21:53:05]   ⚪ Error checking B0DQNL7GVX: Response too small (3788 bytes)
[2026-07-28 21:53:06]   ⚪ Error checking B0FGH4QRH9: Response too small (3788 bytes)
[2026-07-28 21:53:06]   ⚪ Error checking B0B1HYVVTV: Response too small (3788 bytes)
[2026-07-28 21:53:07]   ⚪ Error checking B07YFYR126: Response too small (3788 bytes)
[2026-07-28 21:53:07]   ⚪ Error checking B087BWT49J: Response too small (3788 bytes)
[2026-07-28 21:53:08]   ⚪ Error checking B0861NVBRF: Response too small (3788 bytes)
[2026-07-28 21:53:08]   ⚪ Error checking B08L5VKNWR: Response too small (3788 bytes)
[2026-07-28 21:53:09]   ⚪ Error checking B08JPCSDMP: Response too small (3788 bytes)
[2026-07-28 21:53:09]   ⚪ Error checking B0D3LM6Q73: Response too small (3788 bytes)
[2026-07-28 21:53:10]   ⚪ Error checking B0CRR6F4LJ: Response too small (3788 bytes)
[2026-07-28 21:53:10]   ⚪ Error checking B0FDL1LS3B: Response too small (3788 bytes)
[2026-07-28 21:53:11]   ⚪ Error checking B0FMBGXC2C: Response too small (3788 bytes)
[2026-07-28 21:53:11]   ⚪ Error checking B09XHYNHB2: Response too small (3788 bytes)
[2026-07-28 21:53:12]   ⚪ Error checking B0DSR9KCG2: Response too small (3788 bytes)
[2026-07-28 21:53:12]   ⚪ Error checking B076PLTQQT: Response too small (3788 bytes)
[2026-07-28 21:53:13]   ⚪ Error checking B0DS2BM3VL: Response too small (3788 bytes)
[2026-07-28 21:53:13]   ⚪ Error checking B07SM5HBK1: Response too small (3788 bytes)
[2026-07-28 21:53:14]   ⚪ Error checking B0CTH7L29Z: Response too small (3788 bytes)
[2026-07-28 21:53:14]   ⚪ Error checking B0FWR7Y3G6: Response too small (3788 bytes)
[2026-07-28 21:53:15]   ⚪ Error checking B0GGN3B639: Response too small (3788 bytes)
[2026-07-28 21:53:15]   ⚪ Error checking B0FX7T4H7D: Response too small (3788 bytes)
[2026-07-28 21:53:16]   ⚪ Error checking B08G1KB88B: Response too small (3788 bytes)
[2026-07-28 21:53:16]   ⚪ Error checking B0DYV2GH2S: Response too small (3788 bytes)
[2026-07-28 21:53:17]   ⚪ Error checking B0FLJRW2FC: Response too small (3788 bytes)
[2026-07-28 21:53:17]   ⚪ Error checking B0DYV6CQCS: Response too small (3788 bytes)
[2026-07-28 21:53:18]   ⚪ Error checking B0F4DLKXJB: Response too small (3788 bytes)
[2026-07-28 21:53:18]   ⚪ Error checking B01EXWCPLC: Response too small (3788 bytes)
[2026-07-28 21:53:19]   ⚪ Error checking B00429N19W: Response too small (3788 bytes)
[2026-07-28 21:53:19]   ⚪ Error checking B0B354X985: Response too small (3788 bytes)
[2026-07-28 21:53:20]   ⚪ Error checking B0BCMLLSHL: Response too small (3788 bytes)
[2026-07-28 21:53:20]   ⚪ Error checking B07GZR981Y: Response too small (3788 bytes)
[2026-07-28 21:53:21]   ⚪ Error checking B0FLK5Z3H8: Response too small (3788 bytes)
[2026-07-28 21:53:21]   ⚪ Error checking B0FQDC4JJ3: Response too small (3788 bytes)
[2026-07-28 21:53:22]   ⚪ Error checking B071H7K8G9: Response too small (3788 bytes)
[2026-07-28 21:53:22]   ⚪ Error checking B072FRJMJ7: Response too small (3788 bytes)
[2026-07-28 21:53:23]   ⚪ Error checking B0CRRKJSC1: Response too small (3788 bytes)
[2026-07-28 21:53:23]   ⚪ Error checking B0DR5RT9K9: Response too small (3788 bytes)
[2026-07-28 21:53:24]   ⚪ Error checking B0DHRRB3K2: Response too small (3788 bytes)
[2026-07-28 21:53:24]   ⚪ Error checking B0GFVJ6LQC: Response too small (3788 bytes)
[2026-07-28 21:53:25]   ⚪ Error checking B0D3PKPZCK: Response too small (3788 bytes)
[2026-07-28 21:53:25]   ⚪ Error checking B0DKNRD42F: Response too small (3788 bytes)
[2026-07-28 21:53:26]   ⚪ Error checking B0FZB9XMPS: Response too small (3788 bytes)
[2026-07-28 21:53:26]   ⚪ Error checking B0FBFM72F2: Response too small (3788 bytes)
[2026-07-28 21:53:27]   ⚪ Error checking B0D6W5WKNX: Response too small (3788 bytes)
[2026-07-28 21:53:27]   ⚪ Error checking B0F1GF1KFC: Response too small (3788 bytes)
[2026-07-28 21:53:28]   ⚪ Error checking B0DSPJPRXD: Response too small (3788 bytes)
[2026-07-28 21:53:28]   ⚪ Error checking B0FQC1SQM2: Response too small (3788 bytes)
[2026-07-28 21:53:29]   ⚪ Error checking B06X99NFRS: Response too small (3788 bytes)
[2026-07-28 21:53:29]   ⚪ Error checking B0BXGFFSL1: Response too small (3788 bytes)
[2026-07-28 21:53:30]   ⚪ Error checking B0GJD6PHTZ: Response too small (3788 bytes)
[2026-07-28 21:53:30]   ⚪ Error checking B0CY2C7H6S: Response too small (3788 bytes)
[2026-07-28 21:53:31]   ⚪ Error checking B0GMWYYRQL: Response too small (3788 bytes)
[2026-07-28 21:53:31]   ⚪ Error checking B0GMX4CN7X: Response too small (3788 bytes)
[2026-07-28 21:53:32]   ⚪ Error checking B0GMX1JSGL: Response too small (3788 bytes)
[2026-07-28 21:53:32]   ⚪ Error checking B07CRG94G3: Response too small (3788 bytes)
[2026-07-28 21:53:33]   ⚪ Error checking B07G8CMR18: Response too small (3788 bytes)
[2026-07-28 21:53:33]   ⚪ Error checking B083XTKV8V: Response too small (3788 bytes)
[2026-07-28 21:53:34]   ⚪ Error checking B07DN7Y7XC: Response too small (3788 bytes)
[2026-07-28 21:53:34]   ⚪ Error checking B00SCX6I8A: Response too small (3788 bytes)
[2026-07-28 21:53:35]   ⚪ Error checking B0FLXW8DB7: Response too small (3788 bytes)
[2026-07-28 21:53:35]   ⚪ Error checking B0GHYSWPFR: Response too small (3788 bytes)
[2026-07-28 21:53:36]   ⚪ Error checking B09Y8B81F7: Response too small (3788 bytes)
[2026-07-28 21:53:36]   ⚪ Error checking B077B9W343: Response too small (3788 bytes)
[2026-07-28 21:53:37]   ⚪ Error checking B08M94BTYC: Response too small (3788 bytes)
[2026-07-28 21:53:37]   ⚪ Error checking B08PBT82M7: Response too small (3788 bytes)
[2026-07-28 21:53:38]   ⚪ Error checking B0FJ8DCN5T: Response too small (3788 bytes)
[2026-07-28 21:53:38]   ⚪ Error checking B0B29BZGF2: Response too small (3788 bytes)
[2026-07-28 21:53:39]   ⚪ Error checking B0FHZGXZH7: Response too small (3788 bytes)
[2026-07-28 21:53:39]   ⚪ Error checking B0GLP6QL6R: Response too small (3788 bytes)
[2026-07-28 21:53:40]   ⚪ Error checking B0DY8K122V: Response too small (3788 bytes)
[2026-07-28 21:53:40]   ⚪ Error checking B09G5W9R6R: Response too small (3788 bytes)
[2026-07-28 21:53:41]   ⚪ Error checking B0GTYW59Y3: Response too small (3788 bytes)
[2026-07-28 21:53:41]   ⚪ Error checking B0DKVDZXSN: Response too small (3788 bytes)
[2026-07-28 21:53:42]   ⚪ Error checking B09PRB1MZM: Response too small (3788 bytes)
[2026-07-28 21:53:42]   ⚪ Error checking B0DY8K122V: Response too small (3788 bytes)
[2026-07-28 21:53:43]   ⚪ Error checking B0GLP6QL6R: Response too small (3788 bytes)
[2026-07-28 21:53:43]   ⚪ Error checking B0CN8QLS4K: Response too small (3788 bytes)
[2026-07-28 21:53:44]   ⚪ Error checking B084GTH5LL: Response too small (3788 bytes)
[2026-07-28 21:53:44]   ⚪ Error checking B0H86VCHQ7: Response too small (3788 bytes)
[2026-07-28 21:53:45]   ⚪ Error checking B0H6ZGD1SN: Response too small (3788 bytes)
[2026-07-28 21:53:45]   ⚪ Error checking B0GX52YF2F: Response too small (3788 bytes)
[2026-07-28 21:53:46]   ⚪ Error checking B0H8WN8FFH: Response too small (3788 bytes)
[2026-07-28 21:53:46]   ⚪ Error checking B08RHD97QY: Response too small (3788 bytes)
[2026-07-28 21:53:47]   ⚪ Error checking B0FQP7PVCZ: Response too small (3788 bytes)
[2026-07-28 21:53:47]   ⚪ Error checking B0DJLPNQZ6: Response too small (3788 bytes)
[2026-07-28 21:53:48]   ⚪ Error checking B0DJLNTBVF: Response too small (3788 bytes)
[2026-07-28 21:53:48]   ⚪ Error checking B0CVS9D517: Response too small (3788 bytes)
[2026-07-28 21:53:49]   ⚪ Error checking B00A128S24: Response too small (3788 bytes)
[2026-07-28 21:53:49]   ⚪ Error checking B07PFYM5MZ: Response too small (3788 bytes)
[2026-07-28 21:53:50]   ⚪ Error checking B0G19C3F48: Response too small (3788 bytes)
[2026-07-28 21:53:50]   ⚪ Error checking B0DY2SWV16: Response too small (3788 bytes)
[2026-07-28 21:53:51]   ⚪ Error checking B0CB1VJMZN: Response too small (3788 bytes)
[2026-07-28 21:53:51]   ⚪ Error checking B0DG2SWCB2: Response too small (3788 bytes)
[2026-07-28 21:53:52]   ⚪ Error checking B0DG2QS49T: Response too small (3788 bytes)
[2026-07-28 21:53:52]   ⚪ Error checking B0DG2QS4BM: Response too small (3788 bytes)
[2026-07-28 21:53:53]   ⚪ Error checking B0FW55KL3Y: Response too small (3788 bytes)
[2026-07-28 21:53:53]   ⚪ Error checking B0G13KXTTT: Response too small (3788 bytes)
[2026-07-28 21:53:54]   ⚪ Error checking B0B8RHKTXQ: Response too small (3788 bytes)
[2026-07-28 21:53:54]   ⚪ Error checking B0DY2PB7RB: Response too small (3788 bytes)
[2026-07-28 21:53:55]   ⚪ Error checking B0B8RNYTJF: Response too small (3788 bytes)
[2026-07-28 21:53:55]   ⚪ Error checking B0BX8PZTTR: Response too small (3788 bytes)
[2026-07-28 21:53:56]   ⚪ Error checking B0BCNZ8JSL: Response too small (3788 bytes)
[2026-07-28 21:53:56]   ⚪ Error checking B0CKTL15M4: Response too small (3788 bytes)
[2026-07-28 21:53:57]   ⚪ Error checking B0B8WXL1C7: Response too small (3788 bytes)
[2026-07-28 21:53:57]   ⚪ Error checking B0CB6QC12D: Response too small (3788 bytes)
[2026-07-28 21:53:58]   ⚪ Error checking B0D8MD5HLM: Response too small (3788 bytes)
[2026-07-28 21:53:58]   ⚪ Error checking B0CCYM3F1V: Response too small (3788 bytes)
[2026-07-28 21:53:59]   ⚪ Error checking B0DPWZZGVT: Response too small (3788 bytes)
[2026-07-28 21:53:59]   ⚪ Error checking B0D8BJ93M8: Response too small (3788 bytes)
[2026-07-28 21:54:00]   ⚪ Error checking B0CMTNPBFW: Response too small (3788 bytes)
[2026-07-28 21:54:00]   ⚪ Error checking B0CQK5FQVR: Response too small (3788 bytes)
[2026-07-28 21:54:01]   ⚪ Error checking B0CQKYJ898: Response too small (3788 bytes)
[2026-07-28 21:54:01]   ⚪ Error checking B0CQK5BGSX: Response too small (3788 bytes)
[2026-07-28 21:54:02]   ⚪ Error checking B0CXT6B59N: Response too small (3788 bytes)
[2026-07-28 21:54:02]   ⚪ Error checking B07F8S18D5: Response too small (3788 bytes)
[2026-07-28 21:54:03]   ⚪ Error checking B0CXT812SV: Response too small (3788 bytes)
[2026-07-28 21:54:03]   ⚪ Error checking B0DD41G2NZ: Response too small (3788 bytes)
[2026-07-28 21:54:04]   ⚪ Error checking B0C2W1KLSS: Response too small (3788 bytes)
[2026-07-28 21:54:04]   ⚪ Error checking B0GWQFV8R5: Response too small (3788 bytes)
[2026-07-28 21:54:05]   ⚪ Error checking B0H44XMFPP: Response too small (3788 bytes)
[2026-07-28 21:54:05]   ⚪ Error checking B0FH9LQH9W: Response too small (3788 bytes)
[2026-07-28 21:54:06]   ⚪ Error checking B0GX58GVJH: Response too small (3788 bytes)
[2026-07-28 21:54:06]   ⚪ Error checking B0863TXGM3: Response too small (3788 bytes)
[2026-07-28 21:54:07]   ⚪ Error checking B0BRKPVZB4: Response too small (3788 bytes)
[2026-07-28 21:54:07]   ⚪ Error checking B0BRKQDS3S: Response too small (3788 bytes)
[2026-07-28 21:54:08]   ⚪ Error checking B0BRKPK85W: Response too small (3788 bytes)
[2026-07-28 21:54:08]   ⚪ Error checking B0CX1FRR27: Response too small (3788 bytes)
[2026-07-28 21:54:09]   ⚪ Error checking B0F998HYS5: Response too small (3788 bytes)
[2026-07-28 21:54:09]   ⚪ Error checking B0G6Z8K1CD: Response too small (3788 bytes)
[2026-07-28 21:54:10]   ⚪ Error checking B0FP5G4CYG: Response too small (3788 bytes)
[2026-07-28 21:54:10]   ⚪ Error checking B0DFM4PG23: Response too small (3788 bytes)
[2026-07-28 21:54:11]   ⚪ Error checking B0DCJ52YHL: Response too small (3788 bytes)
[2026-07-28 21:54:11]   ⚪ Error checking B0F62YBNSX: Response too small (3788 bytes)
[2026-07-28 21:54:12]   ⚪ Error checking B0D1CPPL85: Response too small (3788 bytes)
[2026-07-28 21:54:12]   ⚪ Error checking B0F9WHHLKL: Response too small (3788 bytes)
[2026-07-28 21:54:13]   ⚪ Error checking B0F1Y1TRW3: Response too small (3788 bytes)
[2026-07-28 21:54:13]   ⚪ Error checking B07N3WYLKZ: Response too small (3788 bytes)
[2026-07-28 21:54:14]   ⚪ Error checking B0BQJM66C2: Response too small (3788 bytes)
[2026-07-28 21:54:14]   ⚪ Error checking B0D6V22BTD: Response too small (3788 bytes)
[2026-07-28 21:54:15]   ⚪ Error checking B07N3XJ66N: Response too small (3788 bytes)
[2026-07-28 21:54:15]   ⚪ Error checking B086WTSMQH: Response too small (3788 bytes)
[2026-07-28 21:54:16]   ⚪ Error checking B0CTJ7PVN1: Response too small (3788 bytes)
[2026-07-28 21:54:16]   ⚪ Error checking B0CCSVYWMH: Response too small (3788 bytes)
[2026-07-28 21:54:17]   ⚪ Error checking B0CTJ6GQGZ: Response too small (3788 bytes)
[2026-07-28 21:54:17]   ⚪ Error checking B06XCKGLTP: Response too small (3788 bytes)
[2026-07-28 21:54:18]   ⚪ Error checking B0GQJKLBMS: Response too small (3788 bytes)
[2026-07-28 21:54:18]   ⚪ Error checking B0GQJKPSG6: Response too small (3788 bytes)
[2026-07-28 21:54:19]   ⚪ Error checking B0GQJKPSG5: Response too small (3788 bytes)
[2026-07-28 21:54:19]   ⚪ Error checking B0GQJCL9WN: Response too small (3788 bytes)
[2026-07-28 21:54:20]   ⚪ Error checking B0GJZNZ152: Response too small (3788 bytes)
[2026-07-28 21:54:20]   ⚪ Error checking B0DD41G2NZ: Response too small (3788 bytes)
[2026-07-28 21:54:21]   ⚪ Error checking B0F8PNFBTL: Response too small (3788 bytes)
[2026-07-28 21:54:21]   ⚪ Error checking B0C2W1KLSS: Response too small (3788 bytes)
[2026-07-28 21:54:22]   ⚪ Error checking B0H44XMFPP: Response too small (3788 bytes)
[2026-07-28 21:54:22]   ⚪ Error checking B0GWQFV8R5: Response too small (3788 bytes)
[2026-07-28 21:54:23]   ⚪ Error checking B0FH9LQH9W: Response too small (3788 bytes)
[2026-07-28 21:54:23]   ⚪ Error checking B0GX58GVJH: Response too small (3788 bytes)
[2026-07-28 21:54:24]   ⚪ Error checking B0863TXGM3: Response too small (3788 bytes)
[2026-07-28 21:54:24]   ⚪ Error checking B0BRKPVZB4: Response too small (3788 bytes)
[2026-07-28 21:54:25]   ⚪ Error checking B0BRKQDS3S: Response too small (3788 bytes)
[2026-07-28 21:54:25]   ⚪ Error checking B0BRKPK85W: Response too small (3788 bytes)
[2026-07-28 21:54:26]   ⚪ Error checking B0CX1FRR27: Response too small (3788 bytes)
[2026-07-28 21:54:26]   ⚪ Error checking B0F998HYS5: Response too small (3788 bytes)
[2026-07-28 21:54:27]   ⚪ Error checking B0G6Z8K1CD: Response too small (3788 bytes)
[2026-07-28 21:54:27]   ⚪ Error checking B0FP5G4CYG: Response too small (3788 bytes)
[2026-07-28 21:54:28]   ⚪ Error checking B0DFM4PG23: Response too small (3788 bytes)
[2026-07-28 21:54:28]   ⚪ Error checking B0DCJ52YHL: Response too small (3788 bytes)
[2026-07-28 21:54:29]   ⚪ Error checking B0F62YBNSX: Response too small (3788 bytes)
[2026-07-28 21:54:29]   ⚪ Error checking B0D1CPPL85: Response too small (3788 bytes)
[2026-07-28 21:54:30]   ⚪ Error checking B0F1Y1TRW3: Response too small (3788 bytes)
[2026-07-28 21:54:30]   ⚪ Error checking B0F9WHHLKL: Response too small (3788 bytes)
[2026-07-28 21:54:31]   ⚪ Error checking B07N3WYLKZ: Response too small (3788 bytes)
[2026-07-28 21:54:31]   ⚪ Error checking B0BQJM66C2: Response too small (3788 bytes)
[2026-07-28 21:54:32]   ⚪ Error checking B0D6V22BTD: Response too small (3788 bytes)
[2026-07-28 21:54:32]   ⚪ Error checking B07N3XJ66N: Response too small (3788 bytes)
[2026-07-28 21:54:33]   ⚪ Error checking B086WTSMQH: Response too small (3788 bytes)
[2026-07-28 21:54:33]   ⚪ Error checking B0CTJ7PVN1: Response too small (3788 bytes)
[2026-07-28 21:54:34]   ⚪ Error checking B0CTJ6GQGZ: Response too small (3788 bytes)
[2026-07-28 21:54:34]   ⚪ Error checking B0CCSVYWMH: Response too small (3788 bytes)
[2026-07-28 21:54:35]   ⚪ Error checking B0GQJKLBMS: Response too small (3788 bytes)
[2026-07-28 21:54:35]   ⚪ Error checking B06XCKGLTP: Response too small (3788 bytes)
[2026-07-28 21:54:36]   ⚪ Error checking B0GQJKPSG5: Response too small (3788 bytes)
[2026-07-28 21:54:36]   ⚪ Error checking B0GQJKPSG6: Response too small (3788 bytes)
[2026-07-28 21:54:37]   ⚪ Error checking B0GJZNZ152: Response too small (3788 bytes)
[2026-07-28 21:54:37]   ⚪ Error checking B0GQJCL9WN: Response too small (3788 bytes)
[2026-07-28 21:54:38]   ⚪ Error checking B0F8PNFBTL: Response too small (3788 bytes)
[2026-07-28 21:54:38]   ⚪ Error checking B0BC9VJVVL: Response too small (3788 bytes)
[2026-07-28 21:54:39]   ⚪ Error checking B07RFNH2TX: Response too small (3788 bytes)
[2026-07-28 21:54:39]   ⚪ Error checking B0D7C5ZJ3V: Response too small (3788 bytes)
[2026-07-28 21:54:40]   ⚪ Error checking B0FLYCC7H6: Response too small (3788 bytes)
[2026-07-28 21:54:40]   ⚪ Error checking B0D9N5ZR43: Response too small (3788 bytes)
[2026-07-28 21:54:41]   ⚪ Error checking B0GYRP9VST: Response too small (3788 bytes)
[2026-07-28 21:54:41]   ⚪ Error checking B0CT4HXVZX: Response too small (3788 bytes)
[2026-07-28 21:54:42]   ⚪ Error checking B0FX1ZJCRQ: Response too small (3788 bytes)
[2026-07-28 21:54:42]   ⚪ Error checking B0C4ND25FT: Response too small (3788 bytes)
[2026-07-28 21:54:43]   ⚪ Error checking B0FJFT8D2Y: Response too small (3788 bytes)
[2026-07-28 21:54:43]   ⚪ Error checking B0GHP8581X: Response too small (3788 bytes)
[2026-07-28 21:54:44]   ⚪ Error checking B07MRMHML9: Response too small (3788 bytes)
[2026-07-28 21:54:44]   ⚪ Error checking B08KS397GY: Response too small (3788 bytes)
[2026-07-28 21:54:45]   ⚪ Error checking B0DD5S8TM8: Response too small (3788 bytes)
[2026-07-28 21:54:45]   ⚪ Error checking B0DQQT2ZS3: Response too small (3788 bytes)
[2026-07-28 21:54:46]   ⚪ Error checking B0FD5276Z6: Response too small (3788 bytes)
[2026-07-28 21:54:46]   ⚪ Error checking B0CG7BWG7J: Response too small (3788 bytes)
[2026-07-28 21:54:47]   ⚪ Error checking B01NAI2TXC: Response too small (3788 bytes)
[2026-07-28 21:54:47]   ⚪ Error checking B0CF3VGQFL: Response too small (3788 bytes)
[2026-07-28 21:54:48]   ⚪ Error checking B07WCLZ1PL: Response too small (3788 bytes)
[2026-07-28 21:54:48]   ⚪ Error checking B0CF4DJM7F: Response too small (3788 bytes)
[2026-07-28 21:54:49]   ⚪ Error checking B0B6Y52YXB: Response too small (3788 bytes)
[2026-07-28 21:54:49]   ⚪ Error checking B0CW25XR5R: Response too small (3788 bytes)
[2026-07-28 21:54:50]   ⚪ Error checking B0CY1PYYNS: Response too small (3788 bytes)
[2026-07-28 21:54:50]   ⚪ Error checking B09ZY348SY: Response too small (3788 bytes)
[2026-07-28 21:54:51]   ⚪ Error checking B0BGKBT1JG: Response too small (3788 bytes)
[2026-07-28 21:54:51]   ⚪ Error checking B0DW27FNG3: Response too small (3788 bytes)
[2026-07-28 21:54:52]   ⚪ Error checking B0F114274T: Response too small (3788 bytes)
[2026-07-28 21:54:52]   ⚪ Error checking B0DG6LXDRK: Response too small (3788 bytes)
[2026-07-28 21:54:53]   ⚪ Error checking B0B3SQK74L: Response too small (3788 bytes)
[2026-07-28 21:54:53]   ⚪ Error checking B0BTQ637LJ: Response too small (3788 bytes)
[2026-07-28 21:54:54]   ⚪ Error checking B0D7MSQG4T: Response too small (3788 bytes)
[2026-07-28 21:54:54]   ⚪ Error checking B0BC9VJVVL: Response too small (3788 bytes)
[2026-07-28 21:54:55]   ⚪ Error checking B07RFNH2TX: Response too small (3788 bytes)
[2026-07-28 21:54:55]   ⚪ Error checking B0D7C5ZJ3V: Response too small (3788 bytes)
[2026-07-28 21:54:56]   ⚪ Error checking B0D9N5ZR43: Response too small (3788 bytes)
[2026-07-28 21:54:56]   ⚪ Error checking B0GYRP9VST: Response too small (3788 bytes)
[2026-07-28 21:54:57]   ⚪ Error checking B0FLYCC7H6: Response too small (3788 bytes)
[2026-07-28 21:54:57]   ⚪ Error checking B0CT4HXVZX: Response too small (3788 bytes)
[2026-07-28 21:54:58]   ⚪ Error checking B0FX1ZJCRQ: Response too small (3788 bytes)
[2026-07-28 21:54:58]   ⚪ Error checking B0C4ND25FT: Response too small (3788 bytes)
[2026-07-28 21:54:59]   ⚪ Error checking B0FJFT8D2Y: Response too small (3788 bytes)
[2026-07-28 21:54:59]   ⚪ Error checking B0GHP8581X: Response too small (3788 bytes)
[2026-07-28 21:55:00]   ⚪ Error checking B07MRMHML9: Response too small (3788 bytes)
[2026-07-28 21:55:00]   ⚪ Error checking B08KS397GY: Response too small (3788 bytes)
[2026-07-28 21:55:01]   ⚪ Error checking B0DQQT2ZS3: Response too small (3788 bytes)
[2026-07-28 21:55:01]   ⚪ Error checking B0DD5S8TM8: Response too small (3788 bytes)
[2026-07-28 21:55:02]   ⚪ Error checking B0CG7BWG7J: Response too small (3788 bytes)
[2026-07-28 21:55:02]   ⚪ Error checking B0FD5276Z6: Response too small (3788 bytes)
[2026-07-28 21:55:03]   ⚪ Error checking B0CF3VGQFL: Response too small (3788 bytes)
[2026-07-28 21:55:03]   ⚪ Error checking B01NAI2TXC: Response too small (3788 bytes)
[2026-07-28 21:55:04]   ⚪ Error checking B0B6Y52YXB: Response too small (3788 bytes)
[2026-07-28 21:55:04]   ⚪ Error checking B07WCLZ1PL: Response too small (3788 bytes)
[2026-07-28 21:55:05]   ⚪ Error checking B0CF4DJM7F: Response too small (3788 bytes)
[2026-07-28 21:55:05]   ⚪ Error checking B0CY1PYYNS: Response too small (3788 bytes)
[2026-07-28 21:55:06]   ⚪ Error checking B09ZY348SY: Response too small (3788 bytes)
[2026-07-28 21:55:06]   ⚪ Error checking B0BGKBT1JG: Response too small (3788 bytes)
[2026-07-28 21:55:07]   ⚪ Error checking B0CW25XR5R: Response too small (3788 bytes)
[2026-07-28 21:55:07]   ⚪ Error checking B0DW27FNG3: Response too small (3788 bytes)
[2026-07-28 21:55:08]   ⚪ Error checking B0F114274T: Response too small (3788 bytes)
[2026-07-28 21:55:08]   ⚪ Error checking B0DG6LXDRK: Response too small (3788 bytes)
[2026-07-28 21:55:09]   ⚪ Error checking B0B3SQK74L: Response too small (3788 bytes)
[2026-07-28 21:55:09]   ⚪ Error checking B0D7MSQG4T: Response too small (3788 bytes)
[2026-07-28 21:55:10]   ⚪ Error checking B0BTQ637LJ: Response too small (3788 bytes)
[2026-07-28 21:55:10]   ⚪ Error checking B0GG9V4BLW: Response too small (3788 bytes)
[2026-07-28 21:55:11]   ⚪ Error checking B0DT1CPBSH: Response too small (3788 bytes)
[2026-07-28 21:55:11]   ⚪ Error checking B0GG9LFB5H: Response too small (3788 bytes)
[2026-07-28 21:55:12]   ⚪ Error checking B0DT17X3ZQ: Response too small (3788 bytes)
[2026-07-28 21:55:12]   ⚪ Error checking B0DT1825M2: Response too small (3788 bytes)
[2026-07-28 21:55:13]   ⚪ Error checking B01HGM33HG: Response too small (3788 bytes)
[2026-07-28 21:55:13]   ⚪ Error checking B076DD5JNS: Response too small (3788 bytes)
[2026-07-28 21:55:14]   ⚪ Error checking B07JR1XZ78: Response too small (3788 bytes)
[2026-07-28 21:55:14]   ⚪ Error checking B0DT1CHHD2: Response too small (3788 bytes)
[2026-07-28 21:55:15]   ⚪ Error checking B0DCLRRHSP: Response too small (3788 bytes)
[2026-07-28 21:55:15]   ⚪ Error checking B0DGH11YRH: Response too small (3788 bytes)
[2026-07-28 21:55:16]   ⚪ Error checking B0CKYFSKNN: Response too small (3788 bytes)
[2026-07-28 21:55:16]   ⚪ Error checking B0FP5R9BDZ: Response too small (3788 bytes)
[2026-07-28 21:55:17]   ⚪ Error checking B0FFT52P6R: Response too small (3788 bytes)
[2026-07-28 21:55:17]   ⚪ Error checking B0D6J5B98H: Response too small (3788 bytes)
[2026-07-28 21:55:18]   ⚪ Error checking B0FY1PQ1GR: Response too small (3788 bytes)
[2026-07-28 21:55:18]   ⚪ Error checking B098WVKF19: Response too small (3788 bytes)
[2026-07-28 21:55:19]   ⚪ Error checking B00XI87KV8: Response too small (3788 bytes)
[2026-07-28 21:55:19]   ⚪ Error checking B0GF84KXYM: Response too small (3788 bytes)
[2026-07-28 21:55:20]   ⚪ Error checking B0C6YBHKJ5: Response too small (3788 bytes)
[2026-07-28 21:55:20]   ⚪ Error checking B0DGQ4781N: Response too small (3788 bytes)
[2026-07-28 21:55:21]   ⚪ Error checking B0FGH4QRH9: Response too small (3788 bytes)
[2026-07-28 21:55:21]   ⚪ Error checking B0DQNL7GVX: Response too small (3788 bytes)
[2026-07-28 21:55:22]   ⚪ Error checking B0B1HYVVTV: Response too small (3788 bytes)
[2026-07-28 21:55:22]   ⚪ Error checking B07YFYR126: Response too small (3788 bytes)
[2026-07-28 21:55:23]   ⚪ Error checking B087BWT49J: Response too small (3788 bytes)
[2026-07-28 21:55:23]   ⚪ Error checking B0861NVBRF: Response too small (3788 bytes)
[2026-07-28 21:55:24]   ⚪ Error checking B08JPCSDMP: Response too small (3788 bytes)
[2026-07-28 21:55:24]   ⚪ Error checking B0D3LM6Q73: Response too small (3788 bytes)
[2026-07-28 21:55:25]   ⚪ Error checking B0CRR6F4LJ: Response too small (3788 bytes)
[2026-07-28 21:55:25]   ⚪ Error checking B0FDL1LS3B: Response too small (3788 bytes)
[2026-07-28 21:55:26]   ⚪ Error checking B08L5VKNWR: Response too small (3788 bytes)
[2026-07-28 21:55:26]   ⚪ Error checking B09XHYNHB2: Response too small (3788 bytes)
[2026-07-28 21:55:27]   ⚪ Error checking B0FMBGXC2C: Response too small (3788 bytes)
[2026-07-28 21:55:27]   ⚪ Error checking B076PLTQQT: Response too small (3788 bytes)
[2026-07-28 21:55:28]   ⚪ Error checking B0DSR9KCG2: Response too small (3788 bytes)
[2026-07-28 21:55:28]   ⚪ Error checking B0GG9V4BLW: Response too small (3788 bytes)
[2026-07-28 21:55:29]   ⚪ Error checking B0GG9LFB5H: Response too small (3788 bytes)
[2026-07-28 21:55:29]   ⚪ Error checking B0DT1825M2: Response too small (3788 bytes)
[2026-07-28 21:55:30]   ⚪ Error checking B0DT1CPBSH: Response too small (3788 bytes)
[2026-07-28 21:55:30]   ⚪ Error checking B0DT17X3ZQ: Response too small (3788 bytes)
[2026-07-28 21:55:31]   ⚪ Error checking B0DT1CHHD2: Response too small (3788 bytes)
[2026-07-28 21:55:31]   ⚪ Error checking B01HGM33HG: Response too small (3788 bytes)
[2026-07-28 21:55:32]   ⚪ Error checking B07JR1XZ78: Response too small (3788 bytes)
[2026-07-28 21:55:32]   ⚪ Error checking B076DD5JNS: Response too small (3788 bytes)
[2026-07-28 21:55:33]   ⚪ Error checking B0FP5R9BDZ: Response too small (3788 bytes)
[2026-07-28 21:55:33]   ⚪ Error checking B0DCLRRHSP: Response too small (3788 bytes)
[2026-07-28 21:55:34]   ⚪ Error checking B0DGH11YRH: Response too small (3788 bytes)
[2026-07-28 21:55:34]   ⚪ Error checking B0CKYFSKNN: Response too small (3781 bytes)
[2026-07-28 21:55:35]   ⚪ Error checking B0FFT52P6R: Response too small (3788 bytes)
[2026-07-28 21:55:35]   ⚪ Error checking B0FY1PQ1GR: Response too small (3788 bytes)
[2026-07-28 21:55:36]   ⚪ Error checking B098WVKF19: Response too small (3788 bytes)
[2026-07-28 21:55:36]   ⚪ Error checking B0D6J5B98H: Response too small (3788 bytes)
[2026-07-28 21:55:37]   ⚪ Error checking B0C6YBHKJ5: Response too small (3788 bytes)
[2026-07-28 21:55:37]   ⚪ Error checking B00XI87KV8: Response too small (3788 bytes)
[2026-07-28 21:55:38]   ⚪ Error checking B0GF84KXYM: Response too small (3788 bytes)
[2026-07-28 21:55:38]   ⚪ Error checking B0DGQ4781N: Response too small (3788 bytes)
[2026-07-28 21:55:39]   ⚪ Error checking B0DQNL7GVX: Response too small (3788 bytes)
[2026-07-28 21:55:39]   ⚪ Error checking B0B1HYVVTV: Response too small (3788 bytes)
[2026-07-28 21:55:40]   ⚪ Error checking B07YFYR126: Response too small (3788 bytes)
[2026-07-28 21:55:40]   ⚪ Error checking B0FGH4QRH9: Response too small (3788 bytes)
[2026-07-28 21:55:41]   ⚪ Error checking B087BWT49J: Response too small (3788 bytes)
[2026-07-28 21:55:41]   ⚪ Error checking B0861NVBRF: Response too small (3788 bytes)
[2026-07-28 21:55:42]   ⚪ Error checking B08L5VKNWR: Response too small (3788 bytes)
[2026-07-28 21:55:42]   ⚪ Error checking B08JPCSDMP: Response too small (3788 bytes)
[2026-07-28 21:55:43]   ⚪ Error checking B0D3LM6Q73: Response too small (3788 bytes)
[2026-07-28 21:55:43]   ⚪ Error checking B0CRR6F4LJ: Response too small (3788 bytes)
[2026-07-28 21:55:44]   ⚪ Error checking B09XHYNHB2: Response too small (3788 bytes)
[2026-07-28 21:55:44]   ⚪ Error checking B0FDL1LS3B: Response too small (3788 bytes)
[2026-07-28 21:55:45]   ⚪ Error checking B0FMBGXC2C: Response too small (3788 bytes)
[2026-07-28 21:55:45]   ⚪ Error checking B0DSR9KCG2: Response too small (3788 bytes)
[2026-07-28 21:55:46]   ⚪ Error checking B076PLTQQT: Response too small (3788 bytes)
[2026-07-28 21:55:46]   ⚪ Error checking B0DS2BM3VL: Response too small (3788 bytes)
[2026-07-28 21:55:47]   ⚪ Error checking B07SM5HBK1: Response too small (3788 bytes)
[2026-07-28 21:55:47]   ⚪ Error checking B0CTH7L29Z: Response too small (3788 bytes)
[2026-07-28 21:55:48]   ⚪ Error checking B0FWR7Y3G6: Response too small (3788 bytes)
[2026-07-28 21:55:48]   ⚪ Error checking B0GGN3B639: Response too small (3788 bytes)
[2026-07-28 21:55:49]   ⚪ Error checking B0FX7T4H7D: Response too small (3788 bytes)
[2026-07-28 21:55:49]   ⚪ Error checking B08G1KB88B: Response too small (3788 bytes)
[2026-07-28 21:55:50]   ⚪ Error checking B0DYV2GH2S: Response too small (3788 bytes)
[2026-07-28 21:55:50]   ⚪ Error checking B0FLJRW2FC: Response too small (3781 bytes)
[2026-07-28 21:55:51]   ⚪ Error checking B01EXWCPLC: Response too small (3788 bytes)
[2026-07-28 21:55:51]   ⚪ Error checking B00429N19W: Response too small (3788 bytes)
[2026-07-28 21:55:52]   ⚪ Error checking B0F4DLKXJB: Response too small (3788 bytes)
[2026-07-28 21:55:52]   ⚪ Error checking B0DYV6CQCS: Response too small (3788 bytes)
[2026-07-28 21:55:53]   ⚪ Error checking B0B354X985: Response too small (3788 bytes)
[2026-07-28 21:55:53]   ⚪ Error checking B0BCMLLSHL: Response too small (3788 bytes)
[2026-07-28 21:55:54]   ⚪ Error checking B07GZR981Y: Response too small (3788 bytes)
[2026-07-28 21:55:54]   ⚪ Error checking B0FLK5Z3H8: Response too small (3788 bytes)
[2026-07-28 21:55:55]   ⚪ Error checking B0FQDC4JJ3: Response too small (3788 bytes)
[2026-07-28 21:55:55]   ⚪ Error checking B072FRJMJ7: Response too small (3788 bytes)
[2026-07-28 21:55:56]   ⚪ Error checking B0CRRKJSC1: Response too small (3788 bytes)
[2026-07-28 21:55:56]   ⚪ Error checking B071H7K8G9: Response too small (3788 bytes)
[2026-07-28 21:55:57]   ⚪ Error checking B0DR5RT9K9: Response too small (3788 bytes)
[2026-07-28 21:55:57]   ⚪ Error checking B0DHRRB3K2: Response too small (3788 bytes)
[2026-07-28 21:55:58]   ⚪ Error checking B0DS2BM3VL: Response too small (3788 bytes)
[2026-07-28 21:55:58]   ⚪ Error checking B0GFVJ6LQC: Response too small (3788 bytes)
[2026-07-28 21:55:59]   ⚪ Error checking B07SM5HBK1: Response too small (3788 bytes)
[2026-07-28 21:55:59]   ⚪ Error checking B0CTH7L29Z: Response too small (3788 bytes)
[2026-07-28 21:56:00]   ⚪ Error checking B0GGN3B639: Response too small (3788 bytes)
[2026-07-28 21:56:00]   ⚪ Error checking B0FWR7Y3G6: Response too small (3788 bytes)
[2026-07-28 21:56:01]   ⚪ Error checking B0FX7T4H7D: Response too small (3788 bytes)
[2026-07-28 21:56:01]   ⚪ Error checking B08G1KB88B: Response too small (3788 bytes)
[2026-07-28 21:56:02]   ⚪ Error checking B0DYV2GH2S: Response too small (3788 bytes)
[2026-07-28 21:56:02]   ⚪ Error checking B0FLJRW2FC: Response too small (3788 bytes)
[2026-07-28 21:56:03]   ⚪ Error checking B0DYV6CQCS: Response too small (3788 bytes)
[2026-07-28 21:56:03]   ⚪ Error checking B01EXWCPLC: Response too small (3788 bytes)
[2026-07-28 21:56:04]   ⚪ Error checking B0F4DLKXJB: Response too small (3788 bytes)
[2026-07-28 21:56:04]   ⚪ Error checking B00429N19W: Response too small (3788 bytes)
[2026-07-28 21:56:05]   ⚪ Error checking B0B354X985: Response too small (3788 bytes)
[2026-07-28 21:56:05]   ⚪ Error checking B0BCMLLSHL: Response too small (3788 bytes)
[2026-07-28 21:56:06]   ⚪ Error checking B07GZR981Y: Response too small (3788 bytes)
[2026-07-28 21:56:06]   ⚪ Error checking B0FLK5Z3H8: Response too small (3788 bytes)
[2026-07-28 21:56:07]   ⚪ Error checking B0FQDC4JJ3: Response too small (3788 bytes)
[2026-07-28 21:56:07]   ⚪ Error checking B072FRJMJ7: Response too small (3788 bytes)
[2026-07-28 21:56:08]   ⚪ Error checking B0CRRKJSC1: Response too small (3788 bytes)
[2026-07-28 21:56:08]   ⚪ Error checking B0DR5RT9K9: Response too small (3788 bytes)
[2026-07-28 21:56:09]   ⚪ Error checking B0DHRRB3K2: Response too small (3788 bytes)
[2026-07-28 21:56:09]   ⚪ Error checking B0GFVJ6LQC: Response too small (3788 bytes)
[2026-07-28 21:56:10]   ⚪ Error checking B071H7K8G9: Response too small (3788 bytes)
[2026-07-28 21:56:10]   ⚪ Error checking B0D3PKPZCK: Response too small (3788 bytes)
[2026-07-28 21:56:11]   ⚪ Error checking B0DKNRD42F: Response too small (3788 bytes)
[2026-07-28 21:56:11]   ⚪ Error checking B0D6W5WKNX: Response too small (3788 bytes)
[2026-07-28 21:56:12]   ⚪ Error checking B0FBFM72F2: Response too small (3788 bytes)
[2026-07-28 21:56:12]   ⚪ Error checking B0FZB9XMPS: Response too small (3788 bytes)
[2026-07-28 21:56:13]   ⚪ Error checking B0F1GF1KFC: Response too small (3788 bytes)
[2026-07-28 21:56:13]   ⚪ Error checking B0FQC1SQM2: Response too small (3788 bytes)
[2026-07-28 21:56:14]   ⚪ Error checking B0DSPJPRXD: Response too small (3788 bytes)
[2026-07-28 21:56:14]   ⚪ Error checking B06X99NFRS: Response too small (3788 bytes)
[2026-07-28 21:56:15]   ⚪ Error checking B0BXGFFSL1: Response too small (3788 bytes)
[2026-07-28 21:56:15]   ⚪ Error checking B0GJD6PHTZ: Response too small (3788 bytes)
[2026-07-28 21:56:16]   ⚪ Error checking B0CY2C7H6S: Response too small (3788 bytes)
[2026-07-28 21:56:16]   ⚪ Error checking B0GMWYYRQL: Response too small (3788 bytes)
[2026-07-28 21:56:17]   ⚪ Error checking B0GMX4CN7X: Response too small (3788 bytes)
[2026-07-28 21:56:17]   ⚪ Error checking B07CRG94G3: Response too small (3788 bytes)
[2026-07-28 21:56:18]   ⚪ Error checking B0GMX1JSGL: Response too small (3788 bytes)
[2026-07-28 21:56:18]   ⚪ Error checking B07G8CMR18: Response too small (3788 bytes)
[2026-07-28 21:56:19]   ⚪ Error checking B083XTKV8V: Response too small (3788 bytes)
[2026-07-28 21:56:19]   ⚪ Error checking B07DN7Y7XC: Response too small (3788 bytes)
[2026-07-28 21:56:20]   ⚪ Error checking B0FLXW8DB7: Response too small (3788 bytes)
[2026-07-28 21:56:20]   ⚪ Error checking B00SCX6I8A: Response too small (3788 bytes)
[2026-07-28 21:56:21]   ⚪ Error checking B0GHYSWPFR: Response too small (3788 bytes)
[2026-07-28 21:56:21]   ⚪ Error checking B09Y8B81F7: Response too small (3788 bytes)
[2026-07-28 21:56:22]   ⚪ Error checking B077B9W343: Response too small (3788 bytes)
[2026-07-28 21:56:22]   ⚪ Error checking B08M94BTYC: Response too small (3788 bytes)
[2026-07-28 21:56:23]   ⚪ Error checking B0FJ8DCN5T: Response too small (3788 bytes)
[2026-07-28 21:56:23]   ⚪ Error checking B08PBT82M7: Response too small (3788 bytes)
[2026-07-28 21:56:24]   ⚪ Error checking B0D3PKPZCK: Response too small (3788 bytes)
[2026-07-28 21:56:24]   ⚪ Error checking B0B29BZGF2: Response too small (3788 bytes)
[2026-07-28 21:56:25]   ⚪ Error checking B0DKNRD42F: Response too small (3788 bytes)
[2026-07-28 21:56:25]   ⚪ Error checking B0FBFM72F2: Response too small (3788 bytes)
[2026-07-28 21:56:26]   ⚪ Error checking B0FZB9XMPS: Response too small (3788 bytes)
[2026-07-28 21:56:26]   ⚪ Error checking B0D6W5WKNX: Response too small (3788 bytes)
[2026-07-28 21:56:27]   ⚪ Error checking B0F1GF1KFC: Response too small (3788 bytes)
[2026-07-28 21:56:27]   ⚪ Error checking B0DSPJPRXD: Response too small (3788 bytes)
[2026-07-28 21:56:28]   ⚪ Error checking B0FQC1SQM2: Response too small (3788 bytes)
[2026-07-28 21:56:28]   ⚪ Error checking B06X99NFRS: Response too small (3788 bytes)
[2026-07-28 21:56:29]   ⚪ Error checking B0BXGFFSL1: Response too small (3788 bytes)
[2026-07-28 21:56:29]   ⚪ Error checking B0GJD6PHTZ: Response too small (3788 bytes)
[2026-07-28 21:56:30]   ⚪ Error checking B0CY2C7H6S: Response too small (3788 bytes)
[2026-07-28 21:56:30]   ⚪ Error checking B0GMWYYRQL: Response too small (3788 bytes)
[2026-07-28 21:56:31]   ⚪ Error checking B0GMX1JSGL: Response too small (3788 bytes)
[2026-07-28 21:56:31]   ⚪ Error checking B0GMX4CN7X: Response too small (3788 bytes)
[2026-07-28 21:56:32]   ⚪ Error checking B07CRG94G3: Response too small (3788 bytes)
[2026-07-28 21:56:32]   ⚪ Error checking B07G8CMR18: Response too small (3788 bytes)
[2026-07-28 21:56:33]   ⚪ Error checking B083XTKV8V: Response too small (3788 bytes)
[2026-07-28 21:56:33]   ⚪ Error checking B07DN7Y7XC: Response too small (3788 bytes)
[2026-07-28 21:56:34]   ⚪ Error checking B00SCX6I8A: Response too small (3788 bytes)
[2026-07-28 21:56:34]   ⚪ Error checking B0FLXW8DB7: Response too small (3788 bytes)
[2026-07-28 21:56:35]   ⚪ Error checking B0GHYSWPFR: Response too small (3788 bytes)
[2026-07-28 21:56:35]   ⚪ Error checking B09Y8B81F7: Response too small (3788 bytes)
[2026-07-28 21:56:36]   ⚪ Error checking B077B9W343: Response too small (3788 bytes)
[2026-07-28 21:56:36]   ⚪ Error checking B08M94BTYC: Response too small (3788 bytes)
[2026-07-28 21:56:37]   ⚪ Error checking B0FJ8DCN5T: Response too small (3788 bytes)
[2026-07-28 21:56:37]   ⚪ Error checking B08PBT82M7: Response too small (3788 bytes)
[2026-07-28 21:56:38]   ⚪ Error checking B0FHZGXZH7: Response too small (3788 bytes)
[2026-07-28 21:56:38]   ⚪ Error checking B0B29BZGF2: Response too small (3788 bytes)
[2026-07-28 21:56:39]   ⚪ Error checking B0DY8K122V: Response too small (3788 bytes)
[2026-07-28 21:56:39]   ⚪ Error checking B0GLP6QL6R: Response too small (3788 bytes)
[2026-07-28 21:56:40]   ⚪ Error checking B0GTYW59Y3: Response too small (3788 bytes)
[2026-07-28 21:56:40]   ⚪ Error checking B09G5W9R6R: Response too small (3788 bytes)
[2026-07-28 21:56:41]   ⚪ Error checking B09PRB1MZM: Response too small (3788 bytes)
[2026-07-28 21:56:41]   ⚪ Error checking B0DKVDZXSN: Response too small (3788 bytes)
[2026-07-28 21:56:42]   ⚪ Error checking B0DY8K122V: Response too small (3788 bytes)
[2026-07-28 21:56:42]   ⚪ Error checking B0GLP6QL6R: Response too small (3788 bytes)
[2026-07-28 21:56:43]   ⚪ Error checking B084GTH5LL: Response too small (3781 bytes)
[2026-07-28 21:56:43]   ⚪ Error checking B0CN8QLS4K: Response too small (3788 bytes)
[2026-07-28 21:56:44]   ⚪ Error checking B0H86VCHQ7: Response too small (3788 bytes)
[2026-07-28 21:56:44]   ⚪ Error checking B0H6ZGD1SN: Response too small (3788 bytes)
[2026-07-28 21:56:45]   ⚪ Error checking B0GX52YF2F: Response too small (3788 bytes)
[2026-07-28 21:56:45]   ⚪ Error checking B08RHD97QY: Response too small (3788 bytes)
[2026-07-28 21:56:46]   ⚪ Error checking B0FQP7PVCZ: Response too small (3788 bytes)
[2026-07-28 21:56:46]   ⚪ Error checking B0H8WN8FFH: Response too small (3788 bytes)
[2026-07-28 21:56:47]   ⚪ Error checking B0DJLPNQZ6: Response too small (3788 bytes)
[2026-07-28 21:56:47]   ⚪ Error checking B0DJLNTBVF: Response too small (3788 bytes)
[2026-07-28 21:56:48]   ⚪ Error checking B0G19C3F48: Response too small (3788 bytes)
[2026-07-28 21:56:48]   ⚪ Error checking B07PFYM5MZ: Response too small (3788 bytes)
[2026-07-28 21:56:49]   ⚪ Error checking B00A128S24: Response too small (3788 bytes)
[2026-07-28 21:56:49]   ⚪ Error checking B0CVS9D517: Response too small (3788 bytes)
[2026-07-28 21:56:50]   ⚪ Error checking B0DY8K122V: Response too small (3788 bytes)
[2026-07-28 21:56:50]   ⚪ Error checking B0FHZGXZH7: Response too small (3788 bytes)
[2026-07-28 21:56:51]   ⚪ Error checking B0GLP6QL6R: Response too small (3788 bytes)
[2026-07-28 21:56:51]   ⚪ Error checking B09G5W9R6R: Response too small (3788 bytes)
[2026-07-28 21:56:52]   ⚪ Error checking B09PRB1MZM: Response too small (3788 bytes)
[2026-07-28 21:56:52]   ⚪ Error checking B0GTYW59Y3: Response too small (3788 bytes)
[2026-07-28 21:56:53]   ⚪ Error checking B0DKVDZXSN: Response too small (3788 bytes)
[2026-07-28 21:56:53]   ⚪ Error checking B0DY8K122V: Response too small (3788 bytes)
[2026-07-28 21:56:54]   ⚪ Error checking B0GLP6QL6R: Response too small (3788 bytes)
[2026-07-28 21:56:54]   ⚪ Error checking B0CN8QLS4K: Response too small (3788 bytes)
[2026-07-28 21:56:55]   ⚪ Error checking B084GTH5LL: Response too small (3788 bytes)
[2026-07-28 21:56:55]   ⚪ Error checking B0GX52YF2F: Response too small (3788 bytes)
[2026-07-28 21:56:56]   ⚪ Error checking B0H8WN8FFH: Response too small (3788 bytes)
[2026-07-28 21:56:56]   ⚪ Error checking B0H86VCHQ7: Response too small (3788 bytes)
[2026-07-28 21:56:57]   ⚪ Error checking B0H6ZGD1SN: Response too small (3788 bytes)
[2026-07-28 21:56:57]   ⚪ Error checking B08RHD97QY: Response too small (3788 bytes)
[2026-07-28 21:56:58]   ⚪ Error checking B0FQP7PVCZ: Response too small (3788 bytes)
[2026-07-28 21:56:58]   ⚪ Error checking B0DJLPNQZ6: Response too small (3788 bytes)
[2026-07-28 21:56:59]   ⚪ Error checking B0DJLNTBVF: Response too small (3788 bytes)
[2026-07-28 21:56:59]   ⚪ Error checking B0CVS9D517: Response too small (3788 bytes)
[2026-07-28 21:57:00]   ⚪ Error checking B00A128S24: Response too small (3788 bytes)
[2026-07-28 21:57:00]   ⚪ Error checking B07PFYM5MZ: Response too small (3788 bytes)
[2026-07-28 21:57:01]   ⚪ Error checking B0G19C3F48: Response too small (3788 bytes)
[2026-07-28 21:57:01]   ⚪ Error checking B0DY2SWV16: Response too small (3788 bytes)
[2026-07-28 21:57:02]   ⚪ Error checking B0CB1VJMZN: Response too small (3788 bytes)
[2026-07-28 21:57:02]   ⚪ Error checking B0DG2SWCB2: Response too small (3788 bytes)
[2026-07-28 21:57:03]   ⚪ Error checking B0DG2QS49T: Response too small (3788 bytes)
[2026-07-28 21:57:03]   ⚪ Error checking B0DG2QS4BM: Response too small (3788 bytes)
[2026-07-28 21:57:04]   ⚪ Error checking B0FW55KL3Y: Response too small (3788 bytes)
[2026-07-28 21:57:04]   ⚪ Error checking B0G13KXTTT: Response too small (3788 bytes)
[2026-07-28 21:57:05]   ⚪ Error checking B0DY2PB7RB: Response too small (3788 bytes)
[2026-07-28 21:57:05]   ⚪ Error checking B0CB1VJMZN: Response too small (3788 bytes)
[2026-07-28 21:57:06]   ⚪ Error checking B0DY2SWV16: Response too small (3788 bytes)
[2026-07-28 21:57:06]   ⚪ Error checking B0DG2SWCB2: Response too small (3788 bytes)
[2026-07-28 21:57:07]   ⚪ Error checking B0DG2QS49T: Response too small (3788 bytes)
[2026-07-28 21:57:07]   ⚪ Error checking B0DG2QS4BM: Response too small (3788 bytes)
[2026-07-28 21:57:08]   ⚪ Error checking B0FW55KL3Y: Response too small (3788 bytes)
[2026-07-28 21:57:08]   ⚪ Error checking B0DY2PB7RB: Response too small (3788 bytes)
[2026-07-28 21:57:09]   ⚪ Error checking B0G13KXTTT: Response too small (3788 bytes)
[2026-07-28 21:57:09]   ⚪ Error checking B0B8RHKTXQ: Response too small (3788 bytes)
[2026-07-28 21:57:10]   ⚪ Error checking B0B8RNYTJF: Response too small (3788 bytes)
[2026-07-28 21:57:10]   ⚪ Error checking B0BX8PZTTR: Response too small (3788 bytes)
[2026-07-28 21:57:11]   ⚪ Error checking B0BCNZ8JSL: Response too small (3788 bytes)
[2026-07-28 21:57:11]   ⚪ Error checking B0B8WXL1C7: Response too small (3788 bytes)
[2026-07-28 21:57:12]   ⚪ Error checking B0CKTL15M4: Response too small (3788 bytes)
[2026-07-28 21:57:12]   ⚪ Error checking B0CB6QC12D: Response too small (3788 bytes)
[2026-07-28 21:57:13]   ⚪ Error checking B0CCYM3F1V: Response too small (3788 bytes)
[2026-07-28 21:57:13]   ⚪ Error checking B0D8MD5HLM: Response too small (3788 bytes)
[2026-07-28 21:57:14]   ⚪ Error checking B0DPWZZGVT: Response too small (3788 bytes)
[2026-07-28 21:57:14]   ⚪ Error checking B0D8BJ93M8: Response too small (3788 bytes)
[2026-07-28 21:57:15]   ⚪ Error checking B0CMTNPBFW: Response too small (3788 bytes)
[2026-07-28 21:57:15]   ⚪ Error checking B0CQK5FQVR: Response too small (3788 bytes)
[2026-07-28 21:57:16]   ⚪ Error checking B0CQKYJ898: Response too small (3788 bytes)
[2026-07-28 21:57:16]   ⚪ Error checking B0CXT6B59N: Response too small (3788 bytes)
[2026-07-28 21:57:17]   ⚪ Error checking B0CQK5BGSX: Response too small (3788 bytes)
[2026-07-28 21:57:17]   ⚪ Error checking B0CXT812SV: Response too small (3788 bytes)
[2026-07-28 21:57:18]   ⚪ Error checking B07F8S18D5: Response too small (3788 bytes)
[2026-07-28 21:57:18]   ⚪ Error checking B0BX8PZTTR: Response too small (3788 bytes)
[2026-07-28 21:57:19]   ⚪ Error checking B0B8RNYTJF: Response too small (3788 bytes)
[2026-07-28 21:57:19]   ⚪ Error checking B0B8RHKTXQ: Response too small (3788 bytes)
[2026-07-28 21:57:20]   ⚪ Error checking B0BCNZ8JSL: Response too small (3788 bytes)
[2026-07-28 21:57:20]   ⚪ Error checking B0B8WXL1C7: Response too small (3788 bytes)
[2026-07-28 21:57:21]   ⚪ Error checking B0CKTL15M4: Response too small (3788 bytes)
[2026-07-28 21:57:21]   ⚪ Error checking B0CB6QC12D: Response too small (3788 bytes)
[2026-07-28 21:57:22]   ⚪ Error checking B0D8MD5HLM: Response too small (3788 bytes)
[2026-07-28 21:57:22]   ⚪ Error checking B0CCYM3F1V: Response too small (3788 bytes)
[2026-07-28 21:57:23]   ⚪ Error checking B0DPWZZGVT: Response too small (3788 bytes)
[2026-07-28 21:57:23]   ⚪ Error checking B0D8BJ93M8: Response too small (3788 bytes)
[2026-07-28 21:57:24]   ⚪ Error checking B0CMTNPBFW: Response too small (3788 bytes)
[2026-07-28 21:57:24]   ⚪ Error checking B0CQK5FQVR: Response too small (3788 bytes)
[2026-07-28 21:57:25]   ⚪ Error checking B0CQKYJ898: Response too small (3788 bytes)
[2026-07-28 21:57:25]   ⚪ Error checking B0CQK5BGSX: Response too small (3788 bytes)
[2026-07-28 21:57:26]   ⚪ Error checking B0CXT6B59N: Response too small (3788 bytes)
[2026-07-28 21:57:26]   ⚪ Error checking B0CXT812SV: Response too small (3788 bytes)
[2026-07-28 21:57:27]   ⚪ Error checking B07F8S18D5: Response too small (3788 bytes)
[2026-07-28 21:57:27]   ⚪ Error checking B07P4ZTS48: Response too small (3788 bytes)
[2026-07-28 21:57:28]   ⚪ Error checking B0C3PQHGR7: Response too small (3788 bytes)
[2026-07-28 21:57:28]   ⚪ Error checking B01M69K91R: Response too small (3788 bytes)
[2026-07-28 21:57:29]   ⚪ Error checking B08WG2HC81: Response too small (3788 bytes)
[2026-07-28 21:57:29]   ⚪ Error checking B0D14SDPC9: Response too small (3788 bytes)
[2026-07-28 21:57:30]   ⚪ Error checking B0D3L86XFJ: Response too small (3788 bytes)
[2026-07-28 21:57:30]   ⚪ Error checking B0D98B1P3T: Response too small (3788 bytes)
[2026-07-28 21:57:31]   ⚪ Error checking B08J7N3VYW: Response too small (3788 bytes)
[2026-07-28 21:57:31]   ⚪ Error checking B01BKT63XM: Response too small (3788 bytes)
[2026-07-28 21:57:32]   ⚪ Error checking B07FKBDNNQ: Response too small (3788 bytes)
[2026-07-28 21:57:32]   ⚪ Error checking B0858C7X3M: Response too small (3788 bytes)
[2026-07-28 21:57:33]   ⚪ Error checking B0BFWK37Q6: Response too small (3788 bytes)
[2026-07-28 21:57:33]   ⚪ Error checking B00BD5G9VA: Response too small (3788 bytes)
[2026-07-28 21:57:34]   ⚪ Error checking B0GK8W9JSP: Response too small (3788 bytes)
[2026-07-28 21:57:34]   ⚪ Error checking B0GK8T57B8: Response too small (3788 bytes)
[2026-07-28 21:57:35]   ⚪ Error checking B00ZWJDPTC: Response too small (3788 bytes)
[2026-07-28 21:57:35]   ⚪ Error checking B0GK8SNNW4: Response too small (3788 bytes)
[2026-07-28 21:57:36]   ⚪ Error checking B0DQYLSHKF: Response too small (3788 bytes)
[2026-07-28 21:57:36]   ⚪ Error checking B07457BXJW: Response too small (3788 bytes)
[2026-07-28 21:57:37]   ⚪ Error checking B00ET5VMTU: Response too small (3788 bytes)
[2026-07-28 21:57:37]   ⚪ Error checking B0C3TGRLLM: Response too small (3788 bytes)
[2026-07-28 21:57:38]   ⚪ Error checking B0858J4BTK: Response too small (3788 bytes)
[2026-07-28 21:57:38]   ⚪ Error checking B0D256FJXF: Response too small (3788 bytes)
[2026-07-28 21:57:39]   ⚪ Error checking B0H72KW2Z8: Response too small (3788 bytes)
[2026-07-28 21:57:39]   ⚪ Error checking B0GKFFCWP3: Response too small (3788 bytes)
[2026-07-28 21:57:40]   ⚪ Error checking B0FXG2M6KL: Response too small (3788 bytes)
[2026-07-28 21:57:40]   ⚪ Error checking B09SKFVSMZ: Response too small (3788 bytes)
[2026-07-28 21:57:41]   ⚪ Error checking B0FHX128X8: Response too small (3788 bytes)
[2026-07-28 21:57:41]   ⚪ Error checking B09RKV6RQW: Response too small (3788 bytes)
[2026-07-28 21:57:42]   ⚪ Error checking B08VHYX96W: Response too small (3788 bytes)
[2026-07-28 21:57:42]   ⚪ Error checking B07R9PNRBD: Response too small (3788 bytes)
[2026-07-28 21:57:43]   ⚪ Error checking B0FS1LC9QJ: Response too small (3788 bytes)
[2026-07-28 21:57:43]   ⚪ Error checking B0FS1MV1JB: Response too small (3788 bytes)
[2026-07-28 21:57:44]   ⚪ Error checking B0FS1MMVF8: Response too small (3788 bytes)
[2026-07-28 21:57:44]   ⚪ Error checking B0BGWRWRX2: Response too small (3788 bytes)
[2026-07-28 21:57:45]   ⚪ Error checking B0DSVKLNQR: Response too small (3788 bytes)
[2026-07-28 21:57:45]   ⚪ Error checking B0BLMQ8BXB: Response too small (3788 bytes)
[2026-07-28 21:57:46]   ⚪ Error checking B08DJ3YRYN: Response too small (3788 bytes)
[2026-07-28 21:57:46]   ⚪ Error checking B08DJ3C15T: Response too small (3788 bytes)
[2026-07-28 21:57:47]   ⚪ Error checking B08FB1Y4QN: Response too small (3788 bytes)
[2026-07-28 21:57:47]   ⚪ Error checking B0CNTN1FHX: Response too small (3788 bytes)
[2026-07-28 21:57:48]   ⚪ Error checking B0CNTMM8PW: Response too small (3788 bytes)
[2026-07-28 21:57:48]   ⚪ Error checking B0B24YXL58: Response too small (3788 bytes)
[2026-07-28 21:57:49]   ⚪ Error checking B0CMJF6DYD: Response too small (3788 bytes)
[2026-07-28 21:57:49]   ⚪ Error checking B0CPZ7RBHG: Response too small (3788 bytes)
[2026-07-28 21:57:50]   ⚪ Error checking B0CNKXHGZT: Response too small (3788 bytes)
[2026-07-28 21:57:50]   ⚪ Error checking B07RBV3LZT: Response too small (3788 bytes)
[2026-07-28 21:57:51]   ⚪ Error checking B0D3LGW9RY: Response too small (3788 bytes)
[2026-07-28 21:57:51]   ⚪ Error checking B0DFM7JRLL: Response too small (3788 bytes)
[2026-07-28 21:57:52]   ⚪ Error checking B0G7XSC3YP: Response too small (3788 bytes)
[2026-07-28 21:57:52]   ⚪ Error checking B019MDK0GE: Response too small (3788 bytes)
[2026-07-28 21:57:53]   ⚪ Error checking B0000BYD9A: Response too small (3788 bytes)
[2026-07-28 21:57:53]   ⚪ Error checking B0F24CBQT9: Response too small (3788 bytes)
[2026-07-28 21:57:54]   ⚪ Error checking B0GZNFWNLN: Response too small (3788 bytes)
[2026-07-28 21:57:54]   ⚪ Error checking B0FK4D7DM5: Response too small (3788 bytes)
[2026-07-28 21:57:55]   ⚪ Error checking B0GJZD745P: Response too small (3788 bytes)
[2026-07-28 21:57:55]   ⚪ Error checking B0GK117CL5: Response too small (3788 bytes)
[2026-07-28 21:57:56]   ⚪ Error checking B0GK6LM6TZ: Response too small (3788 bytes)
[2026-07-28 21:57:56]   ⚪ Error checking B0DX1T6D1M: Response too small (3788 bytes)
[2026-07-28 21:57:57]   ⚪ Error checking B073VJPM4Z: Response too small (3788 bytes)
[2026-07-28 21:57:57]   ⚪ Error checking B0CKJXX4XR: Response too small (3788 bytes)
[2026-07-28 21:57:58]   ⚪ Error checking B09CVCZD1W: Response too small (3788 bytes)
[2026-07-28 21:57:58]   ⚪ Error checking B0G31HZY44: Response too small (3788 bytes)
[2026-07-28 21:57:59]   ⚪ Error checking B09CVCKXYG: Response too small (3788 bytes)
[2026-07-28 21:57:59]   ⚪ Error checking B0917VXLDK: Response too small (3788 bytes)
[2026-07-28 21:58:00]   ⚪ Error checking B0GL2LY5QD: Response too small (3788 bytes)
[2026-07-28 21:58:00]   ⚪ Error checking B0917TH83L: Response too small (3788 bytes)
[2026-07-28 21:58:01]   ⚪ Error checking B0F9NXNCHQ: Response too small (3788 bytes)
[2026-07-28 21:58:01]   ⚪ Error checking B097SXK3FG: Response too small (3788 bytes)
[2026-07-28 21:58:02]   ⚪ Error checking B08HCW4V4G: Response too small (3788 bytes)
[2026-07-28 21:58:02]   ⚪ Error checking B07DXTP9M9: Response too small (3788 bytes)
[2026-07-28 21:58:03]   ⚪ Error checking B0FS77BTKX: Response too small (3788 bytes)
[2026-07-28 21:58:03]   ⚪ Error checking B0FH4MDXK1: Response too small (3788 bytes)
[2026-07-28 21:58:04]   ⚪ Error checking B0D91VSS5P: Response too small (3788 bytes)
[2026-07-28 21:58:04]   ⚪ Error checking B07KMPXLWR: Response too small (3788 bytes)
[2026-07-28 21:58:05]   ⚪ Error checking B0FFT8RKG5: Response too small (3788 bytes)
[2026-07-28 21:58:05]   ⚪ Error checking B0FMR31K5K: Response too small (3788 bytes)
[2026-07-28 21:58:06]   ⚪ Error checking B07MVLYF7L: Response too small (3788 bytes)
[2026-07-28 21:58:06]   ⚪ Error checking B07VWXKXSK: Response too small (3788 bytes)
[2026-07-28 21:58:07]   ⚪ Error checking B079KVRS9W: Response too small (3788 bytes)
[2026-07-28 21:58:07]   ⚪ Error checking B07CBYR1DN: Response too small (3788 bytes)
[2026-07-28 21:58:08]   ⚪ Error checking B00GLI10C2: Response too small (3788 bytes)
[2026-07-28 21:58:08]   ⚪ Error checking B0G56PTZP8: Response too small (3788 bytes)
[2026-07-28 21:58:09]   ⚪ Error checking B0CDC36FTV: Response too small (3788 bytes)
[2026-07-28 21:58:09]   ⚪ Error checking B0DHZN1LLT: Response too small (3788 bytes)
[2026-07-28 21:58:10]   ⚪ Error checking B0DHZJ7RV8: Response too small (3788 bytes)
[2026-07-28 21:58:10]   ⚪ Error checking B0FVHZX97Z: Response too small (3788 bytes)
[2026-07-28 21:58:11]   ⚪ Error checking B0D6SQR1L1: Response too small (3788 bytes)
[2026-07-28 21:58:11]   ⚪ Error checking B0FQ5BB6SS: Response too small (3788 bytes)
[2026-07-28 21:58:12]   ⚪ Error checking B0DQ14SVXR: Response too small (3788 bytes)
[2026-07-28 21:58:12]   ⚪ Error checking B0GQXF2RKM: Response too small (3788 bytes)
[2026-07-28 21:58:13]   ⚪ Error checking B0CRDPSK1G: Response too small (3788 bytes)
[2026-07-28 21:58:13]   ⚪ Error checking B0D7PVJPTV: Response too small (3788 bytes)
[2026-07-28 21:58:14]   ⚪ Error checking B0DPMBSCSM: Response too small (3788 bytes)
[2026-07-28 21:58:14]   ⚪ Error checking B0CK3HYF82: Response too small (3788 bytes)
[2026-07-28 21:58:15]   ⚪ Error checking B00CIYPO5C: Response too small (3788 bytes)
[2026-07-28 21:58:15]   ⚪ Error checking B0DKZVNRGZ: Response too small (3788 bytes)
[2026-07-28 21:58:16]   ⚪ Error checking B071X9FZ7R: Response too small (3788 bytes)
[2026-07-28 21:58:16]   ⚪ Error checking B0BJ2JYPGG: Response too small (3788 bytes)
[2026-07-28 21:58:17]   ⚪ Error checking B0FRFL9MXP: Response too small (3788 bytes)
[2026-07-28 21:58:17]   ⚪ Error checking B0B75QD6TM: Response too small (3788 bytes)
[2026-07-28 21:58:18]   ⚪ Error checking B0B75PXMGQ: Response too small (3788 bytes)
[2026-07-28 21:58:18]   ⚪ Error checking B000BQS5GO: Response too small (3788 bytes)
[2026-07-28 21:58:19]   ⚪ Error checking B0F67MGYQF: Response too small (3788 bytes)
[2026-07-28 21:58:19]   ⚪ Error checking B0DRNG2YP9: Response too small (3788 bytes)
[2026-07-28 21:58:20]   ⚪ Error checking B0GHND351C: Response too small (3788 bytes)
[2026-07-28 21:58:20]   ⚪ Error checking B0GLFTWGXD: Response too small (3788 bytes)
[2026-07-28 21:58:21]   ⚪ Error checking B0GHN2F69K: Response too small (3788 bytes)
[2026-07-28 21:58:21]   ⚪ Error checking B08NPM9B5L: Response too small (3788 bytes)
[2026-07-28 21:58:22]   ⚪ Error checking B0F43F9CQD: Response too small (3788 bytes)
[2026-07-28 21:58:22]   ⚪ Error checking B0DQKWRGN1: Response too small (3788 bytes)
[2026-07-28 21:58:23]   ⚪ Error checking B0DQKXQ7LB: Response too small (3788 bytes)
[2026-07-28 21:58:23]   ⚪ Error checking B0DQKWXWW8: Response too small (3788 bytes)
[2026-07-28 21:58:24]   ⚪ Error checking B0DQKHVW6T: Response too small (3788 bytes)
[2026-07-28 21:58:24]   ⚪ Error checking B0DWK4LQTJ: Response too small (3788 bytes)
[2026-07-28 21:58:25]   ⚪ Error checking B0CH89XWT2: Response too small (3788 bytes)
[2026-07-28 21:58:25]   ⚪ Error checking B0G4VKLGJZ: Response too small (3788 bytes)
[2026-07-28 21:58:26]   ⚪ Error checking B0GHXLF9TP: Response too small (3788 bytes)
[2026-07-28 21:58:26]   ⚪ Error checking B0DYNH8L2Z: Response too small (3788 bytes)
[2026-07-28 21:58:27]   ⚪ Error checking B0DZ1SC9J9: Response too small (3788 bytes)
[2026-07-28 21:58:27]   ⚪ Error checking B017SODKZ2: Response too small (3788 bytes)
[2026-07-28 21:58:28]   ⚪ Error checking B0757HQFX3: Response too small (3788 bytes)
[2026-07-28 21:58:28]   ⚪ Error checking B0B8285C5P: Response too small (3788 bytes)
[2026-07-28 21:58:29]   ⚪ Error checking B001DSY4QO: Response too small (3788 bytes)
[2026-07-28 21:58:29]   ⚪ Error checking B0C6KFJSY9: Response too small (3788 bytes)
[2026-07-28 21:58:30]   ⚪ Error checking B0CHHQ6617: Response too small (3788 bytes)
[2026-07-28 21:58:30]   ⚪ Error checking B0D2RH3NHK: Response too small (3788 bytes)
[2026-07-28 21:58:31]   ⚪ Error checking B0F292MNMH: Response too small (3788 bytes)
[2026-07-28 21:58:31]   ⚪ Error checking B0B7BK7DPP: Response too small (3788 bytes)
[2026-07-28 21:58:32]   ⚪ Error checking B07WK98B5D: Response too small (3788 bytes)
[2026-07-28 21:58:32]   ⚪ Error checking B0CP8S4K4M: Response too small (3788 bytes)
[2026-07-28 21:58:33]   ⚪ Error checking B0CJBKMDRK: Response too small (3788 bytes)
[2026-07-28 21:58:33]   ⚪ Error checking B0F28YTRDV: Response too small (3788 bytes)
[2026-07-28 21:58:34]   ⚪ Error checking B07P4ZTS48: Response too small (3788 bytes)
[2026-07-28 21:58:34]   ⚪ Error checking B0C3PQHGR7: Response too small (3788 bytes)
[2026-07-28 21:58:35]   ⚪ Error checking B08WG2HC81: Response too small (3788 bytes)
[2026-07-28 21:58:35]   ⚪ Error checking B01M69K91R: Response too small (3788 bytes)
[2026-07-28 21:58:36]   ⚪ Error checking B0D14SDPC9: Response too small (3788 bytes)
[2026-07-28 21:58:36]   ⚪ Error checking B0D3L86XFJ: Response too small (3788 bytes)
[2026-07-28 21:58:37]   ⚪ Error checking B0D98B1P3T: Response too small (3788 bytes)
[2026-07-28 21:58:37]   ⚪ Error checking B08J7N3VYW: Response too small (3788 bytes)
[2026-07-28 21:58:38]   ⚪ Error checking B01BKT63XM: Response too small (3788 bytes)
[2026-07-28 21:58:38]   ⚪ Error checking B07FKBDNNQ: Response too small (3788 bytes)
[2026-07-28 21:58:39]   ⚪ Error checking B0BFWK37Q6: Response too small (3788 bytes)
[2026-07-28 21:58:39]   ⚪ Error checking B0858C7X3M: Response too small (3788 bytes)
[2026-07-28 21:58:40]   ⚪ Error checking B00ZWJDPTC: Response too small (3788 bytes)
[2026-07-28 21:58:40]   ⚪ Error checking B0GK8W9JSP: Response too small (3788 bytes)
[2026-07-28 21:58:41]   ⚪ Error checking B00BD5G9VA: Response too small (3788 bytes)
[2026-07-28 21:58:41]   ⚪ Error checking B0GK8T57B8: Response too small (3788 bytes)
[2026-07-28 21:58:42]   ⚪ Error checking B0GK8SNNW4: Response too small (3788 bytes)
[2026-07-28 21:58:42]   ⚪ Error checking B0D256FJXF: Response too small (3788 bytes)
[2026-07-28 21:58:43]   ⚪ Error checking B07457BXJW: Response too small (3788 bytes)
[2026-07-28 21:58:43]   ⚪ Error checking B0DQYLSHKF: Response too small (3788 bytes)
[2026-07-28 21:58:44]   ⚪ Error checking B00ET5VMTU: Response too small (3788 bytes)
[2026-07-28 21:58:44]   ⚪ Error checking B0C3TGRLLM: Response too small (3788 bytes)
[2026-07-28 21:58:45]   ⚪ Error checking B0H72KW2Z8: Response too small (3788 bytes)
[2026-07-28 21:58:45]   ⚪ Error checking B0858J4BTK: Response too small (3788 bytes)
[2026-07-28 21:58:46]   ⚪ Error checking B0GKFFCWP3: Response too small (3788 bytes)
[2026-07-28 21:58:46]   ⚪ Error checking B0FXG2M6KL: Response too small (3788 bytes)
[2026-07-28 21:58:47]   ⚪ Error checking B09SKFVSMZ: Response too small (3788 bytes)
[2026-07-28 21:58:47]   ⚪ Error checking B0FHX128X8: Response too small (3788 bytes)
[2026-07-28 21:58:48]   ⚪ Error checking B07R9PNRBD: Response too small (3788 bytes)
[2026-07-28 21:58:48]   ⚪ Error checking B09RKV6RQW: Response too small (3788 bytes)
[2026-07-28 21:58:49]   ⚪ Error checking B08VHYX96W: Response too small (3788 bytes)
[2026-07-28 21:58:49]   ⚪ Error checking B07P4ZTS48: Response too small (3788 bytes)
[2026-07-28 21:58:50]   ⚪ Error checking B08WG2HC81: Response too small (3788 bytes)
[2026-07-28 21:58:50]   ⚪ Error checking B01M69K91R: Response too small (3788 bytes)
[2026-07-28 21:58:51]   ⚪ Error checking B0D14SDPC9: Response too small (3788 bytes)
[2026-07-28 21:58:51]   ⚪ Error checking B0C3PQHGR7: Response too small (3788 bytes)
[2026-07-28 21:58:52]   ⚪ Error checking B0D98B1P3T: Response too small (3788 bytes)
[2026-07-28 21:58:52]   ⚪ Error checking B0D3L86XFJ: Response too small (3788 bytes)
[2026-07-28 21:58:53]   ⚪ Error checking B08J7N3VYW: Response too small (3788 bytes)
[2026-07-28 21:58:53]   ⚪ Error checking B01BKT63XM: Response too small (3788 bytes)
[2026-07-28 21:58:54]   ⚪ Error checking B07FKBDNNQ: Response too small (3788 bytes)
[2026-07-28 21:58:54]   ⚪ Error checking B0858C7X3M: Response too small (3788 bytes)
[2026-07-28 21:58:55]   ⚪ Error checking B0BFWK37Q6: Response too small (3788 bytes)
[2026-07-28 21:58:55]   ⚪ Error checking B00ZWJDPTC: Response too small (3788 bytes)
[2026-07-28 21:58:56]   ⚪ Error checking B00BD5G9VA: Response too small (3788 bytes)
[2026-07-28 21:58:56]   ⚪ Error checking B0GK8W9JSP: Response too small (3788 bytes)
[2026-07-28 21:58:57]   ⚪ Error checking B0GK8T57B8: Response too small (3788 bytes)
[2026-07-28 21:58:57]   ⚪ Error checking B0GK8SNNW4: Response too small (3788 bytes)
[2026-07-28 21:58:58]   ⚪ Error checking B0DQYLSHKF: Response too small (3788 bytes)
[2026-07-28 21:58:58]   ⚪ Error checking B0D256FJXF: Response too small (3788 bytes)
[2026-07-28 21:58:59]   ⚪ Error checking B07457BXJW: Response too small (3788 bytes)
[2026-07-28 21:58:59]   ⚪ Error checking B00ET5VMTU: Response too small (3788 bytes)
[2026-07-28 21:59:00]   ⚪ Error checking B0C3TGRLLM: Response too small (3788 bytes)
[2026-07-28 21:59:00]   ⚪ Error checking B0858J4BTK: Response too small (3788 bytes)
[2026-07-28 21:59:01]   ⚪ Error checking B0H72KW2Z8: Response too small (3788 bytes)
[2026-07-28 21:59:01]   ⚪ Error checking B0GKFFCWP3: Response too small (3788 bytes)
[2026-07-28 21:59:02]   ⚪ Error checking B0FXG2M6KL: Response too small (3788 bytes)
[2026-07-28 21:59:02]   ⚪ Error checking B0FHX128X8: Response too small (3788 bytes)
[2026-07-28 21:59:03]   ⚪ Error checking B09SKFVSMZ: Response too small (3788 bytes)
[2026-07-28 21:59:03]   ⚪ Error checking B07R9PNRBD: Response too small (3788 bytes)
[2026-07-28 21:59:04]   ⚪ Error checking B09RKV6RQW: Response too small (3788 bytes)
[2026-07-28 21:59:04]   ⚪ Error checking B0FS1LC9QJ: Response too small (3788 bytes)
[2026-07-28 21:59:05]   ⚪ Error checking B08VHYX96W: Response too small (3788 bytes)
[2026-07-28 21:59:05]   ⚪ Error checking B0FS1MV1JB: Response too small (3788 bytes)
[2026-07-28 21:59:06]   ⚪ Error checking B0FS1MMVF8: Response too small (3788 bytes)
[2026-07-28 21:59:06]   ⚪ Error checking B0DSVKLNQR: Response too small (3788 bytes)
[2026-07-28 21:59:07]   ⚪ Error checking B0BGWRWRX2: Response too small (3788 bytes)
[2026-07-28 21:59:07]   ⚪ Error checking B0BLMQ8BXB: Response too small (3788 bytes)
[2026-07-28 21:59:08]   ⚪ Error checking B08DJ3YRYN: Response too small (3788 bytes)
[2026-07-28 21:59:08]   ⚪ Error checking B08DJ3C15T: Response too small (3788 bytes)
[2026-07-28 21:59:09]   ⚪ Error checking B08FB1Y4QN: Response too small (3788 bytes)
[2026-07-28 21:59:09]   ⚪ Error checking B0CNTMM8PW: Response too small (3788 bytes)
[2026-07-28 21:59:10]   ⚪ Error checking B0CNTN1FHX: Response too small (3788 bytes)
[2026-07-28 21:59:10]   ⚪ Error checking B0B24YXL58: Response too small (3788 bytes)
[2026-07-28 21:59:11]   ⚪ Error checking B0CMJF6DYD: Response too small (3788 bytes)
[2026-07-28 21:59:11]   ⚪ Error checking B0CPZ7RBHG: Response too small (3788 bytes)
[2026-07-28 21:59:12]   ⚪ Error checking B0CNKXHGZT: Response too small (3788 bytes)
[2026-07-28 21:59:12]   ⚪ Error checking B07RBV3LZT: Response too small (3788 bytes)
[2026-07-28 21:59:13]   ⚪ Error checking B0D3LGW9RY: Response too small (3788 bytes)
[2026-07-28 21:59:13]   ⚪ Error checking B0DFM7JRLL: Response too small (3788 bytes)
[2026-07-28 21:59:14]   ⚪ Error checking B0G7XSC3YP: Response too small (3788 bytes)
[2026-07-28 21:59:14]   ⚪ Error checking B0000BYD9A: Response too small (3788 bytes)
[2026-07-28 21:59:15]   ⚪ Error checking B019MDK0GE: Response too small (3788 bytes)
[2026-07-28 21:59:15]   ⚪ Error checking B0F24CBQT9: Response too small (3788 bytes)
[2026-07-28 21:59:16]   ⚪ Error checking B0GZNFWNLN: Response too small (3788 bytes)
[2026-07-28 21:59:16]   ⚪ Error checking B0GJZD745P: Response too small (3788 bytes)
[2026-07-28 21:59:17]   ⚪ Error checking B0GK117CL5: Response too small (3788 bytes)
[2026-07-28 21:59:17]   ⚪ Error checking B0FK4D7DM5: Response too small (3788 bytes)
[2026-07-28 21:59:18]   ⚪ Error checking B0DX1T6D1M: Response too small (3788 bytes)
[2026-07-28 21:59:18]   ⚪ Error checking B073VJPM4Z: Response too small (3788 bytes)
[2026-07-28 21:59:19]   ⚪ Error checking B0CKJXX4XR: Response too small (3788 bytes)
[2026-07-28 21:59:19]   ⚪ Error checking B0GK6LM6TZ: Response too small (3788 bytes)
[2026-07-28 21:59:20]   ⚪ Error checking B09CVCZD1W: Response too small (3788 bytes)
[2026-07-28 21:59:20]   ⚪ Error checking B0G31HZY44: Response too small (3788 bytes)
[2026-07-28 21:59:21]   ⚪ Error checking B09CVCKXYG: Response too small (3788 bytes)
[2026-07-28 21:59:21]   ⚪ Error checking B0GL2LY5QD: Response too small (3788 bytes)
[2026-07-28 21:59:22]   ⚪ Error checking B0917VXLDK: Response too small (3788 bytes)
[2026-07-28 21:59:22]   ⚪ Error checking B0917TH83L: Response too small (3788 bytes)
[2026-07-28 21:59:23]   ⚪ Error checking B0F9NXNCHQ: Response too small (3788 bytes)
[2026-07-28 21:59:23]   ⚪ Error checking B097SXK3FG: Response too small (3788 bytes)
[2026-07-28 21:59:24]   ⚪ Error checking B08HCW4V4G: Response too small (3788 bytes)
[2026-07-28 21:59:24]   ⚪ Error checking B07DXTP9M9: Response too small (3788 bytes)
[2026-07-28 21:59:25]   ⚪ Error checking B0FS1LC9QJ: Response too small (3788 bytes)
[2026-07-28 21:59:25]   ⚪ Error checking B0FS1MMVF8: Response too small (3788 bytes)
[2026-07-28 21:59:26]   ⚪ Error checking B0FS1MV1JB: Response too small (3788 bytes)
[2026-07-28 21:59:26]   ⚪ Error checking B0DSVKLNQR: Response too small (3788 bytes)
[2026-07-28 21:59:27]   ⚪ Error checking B0BGWRWRX2: Response too small (3788 bytes)
[2026-07-28 21:59:27]   ⚪ Error checking B0BLMQ8BXB: Response too small (3788 bytes)
[2026-07-28 21:59:28]   ⚪ Error checking B08DJ3C15T: Response too small (3788 bytes)
[2026-07-28 21:59:28]   ⚪ Error checking B08DJ3YRYN: Response too small (3788 bytes)
[2026-07-28 21:59:29]   ⚪ Error checking B08FB1Y4QN: Response too small (3788 bytes)
[2026-07-28 21:59:29]   ⚪ Error checking B0CNTMM8PW: Response too small (3788 bytes)
[2026-07-28 21:59:30]   ⚪ Error checking B0B24YXL58: Response too small (3788 bytes)
[2026-07-28 21:59:30]   ⚪ Error checking B0CNTN1FHX: Response too small (3788 bytes)
[2026-07-28 21:59:31]   ⚪ Error checking B0CMJF6DYD: Response too small (3788 bytes)
[2026-07-28 21:59:31]   ⚪ Error checking B0CPZ7RBHG: Response too small (3788 bytes)
[2026-07-28 21:59:32]   ⚪ Error checking B0CNKXHGZT: Response too small (3788 bytes)
[2026-07-28 21:59:32]   ⚪ Error checking B07RBV3LZT: Response too small (3788 bytes)
[2026-07-28 21:59:33]   ⚪ Error checking B0D3LGW9RY: Response too small (3788 bytes)
[2026-07-28 21:59:33]   ⚪ Error checking B0DFM7JRLL: Response too small (3788 bytes)
[2026-07-28 21:59:34]   ⚪ Error checking B0G7XSC3YP: Response too small (3788 bytes)
[2026-07-28 21:59:34]   ⚪ Error checking B019MDK0GE: Response too small (3788 bytes)
[2026-07-28 21:59:35]   ⚪ Error checking B0000BYD9A: Response too small (3788 bytes)
[2026-07-28 21:59:35]   ⚪ Error checking B0F24CBQT9: Response too small (3788 bytes)
[2026-07-28 21:59:36]   ⚪ Error checking B0GZNFWNLN: Response too small (3788 bytes)
[2026-07-28 21:59:36]   ⚪ Error checking B0FK4D7DM5: Response too small (3788 bytes)
[2026-07-28 21:59:37]   ⚪ Error checking B0GJZD745P: Response too small (3788 bytes)
[2026-07-28 21:59:37]   ⚪ Error checking B0GK117CL5: Response too small (3788 bytes)
[2026-07-28 21:59:38]   ⚪ Error checking B0GK6LM6TZ: Response too small (3788 bytes)
[2026-07-28 21:59:38]   ⚪ Error checking B0DX1T6D1M: Response too small (3788 bytes)
[2026-07-28 21:59:39]   ⚪ Error checking B073VJPM4Z: Response too small (3788 bytes)
[2026-07-28 21:59:39]   ⚪ Error checking B0G31HZY44: Response too small (3788 bytes)
[2026-07-28 21:59:40]   ⚪ Error checking B0CKJXX4XR: Response too small (3788 bytes)
[2026-07-28 21:59:40]   ⚪ Error checking B09CVCZD1W: Response too small (3788 bytes)
[2026-07-28 21:59:41]   ⚪ Error checking B09CVCKXYG: Response too small (3788 bytes)
[2026-07-28 21:59:41]   ⚪ Error checking B0GL2LY5QD: Response too small (3788 bytes)
[2026-07-28 21:59:42]   ⚪ Error checking B0917VXLDK: Response too small (3788 bytes)
[2026-07-28 21:59:42]   ⚪ Error checking B0917TH83L: Response too small (3788 bytes)
[2026-07-28 21:59:43]   ⚪ Error checking B0F9NXNCHQ: Response too small (3788 bytes)
[2026-07-28 21:59:43]   ⚪ Error checking B08HCW4V4G: Response too small (3788 bytes)
[2026-07-28 21:59:44]   ⚪ Error checking B07DXTP9M9: Response too small (3788 bytes)
[2026-07-28 21:59:44]   ⚪ Error checking B097SXK3FG: Response too small (3788 bytes)
[2026-07-28 21:59:45]   ⚪ Error checking B0FS77BTKX: Response too small (3788 bytes)
[2026-07-28 21:59:45]   ⚪ Error checking B0FH4MDXK1: Response too small (3788 bytes)
[2026-07-28 21:59:46]   ⚪ Error checking B0D91VSS5P: Response too small (3788 bytes)
[2026-07-28 21:59:46]   ⚪ Error checking B07KMPXLWR: Response too small (3788 bytes)
[2026-07-28 21:59:47]   ⚪ Error checking B0FFT8RKG5: Response too small (3788 bytes)
[2026-07-28 21:59:47]   ⚪ Error checking B0FMR31K5K: Response too small (3788 bytes)
[2026-07-28 21:59:48]   ⚪ Error checking B07MVLYF7L: Response too small (3788 bytes)
[2026-07-28 21:59:48]   ⚪ Error checking B07VWXKXSK: Response too small (3788 bytes)
[2026-07-28 21:59:49]   ⚪ Error checking B079KVRS9W: Response too small (3788 bytes)
[2026-07-28 21:59:49]   ⚪ Error checking B07CBYR1DN: Response too small (3788 bytes)
[2026-07-28 21:59:50]   ⚪ Error checking B00GLI10C2: Response too small (3788 bytes)
[2026-07-28 21:59:50]   ⚪ Error checking B0G56PTZP8: Response too small (3788 bytes)
[2026-07-28 21:59:51]   ⚪ Error checking B0CDC36FTV: Response too small (3788 bytes)
[2026-07-28 21:59:51]   ⚪ Error checking B0DHZN1LLT: Response too small (3788 bytes)
[2026-07-28 21:59:52]   ⚪ Error checking B0DHZJ7RV8: Response too small (3788 bytes)
[2026-07-28 21:59:52]   ⚪ Error checking B0FVHZX97Z: Response too small (3788 bytes)
[2026-07-28 21:59:53]   ⚪ Error checking B0D6SQR1L1: Response too small (3788 bytes)
[2026-07-28 21:59:53]   ⚪ Error checking B0FQ5BB6SS: Response too small (3788 bytes)
[2026-07-28 21:59:54]   ⚪ Error checking B0DQ14SVXR: Response too small (3788 bytes)
[2026-07-28 21:59:54]   ⚪ Error checking B0GQXF2RKM: Response too small (3788 bytes)
[2026-07-28 21:59:55]   ⚪ Error checking B0D7PVJPTV: Response too small (3788 bytes)
[2026-07-28 21:59:55]   ⚪ Error checking B0CRDPSK1G: Response too small (3788 bytes)
[2026-07-28 21:59:56]   ⚪ Error checking B0DPMBSCSM: Response too small (3788 bytes)
[2026-07-28 21:59:56]   ⚪ Error checking B0FS77BTKX: Response too small (3788 bytes)
[2026-07-28 21:59:57]   ⚪ Error checking B0D91VSS5P: Response too small (3788 bytes)
[2026-07-28 21:59:57]   ⚪ Error checking B0FH4MDXK1: Response too small (3788 bytes)
[2026-07-28 21:59:58]   ⚪ Error checking B07KMPXLWR: Response too small (3788 bytes)
[2026-07-28 21:59:58]   ⚪ Error checking B0FFT8RKG5: Response too small (3788 bytes)
[2026-07-28 21:59:59]   ⚪ Error checking B0FMR31K5K: Response too small (3788 bytes)
[2026-07-28 21:59:59]   ⚪ Error checking B07VWXKXSK: Response too small (3788 bytes)
[2026-07-28 22:00:00]   ⚪ Error checking B079KVRS9W: Response too small (3788 bytes)
[2026-07-28 22:00:00]   ⚪ Error checking B07MVLYF7L: Response too small (3788 bytes)
[2026-07-28 22:00:01]   ⚪ Error checking B07CBYR1DN: Response too small (3788 bytes)
[2026-07-28 22:00:01]   ⚪ Error checking B00GLI10C2: Response too small (3788 bytes)
[2026-07-28 22:00:02]   ⚪ Error checking B0G56PTZP8: Response too small (3788 bytes)
[2026-07-28 22:00:02]   ⚪ Error checking B0CDC36FTV: Response too small (3788 bytes)
[2026-07-28 22:00:03]   ⚪ Error checking B0DHZN1LLT: Response too small (3788 bytes)
[2026-07-28 22:00:03]   ⚪ Error checking B0DHZJ7RV8: Response too small (3788 bytes)
[2026-07-28 22:00:04]   ⚪ Error checking B0FVHZX97Z: Response too small (3788 bytes)
[2026-07-28 22:00:04]   ⚪ Error checking B0D6SQR1L1: Response too small (3788 bytes)
[2026-07-28 22:00:05]   ⚪ Error checking B0FQ5BB6SS: Response too small (3788 bytes)
[2026-07-28 22:00:05]   ⚪ Error checking B0DQ14SVXR: Response too small (3788 bytes)
[2026-07-28 22:00:06]   ⚪ Error checking B0GQXF2RKM: Response too small (3788 bytes)
[2026-07-28 22:00:06]   ⚪ Error checking B0CRDPSK1G: Response too small (3788 bytes)
[2026-07-28 22:00:07]   ⚪ Error checking B0D7PVJPTV: Response too small (3788 bytes)
[2026-07-28 22:00:07]   ⚪ Error checking B0DPMBSCSM: Response too small (3788 bytes)
[2026-07-28 22:00:08]   ⚪ Error checking B0CK3HYF82: Response too small (3788 bytes)
[2026-07-28 22:00:08]   ⚪ Error checking B00CIYPO5C: Response too small (3788 bytes)
[2026-07-28 22:00:09]   ⚪ Error checking B0DKZVNRGZ: Response too small (3788 bytes)
[2026-07-28 22:00:09]   ⚪ Error checking B071X9FZ7R: Response too small (3788 bytes)
[2026-07-28 22:00:10]   ⚪ Error checking B0BJ2JYPGG: Response too small (3788 bytes)
[2026-07-28 22:00:10]   ⚪ Error checking B0FRFL9MXP: Response too small (3788 bytes)
[2026-07-28 22:00:11]   ⚪ Error checking B0B75QD6TM: Response too small (3788 bytes)
[2026-07-28 22:00:11]   ⚪ Error checking B0B75PXMGQ: Response too small (3788 bytes)
[2026-07-28 22:00:12]   ⚪ Error checking B000BQS5GO: Response too small (3788 bytes)
[2026-07-28 22:00:12]   ⚪ Error checking B0F67MGYQF: Response too small (3788 bytes)
[2026-07-28 22:00:13]   ⚪ Error checking B0DRNG2YP9: Response too small (3788 bytes)
[2026-07-28 22:00:13]   ⚪ Error checking B0GHND351C: Response too small (3788 bytes)
[2026-07-28 22:00:14]   ⚪ Error checking B0GLFTWGXD: Response too small (3788 bytes)
[2026-07-28 22:00:14]   ⚪ Error checking B08NPM9B5L: Response too small (3788 bytes)
[2026-07-28 22:00:15]   ⚪ Error checking B0GHN2F69K: Response too small (3788 bytes)
[2026-07-28 22:00:15]   ⚪ Error checking B0F43F9CQD: Response too small (3788 bytes)
[2026-07-28 22:00:16]   ⚪ Error checking B0CK3HYF82: Response too small (3788 bytes)
[2026-07-28 22:00:16]   ⚪ Error checking B00CIYPO5C: Response too small (3788 bytes)
[2026-07-28 22:00:17]   ⚪ Error checking B0DKZVNRGZ: Response too small (3788 bytes)
[2026-07-28 22:00:17]   ⚪ Error checking B071X9FZ7R: Response too small (3788 bytes)
[2026-07-28 22:00:18]   ⚪ Error checking B0BJ2JYPGG: Response too small (3788 bytes)
[2026-07-28 22:00:18]   ⚪ Error checking B0B75QD6TM: Response too small (3788 bytes)
[2026-07-28 22:00:19]   ⚪ Error checking B0FRFL9MXP: Response too small (3788 bytes)
[2026-07-28 22:00:19]   ⚪ Error checking B0B75PXMGQ: Response too small (3788 bytes)
[2026-07-28 22:00:20]   ⚪ Error checking B000BQS5GO: Response too small (3788 bytes)
[2026-07-28 22:00:20]   ⚪ Error checking B0F67MGYQF: Response too small (3788 bytes)
[2026-07-28 22:00:21]   ⚪ Error checking B0DRNG2YP9: Response too small (3788 bytes)
[2026-07-28 22:00:21]   ⚪ Error checking B0GHND351C: Response too small (3788 bytes)
[2026-07-28 22:00:22]   ⚪ Error checking B0GLFTWGXD: Response too small (3788 bytes)
[2026-07-28 22:00:22]   ⚪ Error checking B0GHN2F69K: Response too small (3788 bytes)
[2026-07-28 22:00:23]   ⚪ Error checking B08NPM9B5L: Response too small (3788 bytes)
[2026-07-28 22:00:23]   ⚪ Error checking B0F43F9CQD: Response too small (3788 bytes)
[2026-07-28 22:00:24]   ⚪ Error checking B0DQKWRGN1: Response too small (3788 bytes)
[2026-07-28 22:00:24]   ⚪ Error checking B0DQKXQ7LB: Response too small (3788 bytes)
[2026-07-28 22:00:25]   ⚪ Error checking B0DQKHVW6T: Response too small (3788 bytes)
[2026-07-28 22:00:25]   ⚪ Error checking B0DQKWXWW8: Response too small (3788 bytes)
[2026-07-28 22:00:26]   ⚪ Error checking B0DWK4LQTJ: Response too small (3788 bytes)
[2026-07-28 22:00:26]   ⚪ Error checking B0CH89XWT2: Response too small (3788 bytes)
[2026-07-28 22:00:27]   ⚪ Error checking B0G4VKLGJZ: Response too small (3788 bytes)
[2026-07-28 22:00:27]   ⚪ Error checking B0GHXLF9TP: Response too small (3788 bytes)
[2026-07-28 22:00:28]   ⚪ Error checking B0DYNH8L2Z: Response too small (3788 bytes)
[2026-07-28 22:00:28]   ⚪ Error checking B001DSY4QO: Response too small (3788 bytes)
[2026-07-28 22:00:29]   ⚪ Error checking B0B8285C5P: Response too small (3788 bytes)
[2026-07-28 22:00:29]   ⚪ Error checking B0DZ1SC9J9: Response too small (3788 bytes)
[2026-07-28 22:00:30]   ⚪ Error checking B017SODKZ2: Response too small (3788 bytes)
[2026-07-28 22:00:30]   ⚪ Error checking B0757HQFX3: Response too small (3788 bytes)
[2026-07-28 22:00:31]   ⚪ Error checking B0C6KFJSY9: Response too small (3788 bytes)
[2026-07-28 22:00:31]   ⚪ Error checking B0CHHQ6617: Response too small (3788 bytes)
[2026-07-28 22:00:32]   ⚪ Error checking B0D2RH3NHK: Response too small (3788 bytes)
[2026-07-28 22:00:32]   ⚪ Error checking B0F292MNMH: Response too small (3788 bytes)
[2026-07-28 22:00:33]   ⚪ Error checking B0B7BK7DPP: Response too small (3788 bytes)
[2026-07-28 22:00:33]   ⚪ Error checking B07WK98B5D: Response too small (3788 bytes)
[2026-07-28 22:00:34]   ⚪ Error checking B0CP8S4K4M: Response too small (3788 bytes)
[2026-07-28 22:00:34]   ⚪ Error checking B0F28YTRDV: Response too small (3788 bytes)
[2026-07-28 22:00:35]   ⚪ Error checking B0CJBKMDRK: Response too small (3788 bytes)
[2026-07-28 22:00:35]   ⚪ Error checking B0DQKWRGN1: Response too small (3788 bytes)
[2026-07-28 22:00:36]   ⚪ Error checking B0DQKXQ7LB: Response too small (3788 bytes)
[2026-07-28 22:00:36]   ⚪ Error checking B0DQKWXWW8: Response too small (3788 bytes)
[2026-07-28 22:00:37]   ⚪ Error checking B0DQKHVW6T: Response too small (3788 bytes)
[2026-07-28 22:00:37]   ⚪ Error checking B0DWK4LQTJ: Response too small (3788 bytes)
[2026-07-28 22:00:38]   ⚪ Error checking B0CH89XWT2: Response too small (3788 bytes)
[2026-07-28 22:00:38]   ⚪ Error checking B0G4VKLGJZ: Response too small (3788 bytes)
[2026-07-28 22:00:39]   ⚪ Error checking B0GHXLF9TP: Response too small (3788 bytes)
[2026-07-28 22:00:39]   ⚪ Error checking B001DSY4QO: Response too small (3788 bytes)
[2026-07-28 22:00:40]   ⚪ Error checking B0DYNH8L2Z: Response too small (3788 bytes)
[2026-07-28 22:00:40]   ⚪ Error checking B0DZ1SC9J9: Response too small (3788 bytes)
[2026-07-28 22:00:41]   ⚪ Error checking B0B8285C5P: Response too small (3788 bytes)
[2026-07-28 22:00:41]   ⚪ Error checking B017SODKZ2: Response too small (3788 bytes)
[2026-07-28 22:00:42]   ⚪ Error checking B0757HQFX3: Response too small (3788 bytes)
[2026-07-28 22:00:42]   ⚪ Error checking B0C6KFJSY9: Response too small (3788 bytes)
[2026-07-28 22:00:43]   ⚪ Error checking B0CHHQ6617: Response too small (3788 bytes)
[2026-07-28 22:00:43]   ⚪ Error checking B0F292MNMH: Response too small (3788 bytes)
[2026-07-28 22:00:44]   ⚪ Error checking B0D2RH3NHK: Response too small (3788 bytes)
[2026-07-28 22:00:44] ============================================================
[2026-07-28 22:00:44] whatarebest.com product staleness check starting
[2026-07-28 22:00:44] Extracting ASINs from build script...
[2026-07-28 22:00:44]   ⚪ Error checking B0B7BK7DPP: Response too small (3788 bytes)
[2026-07-28 22:00:45] Found 421 categories with 5367 total ASINs
[2026-07-28 22:00:45] Priority (not checked in 48h): 321 slugs
[2026-07-28 22:00:45] Already recent: 100 slugs
[2026-07-28 22:00:45] Checking 1462 ASINs across 100 categories...
[2026-07-28 22:00:45]   ⚪ Error checking B07L54NPF7: Response too small (3788 bytes)
[2026-07-28 22:00:45]   ⚪ Error checking B07WK98B5D: Response too small (3788 bytes)
[2026-07-28 22:00:45]   ⚪ Error checking B07L55JD2F: Response too small (3788 bytes)
[2026-07-28 22:00:45]   ⚪ Error checking B0CP8S4K4M: Response too small (3788 bytes)
[2026-07-28 22:00:46]   ⚪ Error checking B0H3T61SL8: Response too small (3788 bytes)
[2026-07-28 22:00:46]   ⚪ Error checking B0F28YTRDV: Response too small (3788 bytes)
[2026-07-28 22:00:46]   ⚪ Error checking B07L54ZV6M: Response too small (3788 bytes)
[2026-07-28 22:00:46]   ⚪ Error checking B0CJBKMDRK: Response too small (3788 bytes)
[2026-07-28 22:00:47]   ⚪ Error checking B0GGZKM1S3: Response too small (3788 bytes)
[2026-07-28 22:00:47]   ⚪ Error checking B0CG31XXC3: Response too small (3788 bytes)
[2026-07-28 22:00:47]   ⚪ Error checking B08CVTKRRR: Response too small (3788 bytes)
[2026-07-28 22:00:47]   ⚪ Error checking B0DCY856R1: Response too small (3788 bytes)
[2026-07-28 22:00:48]   ⚪ Error checking B08346W5S6: Response too small (3788 bytes)
[2026-07-28 22:00:48]   ⚪ Error checking B0DKNNZ9JL: Response too small (3788 bytes)
[2026-07-28 22:00:48]   ⚪ Error checking B0G338V3V7: Response too small (3788 bytes)
[2026-07-28 22:00:48]   ⚪ Error checking B0GBTH4N96: Response too small (3788 bytes)
[2026-07-28 22:00:49]   ⚪ Error checking B0GDDJ3P8Z: Response too small (3788 bytes)
[2026-07-28 22:00:49]   ⚪ Error checking B0DZN5XQW4: Response too small (3788 bytes)
[2026-07-28 22:00:49]   ⚪ Error checking B009378AG2: Response too small (3788 bytes)
[2026-07-28 22:00:49]   ⚪ Error checking B0DQZW2C18: Response too small (3788 bytes)
[2026-07-28 22:00:50]   ⚪ Error checking B0CDM6Z66T: Response too small (3788 bytes)
[2026-07-28 22:00:50]   ⚪ Error checking B09XLGQ6GR: Response too small (3788 bytes)
[2026-07-28 22:00:50]   ⚪ Error checking B0G3TJVW19: Response too small (3788 bytes)
[2026-07-28 22:00:50]   ⚪ Error checking B0F1XB8168: Response too small (3788 bytes)
[2026-07-28 22:00:51]   ⚪ Error checking B0G3TBRCQ2: Response too small (3788 bytes)
[2026-07-28 22:00:51]   ⚪ Error checking B0BL7VMHKY: Response too small (3788 bytes)
[2026-07-28 22:00:51]   ⚪ Error checking B0G3TQ7NGJ: Response too small (3788 bytes)
[2026-07-28 22:00:51]   ⚪ Error checking B09XDNQWXP: Response too small (3788 bytes)
[2026-07-28 22:00:52]   ⚪ Error checking B0G3TX6F4R: Response too small (3788 bytes)
[2026-07-28 22:00:52]   ⚪ Error checking B0GDVNXWXY: Response too small (3788 bytes)
[2026-07-28 22:00:52]   ⚪ Error checking B0DR478JV6: Response too small (3788 bytes)
[2026-07-28 22:00:52]   ⚪ Error checking B0BGQ8LRTL: Response too small (3788 bytes)
[2026-07-28 22:00:53]   ⚪ Error checking B0FXDXYWQZ: Response too small (3788 bytes)
[2026-07-28 22:00:53]   ⚪ Error checking B09P1HZRXH: Response too small (3788 bytes)
[2026-07-28 22:00:53]   ⚪ Error checking B0CRHH7B16: Response too small (3788 bytes)
[2026-07-28 22:00:53]   ⚪ Error checking B0CS2YWD2J: Response too small (3788 bytes)
[2026-07-28 22:00:54]   ⚪ Error checking B0CRHJGZD5: Response too small (3788 bytes)
[2026-07-28 22:00:54]   ⚪ Error checking B0CS2TM7S2: Response too small (3788 bytes)
[2026-07-28 22:00:54]   ⚪ Error checking B07FR2HF77: Response too small (3788 bytes)
[2026-07-28 22:00:55]   ⚪ Error checking B018YLFJX4: Response too small (3788 bytes)
[2026-07-28 22:00:55]   ⚪ Error checking B07MNBM44W: Response too small (3788 bytes)
[2026-07-28 22:00:55]   ⚪ Error checking B0CRHJGF74: Response too small (3788 bytes)
[2026-07-28 22:00:55]   ⚪ Error checking B0BLNQ9P5W: Response too small (3788 bytes)
[2026-07-28 22:00:56]   ⚪ Error checking B01H2NWDXY: Response too small (3788 bytes)
[2026-07-28 22:00:56]   ⚪ Error checking B08D66HCXW: Response too small (3788 bytes)
[2026-07-28 22:00:56]   ⚪ Error checking B0C8BY8S4M: Response too small (3788 bytes)
[2026-07-28 22:00:56]   ⚪ Error checking B08D6BHP9H: Response too small (3788 bytes)
[2026-07-28 22:00:57]   ⚪ Error checking B09W2Y51TC: Response too small (3788 bytes)
[2026-07-28 22:00:57]   ⚪ Error checking B0BLVT2Y9N: Response too small (3788 bytes)
[2026-07-28 22:00:57]   ⚪ Error checking B0F7LLNPTS: Response too small (3788 bytes)
[2026-07-28 22:00:57]   ⚪ Error checking B0BDQYVD31: Response too small (3788 bytes)
[2026-07-28 22:00:58]   ⚪ Error checking B0C8RXPQH5: Response too small (3788 bytes)
[2026-07-28 22:00:58]   ⚪ Error checking B07Y21GMKQ: Response too small (3788 bytes)
[2026-07-28 22:00:58]   ⚪ Error checking B0856XY9RZ: Response too small (3788 bytes)
[2026-07-28 22:00:58]   ⚪ Error checking B00005OU9D: Response too small (3788 bytes)
[2026-07-28 22:00:59]   ⚪ Error checking B0BPNJGV9V: Response too small (3788 bytes)
[2026-07-28 22:00:59]   ⚪ Error checking B0B9GVXLKB: Response too small (3788 bytes)
[2026-07-28 22:00:59]   ⚪ Error checking B0BJP63FW4: Response too small (3788 bytes)
[2026-07-28 22:00:59]   ⚪ Error checking B09HN133YJ: Response too small (3788 bytes)
[2026-07-28 22:01:00]   ⚪ Error checking B0CNGTZ3B5: Response too small (3788 bytes)
[2026-07-28 22:01:00]   ⚪ Error checking B000FAGUKO: Response too small (3788 bytes)
[2026-07-28 22:01:00]   ⚪ Error checking B0BBZYKGYV: Response too small (3788 bytes)
[2026-07-28 22:01:00]   ⚪ Error checking B0DTJK394Q: Response too small (3788 bytes)
[2026-07-28 22:01:01]   ⚪ Error checking B0DK9B4V35: Response too small (3788 bytes)
[2026-07-28 22:01:01]   ⚪ Error checking B00B1OSU4W: Response too small (3788 bytes)
[2026-07-28 22:01:01]   ⚪ Error checking B0CW2TF87P: Response too small (3788 bytes)
[2026-07-28 22:01:01]   ⚪ Error checking B00FA2RLX2: Response too small (3788 bytes)
[2026-07-28 22:01:02]   ⚪ Error checking B0H3NGT4QJ: Response too small (3788 bytes)
[2026-07-28 22:01:02]   ⚪ Error checking B0GFY27S7Z: Response too small (3788 bytes)
[2026-07-28 22:01:02]   ⚪ Error checking B0GVJLPWV4: Response too small (3788 bytes)
[2026-07-28 22:01:02]   ⚪ Error checking B01CWFR92M: Response too small (3788 bytes)
[2026-07-28 22:01:03]   ⚪ Error checking B0GXDL48JL: Response too small (3788 bytes)
[2026-07-28 22:01:03]   ⚪ Error checking B0842BM33Y: Response too small (3788 bytes)
[2026-07-28 22:01:03]   ⚪ Error checking B0GCKCSBZ1: Response too small (3788 bytes)
[2026-07-28 22:01:03]   ⚪ Error checking B0CC6JX18L: Response too small (3788 bytes)
[2026-07-28 22:01:04]   ⚪ Error checking B0G3TBRCQ2: Response too small (3788 bytes)
[2026-07-28 22:01:04]   ⚪ Error checking B08JZ7P7D8: Response too small (3788 bytes)
[2026-07-28 22:01:04]   ⚪ Error checking B07JF1YM86: Response too small (3788 bytes)
[2026-07-28 22:01:05]   ⚪ Error checking B0G3TJVW19: Response too small (3788 bytes)
[2026-07-28 22:01:05]   ⚪ Error checking B0FH3VHB81: Response too small (3788 bytes)
[2026-07-28 22:01:05]   ⚪ Error checking B0G3TQ7NGJ: Response too small (3788 bytes)
[2026-07-28 22:01:05]   ⚪ Error checking B0D853FKND: Response too small (3788 bytes)
[2026-07-28 22:01:06]   ⚪ Error checking B0G3TX6F4R: Response too small (3788 bytes)
[2026-07-28 22:01:06]   ⚪ Error checking B01N46UYTL: Response too small (3788 bytes)
[2026-07-28 22:01:06]   ⚪ Error checking B0DR478JV6: Response too small (3788 bytes)
[2026-07-28 22:01:06]   ⚪ Error checking B0078ZTWP4: Response too small (3788 bytes)
[2026-07-28 22:01:07]   ⚪ Error checking B0FXDXYWQZ: Response too small (3788 bytes)
[2026-07-28 22:01:07]   ⚪ Error checking B08BFC87D2: Response too small (3788 bytes)
[2026-07-28 22:01:07]   ⚪ Error checking B0CRHJGF74: Response too small (3788 bytes)
[2026-07-28 22:01:07]   ⚪ Error checking B0D7MG1N3J: Response too small (3788 bytes)
[2026-07-28 22:01:08]   ⚪ Error checking B083TXB5QY: Response too small (3788 bytes)
[2026-07-28 22:01:08]   ⚪ Error checking B0CRHJGZD5: Response too small (3788 bytes)
[2026-07-28 22:01:08]   ⚪ Error checking B0FL22QSGP: Response too small (3788 bytes)
[2026-07-28 22:01:09]   ⚪ Error checking B0F7LLNPTS: Response too small (3788 bytes)
[2026-07-28 22:01:09]   ⚪ Error checking B09YT5D357: Response too small (3788 bytes)
[2026-07-28 22:01:09]   ⚪ Error checking B018YLFJX4: Response too small (3788 bytes)
[2026-07-28 22:01:09]   ⚪ Error checking B0915B6X66: Response too small (3788 bytes)
[2026-07-28 22:01:10]   ⚪ Error checking B0C8BY8S4M: Response too small (3788 bytes)
[2026-07-28 22:01:10]   ⚪ Error checking B09PSKG7C3: Response too small (3788 bytes)
[2026-07-28 22:01:10]   ⚪ Error checking B01H2NWDXY: Response too small (3788 bytes)
[2026-07-28 22:01:10]   ⚪ Error checking B0G4RST8LV: Response too small (3788 bytes)
[2026-07-28 22:01:11]   ⚪ Error checking B0C8RXPQH5: Response too small (3788 bytes)
[2026-07-28 22:01:11]   ⚪ Error checking B0BFBZR4KW: Response too small (3788 bytes)
[2026-07-28 22:01:11]   ⚪ Error checking B09W2Y51TC: Response too small (3788 bytes)
[2026-07-28 22:01:11]   ⚪ Error checking B0G4SB7HH6: Response too small (3788 bytes)
[2026-07-28 22:01:12]   ⚪ Error checking B0H3KSXC25: Response too small (3788 bytes)
[2026-07-28 22:01:12]   ⚪ Error checking B09PSSSFPF: Response too small (3788 bytes)
[2026-07-28 22:01:12]   ⚪ Error checking B0856XY9RZ: Response too small (3788 bytes)
[2026-07-28 22:01:12]   ⚪ Error checking B0G4X5Q6Y1: Response too small (3788 bytes)
[2026-07-28 22:01:13]   ⚪ Error checking B0D1537STT: Response too small (3788 bytes)
[2026-07-28 22:01:13]   ⚪ Error checking B0BPNJGV9V: Response too small (3788 bytes)
[2026-07-28 22:01:13]   ⚪ Error checking B0G34RPK2L: Response too small (3788 bytes)
[2026-07-28 22:01:14]   ⚪ Error checking B0BJP63FW4: Response too small (3788 bytes)
[2026-07-28 22:01:14]   ⚪ Error checking B07D6MFFLF: Response too small (3788 bytes)
[2026-07-28 22:01:14]   ⚪ Error checking B0CNGTZ3B5: Response too small (3788 bytes)
[2026-07-28 22:01:14]   ⚪ Error checking B0FJM2KRRQ: Response too small (3788 bytes)
[2026-07-28 22:01:15]   ⚪ Error checking B0BBZYKGYV: Response too small (3788 bytes)
[2026-07-28 22:01:15]   ⚪ Error checking B0GKNG3B5T: Response too small (3788 bytes)
[2026-07-28 22:01:15]   ⚪ Error checking B0DK9B4V35: Response too small (3788 bytes)
[2026-07-28 22:01:15]   ⚪ Error checking B0F8MNFKYQ: Response too small (3788 bytes)
[2026-07-28 22:01:16]   ⚪ Error checking B0CW2TF87P: Response too small (3788 bytes)
[2026-07-28 22:01:16]   ⚪ Error checking B0FWBQZ54T: Response too small (3788 bytes)
[2026-07-28 22:01:16]   ⚪ Error checking B0H3NGT4QJ: Response too small (3788 bytes)
[2026-07-28 22:01:16]   ⚪ Error checking B0C2TX8LTS: Response too small (3788 bytes)
[2026-07-28 22:01:17]   ⚪ Error checking B0GVJLPWV4: Response too small (3788 bytes)
[2026-07-28 22:01:17]   ⚪ Error checking B0GF1QFXNB: Response too small (3788 bytes)
[2026-07-28 22:01:17]   ⚪ Error checking B0FR4K6PPQ: Response too small (3788 bytes)
[2026-07-28 22:01:17]   ⚪ Error checking B0G3WKV829: Response too small (3788 bytes)
[2026-07-28 22:01:18]   ⚪ Error checking B0GXDL48JL: Response too small (3788 bytes)
[2026-07-28 22:01:18]   ⚪ Error checking B0FDS53993: Response too small (3788 bytes)
[2026-07-28 22:01:18]   ⚪ Error checking B0GCKCSBZ1: Response too small (3788 bytes)
[2026-07-28 22:01:18]   ⚪ Error checking B0C61J9C2G: Response too small (3788 bytes)
[2026-07-28 22:01:19]   ⚪ Error checking B0C2W1KLSS: Response too small (3788 bytes)
[2026-07-28 22:01:19]   ⚪ Error checking B0D14LXTVM: Response too small (3788 bytes)
[2026-07-28 22:01:19]   ⚪ Error checking B0H44XMFPP: Response too small (3788 bytes)
[2026-07-28 22:01:19]   ⚪ Error checking B0DSVPRJ77: Response too small (3788 bytes)
[2026-07-28 22:01:20]   ⚪ Error checking B0GWQFV8R5: Response too small (3788 bytes)
[2026-07-28 22:01:20]   ⚪ Error checking B0D2H67VVH: Response too small (3788 bytes)
[2026-07-28 22:01:20]   ⚪ Error checking B0FH9LQH9W: Response too small (3788 bytes)
[2026-07-28 22:01:20]   ⚪ Error checking B09XV523LK: Response too small (3788 bytes)
[2026-07-28 22:01:21]   ⚪ Error checking B0GX58GVJH: Response too small (3788 bytes)
[2026-07-28 22:01:21]   ⚪ Error checking B0C49KX7XD: Response too small (3788 bytes)
[2026-07-28 22:01:21]   ⚪ Error checking B0863TXGM3: Response too small (3788 bytes)
[2026-07-28 22:01:21]   ⚪ Error checking B09QKPF35D: Response too small (3788 bytes)
[2026-07-28 22:01:22]   ⚪ Error checking B0BRKPVZB4: Response too small (3788 bytes)
[2026-07-28 22:01:22]   ⚪ Error checking B0BR3JBP67: Response too small (3788 bytes)
[2026-07-28 22:01:22]   ⚪ Error checking B0BRKQDS3S: Response too small (3788 bytes)
[2026-07-28 22:01:22]   ⚪ Error checking B000LF3E8O: Response too small (3788 bytes)
[2026-07-28 22:01:23]   ⚪ Error checking B0BRKPK85W: Response too small (3788 bytes)
[2026-07-28 22:01:23]   ⚪ Error checking B07F2KSV3K: Response too small (3788 bytes)
[2026-07-28 22:01:23]   ⚪ Error checking B0CX1FRR27: Response too small (3788 bytes)
[2026-07-28 22:01:23]   ⚪ Error checking B074ZVWPLY: Response too small (3788 bytes)
[2026-07-28 22:01:24]   ⚪ Error checking B0F998HYS5: Response too small (3788 bytes)
[2026-07-28 22:01:24]   ⚪ Error checking B000WXPTBA: Response too small (3788 bytes)
[2026-07-28 22:01:24]   ⚪ Error checking B0DFM4PG23: Response too small (3788 bytes)
[2026-07-28 22:01:24]   ⚪ Error checking B0F2NB5MHW: Response too small (3788 bytes)
[2026-07-28 22:01:25]   ⚪ Error checking B0DCJ52YHL: Response too small (3788 bytes)
[2026-07-28 22:01:25]   ⚪ Error checking B0DZF4MHBY: Response too small (3788 bytes)
[2026-07-28 22:01:25]   ⚪ Error checking B0F62YBNSX: Response too small (3788 bytes)
[2026-07-28 22:01:25]   ⚪ Error checking B00FMA9E1O: Response too small (3788 bytes)
[2026-07-28 22:01:26]   ⚪ Error checking B0D1CPPL85: Response too small (3788 bytes)
[2026-07-28 22:01:26]   ⚪ Error checking B0CV841DJB: Response too small (3788 bytes)
[2026-07-28 22:01:26]   ⚪ Error checking B07YF75XQW: Response too small (3788 bytes)
[2026-07-28 22:01:27]   ⚪ Error checking B01MXZ3WZI: Response too small (3788 bytes)
[2026-07-28 22:01:27]   ⚪ Error checking B0F9WHHLKL: Response too small (3788 bytes)
[2026-07-28 22:01:27]   ⚪ Error checking B0DHZ8C4HK: Response too small (3788 bytes)
[2026-07-28 22:01:28]   ⚪ Error checking B0F1Y1TRW3: Response too small (3788 bytes)
[2026-07-28 22:01:28]   ⚪ Error checking B08D9HK8KR: Response too small (3788 bytes)
[2026-07-28 22:01:28]   ⚪ Error checking B07N3WYLKZ: Response too small (3788 bytes)
[2026-07-28 22:01:28]   ⚪ Error checking B07VW5SCPZ: Response too small (3788 bytes)
[2026-07-28 22:01:29]   ⚪ Error checking B0BQJM66C2: Response too small (3788 bytes)
[2026-07-28 22:01:29]   ⚪ Error checking B000ODM812: Response too small (3788 bytes)
[2026-07-28 22:01:29]   ⚪ Error checking B07N3XJ66N: Response too small (3788 bytes)
[2026-07-28 22:01:29]   ⚪ Error checking B0DHZ8NB77: Response too small (3788 bytes)
[2026-07-28 22:01:30]   ⚪ Error checking B0D6V22BTD: Response too small (3788 bytes)
[2026-07-28 22:01:30]   ⚪ Error checking B09ZYWHBC2: Response too small (3788 bytes)
[2026-07-28 22:01:30]   ⚪ Error checking B0D3GBD519: Response too small (3788 bytes)
[2026-07-28 22:01:31]   ⚪ Error checking B086WTSMQH: Response too small (3788 bytes)
[2026-07-28 22:01:31]   ⚪ Error checking B09B1YTZ3N: Response too small (3788 bytes)
[2026-07-28 22:01:31]   ⚪ Error checking B09B1YRYM1: Response too small (3788 bytes)
[2026-07-28 22:01:31]   ⚪ Error checking B0CTJ7PVN1: Response too small (3788 bytes)
[2026-07-28 22:01:32]   ⚪ Error checking B00012M5MS: Response too small (3788 bytes)
[2026-07-28 22:01:32]   ⚪ Error checking B0CTJ6GQGZ: Response too small (3788 bytes)
[2026-07-28 22:01:32]   ⚪ Error checking B0G698FM6K: Response too small (3788 bytes)
[2026-07-28 22:01:32]   ⚪ Error checking B0CCSVYWMH: Response too small (3788 bytes)
[2026-07-28 22:01:33]   ⚪ Error checking B07GYCT2PZ: Response too small (3788 bytes)
[2026-07-28 22:01:33]   ⚪ Error checking B0GQJKLBMS: Response too small (3788 bytes)
[2026-07-28 22:01:33]   ⚪ Error checking B0DRKDTGCX: Response too small (3788 bytes)
[2026-07-28 22:01:33]   ⚪ Error checking B06XCKGLTP: Response too small (3788 bytes)
[2026-07-28 22:01:34]   ⚪ Error checking B0DRKDTGF5: Response too small (3788 bytes)
[2026-07-28 22:01:34]   ⚪ Error checking B0GQJKPSG5: Response too small (3788 bytes)
[2026-07-28 22:01:34]   ⚪ Error checking B0F4RR2VT2: Response too small (3788 bytes)
[2026-07-28 22:01:34]   ⚪ Error checking B0GQJKPSG6: Response too small (3788 bytes)
[2026-07-28 22:01:35]   ⚪ Error checking B081DHQDQG: Response too small (3788 bytes)
[2026-07-28 22:01:35]   ⚪ Error checking B0GQJCL9WN: Response too small (3788 bytes)
[2026-07-28 22:01:35]   ⚪ Error checking B0F99KLDZN: Response too small (3788 bytes)
[2026-07-28 22:01:35]   ⚪ Error checking B0GJZNZ152: Response too small (3788 bytes)
[2026-07-28 22:01:36]   ⚪ Error checking B0CK9NKMZH: Response too small (3788 bytes)
[2026-07-28 22:01:36]   ⚪ Error checking B0F8PNFBTL: Response too small (3788 bytes)
[2026-07-28 22:01:36]   ⚪ Error checking B09JK2MS4T: Response too small (3788 bytes)
[2026-07-28 22:01:36]   ⚪ Error checking B0BC9VJVVL: Response too small (3788 bytes)
[2026-07-28 22:01:37]   ⚪ Error checking B0G7RDYKQR: Response too small (3788 bytes)
[2026-07-28 22:01:37]   ⚪ Error checking B07RFNH2TX: Response too small (3788 bytes)
[2026-07-28 22:01:37]   ⚪ Error checking B0DZCFYYQ4: Response too small (3788 bytes)
[2026-07-28 22:01:37]   ⚪ Error checking B0D7C5ZJ3V: Response too small (3788 bytes)
[2026-07-28 22:01:38]   ⚪ Error checking B0DJP2WVS4: Response too small (3788 bytes)
[2026-07-28 22:01:38]   ⚪ Error checking B0FLYCC7H6: Response too small (3788 bytes)
[2026-07-28 22:01:38]   ⚪ Error checking B0DZHF3WM9: Response too small (3788 bytes)
[2026-07-28 22:01:38]   ⚪ Error checking B0D9N5ZR43: Response too small (3788 bytes)
[2026-07-28 22:01:39]   ⚪ Error checking B0DJQQ9PKG: Response too small (3788 bytes)
[2026-07-28 22:01:39]   ⚪ Error checking B0GYRP9VST: Response too small (3788 bytes)
[2026-07-28 22:01:39]   ⚪ Error checking B0DZHDSRMH: Response too small (3788 bytes)
[2026-07-28 22:01:40]   ⚪ Error checking B0CT4HXVZX: Response too small (3788 bytes)
[2026-07-28 22:01:40]   ⚪ Error checking B0BVW1CTZJ: Response too small (3788 bytes)
[2026-07-28 22:01:40]   ⚪ Error checking B0FX1ZJCRQ: Response too small (3788 bytes)
[2026-07-28 22:01:41]   ⚪ Error checking B0DH21Y35K: Response too small (3788 bytes)
[2026-07-28 22:01:41]   ⚪ Error checking B0C4ND25FT: Response too small (3788 bytes)
[2026-07-28 22:01:41]   ⚪ Error checking B0DH1M1KGX: Response too small (3788 bytes)
[2026-07-28 22:01:41]   ⚪ Error checking B0FJFT8D2Y: Response too small (3788 bytes)
[2026-07-28 22:01:42]   ⚪ Error checking B0BW4S2N77: Response too small (3788 bytes)
[2026-07-28 22:01:42]   ⚪ Error checking B0GHP8581X: Response too small (3788 bytes)
[2026-07-28 22:01:42]   ⚪ Error checking B0C62BLMJ4: Response too small (3788 bytes)
[2026-07-28 22:01:42]   ⚪ Error checking B07MRMHML9: Response too small (3788 bytes)
[2026-07-28 22:01:43]   ⚪ Error checking B0BVFP6KXC: Response too small (3788 bytes)
[2026-07-28 22:01:43]   ⚪ Error checking B08KS397GY: Response too small (3788 bytes)
[2026-07-28 22:01:43]   ⚪ Error checking B0D1K8VJBT: Response too small (3788 bytes)
[2026-07-28 22:01:43]   ⚪ Error checking B0DQQT2ZS3: Response too small (3788 bytes)
[2026-07-28 22:01:44]   ⚪ Error checking B0DSVKNRMJ: Response too small (3788 bytes)
[2026-07-28 22:01:44]   ⚪ Error checking B0DD5S8TM8: Response too small (3788 bytes)
[2026-07-28 22:01:44]   ⚪ Error checking B0D5RQX1VK: Response too small (3788 bytes)
[2026-07-28 22:01:44]   ⚪ Error checking B0FD5276Z6: Response too small (3788 bytes)
[2026-07-28 22:01:45]   ⚪ Error checking B01KP195PY: Response too small (3788 bytes)
[2026-07-28 22:01:45]   ⚪ Error checking B0CG7BWG7J: Response too small (3788 bytes)
[2026-07-28 22:01:45]   ⚪ Error checking B0DNZDYSTP: Response too small (3788 bytes)
[2026-07-28 22:01:45]   ⚪ Error checking B0CF3VGQFL: Response too small (3788 bytes)
[2026-07-28 22:01:46]   ⚪ Error checking B07NRYCRL3: Response too small (3788 bytes)
[2026-07-28 22:01:46]   ⚪ Error checking B01NAI2TXC: Response too small (3788 bytes)
[2026-07-28 22:01:46]   ⚪ Error checking B08X1L2CDK: Response too small (3788 bytes)
[2026-07-28 22:01:46]   ⚪ Error checking B0B6Y52YXB: Response too small (3788 bytes)
[2026-07-28 22:01:47]   ⚪ Error checking B0DRZ1WN36: Response too small (3788 bytes)
[2026-07-28 22:01:47]   ⚪ Error checking B0CF4DJM7F: Response too small (3788 bytes)
[2026-07-28 22:01:47]   ⚪ Error checking B0CW25XR5R: Response too small (3788 bytes)
[2026-07-28 22:01:48]   ⚪ Error checking B0BGKBT1JG: Response too small (3788 bytes)
[2026-07-28 22:01:48]   ⚪ Error checking B0CY1PYYNS: Response too small (3788 bytes)
[2026-07-28 22:01:49]   ⚪ Error checking B0DW27FNG3: Response too small (3788 bytes)
[2026-07-28 22:01:49]   ⚪ Error checking B0F114274T: Response too small (3788 bytes)
[2026-07-28 22:01:50]   ⚪ Error checking B0DG6LXDRK: Response too small (3788 bytes)
[2026-07-28 22:01:50]   ⚪ Error checking B0B3SQK74L: Response too small (3788 bytes)
[2026-07-28 22:01:51]   ⚪ Error checking B0D7MSQG4T: Response too small (3788 bytes)
[2026-07-28 22:01:51]   ⚪ Error checking B0GG9V4BLW: Response too small (3788 bytes)
[2026-07-28 22:01:52]   ⚠️  STALE B07WCLZ1PL (electronics): Page says: Currently unavailable
[2026-07-28 22:01:52]   ⚪ Error checking B0GG9LFB5H: Response too small (3788 bytes)
[2026-07-28 22:01:53]   ⚪ Error checking B0DT1825M2: Response too small (3788 bytes)
[2026-07-28 22:01:53]   ⚪ Error checking B0DT1CPBSH: Response too small (3788 bytes)
[2026-07-28 22:01:54]   ⚪ Error checking B0DT17X3ZQ: Response too small (3788 bytes)
[2026-07-28 22:01:54]   ⚪ Error checking B0DT1CHHD2: Response too small (3788 bytes)
[2026-07-28 22:01:55]   ⚠️  STALE B09ZY348SY (electronics): Page says: Currently unavailable
[2026-07-28 22:01:55]   ⚪ Error checking B01HGM33HG: Response too small (3788 bytes)
[2026-07-28 22:01:56]   ⚪ Error checking B07JR1XZ78: Response too small (3788 bytes)
[2026-07-28 22:01:56]   ⚪ Error checking B076DD5JNS: Response too small (3788 bytes)
[2026-07-28 22:01:57]   ⚪ Error checking B0FP5R9BDZ: Response too small (3788 bytes)
[2026-07-28 22:01:57]   ⚪ Error checking B0DGH11YRH: Response too small (3788 bytes)
[2026-07-28 22:01:58]   ⚪ Error checking B0CKYFSKNN: Response too small (3788 bytes)
[2026-07-28 22:01:58]   ⚪ Error checking B0FFT52P6R: Response too small (3788 bytes)
[2026-07-28 22:01:59]   ⚪ Error checking B098WVKF19: Response too small (3788 bytes)
[2026-07-28 22:02:00]   ⚪ Error checking B0D6J5B98H: Response too small (3788 bytes)
[2026-07-28 22:02:00]   ⚪ Error checking B00XI87KV8: Response too small (3788 bytes)
[2026-07-28 22:02:01]   ⚪ Error checking B0GF84KXYM: Response too small (3788 bytes)
[2026-07-28 22:02:01]   ⚪ Error checking B0DGQ4781N: Response too small (3788 bytes)
[2026-07-28 22:02:02]   ⚪ Error checking B0DQNL7GVX: Response too small (3788 bytes)
[2026-07-28 22:02:03]   ⚪ Error checking B0FGH4QRH9: Response too small (3788 bytes)
[2026-07-28 22:02:04]   ⚪ Error checking B0B1HYVVTV: Response too small (3788 bytes)
[2026-07-28 22:02:04]   ⚪ Error checking B07YFYR126: Response too small (3788 bytes)
[2026-07-28 22:02:05]   ⚪ Error checking B087BWT49J: Response too small (3788 bytes)
[2026-07-28 22:02:05]   ⚪ Error checking B0861NVBRF: Response too small (3788 bytes)
[2026-07-28 22:02:06]   ⚪ Error checking B08L5VKNWR: Response too small (3788 bytes)
[2026-07-28 22:02:06]   ⚪ Error checking B08JPCSDMP: Response too small (3788 bytes)
[2026-07-28 22:02:07]   ⚪ Error checking B0CRR6F4LJ: Response too small (3788 bytes)
[2026-07-28 22:02:08]   ⚪ Error checking B0FDL1LS3B: Response too small (3788 bytes)
[2026-07-28 22:02:08]   ⚪ Error checking B09XHYNHB2: Response too small (3788 bytes)
[2026-07-28 22:02:09]   ⚪ Error checking B0FMBGXC2C: Response too small (3788 bytes)
[2026-07-28 22:02:09]   ⚪ Error checking B0DSR9KCG2: Response too small (3788 bytes)
[2026-07-28 22:02:10]   ⚪ Error checking B0DS2BM3VL: Response too small (3788 bytes)
[2026-07-28 22:02:10]   ⚪ Error checking B07SM5HBK1: Response too small (3788 bytes)
[2026-07-28 22:02:11]   ⚪ Error checking B0GGN3B639: Response too small (3788 bytes)
[2026-07-28 22:02:12]   ⚪ Error checking B0FX7T4H7D: Response too small (3788 bytes)
[2026-07-28 22:02:13]   ⚪ Error checking B0DYV2GH2S: Response too small (3788 bytes)
[2026-07-28 22:02:13]   ⚪ Error checking B08G1KB88B: Response too small (3788 bytes)
[2026-07-28 22:02:14]   ⚪ Error checking B0FLJRW2FC: Response too small (3788 bytes)
[2026-07-28 22:02:15]   ⚪ Error checking B0DYV6CQCS: Response too small (3788 bytes)
[2026-07-28 22:02:16]   ⚪ Error checking B01EXWCPLC: Response too small (3788 bytes)
[2026-07-28 22:02:16]   ⚪ Error checking B0F4DLKXJB: Response too small (3788 bytes)
[2026-07-28 22:02:17]   ⚪ Error checking B00429N19W: Response too small (3788 bytes)
[2026-07-28 22:02:17]   ⚪ Error checking B0B354X985: Response too small (3788 bytes)
[2026-07-28 22:02:18]   ⚪ Error checking B0BCMLLSHL: Response too small (3788 bytes)
[2026-07-28 22:02:18]   ⚪ Error checking B0FLK5Z3H8: Response too small (3788 bytes)
[2026-07-28 22:02:19]   ⚪ Error checking B0FQDC4JJ3: Response too small (3788 bytes)
[2026-07-28 22:02:19]   ⚪ Error checking B071H7K8G9: Response too small (3788 bytes)
[2026-07-28 22:02:20]   ⚪ Error checking B0CRRKJSC1: Response too small (3788 bytes)
[2026-07-28 22:02:20]   ⚪ Error checking B0DR5RT9K9: Response too small (3788 bytes)
[2026-07-28 22:02:21]   ⚪ Error checking B0DHRRB3K2: Response too small (3788 bytes)
[2026-07-28 22:02:23]   ⚪ Error checking B0FBFM72F2: Response too small (3788 bytes)
[2026-07-28 22:02:23]   ⚪ Error checking B0FZB9XMPS: Response too small (3788 bytes)
[2026-07-28 22:02:24]   ⚪ Error checking B0F1GF1KFC: Response too small (3788 bytes)
[2026-07-28 22:02:25]   ⚪ Error checking B0DSPJPRXD: Response too small (3788 bytes)
[2026-07-28 22:02:25]   ⚪ Error checking B0FQC1SQM2: Response too small (3788 bytes)
[2026-07-28 22:02:26]   ⚪ Error checking B06X99NFRS: Response too small (3788 bytes)
[2026-07-28 22:02:26]   ⚪ Error checking B0BXGFFSL1: Response too small (3788 bytes)
[2026-07-28 22:02:27]   ⚪ Error checking B0GJD6PHTZ: Response too small (3788 bytes)
[2026-07-28 22:02:27]   ⚪ Error checking B0CY2C7H6S: Response too small (3788 bytes)
[2026-07-28 22:02:28]   ⚪ Error checking B0GMWYYRQL: Response too small (3788 bytes)
[2026-07-28 22:02:28]   ⚪ Error checking B0GMX4CN7X: Response too small (3788 bytes)
[2026-07-28 22:02:29]   ⚪ Error checking B0GMX1JSGL: Response too small (3788 bytes)
[2026-07-28 22:02:30]   ⚪ Error checking B07CRG94G3: Response too small (3788 bytes)
[2026-07-28 22:02:31]   ⚪ Error checking B07G8CMR18: Response too small (3788 bytes)
[2026-07-28 22:02:31]   ⚪ Error checking B083XTKV8V: Response too small (3788 bytes)
[2026-07-28 22:02:32]   ⚪ Error checking B00SCX6I8A: Response too small (3788 bytes)
[2026-07-28 22:02:32]   ⚪ Error checking B07DN7Y7XC: Response too small (3788 bytes)
[2026-07-28 22:02:33]   ⚪ Error checking B09Y8B81F7: Response too small (3788 bytes)
[2026-07-28 22:02:33]   ⚪ Error checking B0GHYSWPFR: Response too small (3788 bytes)
[2026-07-28 22:02:34]   ⚪ Error checking B077B9W343: Response too small (3788 bytes)
[2026-07-28 22:02:34]   ⚪ Error checking B08M94BTYC: Response too small (3788 bytes)
[2026-07-28 22:02:35]   ⚪ Error checking B0FJ8DCN5T: Response too small (3788 bytes)
[2026-07-28 22:02:35]   ⚪ Error checking B08PBT82M7: Response too small (3788 bytes)
[2026-07-28 22:02:36]   ⚪ Error checking B0FHZGXZH7: Response too small (3788 bytes)
[2026-07-28 22:02:36]   ⚪ Error checking B0B29BZGF2: Response too small (3788 bytes)
[2026-07-28 22:02:37]   ⚪ Error checking B0DY8K122V: Response too small (3788 bytes)
[2026-07-28 22:02:37]   ⚪ Error checking B09G5W9R6R: Response too small (3788 bytes)
[2026-07-28 22:02:38]   ⚪ Error checking B0GLP6QL6R: Response too small (3788 bytes)
[2026-07-28 22:02:38]   ⚪ Error checking B0GTYW59Y3: Response too small (3788 bytes)
[2026-07-28 22:02:39]   ⚪ Error checking B09PRB1MZM: Response too small (3788 bytes)
[2026-07-28 22:02:39]   ⚪ Error checking B0DKVDZXSN: Response too small (3788 bytes)
[2026-07-28 22:02:40]   ⚪ Error checking B0DY8K122V: Response too small (3788 bytes)
[2026-07-28 22:02:40]   ⚪ Error checking B0GLP6QL6R: Response too small (3788 bytes)
[2026-07-28 22:02:41]   ⚪ Error checking B0CN8QLS4K: Response too small (3788 bytes)
[2026-07-28 22:02:41]   ⚪ Error checking B084GTH5LL: Response too small (3788 bytes)
[2026-07-28 22:02:42]   ⚪ Error checking B0H86VCHQ7: Response too small (3788 bytes)
[2026-07-28 22:02:42]   ⚪ Error checking B0H8WN8FFH: Response too small (3788 bytes)
[2026-07-28 22:02:43]   ⚠️  STALE B0FLXW8DB7 (electronics): Page says: Currently unavailable
[2026-07-28 22:02:43]   ⚪ Error checking B08RHD97QY: Response too small (3788 bytes)
[2026-07-28 22:02:44]   ⚪ Error checking B0GX52YF2F: Response too small (3788 bytes)
[2026-07-28 22:02:44]   ⚪ Error checking B0DJLPNQZ6: Response too small (3788 bytes)
